ISO-10303-21;
HEADER;
FILE_DESCRIPTION(('Open CASCADE Model'),'2;1');
FILE_NAME('Open CASCADE Shape Model','2026-05-20T12:36:01',('Author'),(
    'Open CASCADE'),'Open CASCADE STEP processor 7.8','build123d',
  'Unknown');
FILE_SCHEMA(('AUTOMOTIVE_DESIGN { 1 0 10303 214 1 1 1 1 }'));
ENDSEC;
DATA;
#1 = APPLICATION_PROTOCOL_DEFINITION('international standard',
  'automotive_design',2000,#2);
#2 = APPLICATION_CONTEXT(
  'core data for automotive mechanical design processes');
#3 = SHAPE_DEFINITION_REPRESENTATION(#4,#10);
#4 = PRODUCT_DEFINITION_SHAPE('','',#5);
#5 = PRODUCT_DEFINITION('design','',#6,#9);
#6 = PRODUCT_DEFINITION_FORMATION('','',#7);
#7 = PRODUCT('COMPOUND','COMPOUND','',(#8));
#8 = PRODUCT_CONTEXT('',#2,'mechanical');
#9 = PRODUCT_DEFINITION_CONTEXT('part definition',#2,'design');
#10 = ADVANCED_BREP_SHAPE_REPRESENTATION('',(#11,#15),#8488);
#11 = AXIS2_PLACEMENT_3D('',#12,#13,#14);
#12 = CARTESIAN_POINT('',(0.,0.,0.));
#13 = DIRECTION('',(0.,0.,1.));
#14 = DIRECTION('',(1.,0.,-0.));
#15 = MANIFOLD_SOLID_BREP('',#16);
#16 = CLOSED_SHELL('',(#17,#202,#757,#960,#1036,#1505,#1677,#1725,#2062,
    #2143,#2206,#2370,#2397,#2778,#2839,#3279,#3616,#3643,#3696,#3815,
    #3868,#4341,#4403,#4430,#4463,#4537,#4565,#4800,#4855,#4982,#5013,
    #5063,#5091,#5267,#5336,#5405,#5453,#5535,#5613,#5621,#5646,#6101,
    #6547,#6889,#6916,#6985,#7054,#7102,#7179,#7229,#7236,#7243,#7288,
    #7295,#7321,#7425,#7432,#7439,#7546,#7572,#7682,#7790,#7796,#7955,
    #8038,#8045,#8118,#8167,#8194,#8220,#8227,#8267,#8481));
#17 = ADVANCED_FACE('',(#18),#32,.F.);
#18 = FACE_BOUND('',#19,.F.);
#19 = EDGE_LOOP('',(#20,#55,#83,#111,#139,#175));
#20 = ORIENTED_EDGE('',*,*,#21,.F.);
#21 = EDGE_CURVE('',#22,#24,#26,.T.);
#22 = VERTEX_POINT('',#23);
#23 = CARTESIAN_POINT('',(50.,1.05E+03,50.));
#24 = VERTEX_POINT('',#25);
#25 = CARTESIAN_POINT('',(51.93,1.05E+03,50.));
#26 = SURFACE_CURVE('',#27,(#31,#43),.PCURVE_S1.);
#27 = LINE('',#28,#29);
#28 = CARTESIAN_POINT('',(50.,1.05E+03,50.));
#29 = VECTOR('',#30,1.);
#30 = DIRECTION('',(1.,0.,0.));
#31 = PCURVE('',#32,#37);
#32 = PLANE('',#33);
#33 = AXIS2_PLACEMENT_3D('',#34,#35,#36);
#34 = CARTESIAN_POINT('',(75.,1.05E+03,50.));
#35 = DIRECTION('',(0.,-1.,0.));
#36 = DIRECTION('',(1.,0.,0.));
#37 = DEFINITIONAL_REPRESENTATION('',(#38),#42);
#38 = LINE('',#39,#40);
#39 = CARTESIAN_POINT('',(-25.,1.42108547152E-14));
#40 = VECTOR('',#41,1.);
#41 = DIRECTION('',(1.,0.));
#42 = ( GEOMETRIC_REPRESENTATION_CONTEXT(2) 
PARAMETRIC_REPRESENTATION_CONTEXT() REPRESENTATION_CONTEXT('2D SPACE',''
  ) );
#43 = PCURVE('',#44,#49);
#44 = CYLINDRICAL_SURFACE('',#45,50.);
#45 = AXIS2_PLACEMENT_3D('',#46,#47,#48);
#46 = CARTESIAN_POINT('',(50.,1.E+03,50.));
#47 = DIRECTION('',(1.,0.,0.));
#48 = DIRECTION('',(0.,-0.,1.));
#49 = DEFINITIONAL_REPRESENTATION('',(#50),#54);
#50 = LINE('',#51,#52);
#51 = CARTESIAN_POINT('',(-1.570796326795,0.));
#52 = VECTOR('',#53,1.);
#53 = DIRECTION('',(-0.,1.));
#54 = ( GEOMETRIC_REPRESENTATION_CONTEXT(2) 
PARAMETRIC_REPRESENTATION_CONTEXT() REPRESENTATION_CONTEXT('2D SPACE',''
  ) );
#55 = ORIENTED_EDGE('',*,*,#56,.F.);
#56 = EDGE_CURVE('',#57,#22,#59,.T.);
#57 = VERTEX_POINT('',#58);
#58 = CARTESIAN_POINT('',(50.,1.05E+03,0.));
#59 = SURFACE_CURVE('',#60,(#64,#71),.PCURVE_S1.);
#60 = LINE('',#61,#62);
#61 = CARTESIAN_POINT('',(50.,1.05E+03,0.));
#62 = VECTOR('',#63,1.);
#63 = DIRECTION('',(0.,0.,1.));
#64 = PCURVE('',#32,#65);
#65 = DEFINITIONAL_REPRESENTATION('',(#66),#70);
#66 = LINE('',#67,#68);
#67 = CARTESIAN_POINT('',(-25.,-50.));
#68 = VECTOR('',#69,1.);
#69 = DIRECTION('',(0.,1.));
#70 = ( GEOMETRIC_REPRESENTATION_CONTEXT(2) 
PARAMETRIC_REPRESENTATION_CONTEXT() REPRESENTATION_CONTEXT('2D SPACE',''
  ) );
#71 = PCURVE('',#72,#77);
#72 = CYLINDRICAL_SURFACE('',#73,50.);
#73 = AXIS2_PLACEMENT_3D('',#74,#75,#76);
#74 = CARTESIAN_POINT('',(50.,1.E+03,0.));
#75 = DIRECTION('',(0.,0.,1.));
#76 = DIRECTION('',(-1.,-0.,0.));
#77 = DEFINITIONAL_REPRESENTATION('',(#78),#82);
#78 = LINE('',#79,#80);
#79 = CARTESIAN_POINT('',(-1.570796326795,0.));
#80 = VECTOR('',#81,1.);
#81 = DIRECTION('',(-0.,1.));
#82 = ( GEOMETRIC_REPRESENTATION_CONTEXT(2) 
PARAMETRIC_REPRESENTATION_CONTEXT() REPRESENTATION_CONTEXT('2D SPACE',''
  ) );
#83 = ORIENTED_EDGE('',*,*,#84,.T.);
#84 = EDGE_CURVE('',#57,#85,#87,.T.);
#85 = VERTEX_POINT('',#86);
#86 = CARTESIAN_POINT('',(100.,1.05E+03,0.));
#87 = SURFACE_CURVE('',#88,(#92,#99),.PCURVE_S1.);
#88 = LINE('',#89,#90);
#89 = CARTESIAN_POINT('',(75.,1.05E+03,0.));
#90 = VECTOR('',#91,1.);
#91 = DIRECTION('',(1.,0.,0.));
#92 = PCURVE('',#32,#93);
#93 = DEFINITIONAL_REPRESENTATION('',(#94),#98);
#94 = LINE('',#95,#96);
#95 = CARTESIAN_POINT('',(0.,-50.));
#96 = VECTOR('',#97,1.);
#97 = DIRECTION('',(1.,0.));
#98 = ( GEOMETRIC_REPRESENTATION_CONTEXT(2) 
PARAMETRIC_REPRESENTATION_CONTEXT() REPRESENTATION_CONTEXT('2D SPACE',''
  ) );
#99 = PCURVE('',#100,#105);
#100 = PLANE('',#101);
#101 = AXIS2_PLACEMENT_3D('',#102,#103,#104);
#102 = CARTESIAN_POINT('',(0.,0.,0.));
#103 = DIRECTION('',(0.,0.,-1.));
#104 = DIRECTION('',(1.,0.,0.));
#105 = DEFINITIONAL_REPRESENTATION('',(#106),#110);
#106 = LINE('',#107,#108);
#107 = CARTESIAN_POINT('',(75.,-1.05E+03));
#108 = VECTOR('',#109,1.);
#109 = DIRECTION('',(1.,0.));
#110 = ( GEOMETRIC_REPRESENTATION_CONTEXT(2) 
PARAMETRIC_REPRESENTATION_CONTEXT() REPRESENTATION_CONTEXT('2D SPACE',''
  ) );
#111 = ORIENTED_EDGE('',*,*,#112,.T.);
#112 = EDGE_CURVE('',#85,#113,#115,.T.);
#113 = VERTEX_POINT('',#114);
#114 = CARTESIAN_POINT('',(100.,1.05E+03,50.));
#115 = SURFACE_CURVE('',#116,(#120,#127),.PCURVE_S1.);
#116 = LINE('',#117,#118);
#117 = CARTESIAN_POINT('',(100.,1.05E+03,0.));
#118 = VECTOR('',#119,1.);
#119 = DIRECTION('',(0.,0.,1.));
#120 = PCURVE('',#32,#121);
#121 = DEFINITIONAL_REPRESENTATION('',(#122),#126);
#122 = LINE('',#123,#124);
#123 = CARTESIAN_POINT('',(25.,-50.));
#124 = VECTOR('',#125,1.);
#125 = DIRECTION('',(0.,1.));
#126 = ( GEOMETRIC_REPRESENTATION_CONTEXT(2) 
PARAMETRIC_REPRESENTATION_CONTEXT() REPRESENTATION_CONTEXT('2D SPACE',''
  ) );
#127 = PCURVE('',#128,#133);
#128 = CYLINDRICAL_SURFACE('',#129,50.);
#129 = AXIS2_PLACEMENT_3D('',#130,#131,#132);
#130 = CARTESIAN_POINT('',(100.,1.E+03,0.));
#131 = DIRECTION('',(0.,0.,1.));
#132 = DIRECTION('',(-0.,1.,0.));
#133 = DEFINITIONAL_REPRESENTATION('',(#134),#138);
#134 = LINE('',#135,#136);
#135 = CARTESIAN_POINT('',(-0.,0.));
#136 = VECTOR('',#137,1.);
#137 = DIRECTION('',(-0.,1.));
#138 = ( GEOMETRIC_REPRESENTATION_CONTEXT(2) 
PARAMETRIC_REPRESENTATION_CONTEXT() REPRESENTATION_CONTEXT('2D SPACE',''
  ) );
#139 = ORIENTED_EDGE('',*,*,#140,.T.);
#140 = EDGE_CURVE('',#113,#141,#143,.T.);
#141 = VERTEX_POINT('',#142);
#142 = CARTESIAN_POINT('',(95.93,1.05E+03,50.));
#143 = SURFACE_CURVE('',#144,(#149,#155),.PCURVE_S1.);
#144 = B_SPLINE_CURVE_WITH_KNOTS('',2,(#145,#146,#147,#148),
  .UNSPECIFIED.,.F.,.F.,(3,1,3),(128.53981633974,148.35981633974,
    151.20801355729),.UNSPECIFIED.);
#145 = CARTESIAN_POINT('',(100.,1.05E+03,50.));
#146 = CARTESIAN_POINT('',(90.09,1.05E+03,50.));
#147 = CARTESIAN_POINT('',(78.755901391226,1.05E+03,50.));
#148 = CARTESIAN_POINT('',(77.331802782453,1.05E+03,50.));
#149 = PCURVE('',#32,#150);
#150 = DEFINITIONAL_REPRESENTATION('',(#151),#154);
#151 = B_SPLINE_CURVE_WITH_KNOTS('',1,(#152,#153),.UNSPECIFIED.,.F.,.F.,
  (2,2),(128.53981633974,148.35981633974),.PIECEWISE_BEZIER_KNOTS.);
#152 = CARTESIAN_POINT('',(25.,-7.966394000824E-16));
#153 = CARTESIAN_POINT('',(5.18,3.983197000412E-15));
#154 = ( GEOMETRIC_REPRESENTATION_CONTEXT(2) 
PARAMETRIC_REPRESENTATION_CONTEXT() REPRESENTATION_CONTEXT('2D SPACE',''
  ) );
#155 = PCURVE('',#156,#169);
#156 = ( BOUNDED_SURFACE() B_SPLINE_SURFACE(2,2,(
    (#157,#158,#159,#160)
    ,(#161,#162,#163,#164)
    ,(#165,#166,#167,#168
)),.UNSPECIFIED.,.F.,.F.,.F.) B_SPLINE_SURFACE_WITH_KNOTS((3,3),(3,1,3),
  (0.,19.82),(128.53981633974,148.35981633974,151.20801355729),
.UNSPECIFIED.) GEOMETRIC_REPRESENTATION_ITEM() RATIONAL_B_SPLINE_SURFACE
((
    (1.,1.,1.,1.)
    ,(0.707106781187,0.707106781187,0.707106781187,0.707106781187)
,(1.,1.,1.,1.))) REPRESENTATION_ITEM('') SURFACE() );
#157 = CARTESIAN_POINT('',(100.,1.05E+03,50.));
#158 = CARTESIAN_POINT('',(90.09,1.05E+03,50.));
#159 = CARTESIAN_POINT('',(78.755901391226,1.05E+03,50.));
#160 = CARTESIAN_POINT('',(77.331802782453,1.05E+03,50.));
#161 = CARTESIAN_POINT('',(100.,1.05E+03,100.));
#162 = CARTESIAN_POINT('',(90.09,1.05E+03,100.));
#163 = CARTESIAN_POINT('',(78.755901391226,1.05E+03,100.));
#164 = CARTESIAN_POINT('',(77.331802782453,1.05E+03,100.));
#165 = CARTESIAN_POINT('',(100.,1.E+03,100.));
#166 = CARTESIAN_POINT('',(90.09,1.E+03,100.));
#167 = CARTESIAN_POINT('',(78.755901391226,1.E+03,100.));
#168 = CARTESIAN_POINT('',(77.331802782453,1.E+03,100.));
#169 = DEFINITIONAL_REPRESENTATION('',(#170),#174);
#170 = LINE('',#171,#172);
#171 = CARTESIAN_POINT('',(0.,0.));
#172 = VECTOR('',#173,1.);
#173 = DIRECTION('',(0.,1.));
#174 = ( GEOMETRIC_REPRESENTATION_CONTEXT(2) 
PARAMETRIC_REPRESENTATION_CONTEXT() REPRESENTATION_CONTEXT('2D SPACE',''
  ) );
#175 = ORIENTED_EDGE('',*,*,#176,.F.);
#176 = EDGE_CURVE('',#24,#141,#177,.T.);
#177 = SURFACE_CURVE('',#178,(#183,#190),.PCURVE_S1.);
#178 = CIRCLE('',#179,22.);
#179 = AXIS2_PLACEMENT_3D('',#180,#181,#182);
#180 = CARTESIAN_POINT('',(73.93,1.05E+03,50.));
#181 = DIRECTION('',(0.,-1.,0.));
#182 = DIRECTION('',(-1.,0.,8.881784197001E-16));
#183 = PCURVE('',#32,#184);
#184 = DEFINITIONAL_REPRESENTATION('',(#185),#189);
#185 = CIRCLE('',#186,22.);
#186 = AXIS2_PLACEMENT_2D('',#187,#188);
#187 = CARTESIAN_POINT('',(-1.07,0.));
#188 = DIRECTION('',(-1.,9.689219124001E-16));
#189 = ( GEOMETRIC_REPRESENTATION_CONTEXT(2) 
PARAMETRIC_REPRESENTATION_CONTEXT() REPRESENTATION_CONTEXT('2D SPACE',''
  ) );
#190 = PCURVE('',#191,#196);
#191 = TOROIDAL_SURFACE('',#192,22.,6.);
#192 = AXIS2_PLACEMENT_3D('',#193,#194,#195);
#193 = CARTESIAN_POINT('',(73.93,1.044E+03,50.));
#194 = DIRECTION('',(-0.,1.,-0.));
#195 = DIRECTION('',(-1.,0.,8.881784197001E-16));
#196 = DEFINITIONAL_REPRESENTATION('',(#197),#201);
#197 = LINE('',#198,#199);
#198 = CARTESIAN_POINT('',(-0.,1.570796326795));
#199 = VECTOR('',#200,1.);
#200 = DIRECTION('',(-1.,0.));
#201 = ( GEOMETRIC_REPRESENTATION_CONTEXT(2) 
PARAMETRIC_REPRESENTATION_CONTEXT() REPRESENTATION_CONTEXT('2D SPACE',''
  ) );
#202 = ADVANCED_FACE('',(#203),#44,.T.);
#203 = FACE_BOUND('',#204,.F.);
#204 = EDGE_LOOP('',(#205,#510,#539,#567,#592,#593));
#205 = ORIENTED_EDGE('',*,*,#206,.T.);
#206 = EDGE_CURVE('',#207,#209,#211,.T.);
#207 = VERTEX_POINT('',#208);
#208 = CARTESIAN_POINT('',(58.267992948617,1.046802698309E+03,
    67.592823279999));
#209 = VERTEX_POINT('',#210);
#210 = CARTESIAN_POINT('',(57.68,1.046486935329E+03,68.410997902069));
#211 = SURFACE_CURVE('',#212,(#217,#223),.PCURVE_S1.);
#212 = B_SPLINE_CURVE_WITH_KNOTS('',3,(#213,#214,#215,#216),
  .UNSPECIFIED.,.F.,.F.,(4,4),(0.,4.970130028223),
  .PIECEWISE_BEZIER_KNOTS.);
#213 = CARTESIAN_POINT('',(62.647920158104,1.048695845061E+03,
    61.345248951413));
#214 = CARTESIAN_POINT('',(60.991946772069,1.048135408134E+03,
    63.750744844836));
#215 = CARTESIAN_POINT('',(59.335973386035,1.047396408812E+03,
    66.114618572576));
#216 = CARTESIAN_POINT('',(57.68,1.046486935329E+03,68.410997902069));
#217 = PCURVE('',#44,#218);
#218 = DEFINITIONAL_REPRESENTATION('',(#219),#222);
#219 = B_SPLINE_CURVE_WITH_KNOTS('',1,(#220,#221),.UNSPECIFIED.,.F.,.F.,
  (2,2),(0.,4.970130028223),.PIECEWISE_BEZIER_KNOTS.);
#220 = CARTESIAN_POINT('',(-1.341897737349,12.647920158104));
#221 = CARTESIAN_POINT('',(-1.193702595213,7.68));
#222 = ( GEOMETRIC_REPRESENTATION_CONTEXT(2) 
PARAMETRIC_REPRESENTATION_CONTEXT() REPRESENTATION_CONTEXT('2D SPACE',''
  ) );
#223 = PCURVE('',#224,#481);
#224 = B_SPLINE_SURFACE_WITH_KNOTS('',8,8,(
    (#225,#226,#227,#228,#229,#230,#231,#232,#233,#234,#235,#236,#237
      ,#238,#239,#240)
    ,(#241,#242,#243,#244,#245,#246,#247,#248,#249,#250,#251,#252,#253
      ,#254,#255,#256)
    ,(#257,#258,#259,#260,#261,#262,#263,#264,#265,#266,#267,#268,#269
      ,#270,#271,#272)
    ,(#273,#274,#275,#276,#277,#278,#279,#280,#281,#282,#283,#284,#285
      ,#286,#287,#288)
    ,(#289,#290,#291,#292,#293,#294,#295,#296,#297,#298,#299,#300,#301
      ,#302,#303,#304)
    ,(#305,#306,#307,#308,#309,#310,#311,#312,#313,#314,#315,#316,#317
      ,#318,#319,#320)
    ,(#321,#322,#323,#324,#325,#326,#327,#328,#329,#330,#331,#332,#333
      ,#334,#335,#336)
    ,(#337,#338,#339,#340,#341,#342,#343,#344,#345,#346,#347,#348,#349
      ,#350,#351,#352)
    ,(#353,#354,#355,#356,#357,#358,#359,#360,#361,#362,#363,#364,#365
      ,#366,#367,#368)
    ,(#369,#370,#371,#372,#373,#374,#375,#376,#377,#378,#379,#380,#381
      ,#382,#383,#384)
    ,(#385,#386,#387,#388,#389,#390,#391,#392,#393,#394,#395,#396,#397
      ,#398,#399,#400)
    ,(#401,#402,#403,#404,#405,#406,#407,#408,#409,#410,#411,#412,#413
      ,#414,#415,#416)
    ,(#417,#418,#419,#420,#421,#422,#423,#424,#425,#426,#427,#428,#429
      ,#430,#431,#432)
    ,(#433,#434,#435,#436,#437,#438,#439,#440,#441,#442,#443,#444,#445
      ,#446,#447,#448)
    ,(#449,#450,#451,#452,#453,#454,#455,#456,#457,#458,#459,#460,#461
      ,#462,#463,#464)
    ,(#465,#466,#467,#468,#469,#470,#471,#472,#473,#474,#475,#476,#477
      ,#478,#479,#480
    )),.UNSPECIFIED.,.F.,.F.,.F.,(9,7,9),(9,7,9),(-5.914566876122,
    1.70046941169,9.315505699501),(-4.642096233006,-0.485810872111,
    3.670474488784),.UNSPECIFIED.);
#225 = CARTESIAN_POINT('',(60.704893203397,1.050922883202E+03,
    61.127050742877));
#226 = CARTESIAN_POINT('',(60.341035498764,1.050518138308E+03,
    61.576143236014));
#227 = CARTESIAN_POINT('',(59.990544308196,1.050126616687E+03,
    62.027807533848));
#228 = CARTESIAN_POINT('',(59.657449852367,1.049752304211E+03,
    62.482818847867));
#229 = CARTESIAN_POINT('',(59.355507543642,1.049408807156E+03,
    62.943823080477));
#230 = CARTESIAN_POINT('',(59.064857683106,1.049076472316E+03,
    63.406994568742));
#231 = CARTESIAN_POINT('',(58.800234846792,1.048769875036E+03,
    63.875170149097));
#232 = CARTESIAN_POINT('',(58.554299230345,1.048481753123E+03,
    64.346937086407));
#233 = CARTESIAN_POINT('',(58.096734454633,1.047939427119E+03,
    65.297065224443));
#234 = CARTESIAN_POINT('',(57.88418327853,1.047684309117E+03,
    65.775245555329));
#235 = CARTESIAN_POINT('',(57.690562813496,1.047447920134E+03,
    66.257086469485));
#236 = CARTESIAN_POINT('',(57.49472957971,1.047209303693E+03,
    66.738441612143));
#237 = CARTESIAN_POINT('',(57.327940369648,1.046999468089E+03,
    67.225474764537));
#238 = CARTESIAN_POINT('',(57.134470265867,1.046763189108E+03,
    67.707277648062));
#239 = CARTESIAN_POINT('',(56.974869567226,1.046560442953E+03,
    68.195643084685));
#240 = CARTESIAN_POINT('',(56.80463574182,1.046347192711E+03,
    68.681979419559));
#241 = CARTESIAN_POINT('',(61.53358641321,1.050406198025E+03,
    61.098883345999));
#242 = CARTESIAN_POINT('',(61.212433489478,1.050043685381E+03,
    61.556186868874));
#243 = CARTESIAN_POINT('',(60.903720134186,1.049693479499E+03,
    62.015883747205));
#244 = CARTESIAN_POINT('',(60.611431444747,1.049359521991E+03,
    62.478740743543));
#245 = CARTESIAN_POINT('',(60.357430279586,1.049063439963E+03,
    62.94896403959));
#246 = CARTESIAN_POINT('',(60.104586967948,1.048768493289E+03,
    63.419403376968));
#247 = CARTESIAN_POINT('',(59.881527996623,1.048503001899E+03,
    63.895570516846));
#248 = CARTESIAN_POINT('',(59.674150461112,1.048253012433E+03,
    64.374750440955));
#249 = CARTESIAN_POINT('',(59.290099176901,1.047783388353E+03,
    65.339011741547));
#250 = CARTESIAN_POINT('',(59.113012115338,1.047563340649E+03,
    65.824006246064));
#251 = CARTESIAN_POINT('',(58.948255890121,1.047355507312E+03,
    66.311413325754));
#252 = CARTESIAN_POINT('',(58.792073655874,1.047156081519E+03,
    66.800357581816));
#253 = CARTESIAN_POINT('',(58.64372158002,1.046964503059E+03,
    67.290966819103));
#254 = CARTESIAN_POINT('',(58.4856983875,1.046763265884E+03,
    67.779575414125));
#255 = CARTESIAN_POINT('',(58.361772213235,1.046595799991E+03,
    68.274794830616));
#256 = CARTESIAN_POINT('',(58.212480832938,1.046403263818E+03,
    68.765162726446));
#257 = CARTESIAN_POINT('',(62.262065256624,1.04979040794E+03,
    61.051452491483));
#258 = CARTESIAN_POINT('',(61.984686259222,1.049471184954E+03,
    61.517172980708));
#259 = CARTESIAN_POINT('',(61.722002090962,1.049166501456E+03,
    61.985719706166));
#260 = CARTESIAN_POINT('',(61.468433225841,1.048870833821E+03,
    62.456020243033));
#261 = CARTESIAN_POINT('',(61.252416409902,1.04861231458E+03,
    62.933547481335));
#262 = CARTESIAN_POINT('',(61.052519868219,1.048369736308E+03,
    63.414168183739));
#263 = CARTESIAN_POINT('',(60.862672748048,1.048137086742E+03,
    63.896720358345));
#264 = CARTESIAN_POINT('',(60.694650741739,1.047926019422E+03,
    64.383467769176));
#265 = CARTESIAN_POINT('',(60.379228388654,1.047524267624E+03,
    65.360924581244));
#266 = CARTESIAN_POINT('',(60.243011107704,1.047344630586E+03,
    65.853746383162));
#267 = CARTESIAN_POINT('',(60.058760264102,1.047117572966E+03,
    66.337541973516));
#268 = CARTESIAN_POINT('',(60.019422873922,1.047033547748E+03,
    66.848704031055));
#269 = CARTESIAN_POINT('',(59.80308887037,1.046774983612E+03,
    67.326412172872));
#270 = CARTESIAN_POINT('',(59.689732439477,1.046617738445E+03,
    67.823639089594));
#271 = CARTESIAN_POINT('',(59.644552786531,1.046528231483E+03,
    68.334041303051));
#272 = CARTESIAN_POINT('',(59.497035387908,1.046337433197E+03,
    68.824703285282));
#273 = CARTESIAN_POINT('',(62.884400961343,1.049069648937E+03,
    60.983613319779));
#274 = CARTESIAN_POINT('',(62.647380248024,1.048790335736E+03,
    61.457091893914));
#275 = CARTESIAN_POINT('',(62.402564780373,1.048503309037E+03,
    61.929069497531));
#276 = CARTESIAN_POINT('',(62.212515813592,1.048270464401E+03,
    62.411604884715));
#277 = CARTESIAN_POINT('',(62.110385684094,1.048124619451E+03,
    62.911020195911));
#278 = CARTESIAN_POINT('',(61.858690575789,1.047830758341E+03,
    63.381675592452));
#279 = CARTESIAN_POINT('',(61.755703692434,1.047684038366E+03,
    63.880934677812));
#280 = CARTESIAN_POINT('',(61.615175784457,1.047500155575E+03,
    64.372968515183));
#281 = CARTESIAN_POINT('',(61.363899634623,1.047161843495E+03,
    65.362762113985));
#282 = CARTESIAN_POINT('',(61.218237489968,1.046972943905E+03,
    65.854049197707));
#283 = CARTESIAN_POINT('',(61.226384978838,1.046935732144E+03,
    66.373523487334));
#284 = CARTESIAN_POINT('',(60.853876008908,1.046523335886E+03,
    66.823270495706));
#285 = CARTESIAN_POINT('',(60.988243913278,1.046609971674E+03,
    67.36581342546));
#286 = CARTESIAN_POINT('',(60.77907282307,1.046359101359E+03,
    67.845446170842));
#287 = CARTESIAN_POINT('',(60.515160454653,1.046052948911E+03,
    68.313727779116));
#288 = CARTESIAN_POINT('',(60.461150031533,1.045954663737E+03,
    68.822486349874));
#289 = CARTESIAN_POINT('',(63.418740200076,1.04826187165E+03,
    60.898871970726));
#290 = CARTESIAN_POINT('',(63.241255174831,1.048041439491E+03,
    61.383806062704));
#291 = CARTESIAN_POINT('',(63.088995890739,1.04784596293E+03,
    61.873599214716));
#292 = CARTESIAN_POINT('',(62.837413431651,1.047552257467E+03,
    62.344201279741));
#293 = CARTESIAN_POINT('',(62.760094678736,1.047430877212E+03,
    62.848476329258));
#294 = CARTESIAN_POINT('',(62.638623218884,1.047265886997E+03,
    63.344130892396));
#295 = CARTESIAN_POINT('',(62.537392591391,1.047120859658E+03,
    63.843742181446));
#296 = CARTESIAN_POINT('',(62.442594535389,1.046982211921E+03,
    64.344571431096));
#297 = CARTESIAN_POINT('',(62.250255632864,1.046702189702E+03,
    65.345705883388));
#298 = CARTESIAN_POINT('',(62.183384424593,1.046591067909E+03,
    65.851454032798));
#299 = CARTESIAN_POINT('',(61.936543785186,1.046302528543E+03,
    66.325223049553));
#300 = CARTESIAN_POINT('',(62.098097943297,1.046416059663E+03,
    66.870759202286));
#301 = CARTESIAN_POINT('',(61.704529323585,1.045984028864E+03,
    67.319044657806));
#302 = CARTESIAN_POINT('',(61.638827269868,1.045872539819E+03,
    67.823278878135));
#303 = CARTESIAN_POINT('',(61.691650402194,1.045880319912E+03,
    68.352652041909));
#304 = CARTESIAN_POINT('',(61.549891433207,1.045695214554E+03,
    68.844423163425));
#305 = CARTESIAN_POINT('',(63.800567364426,1.047303261792E+03,
    60.784777262171));
#306 = CARTESIAN_POINT('',(63.659339025309,1.04711868459E+03,
    61.276674956313));
#307 = CARTESIAN_POINT('',(63.521529830225,1.046937493543E+03,
    61.769220577312));
#308 = CARTESIAN_POINT('',(63.458487504276,1.04683024308E+03,
    62.276200512309));
#309 = CARTESIAN_POINT('',(63.32082452105,1.046649216394E+03,
    62.768734742146));
#310 = CARTESIAN_POINT('',(63.285409253225,1.046569286277E+03,
    63.281021570481));
#311 = CARTESIAN_POINT('',(63.219485543626,1.046459198669E+03,
    63.787393811021));
#312 = CARTESIAN_POINT('',(63.169020767711,1.046364389028E+03,
    64.296756084323));
#313 = CARTESIAN_POINT('',(63.047102817919,1.046154011554E+03,
    65.311440864621));
#314 = CARTESIAN_POINT('',(62.959552578873,1.046022540372E+03,
    65.814075993445));
#315 = CARTESIAN_POINT('',(62.964023399967,1.04598189901E+03,
    66.332002608333));
#316 = CARTESIAN_POINT('',(62.690647740684,1.045667234576E+03,
    66.802846117951));
#317 = CARTESIAN_POINT('',(62.730182377034,1.045660191056E+03,
    67.32453836846));
#318 = CARTESIAN_POINT('',(62.603150603332,1.04549085628E+03,
    67.821653188053));
#319 = CARTESIAN_POINT('',(62.428131139259,1.045272470929E+03,
    68.306770537237));
#320 = CARTESIAN_POINT('',(62.374984803778,1.045174997763E+03,
    68.815611761735));
#321 = CARTESIAN_POINT('',(64.093562152904,1.046256800413E+03,
    60.653614253105));
#322 = CARTESIAN_POINT('',(64.003431608042,1.046122756041E+03,
    61.155341757803));
#323 = CARTESIAN_POINT('',(63.928045489998,1.04600329652E+03,
    61.659905877881));
#324 = CARTESIAN_POINT('',(63.850605250954,1.045881810946E+03,
    62.164056919017));
#325 = CARTESIAN_POINT('',(63.833836035183,1.045820329346E+03,
    62.679907549911));
#326 = CARTESIAN_POINT('',(63.80708173978,1.045748975806E+03,
    63.193814050898));
#327 = CARTESIAN_POINT('',(63.813936654906,1.045710856122E+03,
    63.714199382982));
#328 = CARTESIAN_POINT('',(63.808428162934,1.04566050721E+03,
    64.23220537773));
#329 = CARTESIAN_POINT('',(63.765527516944,1.045528272822E+03,
    65.262090310617));
#330 = CARTESIAN_POINT('',(63.734140090637,1.045452355784E+03,
    65.774971293144));
#331 = CARTESIAN_POINT('',(63.631913803276,1.045306225857E+03,
    66.275157477847));
#332 = CARTESIAN_POINT('',(63.603417025107,1.045233327897E+03,
    66.786966759387));
#333 = CARTESIAN_POINT('',(63.444583664221,1.045031338768E+03,
    67.277692011138));
#334 = CARTESIAN_POINT('',(63.355152515692,1.044897772317E+03,
    67.778291818519));
#335 = CARTESIAN_POINT('',(63.295655426219,1.044794155677E+03,
    68.286086646996));
#336 = CARTESIAN_POINT('',(63.220950030028,1.044675384786E+03,
    68.790786206848));
#337 = CARTESIAN_POINT('',(64.278674623114,1.045103646135E+03,
    60.501699997802));
#338 = CARTESIAN_POINT('',(64.233044207312,1.045013609331E+03,
    61.011984538992));
#339 = CARTESIAN_POINT('',(64.202749324957,1.044938742563E+03,
    61.525216884106));
#340 = CARTESIAN_POINT('',(64.190008466051,1.04488123963E+03,
    62.041823899866));
#341 = CARTESIAN_POINT('',(64.205001693513,1.04485116905E+03,
    62.563766314043));
#342 = CARTESIAN_POINT('',(64.242813323217,1.044843666355E+03,
    63.09009844903));
#343 = CARTESIAN_POINT('',(64.29910419501,1.044854437488E+03,
    63.619986320269));
#344 = CARTESIAN_POINT('',(64.351886670728,1.044861736163E+03,
    64.149201943751));
#345 = CARTESIAN_POINT('',(64.409353721955,1.044828761228E+03,
    65.198388013242));
#346 = CARTESIAN_POINT('',(64.413203066813,1.04478765416E+03,
    65.718190663251));
#347 = CARTESIAN_POINT('',(64.384433405975,1.04471433813E+03,
    66.231758032426));
#348 = CARTESIAN_POINT('',(64.249161204258,1.044535525059E+03,
    66.724780236284));
#349 = CARTESIAN_POINT('',(64.193853001482,1.044436110495E+03,
    67.233194730195));
#350 = CARTESIAN_POINT('',(64.097167795101,1.044295488121E+03,
    67.733701212974));
#351 = CARTESIAN_POINT('',(64.021080474977,1.044175358155E+03,
    68.238108123029));
#352 = CARTESIAN_POINT('',(63.962932166995,1.044072954681E+03,
    68.745984457549));
#353 = CARTESIAN_POINT('',(64.474720254944,1.042625080087E+03,
    60.164376128419));
#354 = CARTESIAN_POINT('',(64.518635493442,1.042623597094E+03,
    60.691881828543));
#355 = CARTESIAN_POINT('',(64.581705212704,1.042641060859E+03,
    61.223070003022));
#356 = CARTESIAN_POINT('',(64.666636268832,1.042680148351E+03,
    61.758461605262));
#357 = CARTESIAN_POINT('',(64.779967667202,1.042747326607E+03,
    62.299315082453));
#358 = CARTESIAN_POINT('',(64.919049678388,1.042839973801E+03,
    62.845121144884));
#359 = CARTESIAN_POINT('',(65.082824309453,1.042957043082E+03,
    63.395677077713));
#360 = CARTESIAN_POINT('',(65.253120571681,1.043080560677E+03,
    63.947487859791));
#361 = CARTESIAN_POINT('',(65.532431596719,1.04326698544E+03,
    65.039327788056));
#362 = CARTESIAN_POINT('',(65.619119521962,1.043307803588E+03,
    65.57507658968));
#363 = CARTESIAN_POINT('',(65.779597183842,1.04342163618E+03,
    66.124933008295));
#364 = CARTESIAN_POINT('',(65.456877026921,1.043057521415E+03,
    66.58211281465));
#365 = CARTESIAN_POINT('',(65.525162876826,1.04308012661E+03,
    67.114128306958));
#366 = CARTESIAN_POINT('',(65.405159393919,1.04291660882E+03,
    67.61019354278));
#367 = CARTESIAN_POINT('',(65.351678081609,1.042818808552E+03,
    68.118965936042));
#368 = CARTESIAN_POINT('',(65.326923913904,1.042749433592E+03,
    68.633272266874));
#369 = CARTESIAN_POINT('',(64.484530243063,1.041298557487E+03,
    59.978749793534));
#370 = CARTESIAN_POINT('',(64.572579713412,1.041340719523E+03,
    60.51474363165));
#371 = CARTESIAN_POINT('',(64.681569618895,1.041403594413E+03,
    61.054763662051));
#372 = CARTESIAN_POINT('',(64.81272476369,1.041488394395E+03,
    61.599045051801));
#373 = CARTESIAN_POINT('',(64.977320683222,1.041606267945E+03,
    62.149758692335));
#374 = CARTESIAN_POINT('',(65.161704407129,1.041743717755E+03,
    62.704275775814));
#375 = CARTESIAN_POINT('',(65.380748831192,1.041915445382E+03,
    63.265459606143));
#376 = CARTESIAN_POINT('',(65.611375323999,1.042098629891E+03,
    63.828870294009));
#377 = CARTESIAN_POINT('',(66.003831479569,1.042396964088E+03,
    64.942455193276));
#378 = CARTESIAN_POINT('',(66.121172836772,1.042468118364E+03,
    65.484201875202));
#379 = CARTESIAN_POINT('',(66.500724370043,1.042798514142E+03,
    66.075713349753));
#380 = CARTESIAN_POINT('',(65.770774598359,1.042031880911E+03,
    66.455246813848));
#381 = CARTESIAN_POINT('',(66.343251145182,1.042552761173E+03,
    67.084166569242));
#382 = CARTESIAN_POINT('',(65.922806217471,1.042092335661E+03,
    67.522130477139));
#383 = CARTESIAN_POINT('',(65.947733233693,1.042072048431E+03,
    68.046071788358));
#384 = CARTESIAN_POINT('',(65.945048042232,1.042024503325E+03,
    68.564625349183));
#385 = CARTESIAN_POINT('',(64.41816591431,1.03989670157E+03,
    59.778473601829));
#386 = CARTESIAN_POINT('',(64.550077320368,1.039982239073E+03,
    60.322903473824));
#387 = CARTESIAN_POINT('',(64.703703226064,1.040089255615E+03,
    60.871508277258));
#388 = CARTESIAN_POINT('',(64.883214652662,1.040221872064E+03,
    61.425092065273));
#389 = CARTESIAN_POINT('',(65.088423427412,1.040379917384E+03,
    61.983612833283));
#390 = CARTESIAN_POINT('',(65.329553178909,1.040573471438E+03,
    62.549049617798));
#391 = CARTESIAN_POINT('',(65.588041970135,1.040784221803E+03,
    63.117812655143));
#392 = CARTESIAN_POINT('',(65.879308506919,1.041027374466E+03,
    63.692881333514));
#393 = CARTESIAN_POINT('',(66.437085011412,1.041489173732E+03,
    64.838274832466));
#394 = CARTESIAN_POINT('',(66.796118742693,1.041799374303E+03,
    65.426037761338));
#395 = CARTESIAN_POINT('',(66.292294245072,1.041256066438E+03,
    65.849896455079));
#396 = CARTESIAN_POINT('',(68.159970621735,1.04305874869E+03,
    66.724666140884));
#397 = CARTESIAN_POINT('',(65.388003258064,1.040272384779E+03,
    66.713224906899));
#398 = CARTESIAN_POINT('',(66.743479842251,1.041567609335E+03,
    67.492526146459));
#399 = CARTESIAN_POINT('',(66.467595023673,1.041249960126E+03,
    67.95852819707));
#400 = CARTESIAN_POINT('',(66.504993586426,1.041242046194E+03,
    68.484790498595));
#401 = CARTESIAN_POINT('',(64.290445943758,1.03843416846E+03,
    59.566396528303));
#402 = CARTESIAN_POINT('',(64.466899887576,1.038563754324E+03,
    60.119393513911));
#403 = CARTESIAN_POINT('',(64.664553988201,1.038714309282E+03,
    60.676467332331));
#404 = CARTESIAN_POINT('',(64.896258649941,1.038898546394E+03,
    61.240087482308));
#405 = CARTESIAN_POINT('',(65.132527947132,1.039087290471E+03,
    61.804591196661));
#406 = CARTESIAN_POINT('',(65.437129594053,1.039343639838E+03,
    62.382222872106));
#407 = CARTESIAN_POINT('',(65.726395972214,1.039584797654E+03,
    62.956923639382));
#408 = CARTESIAN_POINT('',(66.048763508879,1.03985873701E+03,
    63.537961851967));
#409 = CARTESIAN_POINT('',(66.619698569898,1.040333634051E+03,
    64.685823548956));
#410 = CARTESIAN_POINT('',(66.523095745649,1.040193234613E+03,
    65.186588106509));
#411 = CARTESIAN_POINT('',(68.531357805483,1.042134317345E+03,
    66.090158943931));
#412 = CARTESIAN_POINT('',(64.954724382193,1.038551365138E+03,
    65.925703447159));
#413 = CARTESIAN_POINT('',(67.825476367499,1.041346424071E+03,
    66.99282110392));
#414 = CARTESIAN_POINT('',(66.678210702764,1.040166956896E+03,
    67.292551273027));
#415 = CARTESIAN_POINT('',(66.946337130686,1.040387193826E+03,
    67.863046823678));
#416 = CARTESIAN_POINT('',(67.033137879689,1.040428141783E+03,
    68.39882437242));
#417 = CARTESIAN_POINT('',(64.115247355525,1.036924683774E+03,
    59.345185914739));
#418 = CARTESIAN_POINT('',(64.338750258438,1.037100796859E+03,
    59.907231749645));
#419 = CARTESIAN_POINT('',(64.587237460523,1.037301621924E+03,
    60.4740821306));
#420 = CARTESIAN_POINT('',(64.854401987695,1.037520920532E+03,
    61.044525040253));
#421 = CARTESIAN_POINT('',(65.171879277187,1.037789984039E+03,
    61.624641473808));
#422 = CARTESIAN_POINT('',(65.485419257042,1.038055148387E+03,
    62.204007903125));
#423 = CARTESIAN_POINT('',(65.856423307755,1.038377162334E+03,
    62.794412364013));
#424 = CARTESIAN_POINT('',(66.241074703331,1.038712652037E+03,
    63.387459230819));
#425 = CARTESIAN_POINT('',(66.947690995634,1.039321697848E+03,
    64.561459160265));
#426 = CARTESIAN_POINT('',(67.57874297206,1.039900809658E+03,
    65.201779097171));
#427 = CARTESIAN_POINT('',(66.255969892341,1.038548532531E+03,
    65.466839248426));
#428 = CARTESIAN_POINT('',(68.942664378336,1.041160299445E+03,
    66.50064867946));
#429 = CARTESIAN_POINT('',(66.851009582302,1.039046576897E+03,
    66.619844603149));
#430 = CARTESIAN_POINT('',(67.635143866834,1.03977708956E+03,
    67.288789173171));
#431 = CARTESIAN_POINT('',(67.558232358448,1.039656135045E+03,
    67.793215293651));
#432 = CARTESIAN_POINT('',(67.648609824835,1.039700609062E+03,
    68.329673481797));
#433 = CARTESIAN_POINT('',(63.901372578158,1.03537695417E+03,
    59.116533795606));
#434 = CARTESIAN_POINT('',(64.17434038723,1.03560198431E+03,
    59.688092522294));
#435 = CARTESIAN_POINT('',(64.471636565618,1.035851077626E+03,
    60.264329829771));
#436 = CARTESIAN_POINT('',(64.798478038995,1.036129393535E+03,
    60.846248988269));
#437 = CARTESIAN_POINT('',(65.14850981165,1.036430647612E+03,
    61.432628839153));
#438 = CARTESIAN_POINT('',(65.537665724147,1.036770598454E+03,
    62.026530817402));
#439 = CARTESIAN_POINT('',(65.943837009231,1.037127379744E+03,
    62.623708278208));
#440 = CARTESIAN_POINT('',(66.367693388815,1.037501660366E+03,
    63.22427850174));
#441 = CARTESIAN_POINT('',(67.160645929815,1.038196076297E+03,
    64.414884452928));
#442 = CARTESIAN_POINT('',(67.412614511946,1.038400401642E+03,
    64.982398859555));
#443 = CARTESIAN_POINT('',(68.29844573928,1.039231405034E+03,
    65.67178442705));
#444 = CARTESIAN_POINT('',(67.457244243167,1.038354865763E+03,
    66.029302342869));
#445 = CARTESIAN_POINT('',(68.161725514005,1.039006480866E+03,
    66.683451592393));
#446 = CARTESIAN_POINT('',(67.989010980246,1.038790877066E+03,
    67.169484461528));
#447 = CARTESIAN_POINT('',(68.118011067267,1.038873515132E+03,
    67.713348165196));
#448 = CARTESIAN_POINT('',(68.237912273856,1.038947186674E+03,
    68.255488463373));
#449 = CARTESIAN_POINT('',(63.65102084295,1.033793154687E+03,
    58.880863757361));
#450 = CARTESIAN_POINT('',(63.975327914209,1.034068955932E+03,
    59.462295468299));
#451 = CARTESIAN_POINT('',(64.325330803355,1.034370172703E+03,
    60.048668776253));
#452 = CARTESIAN_POINT('',(64.702708081164,1.034698465671E+03,
    60.640306418179));
#453 = CARTESIAN_POINT('',(65.111031330149,1.035057365888E+03,
    61.237895955403));
#454 = CARTESIAN_POINT('',(65.545338011107,1.035441969043E+03,
    61.840481337366));
#455 = CARTESIAN_POINT('',(66.008065306454,1.035854681317E+03,
    62.448533026662));
#456 = CARTESIAN_POINT('',(66.477822235508,1.036274354605E+03,
    63.057932208418));
#457 = CARTESIAN_POINT('',(67.368896906836,1.037065809838E+03,
    64.267410844187));
#458 = CARTESIAN_POINT('',(67.769724460731,1.037417340013E+03,
    64.863539818028));
#459 = CARTESIAN_POINT('',(68.260161759009,1.037857406391E+03,
    65.476969900592));
#460 = CARTESIAN_POINT('',(68.268940606445,1.037821354637E+03,
    65.997606723684));
#461 = CARTESIAN_POINT('',(68.459028937729,1.037964321436E+03,
    66.553295248804));
#462 = CARTESIAN_POINT('',(68.537592219235,1.037997153532E+03,
    67.087453102716));
#463 = CARTESIAN_POINT('',(68.664736878993,1.038077978716E+03,
    67.630985307216));
#464 = CARTESIAN_POINT('',(68.812315208919,1.038179022752E+03,
    68.178446154485));
#465 = CARTESIAN_POINT('',(63.363879397426,1.032172975744E+03,
    58.638116473985));
#466 = CARTESIAN_POINT('',(63.740588716192,1.032500599592E+03,
    59.229625386403));
#467 = CARTESIAN_POINT('',(64.143557960032,1.032854196976E+03,
    59.826184373603));
#468 = CARTESIAN_POINT('',(64.574451321188,1.033235414077E+03,
    60.428113557595));
#469 = CARTESIAN_POINT('',(65.034899157066,1.033645863155E+03,
    61.03572650676));
#470 = CARTESIAN_POINT('',(65.521887290925,1.034082564747E+03,
    61.648443232896));
#471 = CARTESIAN_POINT('',(66.032937447054,1.034543066608E+03,
    62.26578698652));
#472 = CARTESIAN_POINT('',(66.548696265089,1.035008232928E+03,
    62.884033586122));
#473 = CARTESIAN_POINT('',(67.532285827335,1.035891173748E+03,
    64.111310108442));
#474 = CARTESIAN_POINT('',(67.989390962021,1.036298347957E+03,
    64.718271994117));
#475 = CARTESIAN_POINT('',(68.468883237359,1.036727613578E+03,
    65.329577806784));
#476 = CARTESIAN_POINT('',(68.640458784623,1.036852483326E+03,
    65.881582568802));
#477 = CARTESIAN_POINT('',(68.842968855889,1.037007809498E+03,
    66.439615554577));
#478 = CARTESIAN_POINT('',(68.994801746705,1.037113077385E+03,
    66.987879420918));
#479 = CARTESIAN_POINT('',(69.160672699071,1.037232209493E+03,
    67.538854920863));
#480 = CARTESIAN_POINT('',(69.343595801645,1.037368209522E+03,
    68.093112274276));
#481 = DEFINITIONAL_REPRESENTATION('',(#482),#509);
#482 = B_SPLINE_CURVE_WITH_KNOTS('',9,(#483,#484,#485,#486,#487,#488,
    #489,#490,#491,#492,#493,#494,#495,#496,#497,#498,#499,#500,#501,
    #502,#503,#504,#505,#506,#507,#508),.UNSPECIFIED.,.F.,.F.,(10,8,8,10
    ),(0.,2.485065014112,3.727597521167,4.970130028223),.UNSPECIFIED.);
#483 = CARTESIAN_POINT('',(-2.985226233922,-4.220087484551));
#484 = CARTESIAN_POINT('',(-3.139566934429,-3.795133800713));
#485 = CARTESIAN_POINT('',(-3.290030954553,-3.373789375854));
#486 = CARTESIAN_POINT('',(-3.43880423152,-2.950427322027));
#487 = CARTESIAN_POINT('',(-3.585911926557,-2.524239813766));
#488 = CARTESIAN_POINT('',(-3.729023182162,-2.102447503572));
#489 = CARTESIAN_POINT('',(-3.86885010418,-1.683222091174));
#490 = CARTESIAN_POINT('',(-4.007557387234,-1.259930621039));
#491 = CARTESIAN_POINT('',(-4.142850988585,-0.83955038574));
#492 = CARTESIAN_POINT('',(-4.342073868485,-0.20924023106));
#493 = CARTESIAN_POINT('',(-4.407818254742,6.875384586791E-04));
#494 = CARTESIAN_POINT('',(-4.472907081408,0.210457959196));
#495 = CARTESIAN_POINT('',(-4.537345365687,0.420080353246));
#496 = CARTESIAN_POINT('',(-4.601135461208,0.629555098198));
#497 = CARTESIAN_POINT('',(-4.664277058022,0.83887362714));
#498 = CARTESIAN_POINT('',(-4.726767182601,1.04801842866));
#499 = CARTESIAN_POINT('',(-4.78860019784,1.256963046842));
#500 = CARTESIAN_POINT('',(-4.910935408272,1.674381115696));
#501 = CARTESIAN_POINT('',(-4.971491953842,1.883053785147));
#502 = CARTESIAN_POINT('',(-5.031019167872,2.090139210351));
#503 = CARTESIAN_POINT('',(-5.091016443693,2.301154150047));
#504 = CARTESIAN_POINT('',(-5.148227407313,2.504077680702));
#505 = CARTESIAN_POINT('',(-5.207568479618,2.717024182565));
#506 = CARTESIAN_POINT('',(-5.263990906121,2.921392632861));
#507 = CARTESIAN_POINT('',(-5.321027105808,3.130202198202));
#508 = CARTESIAN_POINT('',(-5.376878978292,3.336794989804));
#509 = ( GEOMETRIC_REPRESENTATION_CONTEXT(2) 
PARAMETRIC_REPRESENTATION_CONTEXT() REPRESENTATION_CONTEXT('2D SPACE',''
  ) );
#510 = ORIENTED_EDGE('',*,*,#511,.F.);
#511 = EDGE_CURVE('',#512,#209,#514,.T.);
#512 = VERTEX_POINT('',#513);
#513 = CARTESIAN_POINT('',(57.68,1.E+03,100.));
#514 = SURFACE_CURVE('',#515,(#520,#527),.PCURVE_S1.);
#515 = CIRCLE('',#516,50.);
#516 = AXIS2_PLACEMENT_3D('',#517,#518,#519);
#517 = CARTESIAN_POINT('',(57.68,1.E+03,50.));
#518 = DIRECTION('',(-1.,-0.,0.));
#519 = DIRECTION('',(0.,0.,1.));
#520 = PCURVE('',#44,#521);
#521 = DEFINITIONAL_REPRESENTATION('',(#522),#526);
#522 = LINE('',#523,#524);
#523 = CARTESIAN_POINT('',(-0.,7.68));
#524 = VECTOR('',#525,1.);
#525 = DIRECTION('',(-1.,0.));
#526 = ( GEOMETRIC_REPRESENTATION_CONTEXT(2) 
PARAMETRIC_REPRESENTATION_CONTEXT() REPRESENTATION_CONTEXT('2D SPACE',''
  ) );
#527 = PCURVE('',#528,#533);
#528 = TOROIDAL_SURFACE('',#529,40.,10.);
#529 = AXIS2_PLACEMENT_3D('',#530,#531,#532);
#530 = CARTESIAN_POINT('',(57.68,1.E+03,50.));
#531 = DIRECTION('',(1.,0.,-0.));
#532 = DIRECTION('',(0.,0.,1.));
#533 = DEFINITIONAL_REPRESENTATION('',(#534),#538);
#534 = LINE('',#535,#536);
#535 = CARTESIAN_POINT('',(-0.,0.));
#536 = VECTOR('',#537,1.);
#537 = DIRECTION('',(-1.,0.));
#538 = ( GEOMETRIC_REPRESENTATION_CONTEXT(2) 
PARAMETRIC_REPRESENTATION_CONTEXT() REPRESENTATION_CONTEXT('2D SPACE',''
  ) );
#539 = ORIENTED_EDGE('',*,*,#540,.F.);
#540 = EDGE_CURVE('',#541,#512,#543,.T.);
#541 = VERTEX_POINT('',#542);
#542 = CARTESIAN_POINT('',(50.,1.E+03,100.));
#543 = SURFACE_CURVE('',#544,(#548,#555),.PCURVE_S1.);
#544 = LINE('',#545,#546);
#545 = CARTESIAN_POINT('',(50.,1.E+03,100.));
#546 = VECTOR('',#547,1.);
#547 = DIRECTION('',(1.,0.,0.));
#548 = PCURVE('',#44,#549);
#549 = DEFINITIONAL_REPRESENTATION('',(#550),#554);
#550 = LINE('',#551,#552);
#551 = CARTESIAN_POINT('',(-0.,0.));
#552 = VECTOR('',#553,1.);
#553 = DIRECTION('',(-0.,1.));
#554 = ( GEOMETRIC_REPRESENTATION_CONTEXT(2) 
PARAMETRIC_REPRESENTATION_CONTEXT() REPRESENTATION_CONTEXT('2D SPACE',''
  ) );
#555 = PCURVE('',#556,#561);
#556 = PLANE('',#557);
#557 = AXIS2_PLACEMENT_3D('',#558,#559,#560);
#558 = CARTESIAN_POINT('',(0.,0.,100.));
#559 = DIRECTION('',(0.,0.,-1.));
#560 = DIRECTION('',(1.,0.,0.));
#561 = DEFINITIONAL_REPRESENTATION('',(#562),#566);
#562 = LINE('',#563,#564);
#563 = CARTESIAN_POINT('',(50.,-1.E+03));
#564 = VECTOR('',#565,1.);
#565 = DIRECTION('',(1.,0.));
#566 = ( GEOMETRIC_REPRESENTATION_CONTEXT(2) 
PARAMETRIC_REPRESENTATION_CONTEXT() REPRESENTATION_CONTEXT('2D SPACE',''
  ) );
#567 = ORIENTED_EDGE('',*,*,#568,.T.);
#568 = EDGE_CURVE('',#541,#22,#569,.T.);
#569 = SURFACE_CURVE('',#570,(#575,#581),.PCURVE_S1.);
#570 = CIRCLE('',#571,50.);
#571 = AXIS2_PLACEMENT_3D('',#572,#573,#574);
#572 = CARTESIAN_POINT('',(50.,1.E+03,50.));
#573 = DIRECTION('',(-1.,0.,-6.123233995737E-17));
#574 = DIRECTION('',(-6.123233995737E-17,0.,1.));
#575 = PCURVE('',#44,#576);
#576 = DEFINITIONAL_REPRESENTATION('',(#577),#580);
#577 = B_SPLINE_CURVE_WITH_KNOTS('',1,(#578,#579),.UNSPECIFIED.,.F.,.F.,
  (2,2),(0.,1.570796326795),.PIECEWISE_BEZIER_KNOTS.);
#578 = CARTESIAN_POINT('',(0.,0.));
#579 = CARTESIAN_POINT('',(-1.570796326795,0.));
#580 = ( GEOMETRIC_REPRESENTATION_CONTEXT(2) 
PARAMETRIC_REPRESENTATION_CONTEXT() REPRESENTATION_CONTEXT('2D SPACE',''
  ) );
#581 = PCURVE('',#582,#587);
#582 = SPHERICAL_SURFACE('',#583,50.);
#583 = AXIS2_PLACEMENT_3D('',#584,#585,#586);
#584 = CARTESIAN_POINT('',(50.,1.E+03,50.));
#585 = DIRECTION('',(-0.,1.,-0.));
#586 = DIRECTION('',(-1.,0.,0.));
#587 = DEFINITIONAL_REPRESENTATION('',(#588),#591);
#588 = B_SPLINE_CURVE_WITH_KNOTS('',1,(#589,#590),.UNSPECIFIED.,.F.,.F.,
  (2,2),(0.,1.570796326795),.PIECEWISE_BEZIER_KNOTS.);
#589 = CARTESIAN_POINT('',(1.570796326795,0.));
#590 = CARTESIAN_POINT('',(1.570796326795,1.570796326795));
#591 = ( GEOMETRIC_REPRESENTATION_CONTEXT(2) 
PARAMETRIC_REPRESENTATION_CONTEXT() REPRESENTATION_CONTEXT('2D SPACE',''
  ) );
#592 = ORIENTED_EDGE('',*,*,#21,.T.);
#593 = ORIENTED_EDGE('',*,*,#594,.F.);
#594 = EDGE_CURVE('',#207,#24,#595,.T.);
#595 = SURFACE_CURVE('',#596,(#623,#671),.PCURVE_S1.);
#596 = B_SPLINE_CURVE_WITH_KNOTS('',7,(#597,#598,#599,#600,#601,#602,
    #603,#604,#605,#606,#607,#608,#609,#610,#611,#612,#613,#614,#615,
    #616,#617,#618,#619,#620,#621,#622),.UNSPECIFIED.,.F.,.F.,(8,6,6,6,8
    ),(-7.229079401055,-6.406907498455,0.,7.888644034395,12.694110400857
    ),.UNSPECIFIED.);
#597 = CARTESIAN_POINT('',(63.665751563128,1.044904873511E+03,
    71.997159959979));
#598 = CARTESIAN_POINT('',(63.52987872344,1.044941939529E+03,
    71.919265852592));
#599 = CARTESIAN_POINT('',(63.396688582532,1.044978273709E+03,
    71.842909701042));
#600 = CARTESIAN_POINT('',(63.266181140402,1.045013876051E+03,
    71.768091505328));
#601 = CARTESIAN_POINT('',(63.138356397053,1.045048746554E+03,
    71.69481126545));
#602 = CARTESIAN_POINT('',(63.013214352482,1.045082885219E+03,
    71.623068981409));
#603 = CARTESIAN_POINT('',(62.890755006691,1.045116292046E+03,
    71.552864653204));
#604 = CARTESIAN_POINT('',(61.837599469627,1.045403592162E+03,
    70.949104470615));
#605 = CARTESIAN_POINT('',(61.068181765255,1.045669896317E+03,
    70.370217015039));
#606 = CARTESIAN_POINT('',(60.31696442913,1.045951963971E+03,
    69.735061306141));
#607 = CARTESIAN_POINT('',(59.496275408121,1.046272726053E+03,
    68.982874491267));
#608 = CARTESIAN_POINT('',(58.723383260006,1.046597143445E+03,
    68.168273755427));
#609 = CARTESIAN_POINT('',(57.985685874768,1.046920232679E+03,
    67.303879436597));
#610 = CARTESIAN_POINT('',(56.437065375279,1.047626587703E+03,
    65.268326977836));
#611 = CARTESIAN_POINT('',(55.64752893278,1.048006638255E+03,
    64.072567669855));
#612 = CARTESIAN_POINT('',(54.92470442127,1.048370015764E+03,
    62.804004292795));
#613 = CARTESIAN_POINT('',(54.272197688903,1.048709756639E+03,
    61.462732643868));
#614 = CARTESIAN_POINT('',(53.695862144484,1.049018228563E+03,
    60.047755467678));
#615 = CARTESIAN_POINT('',(53.203891215009,1.04928695465E+03,
    58.559267852941));
#616 = CARTESIAN_POINT('',(52.564715136637,1.049640892253E+03,
    56.057764686407));
#617 = CARTESIAN_POINT('',(52.357800535835,1.049756839727E+03,
    55.086028621824));
#618 = CARTESIAN_POINT('',(52.188680900441,1.04985250313E+03,
    54.092281186202));
#619 = CARTESIAN_POINT('',(52.059889900714,1.049925821743E+03,
    53.081765155832));
#620 = CARTESIAN_POINT('',(51.9733238633,1.049975259336E+03,
    52.05925893579));
#621 = CARTESIAN_POINT('',(51.93,1.05E+03,51.029359986042));
#622 = CARTESIAN_POINT('',(51.93,1.05E+03,50.));
#623 = PCURVE('',#44,#624);
#624 = DEFINITIONAL_REPRESENTATION('',(#625),#670);
#625 = B_SPLINE_CURVE_WITH_KNOTS('',8,(#626,#627,#628,#629,#630,#631,
    #632,#633,#634,#635,#636,#637,#638,#639,#640,#641,#642,#643,#644,
    #645,#646,#647,#648,#649,#650,#651,#652,#653,#654,#655,#656,#657,
    #658,#659,#660,#661,#662,#663,#664,#665,#666,#667,#668,#669),
  .UNSPECIFIED.,.F.,.F.,(9,7,7,7,7,7,9),(-1.244190789692,0.498096859126,
    2.240384507945,5.724959805582,7.467247454401,9.20953510322,
    12.694110400857),.UNSPECIFIED.);
#626 = CARTESIAN_POINT('',(-1.211246150321,8.26784840442));
#627 = CARTESIAN_POINT('',(-1.215585125137,8.091590972051));
#628 = CARTESIAN_POINT('',(-1.219980997258,7.917306149195));
#629 = CARTESIAN_POINT('',(-1.224430450134,7.745132042616));
#630 = CARTESIAN_POINT('',(-1.228929591932,7.57532330692));
#631 = CARTESIAN_POINT('',(-1.233478663354,7.407574933434));
#632 = CARTESIAN_POINT('',(-1.238073767868,7.242541022525));
#633 = CARTESIAN_POINT('',(-1.24271712997,7.079750705649));
#634 = CARTESIAN_POINT('',(-1.252098857085,6.759020462505));
#635 = CARTESIAN_POINT('',(-1.256837299462,6.601056791715));
#636 = CARTESIAN_POINT('',(-1.261623208562,6.445509120872));
#637 = CARTESIAN_POINT('',(-1.266456484485,6.292394456818));
#638 = CARTESIAN_POINT('',(-1.271337039516,6.141732264073));
#639 = CARTESIAN_POINT('',(-1.276264798134,5.993544464836));
#640 = CARTESIAN_POINT('',(-1.281239697009,5.84785543898));
#641 = CARTESIAN_POINT('',(-1.296305660984,5.418365194217));
#642 = CARTESIAN_POINT('',(-1.306538025276,5.142141117479));
#643 = CARTESIAN_POINT('',(-1.316958270949,4.876235038511));
#644 = CARTESIAN_POINT('',(-1.32756624147,4.620903662971));
#645 = CARTESIAN_POINT('',(-1.338361859351,4.376445674842));
#646 = CARTESIAN_POINT('',(-1.349344854801,4.143202253778));
#647 = CARTESIAN_POINT('',(-1.36051449438,3.921557592439));
#648 = CARTESIAN_POINT('',(-1.377546717283,3.607130324528));
#649 = CARTESIAN_POINT('',(-1.383270393238,3.505327827006));
#650 = CARTESIAN_POINT('',(-1.389040176502,3.406585369088));
#651 = CARTESIAN_POINT('',(-1.394855815206,3.310959079861));
#652 = CARTESIAN_POINT('',(-1.400716966629,3.218507769671));
#653 = CARTESIAN_POINT('',(-1.406623197192,3.129292930126));
#654 = CARTESIAN_POINT('',(-1.412573982464,3.043378734095));
#655 = CARTESIAN_POINT('',(-1.424563431846,2.878285337322));
#656 = CARTESIAN_POINT('',(-1.430602084027,2.799106022496));
#657 = CARTESIAN_POINT('',(-1.436683563832,2.723368875038));
#658 = CARTESIAN_POINT('',(-1.442809141064,2.651107891946));
#659 = CARTESIAN_POINT('',(-1.448975935856,2.582424758779));
#660 = CARTESIAN_POINT('',(-1.455180452628,2.517422612089));
#661 = CARTESIAN_POINT('',(-1.461422298403,2.456140699506));
#662 = CARTESIAN_POINT('',(-1.480250052796,2.283715245514));
#663 = CARTESIAN_POINT('',(-1.492938850026,2.183979208572));
#664 = CARTESIAN_POINT('',(-1.505745720907,2.100013770706));
#665 = CARTESIAN_POINT('',(-1.518650025405,2.032303301388));
#666 = CARTESIAN_POINT('',(-1.53163107854,1.981235777577));
#667 = CARTESIAN_POINT('',(-1.544667474503,1.947085077949));
#668 = CARTESIAN_POINT('',(-1.557734027143,1.93));
#669 = CARTESIAN_POINT('',(-1.570796326795,1.93));
#670 = ( GEOMETRIC_REPRESENTATION_CONTEXT(2) 
PARAMETRIC_REPRESENTATION_CONTEXT() REPRESENTATION_CONTEXT('2D SPACE',''
  ) );
#671 = PCURVE('',#672,#751);
#672 = ( BOUNDED_SURFACE() B_SPLINE_SURFACE(2,7,(
    (#673,#674,#675,#676,#677,#678,#679,#680,#681,#682,#683,#684,#685
      ,#686,#687,#688,#689,#690,#691,#692,#693,#694,#695,#696,#697,#698)
    ,(#699,#700,#701,#702,#703,#704,#705,#706,#707,#708,#709,#710,#711
      ,#712,#713,#714,#715,#716,#717,#718,#719,#720,#721,#722,#723,#724)
    ,(#725,#726,#727,#728,#729,#730,#731,#732,#733,#734,#735,#736,#737
      ,#738,#739,#740,#741,#742,#743,#744,#745,#746,#747,#748,#749,#750
)),.UNSPECIFIED.,.F.,.F.,.F.) B_SPLINE_SURFACE_WITH_KNOTS((3,3),(8,6,6,6
    ,8),(0.,19.101017899312),(-7.229079401055,-6.406907498455,0.,
    7.888644034395,12.694110400857),.UNSPECIFIED.) 
GEOMETRIC_REPRESENTATION_ITEM() RATIONAL_B_SPLINE_SURFACE((
    (1.,1.,1.,1.,1.,1.,1.,1.,1.,1.,1.,1.,1.,1.,1.,1.,1.,1.,1.,1.,1.,1.
      ,1.,1.,1.,1.)
    ,(0.559022357509,0.557986500245,0.557295928736,0.556950642981
      ,0.556950642981,0.557295928736,0.557986500245,0.56709444274
      ,0.575115898293,0.583928047063,0.594015964196,0.604116337219
      ,0.614136879879,0.635918393316,0.647554458851,0.658594210864
      ,0.668832982674,0.678061063182,0.6860545749,0.696539598339
      ,0.699961905626,0.702777373952,0.704930719372,0.706381000368
      ,0.707106781187,0.707106781187)
    ,(1.,1.,1.,1.,1.,1.,1.,1.,1.,1.,1.,1.,1.,1.,1.,1.,1.,1.,1.,1.,1.,1.
,1.,1.,1.,1.))) REPRESENTATION_ITEM('') SURFACE() );
#673 = CARTESIAN_POINT('',(63.665751563128,1.044904873511E+03,
    71.997159959979));
#674 = CARTESIAN_POINT('',(63.52987872344,1.044941939529E+03,
    71.919265852592));
#675 = CARTESIAN_POINT('',(63.396688582532,1.044978273709E+03,
    71.842909701042));
#676 = CARTESIAN_POINT('',(63.266181140402,1.045013876051E+03,
    71.768091505328));
#677 = CARTESIAN_POINT('',(63.138356397053,1.045048746554E+03,
    71.69481126545));
#678 = CARTESIAN_POINT('',(63.013214352482,1.045082885219E+03,
    71.623068981409));
#679 = CARTESIAN_POINT('',(62.890755006691,1.045116292046E+03,
    71.552864653204));
#680 = CARTESIAN_POINT('',(61.837599469627,1.045403592162E+03,
    70.949104470615));
#681 = CARTESIAN_POINT('',(61.068181765255,1.045669896317E+03,
    70.370217015039));
#682 = CARTESIAN_POINT('',(60.31696442913,1.045951963971E+03,
    69.735061306141));
#683 = CARTESIAN_POINT('',(59.496275408121,1.046272726053E+03,
    68.982874491267));
#684 = CARTESIAN_POINT('',(58.723383260006,1.046597143445E+03,
    68.168273755427));
#685 = CARTESIAN_POINT('',(57.985685874768,1.046920232679E+03,
    67.303879436597));
#686 = CARTESIAN_POINT('',(56.437065375279,1.047626587703E+03,
    65.268326977836));
#687 = CARTESIAN_POINT('',(55.64752893278,1.048006638255E+03,
    64.072567669855));
#688 = CARTESIAN_POINT('',(54.92470442127,1.048370015764E+03,
    62.804004292795));
#689 = CARTESIAN_POINT('',(54.272197688903,1.048709756639E+03,
    61.462732643868));
#690 = CARTESIAN_POINT('',(53.695862144484,1.049018228563E+03,
    60.047755467678));
#691 = CARTESIAN_POINT('',(53.203891215009,1.04928695465E+03,
    58.559267852941));
#692 = CARTESIAN_POINT('',(52.564715136637,1.049640892253E+03,
    56.057764686407));
#693 = CARTESIAN_POINT('',(52.357800535835,1.049756839727E+03,
    55.086028621824));
#694 = CARTESIAN_POINT('',(52.188680900441,1.04985250313E+03,
    54.092281186202));
#695 = CARTESIAN_POINT('',(52.059889900714,1.049925821743E+03,
    53.081765155832));
#696 = CARTESIAN_POINT('',(51.9733238633,1.049975259336E+03,
    52.05925893579));
#697 = CARTESIAN_POINT('',(51.93,1.05E+03,51.029359986042));
#698 = CARTESIAN_POINT('',(51.93,1.05E+03,50.));
#699 = CARTESIAN_POINT('',(68.668317243274,1.048226037778E+03,
    65.202701688076));
#700 = CARTESIAN_POINT('',(68.530144837376,1.048241335227E+03,
    65.144236447239));
#701 = CARTESIAN_POINT('',(68.391360616818,1.048256700412E+03,
    65.085512327713));
#702 = CARTESIAN_POINT('',(68.252220426781,1.048272105008E+03,
    65.026637585916));
#703 = CARTESIAN_POINT('',(68.11298238824,1.048287520436E+03,
    64.967721441235));
#704 = CARTESIAN_POINT('',(67.973905305766,1.048302918045E+03,
    64.908873402302));
#705 = CARTESIAN_POINT('',(67.835247066026,1.048318269282E+03,
    64.850202589358));
#706 = CARTESIAN_POINT('',(66.639269762462,1.048450679238E+03,
    64.344145677098));
#707 = CARTESIAN_POINT('',(65.812375094,1.048557442472E+03,
    63.891866104648));
#708 = CARTESIAN_POINT('',(65.103095792489,1.048643726099E+03,
    63.454387202502));
#709 = CARTESIAN_POINT('',(64.453941542047,1.04871474631E+03,
    63.002456968192));
#710 = CARTESIAN_POINT('',(63.832470372407,1.048789876099E+03,
    62.51952975628));
#711 = CARTESIAN_POINT('',(63.228518697364,1.048874165239E+03,
    61.988705859075));
#712 = CARTESIAN_POINT('',(61.954549132839,1.049074419808E+03,
    60.720717201237));
#713 = CARTESIAN_POINT('',(61.291301875276,1.049193749826E+03,
    59.961201190314));
#714 = CARTESIAN_POINT('',(60.66379830682,1.049320299445E+03,
    59.126913234693));
#715 = CARTESIAN_POINT('',(60.082180591583,1.04944903024E+03,
    58.21758836151));
#716 = CARTESIAN_POINT('',(59.558432039023,1.049573648699E+03,
    57.233061826726));
#717 = CARTESIAN_POINT('',(59.10579478382,1.049687122798E+03,
    56.175737399586));
#718 = CARTESIAN_POINT('',(58.518757188576,1.049839332813E+03,
    54.388433567554));
#719 = CARTESIAN_POINT('',(58.32846567162,1.049890056453E+03,
    53.69391181234));
#720 = CARTESIAN_POINT('',(58.171451945758,1.049932874322E+03,
    52.977424633773));
#721 = CARTESIAN_POINT('',(58.051216233854,1.049966176306E+03,
    52.243972303515));
#722 = CARTESIAN_POINT('',(57.970337540008,1.049988747322E+03,
    51.499107029633));
#723 = CARTESIAN_POINT('',(57.93,1.05E+03,50.748625153153));
#724 = CARTESIAN_POINT('',(57.93,1.05E+03,50.));
#725 = CARTESIAN_POINT('',(67.467777416259,1.039253584593E+03,
    64.672701918395));
#726 = CARTESIAN_POINT('',(67.337944528508,1.039292662775E+03,
    64.605311803826));
#727 = CARTESIAN_POINT('',(67.208111640757,1.039331740956E+03,
    64.537921689257));
#728 = CARTESIAN_POINT('',(67.078278753006,1.039370819138E+03,
    64.470531574687));
#729 = CARTESIAN_POINT('',(66.948445865255,1.03940989732E+03,
    64.403141460118));
#730 = CARTESIAN_POINT('',(66.818612977505,1.039448975501E+03,
    64.335751345549));
#731 = CARTESIAN_POINT('',(66.688780089754,1.039488053683E+03,
    64.26836123098));
#732 = CARTESIAN_POINT('',(65.547203429871,1.039831654915E+03,
    63.675822751465));
#733 = CARTESIAN_POINT('',(64.755814504014,1.04012217229E+03,
    63.158431019014));
#734 = CARTESIAN_POINT('',(64.070308058875,1.04040759133E+03,
    62.655464125042));
#735 = CARTESIAN_POINT('',(63.455688711151,1.040699617188E+03,
    62.143515232349));
#736 = CARTESIAN_POINT('',(62.889244255272,1.040985206173E+03,
    61.622838992965));
#737 = CARTESIAN_POINT('',(62.351962707612,1.041270305328E+03,
    61.070013306741));
#738 = CARTESIAN_POINT('',(61.222807546683,1.041894137425E+03,
    59.768880661538));
#739 = CARTESIAN_POINT('',(60.646739780734,1.042230336429E+03,
    59.00467170695));
#740 = CARTESIAN_POINT('',(60.118635273758,1.042552437971E+03,
    58.193026909875));
#741 = CARTESIAN_POINT('',(59.64191368273,1.042853823396E+03,
    57.335185501971));
#742 = CARTESIAN_POINT('',(59.220967289019,1.043127571887E+03,
    56.430486798766));
#743 = CARTESIAN_POINT('',(58.861230979996,1.04336632893E+03,
    55.477816034283));
#744 = CARTESIAN_POINT('',(58.393935636301,1.043680836643E+03,
    53.876769592828));
#745 = CARTESIAN_POINT('',(58.242778879119,1.043783830293E+03,
    53.255194076814));
#746 = CARTESIAN_POINT('',(58.119134651642,1.043868866419E+03,
    52.619332680188));
#747 = CARTESIAN_POINT('',(58.024941741838,1.043934063132E+03,
    51.972431057301));
#748 = CARTESIAN_POINT('',(57.961661406391,1.043978011505E+03,
    51.317834433277));
#749 = CARTESIAN_POINT('',(57.93,1.044E+03,50.658790247069));
#750 = CARTESIAN_POINT('',(57.93,1.044E+03,50.));
#751 = DEFINITIONAL_REPRESENTATION('',(#752),#756);
#752 = LINE('',#753,#754);
#753 = CARTESIAN_POINT('',(0.,0.));
#754 = VECTOR('',#755,1.);
#755 = DIRECTION('',(0.,1.));
#756 = ( GEOMETRIC_REPRESENTATION_CONTEXT(2) 
PARAMETRIC_REPRESENTATION_CONTEXT() REPRESENTATION_CONTEXT('2D SPACE',''
  ) );
#757 = ADVANCED_FACE('',(#758),#191,.T.);
#758 = FACE_BOUND('',#759,.F.);
#759 = EDGE_LOOP('',(#760,#791,#792,#933));
#760 = ORIENTED_EDGE('',*,*,#761,.F.);
#761 = EDGE_CURVE('',#24,#762,#764,.T.);
#762 = VERTEX_POINT('',#763);
#763 = CARTESIAN_POINT('',(57.93,1.044E+03,50.));
#764 = SURFACE_CURVE('',#765,(#769,#785),.PCURVE_S1.);
#765 = ( BOUNDED_CURVE() B_SPLINE_CURVE(2,(#766,#767,#768),
.UNSPECIFIED.,.F.,.F.) B_SPLINE_CURVE_WITH_KNOTS((3,3),(0.,
19.101017899312),.PIECEWISE_BEZIER_KNOTS.) CURVE() 
GEOMETRIC_REPRESENTATION_ITEM() RATIONAL_B_SPLINE_CURVE((1.,
0.707106781187,1.)) REPRESENTATION_ITEM('') );
#766 = CARTESIAN_POINT('',(51.93,1.05E+03,50.));
#767 = CARTESIAN_POINT('',(57.93,1.05E+03,50.));
#768 = CARTESIAN_POINT('',(57.93,1.044E+03,50.));
#769 = PCURVE('',#191,#770);
#770 = DEFINITIONAL_REPRESENTATION('',(#771),#784);
#771 = B_SPLINE_CURVE_WITH_KNOTS('',11,(#772,#773,#774,#775,#776,#777,
    #778,#779,#780,#781,#782,#783),.UNSPECIFIED.,.F.,.F.,(12,12),(0.,
    19.101017899312),.PIECEWISE_BEZIER_KNOTS.);
#772 = CARTESIAN_POINT('',(0.,1.570796326795));
#773 = CARTESIAN_POINT('',(0.,1.699361196101));
#774 = CARTESIAN_POINT('',(0.,1.835457293885));
#775 = CARTESIAN_POINT('',(0.,1.97839073621));
#776 = CARTESIAN_POINT('',(0.,2.126951478683));
#777 = CARTESIAN_POINT('',(0.,2.279309209416));
#778 = CARTESIAN_POINT('',(0.,2.433079770971));
#779 = CARTESIAN_POINT('',(0.,2.585437501699));
#780 = CARTESIAN_POINT('',(0.,2.733998244176));
#781 = CARTESIAN_POINT('',(0.,2.8769316865));
#782 = CARTESIAN_POINT('',(0.,3.013027784283));
#783 = CARTESIAN_POINT('',(0.,3.14159265359));
#784 = ( GEOMETRIC_REPRESENTATION_CONTEXT(2) 
PARAMETRIC_REPRESENTATION_CONTEXT() REPRESENTATION_CONTEXT('2D SPACE',''
  ) );
#785 = PCURVE('',#672,#786);
#786 = DEFINITIONAL_REPRESENTATION('',(#787),#790);
#787 = B_SPLINE_CURVE_WITH_KNOTS('',1,(#788,#789),.UNSPECIFIED.,.F.,.F.,
  (2,2),(0.,19.101017899312),.PIECEWISE_BEZIER_KNOTS.);
#788 = CARTESIAN_POINT('',(0.,12.694110400857));
#789 = CARTESIAN_POINT('',(19.101017899312,12.694110400857));
#790 = ( GEOMETRIC_REPRESENTATION_CONTEXT(2) 
PARAMETRIC_REPRESENTATION_CONTEXT() REPRESENTATION_CONTEXT('2D SPACE',''
  ) );
#791 = ORIENTED_EDGE('',*,*,#176,.T.);
#792 = ORIENTED_EDGE('',*,*,#793,.T.);
#793 = EDGE_CURVE('',#141,#794,#796,.T.);
#794 = VERTEX_POINT('',#795);
#795 = CARTESIAN_POINT('',(89.93,1.044E+03,50.));
#796 = SURFACE_CURVE('',#797,(#802,#808),.PCURVE_S1.);
#797 = CIRCLE('',#798,6.);
#798 = AXIS2_PLACEMENT_3D('',#799,#800,#801);
#799 = CARTESIAN_POINT('',(95.93,1.044E+03,50.));
#800 = DIRECTION('',(1.224646799147E-16,0.,1.));
#801 = DIRECTION('',(1.,0.,-1.224646799147E-16));
#802 = PCURVE('',#191,#803);
#803 = DEFINITIONAL_REPRESENTATION('',(#804),#807);
#804 = B_SPLINE_CURVE_WITH_KNOTS('',1,(#805,#806),.UNSPECIFIED.,.F.,.F.,
  (2,2),(1.570796326795,3.14159265359),.PIECEWISE_BEZIER_KNOTS.);
#805 = CARTESIAN_POINT('',(-3.14159265359,1.570796326795));
#806 = CARTESIAN_POINT('',(-3.14159265359,3.14159265359));
#807 = ( GEOMETRIC_REPRESENTATION_CONTEXT(2) 
PARAMETRIC_REPRESENTATION_CONTEXT() REPRESENTATION_CONTEXT('2D SPACE',''
  ) );
#808 = PCURVE('',#809,#900);
#809 = ( BOUNDED_SURFACE() B_SPLINE_SURFACE(2,8,(
    (#810,#811,#812,#813,#814,#815,#816,#817,#818,#819,#820,#821,#822
      ,#823,#824,#825,#826,#827,#828,#829,#830,#831,#832,#833,#834,#835
      ,#836,#837,#838,#839)
    ,(#840,#841,#842,#843,#844,#845,#846,#847,#848,#849,#850,#851,#852
      ,#853,#854,#855,#856,#857,#858,#859,#860,#861,#862,#863,#864,#865
      ,#866,#867,#868,#869)
    ,(#870,#871,#872,#873,#874,#875,#876,#877,#878,#879,#880,#881,#882
      ,#883,#884,#885,#886,#887,#888,#889,#890,#891,#892,#893,#894,#895
      ,#896,#897,#898,#899
)),.UNSPECIFIED.,.F.,.F.,.F.) B_SPLINE_SURFACE_WITH_KNOTS((3,3),(9,7,7,7
    ,9),(0.,16.290768797997),(62.959592858293,69.873726841181,
    72.639136215941,75.944117260622,79.25036165629),.UNSPECIFIED.) 
GEOMETRIC_REPRESENTATION_ITEM() RATIONAL_B_SPLINE_SURFACE((
    (1.,1.,1.,1.,1.,1.,1.,1.,1.,1.,1.,1.,1.,1.,1.,1.,1.,1.,1.,1.,1.,1.
      ,1.,1.,1.,1.,1.,1.,1.,1.)
    ,(0.707106781187,0.707106781187,0.705666590651,0.702776031939
      ,0.69852729798,0.693001571385,0.686424613581,0.678888164503
      ,0.667208293692,0.663738366784,0.660165107229,0.656450163833
      ,0.652604820406,0.648583922403,0.644449644337,0.637532954228
      ,0.634922169575,0.633131444533,0.631834496072,0.630934486152
      ,0.63042011577,0.630144887279,0.629489864645,0.629117922366
      ,0.628427351595,0.627087785962,0.624726669683,0.620943174392
      ,0.615322115986,0.607447871457)
    ,(1.,1.,1.,1.,1.,1.,1.,1.,1.,1.,1.,1.,1.,1.,1.,1.,1.,1.,1.,1.,1.,1.
,1.,1.,1.,1.,1.,1.,1.,1.))) REPRESENTATION_ITEM('') SURFACE() );
#810 = CARTESIAN_POINT('',(95.93,1.05E+03,50.));
#811 = CARTESIAN_POINT('',(95.93,1.05E+03,51.465766413773));
#812 = CARTESIAN_POINT('',(95.844051005339,1.049950912527E+03,
    52.933336137289));
#813 = CARTESIAN_POINT('',(95.671429151389,1.049852352737E+03,
    54.385175542726));
#814 = CARTESIAN_POINT('',(95.417081156329,1.04970785587E+03,
    55.80598563147));
#815 = CARTESIAN_POINT('',(95.083238929499,1.049520510464E+03,
    57.189867636812));
#816 = CARTESIAN_POINT('',(94.681612585883,1.049298861449E+03,
    58.518954355532));
#817 = CARTESIAN_POINT('',(94.213999251643,1.049046365199E+03,
    59.799966616888));
#818 = CARTESIAN_POINT('',(93.474236299221,1.048657589518E+03,
    61.519226671818));
#819 = CARTESIAN_POINT('',(93.253167201687,1.048542472516E+03,
    62.00201044588));
#820 = CARTESIAN_POINT('',(93.022523779251,1.048423653063E+03,
    62.476276468588));
#821 = CARTESIAN_POINT('',(92.78277781875,1.048301395121E+03,
    62.942006456921));
#822 = CARTESIAN_POINT('',(92.534036333725,1.04817591408E+03,
    63.399902485856));
#823 = CARTESIAN_POINT('',(92.275873680083,1.048046975728E+03,
    63.851346178371));
#824 = CARTESIAN_POINT('',(92.008546362188,1.047915299753E+03,
    64.29375155363));
#825 = CARTESIAN_POINT('',(91.411267634213,1.047635870122E+03,
    65.20168987831));
#826 = CARTESIAN_POINT('',(91.079715422433,1.0474889769E+03,
    65.658174876082));
#827 = CARTESIAN_POINT('',(90.741607157537,1.047345608676E+03,
    66.087841241253));
#828 = CARTESIAN_POINT('',(90.396216881507,1.047203963645E+03,
    66.498411298594));
#829 = CARTESIAN_POINT('',(90.045066369909,1.047064269552E+03,
    66.890967706092));
#830 = CARTESIAN_POINT('',(89.690433095015,1.04692724935E+03,
    67.265214215324));
#831 = CARTESIAN_POINT('',(89.333496728844,1.046792211479E+03,
    67.624649436519));
#832 = CARTESIAN_POINT('',(88.618447516071,1.046523816865E+03,
    68.32140534234));
#833 = CARTESIAN_POINT('',(88.260297647803,1.046390456254E+03,
    68.658729751832));
#834 = CARTESIAN_POINT('',(87.903200519506,1.046256871481E+03,
    68.988693106788));
#835 = CARTESIAN_POINT('',(87.548690957868,1.04612145322E+03,
    69.315761215491));
#836 = CARTESIAN_POINT('',(87.198146702616,1.045982229636E+03,
    69.644704201538));
#837 = CARTESIAN_POINT('',(86.852706174708,1.045837026684E+03,
    69.980194071923));
#838 = CARTESIAN_POINT('',(86.513186244513,1.045683628418E+03,
    70.326402285123));
#839 = CARTESIAN_POINT('',(86.18,1.045519937295E+03,70.686597319181));
#840 = CARTESIAN_POINT('',(89.93,1.05E+03,50.));
#841 = CARTESIAN_POINT('',(89.93,1.05E+03,51.066011566966));
#842 = CARTESIAN_POINT('',(89.849811907276,1.049977616544E+03,
    52.137826147158));
#843 = CARTESIAN_POINT('',(89.688233737591,1.049932585018E+03,
    53.196541601291));
#844 = CARTESIAN_POINT('',(89.44899807491,1.049866582315E+03,
    54.228644657881));
#845 = CARTESIAN_POINT('',(89.139631799419,1.049783971446E+03,
    55.217931064901));
#846 = CARTESIAN_POINT('',(88.771322315521,1.049689440326E+03,
    56.1567841571));
#847 = CARTESIAN_POINT('',(88.351162454066,1.049587266976E+03,
    57.043548277432));
#848 = CARTESIAN_POINT('',(87.698235224212,1.049438350258E+03,
    58.214820536191));
#849 = CARTESIAN_POINT('',(87.501799261358,1.049394616877E+03,
    58.545117368177));
#850 = CARTESIAN_POINT('',(87.298358680798,1.04935040497E+03,
    58.867017783424));
#851 = CARTESIAN_POINT('',(87.088218663438,1.049306172148E+03,
    59.179799508189));
#852 = CARTESIAN_POINT('',(86.871555944526,1.049262024575E+03,
    59.483912665225));
#853 = CARTESIAN_POINT('',(86.648941118553,1.049218570534E+03,
    59.778652927166));
#854 = CARTESIAN_POINT('',(86.421696765233,1.049176174781E+03,
    60.063291388325));
#855 = CARTESIAN_POINT('',(85.91647475778,1.049073442509E+03,
    60.691994534213));
#856 = CARTESIAN_POINT('',(85.638546007035,1.049012515623E+03,
    61.031768961676));
#857 = CARTESIAN_POINT('',(85.357460087701,1.04894770335E+03,
    61.367341844558));
#858 = CARTESIAN_POINT('',(85.070279499434,1.048879629954E+03,
    61.699365839066));
#859 = CARTESIAN_POINT('',(84.775419637285,1.048808146672E+03,
    62.028572781294));
#860 = CARTESIAN_POINT('',(84.471675556938,1.048732621798E+03,
    62.356346029278));
#861 = CARTESIAN_POINT('',(84.156353535078,1.048652541327E+03,
    62.684911487665));
#862 = CARTESIAN_POINT('',(83.495788090399,1.048483559552E+03,
    63.344342331153));
#863 = CARTESIAN_POINT('',(83.150451742211,1.048394585651E+03,
    63.675422233254));
#864 = CARTESIAN_POINT('',(82.786314790958,1.048301054113E+03,
    64.008953356223));
#865 = CARTESIAN_POINT('',(82.398715626116,1.048202880181E+03,
    64.346286364608));
#866 = CARTESIAN_POINT('',(81.982315166455,1.04809991538E+03,
    64.688834568694));
#867 = CARTESIAN_POINT('',(81.531058803655,1.047991838038E+03,
    65.038082791933));
#868 = CARTESIAN_POINT('',(81.038083288618,1.04787804427E+03,
    65.395573686944));
#869 = CARTESIAN_POINT('',(80.495553303956,1.047757531635E+03,
    65.76287049955));
#870 = CARTESIAN_POINT('',(89.93,1.044E+03,50.));
#871 = CARTESIAN_POINT('',(89.93,1.044E+03,50.938090300151));
#872 = CARTESIAN_POINT('',(89.867112113687,1.043956335516E+03,
    51.877489467712));
#873 = CARTESIAN_POINT('',(89.741251202451,1.043868879254E+03,
    52.805768006826));
#874 = CARTESIAN_POINT('',(89.554581788027,1.043740079254E+03,
    53.717258265512));
#875 = CARTESIAN_POINT('',(89.311416362045,1.043574004982E+03,
    54.600215309297));
#876 = CARTESIAN_POINT('',(89.017312541536,1.043376821062E+03,
    55.452304645451));
#877 = CARTESIAN_POINT('',(88.675581901884,1.043152624866E+03,
    56.271681349527));
#878 = CARTESIAN_POINT('',(88.135081857437,1.042807663376E+03,
    57.371445949509));
#879 = CARTESIAN_POINT('',(87.973652191035,1.04270537445E+03,
    57.68019299338));
#880 = CARTESIAN_POINT('',(87.804917121699,1.042600626874E+03,
    57.983709192931));
#881 = CARTESIAN_POINT('',(87.630131019647,1.042491502642E+03,
    58.281309195165));
#882 = CARTESIAN_POINT('',(87.445925013927,1.042378883632E+03,
    58.578883414023));
#883 = CARTESIAN_POINT('',(87.247829474631,1.042261626828E+03,
    58.880097763894));
#884 = CARTESIAN_POINT('',(87.046592063071,1.042140852815E+03,
    59.166098209783));
#885 = CARTESIAN_POINT('',(86.725666710212,1.041948619548E+03,
    59.610408884821));
#886 = CARTESIAN_POINT('',(86.613445977898,1.041882733569E+03,
    59.755116511185));
#887 = CARTESIAN_POINT('',(86.520186661212,1.041847316193E+03,
    59.87620362939));
#888 = CARTESIAN_POINT('',(86.424849342679,1.04183361555E+03,
    59.99691598455));
#889 = CARTESIAN_POINT('',(86.327703452541,1.041839179484E+03,
    60.1163272212));
#890 = CARTESIAN_POINT('',(86.232426814146,1.041865724941E+03,
    60.23190194239));
#891 = CARTESIAN_POINT('',(86.133066749023,1.04191342207E+03,
    60.34945480669));
#892 = CARTESIAN_POINT('',(85.921752140522,1.042040371006E+03,
    60.593580763778));
#893 = CARTESIAN_POINT('',(85.809710146547,1.042119953494E+03,
    60.720182286263));
#894 = CARTESIAN_POINT('',(85.687886863116,1.042211363072E+03,
    60.854753385041));
#895 = CARTESIAN_POINT('',(85.553586639394,1.04230930963E+03,
    60.999453185691));
#896 = CARTESIAN_POINT('',(85.404668451885,1.042408102188E+03,
    61.155384879251));
#897 = CARTESIAN_POINT('',(85.239379392652,1.042502269337E+03,
    61.322835019691));
#898 = CARTESIAN_POINT('',(85.056188157521,1.042587179682E+03,
    61.501512821378));
#899 = CARTESIAN_POINT('',(84.853618534293,1.042659662287E+03,
    61.690789456545));
#900 = DEFINITIONAL_REPRESENTATION('',(#901),#932);
#901 = B_SPLINE_CURVE_WITH_KNOTS('',8,(#902,#903,#904,#905,#906,#907,
    #908,#909,#910,#911,#912,#913,#914,#915,#916,#917,#918,#919,#920,
    #921,#922,#923,#924,#925,#926,#927,#928,#929,#930,#931),
  .UNSPECIFIED.,.F.,.F.,(9,7,7,7,9),(1.570796326795,1.963495408494,
    2.356194490192,2.748893571891,3.14159265359),.UNSPECIFIED.);
#902 = CARTESIAN_POINT('',(4.440892098501E-16,62.959592858293));
#903 = CARTESIAN_POINT('',(0.565452958923,62.959592858294));
#904 = CARTESIAN_POINT('',(1.117766616459,62.959592858292));
#905 = CARTESIAN_POINT('',(1.658511402393,62.959592858296));
#906 = CARTESIAN_POINT('',(2.189095607221,62.959592858291));
#907 = CARTESIAN_POINT('',(2.710782549396,62.959592858295));
#908 = CARTESIAN_POINT('',(3.224752817266,62.959592858292));
#909 = CARTESIAN_POINT('',(3.732092224984,62.959592858294));
#910 = CARTESIAN_POINT('',(4.735573499413,62.959592858293));
#911 = CARTESIAN_POINT('',(5.231715190509,62.959592858295));
#912 = CARTESIAN_POINT('',(5.723289873931,62.959592858291));
#913 = CARTESIAN_POINT('',(6.211261198705,62.959592858296));
#914 = CARTESIAN_POINT('',(6.696566510711,62.959592858292));
#915 = CARTESIAN_POINT('',(7.18009555694,62.959592858294));
#916 = CARTESIAN_POINT('',(7.662740107059,62.959592858293));
#917 = CARTESIAN_POINT('',(8.628028690938,62.959592858293));
#918 = CARTESIAN_POINT('',(9.110673241056,62.959592858294));
#919 = CARTESIAN_POINT('',(9.594202287285,62.959592858293));
#920 = CARTESIAN_POINT('',(10.079507599292,62.959592858295));
#921 = CARTESIAN_POINT('',(10.567478924066,62.959592858293));
#922 = CARTESIAN_POINT('',(11.059053607488,62.959592858294));
#923 = CARTESIAN_POINT('',(11.555195298583,62.959592858293));
#924 = CARTESIAN_POINT('',(12.558676573012,62.959592858293));
#925 = CARTESIAN_POINT('',(13.066015980732,62.959592858294));
#926 = CARTESIAN_POINT('',(13.579986248599,62.959592858292));
#927 = CARTESIAN_POINT('',(14.101673190776,62.959592858295));
#928 = CARTESIAN_POINT('',(14.632257395605,62.959592858292));
#929 = CARTESIAN_POINT('',(15.173002181536,62.959592858294));
#930 = CARTESIAN_POINT('',(15.725315839074,62.959592858293));
#931 = CARTESIAN_POINT('',(16.290768797997,62.959592858293));
#932 = ( GEOMETRIC_REPRESENTATION_CONTEXT(2) 
PARAMETRIC_REPRESENTATION_CONTEXT() REPRESENTATION_CONTEXT('2D SPACE',''
  ) );
#933 = ORIENTED_EDGE('',*,*,#934,.F.);
#934 = EDGE_CURVE('',#762,#794,#935,.T.);
#935 = SURFACE_CURVE('',#936,(#941,#948),.PCURVE_S1.);
#936 = CIRCLE('',#937,16.);
#937 = AXIS2_PLACEMENT_3D('',#938,#939,#940);
#938 = CARTESIAN_POINT('',(73.93,1.044E+03,50.));
#939 = DIRECTION('',(0.,-1.,0.));
#940 = DIRECTION('',(-1.,0.,8.881784197001E-16));
#941 = PCURVE('',#191,#942);
#942 = DEFINITIONAL_REPRESENTATION('',(#943),#947);
#943 = LINE('',#944,#945);
#944 = CARTESIAN_POINT('',(-0.,3.14159265359));
#945 = VECTOR('',#946,1.);
#946 = DIRECTION('',(-1.,0.));
#947 = ( GEOMETRIC_REPRESENTATION_CONTEXT(2) 
PARAMETRIC_REPRESENTATION_CONTEXT() REPRESENTATION_CONTEXT('2D SPACE',''
  ) );
#948 = PCURVE('',#949,#954);
#949 = CYLINDRICAL_SURFACE('',#950,16.);
#950 = AXIS2_PLACEMENT_3D('',#951,#952,#953);
#951 = CARTESIAN_POINT('',(73.93,0.,50.));
#952 = DIRECTION('',(0.,-1.,0.));
#953 = DIRECTION('',(1.,0.,0.));
#954 = DEFINITIONAL_REPRESENTATION('',(#955),#959);
#955 = LINE('',#956,#957);
#956 = CARTESIAN_POINT('',(3.14159265359,-1.044E+03));
#957 = VECTOR('',#958,1.);
#958 = DIRECTION('',(1.,0.));
#959 = ( GEOMETRIC_REPRESENTATION_CONTEXT(2) 
PARAMETRIC_REPRESENTATION_CONTEXT() REPRESENTATION_CONTEXT('2D SPACE',''
  ) );
#960 = ADVANCED_FACE('',(#961),#72,.T.);
#961 = FACE_BOUND('',#962,.F.);
#962 = EDGE_LOOP('',(#963,#987,#988,#1010));
#963 = ORIENTED_EDGE('',*,*,#964,.T.);
#964 = EDGE_CURVE('',#965,#57,#967,.T.);
#965 = VERTEX_POINT('',#966);
#966 = CARTESIAN_POINT('',(-1.42108547152E-14,1.E+03,0.));
#967 = SURFACE_CURVE('',#968,(#973,#980),.PCURVE_S1.);
#968 = CIRCLE('',#969,50.);
#969 = AXIS2_PLACEMENT_3D('',#970,#971,#972);
#970 = CARTESIAN_POINT('',(50.,1.E+03,0.));
#971 = DIRECTION('',(-0.,-0.,-1.));
#972 = DIRECTION('',(0.,-1.,0.));
#973 = PCURVE('',#72,#974);
#974 = DEFINITIONAL_REPRESENTATION('',(#975),#979);
#975 = LINE('',#976,#977);
#976 = CARTESIAN_POINT('',(1.570796326795,-0.));
#977 = VECTOR('',#978,1.);
#978 = DIRECTION('',(-1.,0.));
#979 = ( GEOMETRIC_REPRESENTATION_CONTEXT(2) 
PARAMETRIC_REPRESENTATION_CONTEXT() REPRESENTATION_CONTEXT('2D SPACE',''
  ) );
#980 = PCURVE('',#100,#981);
#981 = DEFINITIONAL_REPRESENTATION('',(#982),#986);
#982 = CIRCLE('',#983,50.);
#983 = AXIS2_PLACEMENT_2D('',#984,#985);
#984 = CARTESIAN_POINT('',(50.,-1.E+03));
#985 = DIRECTION('',(0.,1.));
#986 = ( GEOMETRIC_REPRESENTATION_CONTEXT(2) 
PARAMETRIC_REPRESENTATION_CONTEXT() REPRESENTATION_CONTEXT('2D SPACE',''
  ) );
#987 = ORIENTED_EDGE('',*,*,#56,.T.);
#988 = ORIENTED_EDGE('',*,*,#989,.F.);
#989 = EDGE_CURVE('',#990,#22,#992,.T.);
#990 = VERTEX_POINT('',#991);
#991 = CARTESIAN_POINT('',(-1.42108547152E-14,1.E+03,50.));
#992 = SURFACE_CURVE('',#993,(#998,#1004),.PCURVE_S1.);
#993 = CIRCLE('',#994,50.);
#994 = AXIS2_PLACEMENT_3D('',#995,#996,#997);
#995 = CARTESIAN_POINT('',(50.,1.E+03,50.));
#996 = DIRECTION('',(-0.,0.,-1.));
#997 = DIRECTION('',(-1.,0.,0.));
#998 = PCURVE('',#72,#999);
#999 = DEFINITIONAL_REPRESENTATION('',(#1000),#1003);
#1000 = B_SPLINE_CURVE_WITH_KNOTS('',1,(#1001,#1002),.UNSPECIFIED.,.F.,
  .F.,(2,2),(0.,1.570796326795),.PIECEWISE_BEZIER_KNOTS.);
#1001 = CARTESIAN_POINT('',(0.,50.));
#1002 = CARTESIAN_POINT('',(-1.570796326795,50.));
#1003 = ( GEOMETRIC_REPRESENTATION_CONTEXT(2) 
PARAMETRIC_REPRESENTATION_CONTEXT() REPRESENTATION_CONTEXT('2D SPACE',''
  ) );
#1004 = PCURVE('',#582,#1005);
#1005 = DEFINITIONAL_REPRESENTATION('',(#1006),#1009);
#1006 = B_SPLINE_CURVE_WITH_KNOTS('',1,(#1007,#1008),.UNSPECIFIED.,.F.,
  .F.,(2,2),(0.,1.570796326795),.PIECEWISE_BEZIER_KNOTS.);
#1007 = CARTESIAN_POINT('',(0.,0.));
#1008 = CARTESIAN_POINT('',(0.,1.570796326795));
#1009 = ( GEOMETRIC_REPRESENTATION_CONTEXT(2) 
PARAMETRIC_REPRESENTATION_CONTEXT() REPRESENTATION_CONTEXT('2D SPACE',''
  ) );
#1010 = ORIENTED_EDGE('',*,*,#1011,.F.);
#1011 = EDGE_CURVE('',#965,#990,#1012,.T.);
#1012 = SURFACE_CURVE('',#1013,(#1017,#1024),.PCURVE_S1.);
#1013 = LINE('',#1014,#1015);
#1014 = CARTESIAN_POINT('',(-1.42108547152E-14,1.E+03,0.));
#1015 = VECTOR('',#1016,1.);
#1016 = DIRECTION('',(0.,0.,1.));
#1017 = PCURVE('',#72,#1018);
#1018 = DEFINITIONAL_REPRESENTATION('',(#1019),#1023);
#1019 = LINE('',#1020,#1021);
#1020 = CARTESIAN_POINT('',(-0.,0.));
#1021 = VECTOR('',#1022,1.);
#1022 = DIRECTION('',(-0.,1.));
#1023 = ( GEOMETRIC_REPRESENTATION_CONTEXT(2) 
PARAMETRIC_REPRESENTATION_CONTEXT() REPRESENTATION_CONTEXT('2D SPACE',''
  ) );
#1024 = PCURVE('',#1025,#1030);
#1025 = PLANE('',#1026);
#1026 = AXIS2_PLACEMENT_3D('',#1027,#1028,#1029);
#1027 = CARTESIAN_POINT('',(0.,0.,0.));
#1028 = DIRECTION('',(1.,0.,-0.));
#1029 = DIRECTION('',(0.,0.,1.));
#1030 = DEFINITIONAL_REPRESENTATION('',(#1031),#1035);
#1031 = LINE('',#1032,#1033);
#1032 = CARTESIAN_POINT('',(0.,-1.E+03));
#1033 = VECTOR('',#1034,1.);
#1034 = DIRECTION('',(1.,0.));
#1035 = ( GEOMETRIC_REPRESENTATION_CONTEXT(2) 
PARAMETRIC_REPRESENTATION_CONTEXT() REPRESENTATION_CONTEXT('2D SPACE',''
  ) );
#1036 = ADVANCED_FACE('',(#1037),#156,.F.);
#1037 = FACE_BOUND('',#1038,.F.);
#1038 = EDGE_LOOP('',(#1039,#1283,#1420,#1421,#1484));
#1039 = ORIENTED_EDGE('',*,*,#1040,.F.);
#1040 = EDGE_CURVE('',#1041,#1043,#1045,.T.);
#1041 = VERTEX_POINT('',#1042);
#1042 = CARTESIAN_POINT('',(86.18,1.045519937295E+03,70.686597319181));
#1043 = VERTEX_POINT('',#1044);
#1044 = CARTESIAN_POINT('',(86.18,1.E+03,100.));
#1045 = SURFACE_CURVE('',#1046,(#1089,#1149),.PCURVE_S1.);
#1046 = B_SPLINE_CURVE_WITH_KNOTS('',11,(#1047,#1048,#1049,#1050,#1051,
    #1052,#1053,#1054,#1055,#1056,#1057,#1058,#1059,#1060,#1061,#1062,
    #1063,#1064,#1065,#1066,#1067,#1068,#1069,#1070,#1071,#1072,#1073,
    #1074,#1075,#1076,#1077,#1078,#1079,#1080,#1081,#1082,#1083,#1084,
    #1085,#1086,#1087,#1088),.UNSPECIFIED.,.F.,.F.,(12,10,10,10,12),(
    -8.064904860754,-4.588815958657,9.920506323331,24.289420628177,
    63.589228044732),.UNSPECIFIED.);
#1047 = CARTESIAN_POINT('',(86.18,1.049644983121E+03,56.889689359387));
#1048 = CARTESIAN_POINT('',(86.18,1.049579908108E+03,57.199044365904));
#1049 = CARTESIAN_POINT('',(86.180000000001,1.049514833094E+03,
    57.508399372421));
#1050 = CARTESIAN_POINT('',(86.180000000001,1.049449758081E+03,
    57.817754378938));
#1051 = CARTESIAN_POINT('',(86.180000000001,1.049384683067E+03,
    58.127109385455));
#1052 = CARTESIAN_POINT('',(86.180000000001,1.049319608054E+03,
    58.436464391972));
#1053 = CARTESIAN_POINT('',(86.180000000001,1.04925453304E+03,
    58.745819398488));
#1054 = CARTESIAN_POINT('',(86.180000000001,1.049189458026E+03,
    59.055174405005));
#1055 = CARTESIAN_POINT('',(86.180000000001,1.049124383013E+03,
    59.364529411521));
#1056 = CARTESIAN_POINT('',(86.180000000001,1.049059307999E+03,
    59.673884418037));
#1057 = CARTESIAN_POINT('',(86.18,1.048994232986E+03,59.983239424554));
#1058 = CARTESIAN_POINT('',(86.179999999998,1.048657532484E+03,
    61.583853548862));
#1059 = CARTESIAN_POINT('',(86.180000000007,1.048349048517E+03,
    62.864281690918));
#1060 = CARTESIAN_POINT('',(86.179999999988,1.048003642016E+03,
    64.135276578572));
#1061 = CARTESIAN_POINT('',(86.180000000011,1.047621747648E+03,
    65.396263392253));
#1062 = CARTESIAN_POINT('',(86.179999999997,1.047201369231E+03,
    66.650985845329));
#1063 = CARTESIAN_POINT('',(86.179999999996,1.04674720939E+03,
    67.886034008476));
#1064 = CARTESIAN_POINT('',(86.180000000007,1.04625490286E+03,
    69.114778663711));
#1065 = CARTESIAN_POINT('',(86.179999999994,1.045728451079E+03,
    70.324564967624));
#1066 = CARTESIAN_POINT('',(86.180000000004,1.045166469505E+03,
    71.520456315493));
#1067 = CARTESIAN_POINT('',(86.179999999998,1.04457017852E+03,
    72.698968202316));
#1068 = CARTESIAN_POINT('',(86.180000000003,1.043315927094E+03,
    75.008815264961));
#1069 = CARTESIAN_POINT('',(86.179999999983,1.042658631515E+03,
    76.140444630274));
#1070 = CARTESIAN_POINT('',(86.180000000042,1.041968687856E+03,
    77.253283627676));
#1071 = CARTESIAN_POINT('',(86.17999999993,1.041246706426E+03,
    78.34624861213));
#1072 = CARTESIAN_POINT('',(86.180000000086,1.040493336944E+03,
    79.418283814237));
#1073 = CARTESIAN_POINT('',(86.17999999992,1.03970926852E+03,
    80.46836133868));
#1074 = CARTESIAN_POINT('',(86.180000000057,1.038895229675E+03,
    81.495481166253));
#1075 = CARTESIAN_POINT('',(86.17999999997,1.038051988319E+03,
    82.49867115172));
#1076 = CARTESIAN_POINT('',(86.180000000011,1.037180351774E+03,
    83.476987025655));
#1077 = CARTESIAN_POINT('',(86.179999999999,1.036281166756E+03,
    84.429512393163));
#1078 = CARTESIAN_POINT('',(86.180000000001,1.032823073548E+03,
    87.887601751916));
#1079 = CARTESIAN_POINT('',(86.179999999999,1.030091363634E+03,
    90.220336886139));
#1080 = CARTESIAN_POINT('',(86.179999999997,1.027177909066E+03,
    92.335571791901));
#1081 = CARTESIAN_POINT('',(86.180000000011,1.024103662019E+03,
    94.21724771038));
#1082 = CARTESIAN_POINT('',(86.17999999998,1.020887477838E+03,
    95.851960389847));
#1083 = CARTESIAN_POINT('',(86.180000000023,1.017555338935E+03,
    97.227390490679));
#1084 = CARTESIAN_POINT('',(86.179999999982,1.014130633915E+03,
    98.33475440086));
#1085 = CARTESIAN_POINT('',(86.18000000001,1.010635423868E+03,
    99.168334541564));
#1086 = CARTESIAN_POINT('',(86.179999999996,1.007099417861E+03,
    99.723411283379));
#1087 = CARTESIAN_POINT('',(86.180000000001,1.003545493544E+03,100.));
#1088 = CARTESIAN_POINT('',(86.18,1.E+03,100.));
#1089 = PCURVE('',#156,#1090);
#1090 = DEFINITIONAL_REPRESENTATION('',(#1091),#1148);
#1091 = B_SPLINE_CURVE_WITH_KNOTS('',10,(#1092,#1093,#1094,#1095,#1096,
    #1097,#1098,#1099,#1100,#1101,#1102,#1103,#1104,#1105,#1106,#1107,
    #1108,#1109,#1110,#1111,#1112,#1113,#1114,#1115,#1116,#1117,#1118,
    #1119,#1120,#1121,#1122,#1123,#1124,#1125,#1126,#1127,#1128,#1129,
    #1130,#1131,#1132,#1133,#1134,#1135,#1136,#1137,#1138,#1139,#1140,
    #1141,#1142,#1143,#1144,#1145,#1146,#1147),.UNSPECIFIED.,.F.,.F.,(11
    ,9,9,9,9,9,11),(-4.588815958657,3.933439541767,8.194567291978,
    12.45569504219,20.977950542614,29.500206043037,63.589228044732),
  .UNSPECIFIED.);
#1092 = CARTESIAN_POINT('',(2.79573121491,142.35981633974));
#1093 = CARTESIAN_POINT('',(3.01773610812,142.35981633975));
#1094 = CARTESIAN_POINT('',(3.238160778243,142.35981633971));
#1095 = CARTESIAN_POINT('',(3.45724944877,142.35981633982));
#1096 = CARTESIAN_POINT('',(3.675178052262,142.35981633963));
#1097 = CARTESIAN_POINT('',(3.892146744546,142.35981633986));
#1098 = CARTESIAN_POINT('',(4.108181060539,142.35981633964));
#1099 = CARTESIAN_POINT('',(4.323264224775,142.3598163398));
#1100 = CARTESIAN_POINT('',(4.537485610552,142.35981633972));
#1101 = CARTESIAN_POINT('',(4.75087287213,142.35981633975));
#1102 = CARTESIAN_POINT('',(5.069780342305,142.35981633974));
#1103 = CARTESIAN_POINT('',(5.17588716488,142.35981633975));
#1104 = CARTESIAN_POINT('',(5.281803811448,142.35981633971));
#1105 = CARTESIAN_POINT('',(5.387535688602,142.35981633979));
#1106 = CARTESIAN_POINT('',(5.493088159202,142.35981633969));
#1107 = CARTESIAN_POINT('',(5.598466583559,142.35981633978));
#1108 = CARTESIAN_POINT('',(5.703676360568,142.35981633972));
#1109 = CARTESIAN_POINT('',(5.808722968896,142.35981633975));
#1110 = CARTESIAN_POINT('',(5.913612008126,142.35981633974));
#1111 = CARTESIAN_POINT('',(6.123086471729,142.35981633974));
#1112 = CARTESIAN_POINT('',(6.227671193574,142.35981633975));
#1113 = CARTESIAN_POINT('',(6.332112350666,142.35981633971));
#1114 = CARTESIAN_POINT('',(6.436401754084,142.35981633977));
#1115 = CARTESIAN_POINT('',(6.540563622633,142.35981633973));
#1116 = CARTESIAN_POINT('',(6.644596069471,142.35981633975));
#1117 = CARTESIAN_POINT('',(6.748494291757,142.35981633973));
#1118 = CARTESIAN_POINT('',(6.852278820691,142.35981633974));
#1119 = CARTESIAN_POINT('',(6.955944909052,142.35981633974));
#1120 = CARTESIAN_POINT('',(7.266613103167,142.35981633974));
#1121 = CARTESIAN_POINT('',(7.473283161751,142.35981633975));
#1122 = CARTESIAN_POINT('',(7.679552154829,142.35981633971));
#1123 = CARTESIAN_POINT('',(7.88546082899,142.35981633979));
#1124 = CARTESIAN_POINT('',(8.091049672056,142.35981633968));
#1125 = CARTESIAN_POINT('',(8.296358913136,142.35981633979));
#1126 = CARTESIAN_POINT('',(8.501428522558,142.35981633971));
#1127 = CARTESIAN_POINT('',(8.706298211937,142.35981633975));
#1128 = CARTESIAN_POINT('',(8.911007434121,142.35981633974));
#1129 = CARTESIAN_POINT('',(9.320183332332,142.35981633974));
#1130 = CARTESIAN_POINT('',(9.524649971569,142.35981633975));
#1131 = CARTESIAN_POINT('',(9.729034743907,142.35981633973));
#1132 = CARTESIAN_POINT('',(9.93337512376,142.35981633974));
#1133 = CARTESIAN_POINT('',(10.137709887492,142.35981633973));
#1134 = CARTESIAN_POINT('',(10.342079176989,142.35981633975));
#1135 = CARTESIAN_POINT('',(10.546523038274,142.35981633974));
#1136 = CARTESIAN_POINT('',(10.751080117195,142.35981633974));
#1137 = CARTESIAN_POINT('',(10.955788194143,142.35981633974));
#1138 = CARTESIAN_POINT('',(11.980288422669,142.35981633974));
#1139 = CARTESIAN_POINT('',(12.802954483414,142.35981633974));
#1140 = CARTESIAN_POINT('',(13.631225183369,142.35981633975));
#1141 = CARTESIAN_POINT('',(14.467689154107,142.35981633973));
#1142 = CARTESIAN_POINT('',(15.315088734767,142.35981633975));
#1143 = CARTESIAN_POINT('',(16.175743470563,142.35981633975));
#1144 = CARTESIAN_POINT('',(17.053638581486,142.35981633973));
#1145 = CARTESIAN_POINT('',(17.950900788838,142.35981633975));
#1146 = CARTESIAN_POINT('',(18.871773362011,142.35981633974));
#1147 = CARTESIAN_POINT('',(19.82,142.35981633974));
#1148 = ( GEOMETRIC_REPRESENTATION_CONTEXT(2) 
PARAMETRIC_REPRESENTATION_CONTEXT() REPRESENTATION_CONTEXT('2D SPACE',''
  ) );
#1149 = PCURVE('',#1150,#1277);
#1150 = ( BOUNDED_SURFACE() B_SPLINE_SURFACE(2,11,(
    (#1151,#1152,#1153,#1154,#1155,#1156,#1157,#1158,#1159,#1160,#1161
      ,#1162,#1163,#1164,#1165,#1166,#1167,#1168,#1169,#1170,#1171,#1172
      ,#1173,#1174,#1175,#1176,#1177,#1178,#1179,#1180,#1181,#1182,#1183
      ,#1184,#1185,#1186,#1187,#1188,#1189,#1190,#1191,#1192)
    ,(#1193,#1194,#1195,#1196,#1197,#1198,#1199,#1200,#1201,#1202,#1203
      ,#1204,#1205,#1206,#1207,#1208,#1209,#1210,#1211,#1212,#1213,#1214
      ,#1215,#1216,#1217,#1218,#1219,#1220,#1221,#1222,#1223,#1224,#1225
      ,#1226,#1227,#1228,#1229,#1230,#1231,#1232,#1233,#1234)
    ,(#1235,#1236,#1237,#1238,#1239,#1240,#1241,#1242,#1243,#1244,#1245
      ,#1246,#1247,#1248,#1249,#1250,#1251,#1252,#1253,#1254,#1255,#1256
      ,#1257,#1258,#1259,#1260,#1261,#1262,#1263,#1264,#1265,#1266,#1267
      ,#1268,#1269,#1270,#1271,#1272,#1273,#1274,#1275,#1276
)),.UNSPECIFIED.,.F.,.F.,.F.) B_SPLINE_SURFACE_WITH_KNOTS((3,3),(12,10,
    10,10,12),(0.,68.178044003389),(-8.064904860754,-4.588815958657,
    9.920506323331,24.289420628177,63.589228044732),.UNSPECIFIED.) 
GEOMETRIC_REPRESENTATION_ITEM() RATIONAL_B_SPLINE_SURFACE((
    (1.,1.,1.,1.,1.,1.,1.,1.,1.,1.,1.,1.,1.,1.,1.,1.,1.,1.,1.,1.,1.,1.
      ,1.,1.,1.,1.,1.,1.,1.,1.,1.,1.,1.,1.,1.,1.,1.,1.,1.,1.,1.,1.)
    ,(0.707106781187,0.707106781187,0.707106781187,0.707106781187
      ,0.707106781187,0.707106781187,0.707106781187,0.707106781187
      ,0.707106781187,0.707106781187,0.707106781187,0.707106781187
      ,0.707106781187,0.707106781187,0.707106781186,0.707106781187
      ,0.707106781186,0.707106781187,0.707106781186,0.707106781187
      ,0.707106781187,0.707106781187,0.707106781186,0.707106781187
      ,0.707106781186,0.707106781188,0.707106781185,0.707106781187
      ,0.707106781186,0.707106781187,0.707106781187,0.707106781187
      ,0.707106781187,0.707106781187,0.707106781187,0.707106781186
      ,0.707106781187,0.707106781186,0.707106781187,0.707106781187
      ,0.707106781187,0.707106781187)
    ,(1.,1.,1.,1.,1.,1.,1.,1.,1.,1.,1.,1.,1.,1.,1.,1.,1.,1.,1.,1.,1.,1.
      ,1.,1.,1.,1.,1.,1.,1.,1.,1.,1.,1.,1.,1.,1.,1.,1.,1.,1.,1.,1.
))) REPRESENTATION_ITEM('') SURFACE() );
#1151 = CARTESIAN_POINT('',(86.18,1.049644983121E+03,56.889689359387));
#1152 = CARTESIAN_POINT('',(86.18,1.049579908108E+03,57.199044365904));
#1153 = CARTESIAN_POINT('',(86.180000000001,1.049514833094E+03,
    57.508399372421));
#1154 = CARTESIAN_POINT('',(86.180000000001,1.049449758081E+03,
    57.817754378938));
#1155 = CARTESIAN_POINT('',(86.180000000001,1.049384683067E+03,
    58.127109385455));
#1156 = CARTESIAN_POINT('',(86.180000000001,1.049319608054E+03,
    58.436464391972));
#1157 = CARTESIAN_POINT('',(86.180000000001,1.04925453304E+03,
    58.745819398488));
#1158 = CARTESIAN_POINT('',(86.180000000001,1.049189458026E+03,
    59.055174405005));
#1159 = CARTESIAN_POINT('',(86.180000000001,1.049124383013E+03,
    59.364529411521));
#1160 = CARTESIAN_POINT('',(86.180000000001,1.049059307999E+03,
    59.673884418037));
#1161 = CARTESIAN_POINT('',(86.18,1.048994232986E+03,59.983239424554));
#1162 = CARTESIAN_POINT('',(86.179999999998,1.048657532484E+03,
    61.583853548862));
#1163 = CARTESIAN_POINT('',(86.180000000007,1.048349048517E+03,
    62.864281690918));
#1164 = CARTESIAN_POINT('',(86.179999999988,1.048003642016E+03,
    64.135276578572));
#1165 = CARTESIAN_POINT('',(86.180000000011,1.047621747648E+03,
    65.396263392253));
#1166 = CARTESIAN_POINT('',(86.179999999997,1.047201369231E+03,
    66.650985845329));
#1167 = CARTESIAN_POINT('',(86.179999999996,1.04674720939E+03,
    67.886034008476));
#1168 = CARTESIAN_POINT('',(86.180000000007,1.04625490286E+03,
    69.114778663711));
#1169 = CARTESIAN_POINT('',(86.179999999994,1.045728451079E+03,
    70.324564967624));
#1170 = CARTESIAN_POINT('',(86.180000000004,1.045166469505E+03,
    71.520456315493));
#1171 = CARTESIAN_POINT('',(86.179999999998,1.04457017852E+03,
    72.698968202316));
#1172 = CARTESIAN_POINT('',(86.180000000003,1.043315927094E+03,
    75.008815264961));
#1173 = CARTESIAN_POINT('',(86.179999999983,1.042658631515E+03,
    76.140444630274));
#1174 = CARTESIAN_POINT('',(86.180000000042,1.041968687856E+03,
    77.253283627676));
#1175 = CARTESIAN_POINT('',(86.17999999993,1.041246706426E+03,
    78.34624861213));
#1176 = CARTESIAN_POINT('',(86.180000000086,1.040493336944E+03,
    79.418283814237));
#1177 = CARTESIAN_POINT('',(86.17999999992,1.03970926852E+03,
    80.46836133868));
#1178 = CARTESIAN_POINT('',(86.180000000057,1.038895229675E+03,
    81.495481166253));
#1179 = CARTESIAN_POINT('',(86.17999999997,1.038051988319E+03,
    82.49867115172));
#1180 = CARTESIAN_POINT('',(86.180000000011,1.037180351774E+03,
    83.476987025655));
#1181 = CARTESIAN_POINT('',(86.179999999999,1.036281166756E+03,
    84.429512393163));
#1182 = CARTESIAN_POINT('',(86.180000000001,1.032823073548E+03,
    87.887601751916));
#1183 = CARTESIAN_POINT('',(86.179999999999,1.030091363634E+03,
    90.220336886139));
#1184 = CARTESIAN_POINT('',(86.179999999997,1.027177909066E+03,
    92.335571791901));
#1185 = CARTESIAN_POINT('',(86.180000000011,1.024103662019E+03,
    94.21724771038));
#1186 = CARTESIAN_POINT('',(86.17999999998,1.020887477838E+03,
    95.851960389847));
#1187 = CARTESIAN_POINT('',(86.180000000023,1.017555338935E+03,
    97.227390490679));
#1188 = CARTESIAN_POINT('',(86.179999999982,1.014130633915E+03,
    98.33475440086));
#1189 = CARTESIAN_POINT('',(86.18000000001,1.010635423868E+03,
    99.168334541564));
#1190 = CARTESIAN_POINT('',(86.179999999996,1.007099417861E+03,
    99.723411283379));
#1191 = CARTESIAN_POINT('',(86.180000000001,1.003545493544E+03,100.));
#1192 = CARTESIAN_POINT('',(86.18,1.E+03,100.));
#1193 = CARTESIAN_POINT('',(80.18,1.049644983121E+03,56.889689359388));
#1194 = CARTESIAN_POINT('',(80.18,1.049579908108E+03,57.199044365904));
#1195 = CARTESIAN_POINT('',(80.18,1.049514833094E+03,57.508399372421));
#1196 = CARTESIAN_POINT('',(80.18,1.049449758081E+03,57.817754378937));
#1197 = CARTESIAN_POINT('',(80.18,1.049384683067E+03,58.127109385454));
#1198 = CARTESIAN_POINT('',(80.18,1.049319608054E+03,58.43646439197));
#1199 = CARTESIAN_POINT('',(80.18,1.04925453304E+03,58.745819398487));
#1200 = CARTESIAN_POINT('',(80.18,1.049189458026E+03,59.055174405003));
#1201 = CARTESIAN_POINT('',(80.18,1.049124383013E+03,59.36452941152));
#1202 = CARTESIAN_POINT('',(80.18,1.049059307999E+03,59.673884418037));
#1203 = CARTESIAN_POINT('',(80.18,1.048994232986E+03,59.983239424553));
#1204 = CARTESIAN_POINT('',(80.18,1.048657532484E+03,61.583853548864));
#1205 = CARTESIAN_POINT('',(80.18,1.048349048517E+03,62.86428169091));
#1206 = CARTESIAN_POINT('',(80.18,1.048003642016E+03,64.135276578588));
#1207 = CARTESIAN_POINT('',(80.18,1.047621747648E+03,65.396263392232));
#1208 = CARTESIAN_POINT('',(80.179999999999,1.047201369231E+03,
    66.650985845347));
#1209 = CARTESIAN_POINT('',(80.180000000001,1.04674720939E+03,
    67.886034008465));
#1210 = CARTESIAN_POINT('',(80.18,1.04625490286E+03,69.114778663715));
#1211 = CARTESIAN_POINT('',(80.18,1.045728451079E+03,70.324564967624));
#1212 = CARTESIAN_POINT('',(80.18,1.045166469505E+03,71.520456315491));
#1213 = CARTESIAN_POINT('',(80.18,1.04457017852E+03,72.698968202316));
#1214 = CARTESIAN_POINT('',(80.18,1.043315927094E+03,75.008815264957));
#1215 = CARTESIAN_POINT('',(80.18,1.042658631515E+03,76.140444630287));
#1216 = CARTESIAN_POINT('',(80.18,1.041968687855E+03,77.253283627637));
#1217 = CARTESIAN_POINT('',(80.179999999999,1.041246706426E+03,
    78.346248612192));
#1218 = CARTESIAN_POINT('',(80.180000000001,1.040493336943E+03,
    79.418283814158));
#1219 = CARTESIAN_POINT('',(80.179999999999,1.039709268521E+03,
    80.468361338755));
#1220 = CARTESIAN_POINT('',(80.180000000001,1.038895229674E+03,
    81.495481166198));
#1221 = CARTESIAN_POINT('',(80.179999999999,1.038051988319E+03,
    82.49867115175));
#1222 = CARTESIAN_POINT('',(80.18,1.037180351774E+03,83.476987025645));
#1223 = CARTESIAN_POINT('',(80.18,1.036281166756E+03,84.429512393165));
#1224 = CARTESIAN_POINT('',(80.18,1.032823073548E+03,87.887601751915));
#1225 = CARTESIAN_POINT('',(80.18,1.030091363634E+03,90.22033688614));
#1226 = CARTESIAN_POINT('',(80.18,1.027177909066E+03,92.335571791905));
#1227 = CARTESIAN_POINT('',(80.180000000001,1.024103662019E+03,
    94.217247710365));
#1228 = CARTESIAN_POINT('',(80.18,1.020887477838E+03,95.851960389874));
#1229 = CARTESIAN_POINT('',(80.18,1.017555338935E+03,97.227390490648));
#1230 = CARTESIAN_POINT('',(80.18,1.014130633915E+03,98.334754400884));
#1231 = CARTESIAN_POINT('',(80.18,1.010635423868E+03,99.16833454155));
#1232 = CARTESIAN_POINT('',(80.18,1.007099417861E+03,99.723411283384));
#1233 = CARTESIAN_POINT('',(80.18,1.003545493544E+03,100.));
#1234 = CARTESIAN_POINT('',(80.18,1.E+03,100.));
#1235 = CARTESIAN_POINT('',(80.18,1.043773816896E+03,55.652037869103));
#1236 = CARTESIAN_POINT('',(80.180000000001,1.043701090124E+03,
    55.997865639144));
#1237 = CARTESIAN_POINT('',(80.180000000001,1.043629897223E+03,
    56.336399596829));
#1238 = CARTESIAN_POINT('',(80.180000000001,1.043560238195E+03,
    56.667639742157));
#1239 = CARTESIAN_POINT('',(80.180000000001,1.043492113038E+03,
    56.991586075129));
#1240 = CARTESIAN_POINT('',(80.180000000002,1.043425521752E+03,
    57.308238595744));
#1241 = CARTESIAN_POINT('',(80.180000000001,1.043360464339E+03,
    57.617597304003));
#1242 = CARTESIAN_POINT('',(80.180000000001,1.043296940797E+03,
    57.919662199905));
#1243 = CARTESIAN_POINT('',(80.180000000001,1.043234951126E+03,
    58.214433283451));
#1244 = CARTESIAN_POINT('',(80.180000000001,1.043174495328E+03,
    58.501910554641));
#1245 = CARTESIAN_POINT('',(80.18,1.043115573401E+03,58.782094013474));
#1246 = CARTESIAN_POINT('',(80.179999999998,1.042818645504E+03,
    60.194035030517));
#1247 = CARTESIAN_POINT('',(80.180000000007,1.042547037625E+03,
    61.321061631363));
#1248 = CARTESIAN_POINT('',(80.179999999986,1.042243094846E+03,
    62.439165753762));
#1249 = CARTESIAN_POINT('',(80.180000000014,1.041907543391E+03,
    63.547553223008));
#1250 = CARTESIAN_POINT('',(80.179999999992,1.041536694059E+03,
    64.654518884909));
#1251 = CARTESIAN_POINT('',(80.180000000001,1.041137938565E+03,
    65.738355374042));
#1252 = CARTESIAN_POINT('',(80.180000000003,1.040704114888E+03,
    66.821719760908));
#1253 = CARTESIAN_POINT('',(80.179999999996,1.040241099681E+03,
    67.885384803649));
#1254 = CARTESIAN_POINT('',(80.180000000003,1.039746483596E+03,
    68.938038106813));
#1255 = CARTESIAN_POINT('',(80.179999999998,1.039221758826E+03,
    69.975088439856));
#1256 = CARTESIAN_POINT('',(80.180000000003,1.038118020897E+03,
    72.007748515112));
#1257 = CARTESIAN_POINT('',(80.179999999984,1.037539602853E+03,
    73.003579787638));
#1258 = CARTESIAN_POINT('',(80.180000000039,1.036932454236E+03,
    73.982876255835));
#1259 = CARTESIAN_POINT('',(80.179999999935,1.036297111632E+03,
    74.944684740282));
#1260 = CARTESIAN_POINT('',(80.18000000008,1.035634146485E+03,
    75.888076388953));
#1261 = CARTESIAN_POINT('',(80.179999999926,1.034944165087E+03,
    76.81214667577));
#1262 = CARTESIAN_POINT('',(80.180000000053,1.034227808594E+03,
    77.716015402487));
#1263 = CARTESIAN_POINT('',(80.179999999972,1.033485753007E+03,
    78.598826696706));
#1264 = CARTESIAN_POINT('',(80.18000000001,1.03271870919E+03,
    79.459749013578));
#1265 = CARTESIAN_POINT('',(80.179999999999,1.031927422856E+03,
    80.29797513462));
#1266 = CARTESIAN_POINT('',(80.180000000001,1.028884291149E+03,
    83.341102186531));
#1267 = CARTESIAN_POINT('',(80.18,1.026480411249E+03,85.393907118274));
#1268 = CARTESIAN_POINT('',(80.179999999997,1.023916377779E+03,
    87.255350723239));
#1269 = CARTESIAN_POINT('',(80.180000000011,1.021211592668E+03,
    88.911061800579));
#1270 = CARTESIAN_POINT('',(80.179999999981,1.018380727089E+03,
    90.349789280223));
#1271 = CARTESIAN_POINT('',(80.180000000021,1.01544857089E+03,
    91.560156888732));
#1272 = CARTESIAN_POINT('',(80.179999999983,1.012435381317E+03,
    92.534474182413));
#1273 = CARTESIAN_POINT('',(80.180000000009,1.009358784898E+03,
    93.268214784357));
#1274 = CARTESIAN_POINT('',(80.179999999996,1.006247622796E+03,
    93.756578342033));
#1275 = CARTESIAN_POINT('',(80.180000000001,1.003120036978E+03,
    94.000000000001));
#1276 = CARTESIAN_POINT('',(80.18,1.E+03,94.));
#1277 = DEFINITIONAL_REPRESENTATION('',(#1278),#1282);
#1278 = LINE('',#1279,#1280);
#1279 = CARTESIAN_POINT('',(0.,0.));
#1280 = VECTOR('',#1281,1.);
#1281 = DIRECTION('',(0.,1.));
#1282 = ( GEOMETRIC_REPRESENTATION_CONTEXT(2) 
PARAMETRIC_REPRESENTATION_CONTEXT() REPRESENTATION_CONTEXT('2D SPACE',''
  ) );
#1283 = ORIENTED_EDGE('',*,*,#1284,.F.);
#1284 = EDGE_CURVE('',#141,#1041,#1285,.T.);
#1285 = SURFACE_CURVE('',#1286,(#1317,#1413),.PCURVE_S1.);
#1286 = ( BOUNDED_CURVE() B_SPLINE_CURVE(8,(#1287,#1288,#1289,#1290,
    #1291,#1292,#1293,#1294,#1295,#1296,#1297,#1298,#1299,#1300,#1301,
    #1302,#1303,#1304,#1305,#1306,#1307,#1308,#1309,#1310,#1311,#1312,
    #1313,#1314,#1315,#1316),.UNSPECIFIED.,.F.,.F.) 
B_SPLINE_CURVE_WITH_KNOTS((9,7,7,7,9),(62.959592858293,69.873726841181,
72.639136215941,75.944117260622,79.25036165629),.UNSPECIFIED.) CURVE() 
GEOMETRIC_REPRESENTATION_ITEM() RATIONAL_B_SPLINE_CURVE((1.,1.,1.,1.,1.,
    1.,1.,1.,1.,1.,1.,1.,1.,1.,1.,1.,1.,1.,1.,1.,1.,1.,1.,1.,1.,1.,1.,1.
,1.,1.)) REPRESENTATION_ITEM('') );
#1287 = CARTESIAN_POINT('',(95.93,1.05E+03,50.));
#1288 = CARTESIAN_POINT('',(95.93,1.05E+03,51.465766413773));
#1289 = CARTESIAN_POINT('',(95.844051005339,1.049950912527E+03,
    52.933336137289));
#1290 = CARTESIAN_POINT('',(95.671429151389,1.049852352737E+03,
    54.385175542726));
#1291 = CARTESIAN_POINT('',(95.417081156329,1.04970785587E+03,
    55.80598563147));
#1292 = CARTESIAN_POINT('',(95.083238929499,1.049520510464E+03,
    57.189867636812));
#1293 = CARTESIAN_POINT('',(94.681612585883,1.049298861449E+03,
    58.518954355532));
#1294 = CARTESIAN_POINT('',(94.213999251643,1.049046365199E+03,
    59.799966616888));
#1295 = CARTESIAN_POINT('',(93.474236299221,1.048657589518E+03,
    61.519226671818));
#1296 = CARTESIAN_POINT('',(93.253167201687,1.048542472516E+03,
    62.00201044588));
#1297 = CARTESIAN_POINT('',(93.022523779251,1.048423653063E+03,
    62.476276468588));
#1298 = CARTESIAN_POINT('',(92.78277781875,1.048301395121E+03,
    62.942006456921));
#1299 = CARTESIAN_POINT('',(92.534036333725,1.04817591408E+03,
    63.399902485856));
#1300 = CARTESIAN_POINT('',(92.275873680083,1.048046975728E+03,
    63.851346178371));
#1301 = CARTESIAN_POINT('',(92.008546362188,1.047915299753E+03,
    64.29375155363));
#1302 = CARTESIAN_POINT('',(91.411267634213,1.047635870122E+03,
    65.20168987831));
#1303 = CARTESIAN_POINT('',(91.079715422433,1.0474889769E+03,
    65.658174876082));
#1304 = CARTESIAN_POINT('',(90.741607157537,1.047345608676E+03,
    66.087841241253));
#1305 = CARTESIAN_POINT('',(90.396216881507,1.047203963645E+03,
    66.498411298594));
#1306 = CARTESIAN_POINT('',(90.045066369909,1.047064269552E+03,
    66.890967706092));
#1307 = CARTESIAN_POINT('',(89.690433095015,1.04692724935E+03,
    67.265214215324));
#1308 = CARTESIAN_POINT('',(89.333496728844,1.046792211479E+03,
    67.624649436519));
#1309 = CARTESIAN_POINT('',(88.618447516071,1.046523816865E+03,
    68.32140534234));
#1310 = CARTESIAN_POINT('',(88.260297647803,1.046390456254E+03,
    68.658729751832));
#1311 = CARTESIAN_POINT('',(87.903200519506,1.046256871481E+03,
    68.988693106788));
#1312 = CARTESIAN_POINT('',(87.548690957868,1.04612145322E+03,
    69.315761215491));
#1313 = CARTESIAN_POINT('',(87.198146702616,1.045982229636E+03,
    69.644704201538));
#1314 = CARTESIAN_POINT('',(86.852706174708,1.045837026684E+03,
    69.980194071923));
#1315 = CARTESIAN_POINT('',(86.513186244513,1.045683628418E+03,
    70.326402285123));
#1316 = CARTESIAN_POINT('',(86.18,1.045519937295E+03,70.686597319181));
#1317 = PCURVE('',#156,#1318);
#1318 = DEFINITIONAL_REPRESENTATION('',(#1319),#1412);
#1319 = B_SPLINE_CURVE_WITH_KNOTS('',11,(#1320,#1321,#1322,#1323,#1324,
    #1325,#1326,#1327,#1328,#1329,#1330,#1331,#1332,#1333,#1334,#1335,
    #1336,#1337,#1338,#1339,#1340,#1341,#1342,#1343,#1344,#1345,#1346,
    #1347,#1348,#1349,#1350,#1351,#1352,#1353,#1354,#1355,#1356,#1357,
    #1358,#1359,#1360,#1361,#1362,#1363,#1364,#1365,#1366,#1367,#1368,
    #1369,#1370,#1371,#1372,#1373,#1374,#1375,#1376,#1377,#1378,#1379,
    #1380,#1381,#1382,#1383,#1384,#1385,#1386,#1387,#1388,#1389,#1390,
    #1391,#1392,#1393,#1394,#1395,#1396,#1397,#1398,#1399,#1400,#1401,
    #1402,#1403,#1404,#1405,#1406,#1407,#1408,#1409,#1410,#1411),
  .UNSPECIFIED.,.F.,.F.,(12,10,10,10,10,10,10,10,10,12),(62.959592858293
    ,67.032285057793,69.068631157542,70.086804207417,71.104977257292,
    72.123150307167,72.632236832104,73.141323357041,75.177669456791,
    79.25036165629),.UNSPECIFIED.);
#1320 = CARTESIAN_POINT('',(-1.110223024625E-16,132.60981633974));
#1321 = CARTESIAN_POINT('',(0.176004800655,132.60981633973));
#1322 = CARTESIAN_POINT('',(0.351092397565,132.62499930801));
#1323 = CARTESIAN_POINT('',(0.524983145511,132.65541067143));
#1324 = CARTESIAN_POINT('',(0.697427957256,132.70096233718));
#1325 = CARTESIAN_POINT('',(0.868212385479,132.76148594689));
#1326 = CARTESIAN_POINT('',(1.037153413083,132.83675729969));
#1327 = CARTESIAN_POINT('',(1.204092551924,132.92650262543));
#1328 = CARTESIAN_POINT('',(1.368888850246,133.03039743898));
#1329 = CARTESIAN_POINT('',(1.531415408825,133.14806864898));
#1330 = CARTESIAN_POINT('',(1.691563006095,133.27911064997));
#1331 = CARTESIAN_POINT('',(1.928100145434,133.49513379821));
#1332 = CARTESIAN_POINT('',(2.006331613069,133.57038449382));
#1333 = CARTESIAN_POINT('',(2.083939014933,133.64882814463));
#1334 = CARTESIAN_POINT('',(2.160913917841,133.73041410899));
#1335 = CARTESIAN_POINT('',(2.237249680097,133.81509225304));
#1336 = CARTESIAN_POINT('',(2.312941657874,133.90281378909));
#1337 = CARTESIAN_POINT('',(2.3879872139,133.99353184228));
#1338 = CARTESIAN_POINT('',(2.462385528053,134.08720172533));
#1339 = CARTESIAN_POINT('',(2.536137210294,134.18378094345));
#1340 = CARTESIAN_POINT('',(2.609243715551,134.28322890959));
#1341 = CARTESIAN_POINT('',(2.717937983493,134.43664512223));
#1342 = CARTESIAN_POINT('',(2.754008186137,134.48849095058));
#1343 = CARTESIAN_POINT('',(2.789918737281,134.54104011693));
#1344 = CARTESIAN_POINT('',(2.825667421337,134.59428591803));
#1345 = CARTESIAN_POINT('',(2.861255274071,134.64822391667));
#1346 = CARTESIAN_POINT('',(2.896683960385,134.70285052576));
#1347 = CARTESIAN_POINT('',(2.931952645699,134.75816067624));
#1348 = CARTESIAN_POINT('',(2.967058698253,134.8141476036));
#1349 = CARTESIAN_POINT('',(3.002001746732,134.87080512951));
#1350 = CARTESIAN_POINT('',(3.036785803657,134.92813013632));
#1351 = CARTESIAN_POINT('',(3.106032900222,135.04411040012));
#1352 = CARTESIAN_POINT('',(3.140496424282,135.10276542638));
#1353 = CARTESIAN_POINT('',(3.174799929721,135.16208081803));
#1354 = CARTESIAN_POINT('',(3.208944096879,135.22205213784));
#1355 = CARTESIAN_POINT('',(3.242930118372,135.28267511771));
#1356 = CARTESIAN_POINT('',(3.276759536702,135.34394573731));
#1357 = CARTESIAN_POINT('',(3.310434081744,135.40586030035));
#1358 = CARTESIAN_POINT('',(3.343955508397,135.46841551434));
#1359 = CARTESIAN_POINT('',(3.377325434063,135.53160856633));
#1360 = CARTESIAN_POINT('',(3.410545176271,135.5954372023));
#1361 = CARTESIAN_POINT('',(3.476686004134,135.7243624056));
#1362 = CARTESIAN_POINT('',(3.509606855802,135.78945867143));
#1363 = CARTESIAN_POINT('',(3.542378560318,135.85518638753));
#1364 = CARTESIAN_POINT('',(3.575000439358,135.92154320078));
#1365 = CARTESIAN_POINT('',(3.607470234025,135.98852625574));
#1366 = CARTESIAN_POINT('',(3.639783390056,136.0561315926));
#1367 = CARTESIAN_POINT('',(3.671932115264,136.12435329769));
#1368 = CARTESIAN_POINT('',(3.703904209384,136.19318241825));
#1369 = CARTESIAN_POINT('',(3.735681666107,136.2626056281));
#1370 = CARTESIAN_POINT('',(3.76723904753,136.33260365681));
#1371 = CARTESIAN_POINT('',(3.814192922472,136.43842238057));
#1372 = CARTESIAN_POINT('',(3.829780520476,136.47383224173));
#1373 = CARTESIAN_POINT('',(3.845300059268,136.50937565321));
#1374 = CARTESIAN_POINT('',(3.860746610416,136.54504874473));
#1375 = CARTESIAN_POINT('',(3.876114607938,136.58084710747));
#1376 = CARTESIAN_POINT('',(3.891397773597,136.61676571786));
#1377 = CARTESIAN_POINT('',(3.906589042227,136.65279886888));
#1378 = CARTESIAN_POINT('',(3.921680487021,136.68894009224));
#1379 = CARTESIAN_POINT('',(3.936663244854,136.72518208968));
#1380 = CARTESIAN_POINT('',(3.95152744158,136.76151665675));
#1381 = CARTESIAN_POINT('',(3.980996793109,136.83435256664));
#1382 = CARTESIAN_POINT('',(3.995604296119,136.87085136669));
#1383 = CARTESIAN_POINT('',(4.010110107905,136.9074176805));
#1384 = CARTESIAN_POINT('',(4.024479825361,136.94407545163));
#1385 = CARTESIAN_POINT('',(4.03875807416,136.98079928745));
#1386 = CARTESIAN_POINT('',(4.052925807176,137.01760352746));
#1387 = CARTESIAN_POINT('',(4.066978976704,137.05449300466));
#1388 = CARTESIAN_POINT('',(4.080946322304,137.09145195634));
#1389 = CARTESIAN_POINT('',(4.094806499985,137.12849582936));
#1390 = CARTESIAN_POINT('',(4.108575164667,137.16561675233));
#1391 = CARTESIAN_POINT('',(4.176954755714,137.35161937555));
#1392 = CARTESIAN_POINT('',(4.230182932727,137.50168979563));
#1393 = CARTESIAN_POINT('',(4.282105410204,137.65303597766));
#1394 = CARTESIAN_POINT('',(4.332857292485,137.80564645991));
#1395 = CARTESIAN_POINT('',(4.382538913022,137.95947895007));
#1396 = CARTESIAN_POINT('',(4.431221018404,138.11445865991));
#1397 = CARTESIAN_POINT('',(4.478953329471,138.27048370495));
#1398 = CARTESIAN_POINT('',(4.525774592139,138.4274343226));
#1399 = CARTESIAN_POINT('',(4.571722232312,138.58518271856));
#1400 = CARTESIAN_POINT('',(4.616839727527,138.74360029651));
#1401 = CARTESIAN_POINT('',(4.749859973223,139.22047661918));
#1402 = CARTESIAN_POINT('',(4.835432661053,139.54054940249));
#1403 = CARTESIAN_POINT('',(4.918300334905,139.86183997824));
#1404 = CARTESIAN_POINT('',(4.999106848142,140.18302499523));
#1405 = CARTESIAN_POINT('',(5.078571588714,140.50361515022));
#1406 = CARTESIAN_POINT('',(5.157395988364,140.82193330579));
#1407 = CARTESIAN_POINT('',(5.236506926155,141.13778294619));
#1408 = CARTESIAN_POINT('',(5.316620867842,141.44991481055));
#1409 = CARTESIAN_POINT('',(5.398572194415,141.75794474455));
#1410 = CARTESIAN_POINT('',(5.483042217554,142.06132550479));
#1411 = CARTESIAN_POINT('',(5.57063257442,142.35981633974));
#1412 = ( GEOMETRIC_REPRESENTATION_CONTEXT(2) 
PARAMETRIC_REPRESENTATION_CONTEXT() REPRESENTATION_CONTEXT('2D SPACE',''
  ) );
#1413 = PCURVE('',#809,#1414);
#1414 = DEFINITIONAL_REPRESENTATION('',(#1415),#1419);
#1415 = LINE('',#1416,#1417);
#1416 = CARTESIAN_POINT('',(0.,0.));
#1417 = VECTOR('',#1418,1.);
#1418 = DIRECTION('',(0.,1.));
#1419 = ( GEOMETRIC_REPRESENTATION_CONTEXT(2) 
PARAMETRIC_REPRESENTATION_CONTEXT() REPRESENTATION_CONTEXT('2D SPACE',''
  ) );
#1420 = ORIENTED_EDGE('',*,*,#140,.F.);
#1421 = ORIENTED_EDGE('',*,*,#1422,.T.);
#1422 = EDGE_CURVE('',#113,#1423,#1425,.T.);
#1423 = VERTEX_POINT('',#1424);
#1424 = CARTESIAN_POINT('',(100.,1.E+03,100.));
#1425 = SURFACE_CURVE('',#1426,(#1431,#1473),.PCURVE_S1.);
#1426 = CIRCLE('',#1427,50.);
#1427 = AXIS2_PLACEMENT_3D('',#1428,#1429,#1430);
#1428 = CARTESIAN_POINT('',(100.,1.E+03,50.));
#1429 = DIRECTION('',(1.,0.,-6.123233995737E-17));
#1430 = DIRECTION('',(6.123233995737E-17,0.,1.));
#1431 = PCURVE('',#156,#1432);
#1432 = DEFINITIONAL_REPRESENTATION('',(#1433),#1472);
#1433 = B_SPLINE_CURVE_WITH_KNOTS('',10,(#1434,#1435,#1436,#1437,#1438,
    #1439,#1440,#1441,#1442,#1443,#1444,#1445,#1446,#1447,#1448,#1449,
    #1450,#1451,#1452,#1453,#1454,#1455,#1456,#1457,#1458,#1459,#1460,
    #1461,#1462,#1463,#1464,#1465,#1466,#1467,#1468,#1469,#1470,#1471),
  .UNSPECIFIED.,.F.,.F.,(11,9,9,9,11),(4.712388980385,5.105088062083,
    5.497787143782,5.890486225481,6.28318530718),.UNSPECIFIED.);
#1434 = CARTESIAN_POINT('',(-1.996193755078E-15,128.53981633974));
#1435 = CARTESIAN_POINT('',(0.550362123965,128.53981633975));
#1436 = CARTESIAN_POINT('',(1.090777582587,128.53981633969));
#1437 = CARTESIAN_POINT('',(1.622137396551,128.53981633985));
#1438 = CARTESIAN_POINT('',(2.145270328014,128.53981633958));
#1439 = CARTESIAN_POINT('',(2.660933763858,128.53981633991));
#1440 = CARTESIAN_POINT('',(3.169854479503,128.53981633961));
#1441 = CARTESIAN_POINT('',(3.672698763053,128.53981633982));
#1442 = CARTESIAN_POINT('',(4.170111401925,128.53981633971));
#1443 = CARTESIAN_POINT('',(4.662699993924,128.53981633975));
#1444 = CARTESIAN_POINT('',(5.63940035096,128.53981633974));
#1445 = CARTESIAN_POINT('',(6.123512085224,128.53981633975));
#1446 = CARTESIAN_POINT('',(6.603970304417,128.53981633972));
#1447 = CARTESIAN_POINT('',(7.081335464318,128.53981633977));
#1448 = CARTESIAN_POINT('',(7.556148228913,128.53981633971));
#1449 = CARTESIAN_POINT('',(8.028933895731,128.53981633976));
#1450 = CARTESIAN_POINT('',(8.500206564882,128.53981633973));
#1451 = CARTESIAN_POINT('',(8.970473051812,128.53981633974));
#1452 = CARTESIAN_POINT('',(9.440236543773,128.53981633974));
#1453 = CARTESIAN_POINT('',(10.379763456227,128.53981633974));
#1454 = CARTESIAN_POINT('',(10.849526948189,128.53981633975));
#1455 = CARTESIAN_POINT('',(11.319793435115,128.53981633972));
#1456 = CARTESIAN_POINT('',(11.791066104273,128.53981633977));
#1457 = CARTESIAN_POINT('',(12.263851771082,128.53981633972));
#1458 = CARTESIAN_POINT('',(12.738664535686,128.53981633976));
#1459 = CARTESIAN_POINT('',(13.216029695581,128.53981633974));
#1460 = CARTESIAN_POINT('',(13.696487914777,128.53981633974));
#1461 = CARTESIAN_POINT('',(14.18059964904,128.53981633974));
#1462 = CARTESIAN_POINT('',(15.157300006075,128.53981633974));
#1463 = CARTESIAN_POINT('',(15.649888598076,128.53981633975));
#1464 = CARTESIAN_POINT('',(16.147301236945,128.53981633973));
#1465 = CARTESIAN_POINT('',(16.6501455205,128.53981633976));
#1466 = CARTESIAN_POINT('',(17.159066236138,128.53981633972));
#1467 = CARTESIAN_POINT('',(17.674729671989,128.53981633975));
#1468 = CARTESIAN_POINT('',(18.197862603447,128.53981633973));
#1469 = CARTESIAN_POINT('',(18.729222417413,128.53981633974));
#1470 = CARTESIAN_POINT('',(19.269637876035,128.53981633974));
#1471 = CARTESIAN_POINT('',(19.82,128.53981633974));
#1472 = ( GEOMETRIC_REPRESENTATION_CONTEXT(2) 
PARAMETRIC_REPRESENTATION_CONTEXT() REPRESENTATION_CONTEXT('2D SPACE',''
  ) );
#1473 = PCURVE('',#1474,#1479);
#1474 = SPHERICAL_SURFACE('',#1475,50.);
#1475 = AXIS2_PLACEMENT_3D('',#1476,#1477,#1478);
#1476 = CARTESIAN_POINT('',(100.,1.E+03,50.));
#1477 = DIRECTION('',(0.,-1.,0.));
#1478 = DIRECTION('',(1.,0.,0.));
#1479 = DEFINITIONAL_REPRESENTATION('',(#1480),#1483);
#1480 = B_SPLINE_CURVE_WITH_KNOTS('',1,(#1481,#1482),.UNSPECIFIED.,.F.,
  .F.,(2,2),(4.712388980385,6.28318530718),.PIECEWISE_BEZIER_KNOTS.);
#1481 = CARTESIAN_POINT('',(1.570796326795,-1.570796326795));
#1482 = CARTESIAN_POINT('',(1.570796326795,0.));
#1483 = ( GEOMETRIC_REPRESENTATION_CONTEXT(2) 
PARAMETRIC_REPRESENTATION_CONTEXT() REPRESENTATION_CONTEXT('2D SPACE',''
  ) );
#1484 = ORIENTED_EDGE('',*,*,#1485,.T.);
#1485 = EDGE_CURVE('',#1423,#1043,#1486,.T.);
#1486 = SURFACE_CURVE('',#1487,(#1492,#1499),.PCURVE_S1.);
#1487 = B_SPLINE_CURVE_WITH_KNOTS('',2,(#1488,#1489,#1490,#1491),
  .UNSPECIFIED.,.F.,.F.,(3,1,3),(128.53981633974,148.35981633974,
    151.20801355729),.UNSPECIFIED.);
#1488 = CARTESIAN_POINT('',(100.,1.E+03,100.));
#1489 = CARTESIAN_POINT('',(90.09,1.E+03,100.));
#1490 = CARTESIAN_POINT('',(78.755901391226,1.E+03,100.));
#1491 = CARTESIAN_POINT('',(77.331802782453,1.E+03,100.));
#1492 = PCURVE('',#156,#1493);
#1493 = DEFINITIONAL_REPRESENTATION('',(#1494),#1498);
#1494 = LINE('',#1495,#1496);
#1495 = CARTESIAN_POINT('',(19.82,0.));
#1496 = VECTOR('',#1497,1.);
#1497 = DIRECTION('',(0.,1.));
#1498 = ( GEOMETRIC_REPRESENTATION_CONTEXT(2) 
PARAMETRIC_REPRESENTATION_CONTEXT() REPRESENTATION_CONTEXT('2D SPACE',''
  ) );
#1499 = PCURVE('',#556,#1500);
#1500 = DEFINITIONAL_REPRESENTATION('',(#1501),#1504);
#1501 = B_SPLINE_CURVE_WITH_KNOTS('',1,(#1502,#1503),.UNSPECIFIED.,.F.,
  .F.,(2,2),(128.53981633974,148.35981633974),.PIECEWISE_BEZIER_KNOTS.);
#1502 = CARTESIAN_POINT('',(100.,-1.E+03));
#1503 = CARTESIAN_POINT('',(80.18,-1.E+03));
#1504 = ( GEOMETRIC_REPRESENTATION_CONTEXT(2) 
PARAMETRIC_REPRESENTATION_CONTEXT() REPRESENTATION_CONTEXT('2D SPACE',''
  ) );
#1505 = ADVANCED_FACE('',(#1506),#100,.T.);
#1506 = FACE_BOUND('',#1507,.T.);
#1507 = EDGE_LOOP('',(#1508,#1531,#1532,#1533,#1557,#1585,#1618,#1646));
#1508 = ORIENTED_EDGE('',*,*,#1509,.T.);
#1509 = EDGE_CURVE('',#1510,#965,#1512,.T.);
#1510 = VERTEX_POINT('',#1511);
#1511 = CARTESIAN_POINT('',(-1.42108547152E-14,50.,0.));
#1512 = SURFACE_CURVE('',#1513,(#1517,#1524),.PCURVE_S1.);
#1513 = LINE('',#1514,#1515);
#1514 = CARTESIAN_POINT('',(0.,0.,0.));
#1515 = VECTOR('',#1516,1.);
#1516 = DIRECTION('',(-0.,1.,-0.));
#1517 = PCURVE('',#100,#1518);
#1518 = DEFINITIONAL_REPRESENTATION('',(#1519),#1523);
#1519 = LINE('',#1520,#1521);
#1520 = CARTESIAN_POINT('',(0.,0.));
#1521 = VECTOR('',#1522,1.);
#1522 = DIRECTION('',(0.,-1.));
#1523 = ( GEOMETRIC_REPRESENTATION_CONTEXT(2) 
PARAMETRIC_REPRESENTATION_CONTEXT() REPRESENTATION_CONTEXT('2D SPACE',''
  ) );
#1524 = PCURVE('',#1025,#1525);
#1525 = DEFINITIONAL_REPRESENTATION('',(#1526),#1530);
#1526 = LINE('',#1527,#1528);
#1527 = CARTESIAN_POINT('',(0.,0.));
#1528 = VECTOR('',#1529,1.);
#1529 = DIRECTION('',(0.,-1.));
#1530 = ( GEOMETRIC_REPRESENTATION_CONTEXT(2) 
PARAMETRIC_REPRESENTATION_CONTEXT() REPRESENTATION_CONTEXT('2D SPACE',''
  ) );
#1531 = ORIENTED_EDGE('',*,*,#964,.T.);
#1532 = ORIENTED_EDGE('',*,*,#84,.T.);
#1533 = ORIENTED_EDGE('',*,*,#1534,.T.);
#1534 = EDGE_CURVE('',#85,#1535,#1537,.T.);
#1535 = VERTEX_POINT('',#1536);
#1536 = CARTESIAN_POINT('',(150.,1.E+03,0.));
#1537 = SURFACE_CURVE('',#1538,(#1543,#1550),.PCURVE_S1.);
#1538 = CIRCLE('',#1539,50.);
#1539 = AXIS2_PLACEMENT_3D('',#1540,#1541,#1542);
#1540 = CARTESIAN_POINT('',(100.,1.E+03,0.));
#1541 = DIRECTION('',(-0.,-0.,-1.));
#1542 = DIRECTION('',(0.,-1.,0.));
#1543 = PCURVE('',#100,#1544);
#1544 = DEFINITIONAL_REPRESENTATION('',(#1545),#1549);
#1545 = CIRCLE('',#1546,50.);
#1546 = AXIS2_PLACEMENT_2D('',#1547,#1548);
#1547 = CARTESIAN_POINT('',(100.,-1.E+03));
#1548 = DIRECTION('',(0.,1.));
#1549 = ( GEOMETRIC_REPRESENTATION_CONTEXT(2) 
PARAMETRIC_REPRESENTATION_CONTEXT() REPRESENTATION_CONTEXT('2D SPACE',''
  ) );
#1550 = PCURVE('',#128,#1551);
#1551 = DEFINITIONAL_REPRESENTATION('',(#1552),#1556);
#1552 = LINE('',#1553,#1554);
#1553 = CARTESIAN_POINT('',(3.14159265359,-0.));
#1554 = VECTOR('',#1555,1.);
#1555 = DIRECTION('',(-1.,0.));
#1556 = ( GEOMETRIC_REPRESENTATION_CONTEXT(2) 
PARAMETRIC_REPRESENTATION_CONTEXT() REPRESENTATION_CONTEXT('2D SPACE',''
  ) );
#1557 = ORIENTED_EDGE('',*,*,#1558,.F.);
#1558 = EDGE_CURVE('',#1559,#1535,#1561,.T.);
#1559 = VERTEX_POINT('',#1560);
#1560 = CARTESIAN_POINT('',(150.,50.,0.));
#1561 = SURFACE_CURVE('',#1562,(#1566,#1573),.PCURVE_S1.);
#1562 = LINE('',#1563,#1564);
#1563 = CARTESIAN_POINT('',(150.,0.,0.));
#1564 = VECTOR('',#1565,1.);
#1565 = DIRECTION('',(-0.,1.,-0.));
#1566 = PCURVE('',#100,#1567);
#1567 = DEFINITIONAL_REPRESENTATION('',(#1568),#1572);
#1568 = LINE('',#1569,#1570);
#1569 = CARTESIAN_POINT('',(150.,0.));
#1570 = VECTOR('',#1571,1.);
#1571 = DIRECTION('',(0.,-1.));
#1572 = ( GEOMETRIC_REPRESENTATION_CONTEXT(2) 
PARAMETRIC_REPRESENTATION_CONTEXT() REPRESENTATION_CONTEXT('2D SPACE',''
  ) );
#1573 = PCURVE('',#1574,#1579);
#1574 = PLANE('',#1575);
#1575 = AXIS2_PLACEMENT_3D('',#1576,#1577,#1578);
#1576 = CARTESIAN_POINT('',(150.,0.,0.));
#1577 = DIRECTION('',(1.,0.,-0.));
#1578 = DIRECTION('',(0.,0.,1.));
#1579 = DEFINITIONAL_REPRESENTATION('',(#1580),#1584);
#1580 = LINE('',#1581,#1582);
#1581 = CARTESIAN_POINT('',(0.,0.));
#1582 = VECTOR('',#1583,1.);
#1583 = DIRECTION('',(0.,-1.));
#1584 = ( GEOMETRIC_REPRESENTATION_CONTEXT(2) 
PARAMETRIC_REPRESENTATION_CONTEXT() REPRESENTATION_CONTEXT('2D SPACE',''
  ) );
#1585 = ORIENTED_EDGE('',*,*,#1586,.F.);
#1586 = EDGE_CURVE('',#1587,#1559,#1589,.T.);
#1587 = VERTEX_POINT('',#1588);
#1588 = CARTESIAN_POINT('',(100.,-1.42108547152E-14,0.));
#1589 = SURFACE_CURVE('',#1590,(#1595,#1606),.PCURVE_S1.);
#1590 = CIRCLE('',#1591,50.);
#1591 = AXIS2_PLACEMENT_3D('',#1592,#1593,#1594);
#1592 = CARTESIAN_POINT('',(100.,50.,0.));
#1593 = DIRECTION('',(0.,0.,1.));
#1594 = DIRECTION('',(0.,-1.,0.));
#1595 = PCURVE('',#100,#1596);
#1596 = DEFINITIONAL_REPRESENTATION('',(#1597),#1605);
#1597 = ( BOUNDED_CURVE() B_SPLINE_CURVE(2,(#1598,#1599,#1600,#1601,
#1602,#1603,#1604),.UNSPECIFIED.,.T.,.F.) B_SPLINE_CURVE_WITH_KNOTS((1,2
    ,2,2,2,1),(-2.094395102393,0.,2.094395102393,4.188790204786,
6.28318530718,8.377580409573),.UNSPECIFIED.) CURVE() 
GEOMETRIC_REPRESENTATION_ITEM() RATIONAL_B_SPLINE_CURVE((1.,0.5,1.,0.5,
1.,0.5,1.)) REPRESENTATION_ITEM('') );
#1598 = CARTESIAN_POINT('',(100.,1.42108547152E-14));
#1599 = CARTESIAN_POINT('',(186.60254037844,1.42108547152E-14));
#1600 = CARTESIAN_POINT('',(143.30127018922,-75.));
#1601 = CARTESIAN_POINT('',(100.,-150.));
#1602 = CARTESIAN_POINT('',(56.698729810778,-75.));
#1603 = CARTESIAN_POINT('',(13.397459621556,-6.394884621841E-14));
#1604 = CARTESIAN_POINT('',(100.,1.42108547152E-14));
#1605 = ( GEOMETRIC_REPRESENTATION_CONTEXT(2) 
PARAMETRIC_REPRESENTATION_CONTEXT() REPRESENTATION_CONTEXT('2D SPACE',''
  ) );
#1606 = PCURVE('',#1607,#1612);
#1607 = CYLINDRICAL_SURFACE('',#1608,50.);
#1608 = AXIS2_PLACEMENT_3D('',#1609,#1610,#1611);
#1609 = CARTESIAN_POINT('',(100.,50.,0.));
#1610 = DIRECTION('',(0.,0.,1.));
#1611 = DIRECTION('',(0.,-1.,0.));
#1612 = DEFINITIONAL_REPRESENTATION('',(#1613),#1617);
#1613 = LINE('',#1614,#1615);
#1614 = CARTESIAN_POINT('',(0.,0.));
#1615 = VECTOR('',#1616,1.);
#1616 = DIRECTION('',(1.,0.));
#1617 = ( GEOMETRIC_REPRESENTATION_CONTEXT(2) 
PARAMETRIC_REPRESENTATION_CONTEXT() REPRESENTATION_CONTEXT('2D SPACE',''
  ) );
#1618 = ORIENTED_EDGE('',*,*,#1619,.F.);
#1619 = EDGE_CURVE('',#1620,#1587,#1622,.T.);
#1620 = VERTEX_POINT('',#1621);
#1621 = CARTESIAN_POINT('',(50.,-1.42108547152E-14,0.));
#1622 = SURFACE_CURVE('',#1623,(#1627,#1634),.PCURVE_S1.);
#1623 = LINE('',#1624,#1625);
#1624 = CARTESIAN_POINT('',(75.,0.,0.));
#1625 = VECTOR('',#1626,1.);
#1626 = DIRECTION('',(1.,0.,0.));
#1627 = PCURVE('',#100,#1628);
#1628 = DEFINITIONAL_REPRESENTATION('',(#1629),#1633);
#1629 = LINE('',#1630,#1631);
#1630 = CARTESIAN_POINT('',(75.,0.));
#1631 = VECTOR('',#1632,1.);
#1632 = DIRECTION('',(1.,0.));
#1633 = ( GEOMETRIC_REPRESENTATION_CONTEXT(2) 
PARAMETRIC_REPRESENTATION_CONTEXT() REPRESENTATION_CONTEXT('2D SPACE',''
  ) );
#1634 = PCURVE('',#1635,#1640);
#1635 = PLANE('',#1636);
#1636 = AXIS2_PLACEMENT_3D('',#1637,#1638,#1639);
#1637 = CARTESIAN_POINT('',(75.,0.,50.));
#1638 = DIRECTION('',(0.,-1.,0.));
#1639 = DIRECTION('',(1.,0.,0.));
#1640 = DEFINITIONAL_REPRESENTATION('',(#1641),#1645);
#1641 = LINE('',#1642,#1643);
#1642 = CARTESIAN_POINT('',(0.,-50.));
#1643 = VECTOR('',#1644,1.);
#1644 = DIRECTION('',(1.,0.));
#1645 = ( GEOMETRIC_REPRESENTATION_CONTEXT(2) 
PARAMETRIC_REPRESENTATION_CONTEXT() REPRESENTATION_CONTEXT('2D SPACE',''
  ) );
#1646 = ORIENTED_EDGE('',*,*,#1647,.F.);
#1647 = EDGE_CURVE('',#1510,#1620,#1648,.T.);
#1648 = SURFACE_CURVE('',#1649,(#1654,#1665),.PCURVE_S1.);
#1649 = CIRCLE('',#1650,50.);
#1650 = AXIS2_PLACEMENT_3D('',#1651,#1652,#1653);
#1651 = CARTESIAN_POINT('',(50.,50.,0.));
#1652 = DIRECTION('',(0.,0.,1.));
#1653 = DIRECTION('',(0.,-1.,0.));
#1654 = PCURVE('',#100,#1655);
#1655 = DEFINITIONAL_REPRESENTATION('',(#1656),#1664);
#1656 = ( BOUNDED_CURVE() B_SPLINE_CURVE(2,(#1657,#1658,#1659,#1660,
#1661,#1662,#1663),.UNSPECIFIED.,.T.,.F.) B_SPLINE_CURVE_WITH_KNOTS((1,2
    ,2,2,2,1),(-2.094395102393,0.,2.094395102393,4.188790204786,
6.28318530718,8.377580409573),.UNSPECIFIED.) CURVE() 
GEOMETRIC_REPRESENTATION_ITEM() RATIONAL_B_SPLINE_CURVE((1.,0.5,1.,0.5,
1.,0.5,1.)) REPRESENTATION_ITEM('') );
#1657 = CARTESIAN_POINT('',(50.,1.42108547152E-14));
#1658 = CARTESIAN_POINT('',(136.60254037844,1.42108547152E-14));
#1659 = CARTESIAN_POINT('',(93.301270189222,-75.));
#1660 = CARTESIAN_POINT('',(50.,-150.));
#1661 = CARTESIAN_POINT('',(6.698729810778,-75.));
#1662 = CARTESIAN_POINT('',(-36.60254037844,-6.394884621841E-14));
#1663 = CARTESIAN_POINT('',(50.,1.42108547152E-14));
#1664 = ( GEOMETRIC_REPRESENTATION_CONTEXT(2) 
PARAMETRIC_REPRESENTATION_CONTEXT() REPRESENTATION_CONTEXT('2D SPACE',''
  ) );
#1665 = PCURVE('',#1666,#1671);
#1666 = CYLINDRICAL_SURFACE('',#1667,50.);
#1667 = AXIS2_PLACEMENT_3D('',#1668,#1669,#1670);
#1668 = CARTESIAN_POINT('',(50.,50.,0.));
#1669 = DIRECTION('',(0.,0.,1.));
#1670 = DIRECTION('',(-1.,-0.,0.));
#1671 = DEFINITIONAL_REPRESENTATION('',(#1672),#1676);
#1672 = LINE('',#1673,#1674);
#1673 = CARTESIAN_POINT('',(-4.712388980385,0.));
#1674 = VECTOR('',#1675,1.);
#1675 = DIRECTION('',(1.,0.));
#1676 = ( GEOMETRIC_REPRESENTATION_CONTEXT(2) 
PARAMETRIC_REPRESENTATION_CONTEXT() REPRESENTATION_CONTEXT('2D SPACE',''
  ) );
#1677 = ADVANCED_FACE('',(#1678),#128,.T.);
#1678 = FACE_BOUND('',#1679,.F.);
#1679 = EDGE_LOOP('',(#1680,#1681,#1704,#1724));
#1680 = ORIENTED_EDGE('',*,*,#1534,.T.);
#1681 = ORIENTED_EDGE('',*,*,#1682,.T.);
#1682 = EDGE_CURVE('',#1535,#1683,#1685,.T.);
#1683 = VERTEX_POINT('',#1684);
#1684 = CARTESIAN_POINT('',(150.,1.E+03,50.));
#1685 = SURFACE_CURVE('',#1686,(#1690,#1697),.PCURVE_S1.);
#1686 = LINE('',#1687,#1688);
#1687 = CARTESIAN_POINT('',(150.,1.E+03,0.));
#1688 = VECTOR('',#1689,1.);
#1689 = DIRECTION('',(0.,0.,1.));
#1690 = PCURVE('',#128,#1691);
#1691 = DEFINITIONAL_REPRESENTATION('',(#1692),#1696);
#1692 = LINE('',#1693,#1694);
#1693 = CARTESIAN_POINT('',(-1.570796326795,0.));
#1694 = VECTOR('',#1695,1.);
#1695 = DIRECTION('',(-0.,1.));
#1696 = ( GEOMETRIC_REPRESENTATION_CONTEXT(2) 
PARAMETRIC_REPRESENTATION_CONTEXT() REPRESENTATION_CONTEXT('2D SPACE',''
  ) );
#1697 = PCURVE('',#1574,#1698);
#1698 = DEFINITIONAL_REPRESENTATION('',(#1699),#1703);
#1699 = LINE('',#1700,#1701);
#1700 = CARTESIAN_POINT('',(0.,-1.E+03));
#1701 = VECTOR('',#1702,1.);
#1702 = DIRECTION('',(1.,0.));
#1703 = ( GEOMETRIC_REPRESENTATION_CONTEXT(2) 
PARAMETRIC_REPRESENTATION_CONTEXT() REPRESENTATION_CONTEXT('2D SPACE',''
  ) );
#1704 = ORIENTED_EDGE('',*,*,#1705,.F.);
#1705 = EDGE_CURVE('',#113,#1683,#1706,.T.);
#1706 = SURFACE_CURVE('',#1707,(#1712,#1718),.PCURVE_S1.);
#1707 = CIRCLE('',#1708,50.);
#1708 = AXIS2_PLACEMENT_3D('',#1709,#1710,#1711);
#1709 = CARTESIAN_POINT('',(100.,1.E+03,50.));
#1710 = DIRECTION('',(-0.,0.,-1.));
#1711 = DIRECTION('',(-0.,1.,0.));
#1712 = PCURVE('',#128,#1713);
#1713 = DEFINITIONAL_REPRESENTATION('',(#1714),#1717);
#1714 = B_SPLINE_CURVE_WITH_KNOTS('',1,(#1715,#1716),.UNSPECIFIED.,.F.,
  .F.,(2,2),(0.,1.570796326795),.PIECEWISE_BEZIER_KNOTS.);
#1715 = CARTESIAN_POINT('',(0.,50.));
#1716 = CARTESIAN_POINT('',(-1.570796326795,50.));
#1717 = ( GEOMETRIC_REPRESENTATION_CONTEXT(2) 
PARAMETRIC_REPRESENTATION_CONTEXT() REPRESENTATION_CONTEXT('2D SPACE',''
  ) );
#1718 = PCURVE('',#1474,#1719);
#1719 = DEFINITIONAL_REPRESENTATION('',(#1720),#1723);
#1720 = B_SPLINE_CURVE_WITH_KNOTS('',1,(#1721,#1722),.UNSPECIFIED.,.F.,
  .F.,(2,2),(0.,1.570796326795),.PIECEWISE_BEZIER_KNOTS.);
#1721 = CARTESIAN_POINT('',(0.,-1.570796326795));
#1722 = CARTESIAN_POINT('',(0.,0.));
#1723 = ( GEOMETRIC_REPRESENTATION_CONTEXT(2) 
PARAMETRIC_REPRESENTATION_CONTEXT() REPRESENTATION_CONTEXT('2D SPACE',''
  ) );
#1724 = ORIENTED_EDGE('',*,*,#112,.F.);
#1725 = ADVANCED_FACE('',(#1726),#224,.F.);
#1726 = FACE_BOUND('',#1727,.F.);
#1727 = EDGE_LOOP('',(#1728,#1729,#1959,#2006));
#1728 = ORIENTED_EDGE('',*,*,#206,.F.);
#1729 = ORIENTED_EDGE('',*,*,#1730,.T.);
#1730 = EDGE_CURVE('',#207,#1731,#1733,.T.);
#1731 = VERTEX_POINT('',#1732);
#1732 = CARTESIAN_POINT('',(66.558947202003,1.039527131865E+03,
    64.200971116411));
#1733 = SURFACE_CURVE('',#1734,(#1877,#1923),.PCURVE_S1.);
#1734 = B_SPLINE_CURVE_WITH_KNOTS('',8,(#1735,#1736,#1737,#1738,#1739,
    #1740,#1741,#1742,#1743,#1744,#1745,#1746,#1747,#1748,#1749,#1750,
    #1751,#1752,#1753,#1754,#1755,#1756,#1757,#1758,#1759,#1760,#1761,
    #1762,#1763,#1764,#1765,#1766,#1767,#1768,#1769,#1770,#1771,#1772,
    #1773,#1774,#1775,#1776,#1777,#1778,#1779,#1780,#1781,#1782,#1783,
    #1784,#1785,#1786,#1787,#1788,#1789,#1790,#1791,#1792,#1793,#1794,
    #1795,#1796,#1797,#1798,#1799,#1800,#1801,#1802,#1803,#1804,#1805,
    #1806,#1807,#1808,#1809,#1810,#1811,#1812,#1813,#1814,#1815,#1816,
    #1817,#1818,#1819,#1820,#1821,#1822,#1823,#1824,#1825,#1826,#1827,
    #1828,#1829,#1830,#1831,#1832,#1833,#1834,#1835,#1836,#1837,#1838,
    #1839,#1840,#1841,#1842,#1843,#1844,#1845,#1846,#1847,#1848,#1849,
    #1850,#1851,#1852,#1853,#1854,#1855,#1856,#1857,#1858,#1859,#1860,
    #1861,#1862,#1863,#1864,#1865,#1866,#1867,#1868,#1869,#1870,#1871,
    #1872,#1873,#1874,#1875,#1876),.UNSPECIFIED.,.F.,.F.,(9,7,7,7,7,7,7,
    7,7,7,7,7,7,7,7,7,7,7,7,7,9),(0.,2.864465017238E-02,
    8.283917528696E-02,0.164959629979,0.24868827981,0.313630233824,
    0.462999897595,0.536330661032,0.573533504976,0.592459212111,
    0.601853281159,0.611184168673,0.728133753344,0.747370212096,
    0.755629432395,0.763494476542,0.883954458357,0.942195352986,
    0.956505049677,0.967280891424,1.),.UNSPECIFIED.);
#1735 = CARTESIAN_POINT('',(58.265356810478,1.046803838683E+03,
    67.589789236009));
#1736 = CARTESIAN_POINT('',(58.287987351036,1.046815625252E+03,
    67.558426787255));
#1737 = CARTESIAN_POINT('',(58.313321457472,1.046826295684E+03,
    67.529187652867));
#1738 = CARTESIAN_POINT('',(58.341028432925,1.046835880812E+03,
    67.501966384915));
#1739 = CARTESIAN_POINT('',(58.370783665431,1.046844431943E+03,
    67.476619384882));
#1740 = CARTESIAN_POINT('',(58.402291389623,1.046852010612E+03,
    67.452987870045));
#1741 = CARTESIAN_POINT('',(58.435299686897,1.046858681158E+03,
    67.430912618625));
#1742 = CARTESIAN_POINT('',(58.469607724022,1.04686450612E+03,
    67.410240493716));
#1743 = CARTESIAN_POINT('',(58.572149404704,1.046879076786E+03,
    67.354085148884));
#1744 = CARTESIAN_POINT('',(58.643236701379,1.046885777399E+03,
    67.321899194554));
#1745 = CARTESIAN_POINT('',(58.71731075962,1.046890061132E+03,
    67.293230818169));
#1746 = CARTESIAN_POINT('',(58.79364512971,1.046892225053E+03,
    67.267359379646));
#1747 = CARTESIAN_POINT('',(58.871698577776,1.046892507657E+03,
    67.243721758799));
#1748 = CARTESIAN_POINT('',(58.951085173002,1.046891102847E+03,
    67.221860690226));
#1749 = CARTESIAN_POINT('',(59.031570854405,1.046888156965E+03,
    67.201411598536));
#1750 = CARTESIAN_POINT('',(59.236509992028,1.046877140419E+03,
    67.152742224523));
#1751 = CARTESIAN_POINT('',(59.362022563203,1.04686722328E+03,
    67.126001252172));
#1752 = CARTESIAN_POINT('',(59.488932233782,1.046854430129E+03,
    67.100810532122));
#1753 = CARTESIAN_POINT('',(59.616797763639,1.046839008876E+03,
    67.076530057303));
#1754 = CARTESIAN_POINT('',(59.745294608078,1.046821133145E+03,
    67.052709624586));
#1755 = CARTESIAN_POINT('',(59.874182464499,1.046800929311E+03,
    67.029015917247));
#1756 = CARTESIAN_POINT('',(60.00329720803,1.046778480986E+03,
    67.00521040462));
#1757 = CARTESIAN_POINT('',(60.26429025245,1.046728723595E+03,
    66.956523206987));
#1758 = CARTESIAN_POINT('',(60.396134422491,1.046701335291E+03,
    66.93163699294));
#1759 = CARTESIAN_POINT('',(60.527905527129,1.046671745893E+03,
    66.906253239623));
#1760 = CARTESIAN_POINT('',(60.659476986032,1.046639999945E+03,
    66.880245278025));
#1761 = CARTESIAN_POINT('',(60.790741227782,1.046606128423E+03,
    66.853526348253));
#1762 = CARTESIAN_POINT('',(60.921602836104,1.046570154694E+03,
    66.826032719667));
#1763 = CARTESIAN_POINT('',(61.051974575897,1.046532097297E+03,
    66.797714330532));
#1764 = CARTESIAN_POINT('',(61.282453636507,1.046460845443E+03,
    66.745899164595));
#1765 = CARTESIAN_POINT('',(61.382786842186,1.046428476268E+03,
    66.722746290309));
#1766 = CARTESIAN_POINT('',(61.482737727386,1.046394868527E+03,
    66.69905668581));
#1767 = CARTESIAN_POINT('',(61.582269565017,1.046360027601E+03,
    66.674815973156));
#1768 = CARTESIAN_POINT('',(61.681346714495,1.04632395783E+03,
    66.650012477113));
#1769 = CARTESIAN_POINT('',(61.779934246636,1.046286662614E+03,
    66.6246366673));
#1770 = CARTESIAN_POINT('',(61.877997568558,1.046248144519E+03,
    66.598680600337));
#1771 = CARTESIAN_POINT('',(62.199767111428,1.046117003442E+03,
    66.511086618331));
#1772 = CARTESIAN_POINT('',(62.421060506158,1.046019148128E+03,
    66.446934213719));
#1773 = CARTESIAN_POINT('',(62.638979264159,1.045914855341E+03,
    66.37959471223));
#1774 = CARTESIAN_POINT('',(62.853102092906,1.04580412337E+03,
    66.309025618718));
#1775 = CARTESIAN_POINT('',(63.062970281629,1.045686935592E+03,
    66.235217323553));
#1776 = CARTESIAN_POINT('',(63.2680691137,1.045563264338E+03,
    66.158186584528));
#1777 = CARTESIAN_POINT('',(63.467793252488,1.045433071354E+03,
    66.07795330038));
#1778 = CARTESIAN_POINT('',(63.756417822843,1.045229154581E+03,
    65.953500546025));
#1779 = CARTESIAN_POINT('',(63.849972202103,1.045160426731E+03,
    65.911742023506));
#1780 = CARTESIAN_POINT('',(63.941951553948,1.045090110735E+03,
    65.869200358165));
#1781 = CARTESIAN_POINT('',(64.032253417737,1.04501820187E+03,
    65.825870271936));
#1782 = CARTESIAN_POINT('',(64.120760634207,1.044944696827E+03,
    65.781742336887));
#1783 = CARTESIAN_POINT('',(64.207339714358,1.044869593816E+03,
    65.736801789364));
#1784 = CARTESIAN_POINT('',(64.291840966448,1.044792892609E+03,
    65.691029434789));
#1785 = CARTESIAN_POINT('',(64.415832991246,1.044674871602E+03,
    65.620750520751));
#1786 = CARTESIAN_POINT('',(64.456988210655,1.044634738025E+03,
    65.596877200131));
#1787 = CARTESIAN_POINT('',(64.497544593948,1.044594194222E+03,
    65.572782304152));
#1788 = CARTESIAN_POINT('',(64.5374794643,1.044553240908E+03,
    65.54846338641));
#1789 = CARTESIAN_POINT('',(64.576769360057,1.044511879117E+03,
    65.523918340725));
#1790 = CARTESIAN_POINT('',(64.615390481405,1.044470110245E+03,
    65.499145810685));
#1791 = CARTESIAN_POINT('',(64.653319137019,1.044427936089E+03,
    65.474145599198));
#1792 = CARTESIAN_POINT('',(64.709463091749,1.04436369916E+03,
    65.436085926033));
#1793 = CARTESIAN_POINT('',(64.728208836548,1.044341935132E+03,
    65.423194239797));
#1794 = CARTESIAN_POINT('',(64.746766332366,1.04432006711E+03,
    65.41024417525));
#1795 = CARTESIAN_POINT('',(64.765132600181,1.044298095426E+03,
    65.397236046323));
#1796 = CARTESIAN_POINT('',(64.783304774716,1.044276020446E+03,
    65.384170324958));
#1797 = CARTESIAN_POINT('',(64.801280104436,1.044253842565E+03,
    65.371047641111));
#1798 = CARTESIAN_POINT('',(64.819055951552,1.044231562212E+03,
    65.357868782749));
#1799 = CARTESIAN_POINT('',(64.845352841021,1.044198070011E+03,
    65.338065751019));
#1800 = CARTESIAN_POINT('',(64.854026128779,1.044186935042E+03,
    65.331483204759));
#1801 = CARTESIAN_POINT('',(64.862649352292,1.044175774995E+03,
    65.324887176843));
#1802 = CARTESIAN_POINT('',(64.871222221542,1.044164589929E+03,
    65.318277800281));
#1803 = CARTESIAN_POINT('',(64.87974445949,1.044153379903E+03,
    65.311655221319));
#1804 = CARTESIAN_POINT('',(64.888215802076,1.04414214498E+03,
    65.305019599441));
#1805 = CARTESIAN_POINT('',(64.896635998222,1.044130885222E+03,
    65.298371107367));
#1806 = CARTESIAN_POINT('',(64.913317335456,1.044108392064E+03,
    65.285093555706));
#1807 = CARTESIAN_POINT('',(64.921578874481,1.044097159032E+03,
    65.278464417629));
#1808 = CARTESIAN_POINT('',(64.929791216592,1.044085901496E+03,
    65.27182453163));
#1809 = CARTESIAN_POINT('',(64.937947532731,1.044074619997E+03,
    65.265168009681));
#1810 = CARTESIAN_POINT('',(64.946060854837,1.044063313683E+03,
    65.25850728722));
#1811 = CARTESIAN_POINT('',(64.954113219733,1.044051983823E+03,
    65.251826118788));
#1812 = CARTESIAN_POINT('',(64.96212113238,1.044040629375E+03,
    65.245140213947));
#1813 = CARTESIAN_POINT('',(65.069744739542,1.043886641194E+03,
    65.154457616957));
#1814 = CARTESIAN_POINT('',(65.160786144636,1.043740298471E+03,
    65.068279838963));
#1815 = CARTESIAN_POINT('',(65.243682062951,1.043590299455E+03,
    64.981167999863));
#1816 = CARTESIAN_POINT('',(65.318655946608,1.043436806763E+03,
    64.893970761175));
#1817 = CARTESIAN_POINT('',(65.386471280012,1.043279961341E+03,
    64.807860121334));
#1818 = CARTESIAN_POINT('',(65.447846340267,1.043119952427E+03,
    64.72378680964));
#1819 = CARTESIAN_POINT('',(65.503733572775,1.04295695464E+03,
    64.642766435808));
#1820 = CARTESIAN_POINT('',(65.563628309536,1.042763863443E+03,
    64.553072913836));
#1821 = CARTESIAN_POINT('',(65.571967889309,1.042736513359E+03,
    64.54051199019));
#1822 = CARTESIAN_POINT('',(65.580191442081,1.042709088474E+03,
    64.528063760166));
#1823 = CARTESIAN_POINT('',(65.588303642492,1.042681589711E+03,
    64.515732488034));
#1824 = CARTESIAN_POINT('',(65.596309235812,1.042654018015E+03,
    64.503522413666));
#1825 = CARTESIAN_POINT('',(65.604213037943,1.042626374359E+03,
    64.491437752538));
#1826 = CARTESIAN_POINT('',(65.612019935415,1.042598659737E+03,
    64.479482695732));
#1827 = CARTESIAN_POINT('',(65.623047317902,1.042558945801E+03,
    64.462585912155));
#1828 = CARTESIAN_POINT('',(65.626342799809,1.042547003537E+03,
    64.457535074074));
#1829 = CARTESIAN_POINT('',(65.629621723019,1.042535048461E+03,
    64.45250922531));
#1830 = CARTESIAN_POINT('',(65.632884481603,1.042523080656E+03,
    64.447508694546));
#1831 = CARTESIAN_POINT('',(65.636131471792,1.042511100205E+03,
    64.442533809527));
#1832 = CARTESIAN_POINT('',(65.639363091975,1.042499107191E+03,
    64.437584897063));
#1833 = CARTESIAN_POINT('',(65.642579742698,1.042487101701E+03,
    64.432662283027));
#1834 = CARTESIAN_POINT('',(65.648831089296,1.042463639502E+03,
    64.423103965719));
#1835 = CARTESIAN_POINT('',(65.651867506069,1.042452183917E+03,
    64.418466042993));
#1836 = CARTESIAN_POINT('',(65.65488940499,1.042440717326E+03,
    64.413851363717));
#1837 = CARTESIAN_POINT('',(65.657901554576,1.042429239388E+03,
    64.409263355099));
#1838 = CARTESIAN_POINT('',(65.660900521425,1.042417750538E+03,
    64.404699599025));
#1839 = CARTESIAN_POINT('',(65.663884539093,1.042406251054E+03,
    64.400158866639));
#1840 = CARTESIAN_POINT('',(65.666861493288,1.042394740307E+03,
    64.395646804616));
#1841 = CARTESIAN_POINT('',(65.715272879584,1.042206754702E+03,
    64.322464466909));
#1842 = CARTESIAN_POINT('',(65.758524828581,1.042027691939E+03,
    64.260094336516));
#1843 = CARTESIAN_POINT('',(65.800954312907,1.041846357072E+03,
    64.205123732757));
#1844 = CARTESIAN_POINT('',(65.843832149925,1.041663155173E+03,
    64.158419100633));
#1845 = CARTESIAN_POINT('',(65.888232335958,1.041478564835E+03,
    64.120575452766));
#1846 = CARTESIAN_POINT('',(65.935039679087,1.041293129707E+03,
    64.091925516994));
#1847 = CARTESIAN_POINT('',(65.984969085292,1.041107449173E+03,
    64.072564575158));
#1848 = CARTESIAN_POINT('',(66.064385559283,1.040832591188E+03,
    64.057385161461));
#1849 = CARTESIAN_POINT('',(66.091115087804,1.040743091307E+03,
    64.054571215773));
#1850 = CARTESIAN_POINT('',(66.118748598904,1.040653737459E+03,
    64.053873352558));
#1851 = CARTESIAN_POINT('',(66.147333578447,1.040564591389E+03,
    64.055261432488));
#1852 = CARTESIAN_POINT('',(66.176907345456,1.04047571041E+03,
    64.058693683474));
#1853 = CARTESIAN_POINT('',(66.207496695152,1.040387147423E+03,
    64.064118070898));
#1854 = CARTESIAN_POINT('',(66.239117541992,1.040298950933E+03,
    64.071473667838));
#1855 = CARTESIAN_POINT('',(66.279798341607,1.040189596216E+03,
    64.082956961301));
#1856 = CARTESIAN_POINT('',(66.287884712004,1.040168052053E+03,
    64.085334360402));
#1857 = CARTESIAN_POINT('',(66.296033757277,1.040146533201E+03,
    64.087823209513));
#1858 = CARTESIAN_POINT('',(66.304245524663,1.040125040259E+03,
    64.090422473278));
#1859 = CARTESIAN_POINT('',(66.312520025256,1.040103573804E+03,
    64.093131094069));
#1860 = CARTESIAN_POINT('',(66.320857234007,1.040082134391E+03,
    64.095947991989));
#1861 = CARTESIAN_POINT('',(66.329257089727,1.040060722551E+03,
    64.09887206487));
#1862 = CARTESIAN_POINT('',(66.344092064878,1.040023235867E+03,
    64.104184006748));
#1863 = CARTESIAN_POINT('',(66.350500830034,1.040007148953E+03,
    64.106526377532));
#1864 = CARTESIAN_POINT('',(66.35693811261,1.039991077047E+03,
    64.108924432629));
#1865 = CARTESIAN_POINT('',(66.363410346043,1.039975021397E+03,
    64.111381453183));
#1866 = CARTESIAN_POINT('',(66.369916515284,1.039958982054E+03,
    64.113896415456));
#1867 = CARTESIAN_POINT('',(66.37645357884,1.039942958724E+03,
    64.116467123353));
#1868 = CARTESIAN_POINT('',(66.383025153712,1.039926952163E+03,
    64.119095226237));
#1869 = CARTESIAN_POINT('',(66.409683519965,1.039862411804E+03,
    64.129929545581));
#1870 = CARTESIAN_POINT('',(66.430044367632,1.039814015919E+03,
    64.13859834261));
#1871 = CARTESIAN_POINT('',(66.450715504538,1.039765780724E+03,
    64.147775388118));
#1872 = CARTESIAN_POINT('',(66.47169952158,1.03971771171E+03,
    64.157449785556));
#1873 = CARTESIAN_POINT('',(66.492997952551,1.039669813768E+03,
    64.167610037171));
#1874 = CARTESIAN_POINT('',(66.514610843449,1.039622091133E+03,
    64.178243915554));
#1875 = CARTESIAN_POINT('',(66.5365363218,1.039574547336E+03,
    64.189338335186));
#1876 = CARTESIAN_POINT('',(66.55877016597,1.039527185151E+03,
    64.200879223976));
#1877 = PCURVE('',#224,#1878);
#1878 = DEFINITIONAL_REPRESENTATION('',(#1879),#1922);
#1879 = B_SPLINE_CURVE_WITH_KNOTS('',11,(#1880,#1881,#1882,#1883,#1884,
    #1885,#1886,#1887,#1888,#1889,#1890,#1891,#1892,#1893,#1894,#1895,
    #1896,#1897,#1898,#1899,#1900,#1901,#1902,#1903,#1904,#1905,#1906,
    #1907,#1908,#1909,#1910,#1911,#1912,#1913,#1914,#1915,#1916,#1917,
    #1918,#1919,#1920,#1921),.UNSPECIFIED.,.F.,.F.,(12,10,10,10,12),(0.,
    0.25,0.5,0.75,1.),.UNSPECIFIED.);
#1880 = CARTESIAN_POINT('',(-5.133071542266,2.452523291309));
#1881 = CARTESIAN_POINT('',(-5.071927930356,2.237645667596));
#1882 = CARTESIAN_POINT('',(-4.909667655774,2.107143259193));
#1883 = CARTESIAN_POINT('',(-4.71825492186,2.029002904904));
#1884 = CARTESIAN_POINT('',(-4.509704140304,1.955402524647));
#1885 = CARTESIAN_POINT('',(-4.286913618712,1.889775596646));
#1886 = CARTESIAN_POINT('',(-4.053768087048,1.834604183288));
#1887 = CARTESIAN_POINT('',(-3.813046724951,1.777080902419));
#1888 = CARTESIAN_POINT('',(-3.565217458819,1.713702454589));
#1889 = CARTESIAN_POINT('',(-3.310500944045,1.655354826384));
#1890 = CARTESIAN_POINT('',(-3.05064883222,1.5915230961));
#1891 = CARTESIAN_POINT('',(-2.520752462044,1.460290643807));
#1892 = CARTESIAN_POINT('',(-2.250997946334,1.392123816267));
#1893 = CARTESIAN_POINT('',(-1.976801147823,1.321244739493));
#1894 = CARTESIAN_POINT('',(-1.698579495053,1.247528592448));
#1895 = CARTESIAN_POINT('',(-1.416803797291,1.170887380893));
#1896 = CARTESIAN_POINT('',(-1.131998244521,1.09126993739));
#1897 = CARTESIAN_POINT('',(-0.844740407456,1.008661921301));
#1898 = CARTESIAN_POINT('',(-0.555661237525,0.923085818788));
#1899 = CARTESIAN_POINT('',(-0.265445066882,0.834600942812));
#1900 = CARTESIAN_POINT('',(2.517039159589E-02,0.743303433137));
#1901 = CARTESIAN_POINT('',(0.605617697027,0.555349079511));
#1902 = CARTESIAN_POINT('',(0.895381578373,0.458598548165));
#1903 = CARTESIAN_POINT('',(1.182389059192,0.358481775373));
#1904 = CARTESIAN_POINT('',(1.467842595761,0.256597912245));
#1905 = CARTESIAN_POINT('',(1.747847561202,0.150718549956));
#1906 = CARTESIAN_POINT('',(2.017830313809,3.951208018022E-02));
#1907 = CARTESIAN_POINT('',(2.27761435694,-7.336051897424E-02));
#1908 = CARTESIAN_POINT('',(2.531141909177,-0.180870817489));
#1909 = CARTESIAN_POINT('',(2.781171667288,-0.278781147488));
#1910 = CARTESIAN_POINT('',(3.025627008593,-0.368867868999));
#1911 = CARTESIAN_POINT('',(3.511597677762,-0.522055076317));
#1912 = CARTESIAN_POINT('',(3.752861071007,-0.585714941031));
#1913 = CARTESIAN_POINT('',(3.991343772604,-0.634612379485));
#1914 = CARTESIAN_POINT('',(4.254516225266,-0.653957659517));
#1915 = CARTESIAN_POINT('',(4.455021881878,-0.683715098514));
#1916 = CARTESIAN_POINT('',(4.795822906187,-0.634063155399));
#1917 = CARTESIAN_POINT('',(4.942980489963,-0.644540285215));
#1918 = CARTESIAN_POINT('',(5.30339553566,-0.556450242442));
#1919 = CARTESIAN_POINT('',(5.507837277915,-0.50970455608));
#1920 = CARTESIAN_POINT('',(5.795691944655,-0.421379596958));
#1921 = CARTESIAN_POINT('',(6.064485766281,-0.327969361263));
#1922 = ( GEOMETRIC_REPRESENTATION_CONTEXT(2) 
PARAMETRIC_REPRESENTATION_CONTEXT() REPRESENTATION_CONTEXT('2D SPACE',''
  ) );
#1923 = PCURVE('',#672,#1924);
#1924 = DEFINITIONAL_REPRESENTATION('',(#1925),#1958);
#1925 = B_SPLINE_CURVE_WITH_KNOTS('',11,(#1926,#1927,#1928,#1929,#1930,
    #1931,#1932,#1933,#1934,#1935,#1936,#1937,#1938,#1939,#1940,#1941,
    #1942,#1943,#1944,#1945,#1946,#1947,#1948,#1949,#1950,#1951,#1952,
    #1953,#1954,#1955,#1956,#1957),.UNSPECIFIED.,.F.,.F.,(12,10,10,12),(
    0.,0.5,0.75,1.),.UNSPECIFIED.);
#1926 = CARTESIAN_POINT('',(0.,-1.244190789692));
#1927 = CARTESIAN_POINT('',(1.000012350555,-1.190281060979));
#1928 = CARTESIAN_POINT('',(2.123106028545,-1.58314522842));
#1929 = CARTESIAN_POINT('',(2.722298137133,-1.835046929477));
#1930 = CARTESIAN_POINT('',(4.01080410371,-2.228269038498));
#1931 = CARTESIAN_POINT('',(4.361866383443,-2.571230472404));
#1932 = CARTESIAN_POINT('',(5.601713026728,-2.936127139857));
#1933 = CARTESIAN_POINT('',(6.121738580041,-3.32019843254));
#1934 = CARTESIAN_POINT('',(7.032088003732,-3.679949541788));
#1935 = CARTESIAN_POINT('',(7.776683788828,-4.032783752292));
#1936 = CARTESIAN_POINT('',(8.566886152274,-4.356740536633));
#1937 = CARTESIAN_POINT('',(9.766706382012,-4.784141242793));
#1938 = CARTESIAN_POINT('',(10.170225869372,-4.916486864701));
#1939 = CARTESIAN_POINT('',(10.578763431629,-5.038303324297));
#1940 = CARTESIAN_POINT('',(10.99426754802,-5.146262997727));
#1941 = CARTESIAN_POINT('',(11.418289457635,-5.237087099082));
#1942 = CARTESIAN_POINT('',(11.851437575806,-5.309476014437));
#1943 = CARTESIAN_POINT('',(12.293193382081,-5.365001390179));
#1944 = CARTESIAN_POINT('',(12.742088779864,-5.407959975776));
#1945 = CARTESIAN_POINT('',(13.196244927652,-5.444189220827));
#1946 = CARTESIAN_POINT('',(13.654272541911,-5.478844626534));
#1947 = CARTESIAN_POINT('',(14.578794801239,-5.54743307645));
#1948 = CARTESIAN_POINT('',(15.042013987313,-5.580923804031));
#1949 = CARTESIAN_POINT('',(15.52504514715,-5.628970551394));
#1950 = CARTESIAN_POINT('',(15.954725778972,-5.666569827992));
#1951 = CARTESIAN_POINT('',(16.469259745041,-5.747969569053));
#1952 = CARTESIAN_POINT('',(16.910913282316,-5.821712226388));
#1953 = CARTESIAN_POINT('',(17.327646117216,-5.902000372108));
#1954 = CARTESIAN_POINT('',(17.850977456476,-6.035153308654));
#1955 = CARTESIAN_POINT('',(18.221594472889,-6.135060313329));
#1956 = CARTESIAN_POINT('',(18.679009100722,-6.272616011116));
#1957 = CARTESIAN_POINT('',(19.101017899312,-6.409826200895));
#1958 = ( GEOMETRIC_REPRESENTATION_CONTEXT(2) 
PARAMETRIC_REPRESENTATION_CONTEXT() REPRESENTATION_CONTEXT('2D SPACE',''
  ) );
#1959 = ORIENTED_EDGE('',*,*,#1960,.F.);
#1960 = EDGE_CURVE('',#1961,#1731,#1963,.T.);
#1961 = VERTEX_POINT('',#1962);
#1962 = CARTESIAN_POINT('',(67.68,1.037189548263E+03,64.728798321655));
#1963 = SURFACE_CURVE('',#1964,(#1970,#2000),.PCURVE_S1.);
#1964 = B_SPLINE_CURVE_WITH_KNOTS('',4,(#1965,#1966,#1967,#1968,#1969),
  .UNSPECIFIED.,.F.,.F.,(5,5),(0.,11.512612757698),
  .PIECEWISE_BEZIER_KNOTS.);
#1965 = CARTESIAN_POINT('',(67.68,1.037189548263E+03,64.728798321655));
#1966 = CARTESIAN_POINT('',(66.275991966514,1.040066122461E+03,
    64.133023295231));
#1967 = CARTESIAN_POINT('',(64.947630586538,1.042942696659E+03,
    63.358753015649));
#1968 = CARTESIAN_POINT('',(63.729394694491,1.045819270857E+03,
    62.42070198666));
#1969 = CARTESIAN_POINT('',(62.647920134862,1.048695845055E+03,
    61.345248957896));
#1970 = PCURVE('',#224,#1971);
#1971 = DEFINITIONAL_REPRESENTATION('',(#1972),#1999);
#1972 = B_SPLINE_CURVE_WITH_KNOTS('',9,(#1973,#1974,#1975,#1976,#1977,
    #1978,#1979,#1980,#1981,#1982,#1983,#1984,#1985,#1986,#1987,#1988,
    #1989,#1990,#1991,#1992,#1993,#1994,#1995,#1996,#1997,#1998),
  .UNSPECIFIED.,.F.,.F.,(10,8,8,10),(0.,2.878153189425,5.756306378849,
    11.512612757698),.UNSPECIFIED.);
#1973 = CARTESIAN_POINT('',(8.468641545001,0.456362061931));
#1974 = CARTESIAN_POINT('',(8.13759100029,0.354888682378));
#1975 = CARTESIAN_POINT('',(7.80847254228,0.251929769132));
#1976 = CARTESIAN_POINT('',(7.472228844969,0.144691502985));
#1977 = CARTESIAN_POINT('',(7.151480664996,4.007945114498E-02));
#1978 = CARTESIAN_POINT('',(6.816625871393,-7.076642054461E-02));
#1979 = CARTESIAN_POINT('',(6.491537458806,-0.180904424512));
#1980 = CARTESIAN_POINT('',(6.163787511342,-0.293764989497));
#1981 = CARTESIAN_POINT('',(5.837793479005,-0.408189168076));
#1982 = CARTESIAN_POINT('',(5.186754499625,-0.640846377034));
#1983 = CARTESIAN_POINT('',(4.862035328898,-0.758979069093));
#1984 = CARTESIAN_POINT('',(4.53813022625,-0.878903735002));
#1985 = CARTESIAN_POINT('',(4.2150529408,-1.000608261031));
#1986 = CARTESIAN_POINT('',(3.892817221662,-1.124080533448));
#1987 = CARTESIAN_POINT('',(3.571436817956,-1.249308438524));
#1988 = CARTESIAN_POINT('',(3.250925478794,-1.376279862528));
#1989 = CARTESIAN_POINT('',(2.931296953298,-1.504982691728));
#1990 = CARTESIAN_POINT('',(1.975101065147,-1.896249053729));
#1991 = CARTESIAN_POINT('',(1.341265220662,-2.163945743053));
#1992 = CARTESIAN_POINT('',(0.711149273083,-2.438398031894));
#1993 = CARTESIAN_POINT('',(8.485345612563E-02,-2.719497418096));
#1994 = CARTESIAN_POINT('',(-0.537513578732,-3.007123745813));
#1995 = CARTESIAN_POINT('',(-1.155834762253,-3.301145205519));
#1996 = CARTESIAN_POINT('',(-1.769984607439,-3.601418333995));
#1997 = CARTESIAN_POINT('',(-2.379829209532,-3.907788014343));
#1998 = CARTESIAN_POINT('',(-2.985226246015,-4.220087475973));
#1999 = ( GEOMETRIC_REPRESENTATION_CONTEXT(2) 
PARAMETRIC_REPRESENTATION_CONTEXT() REPRESENTATION_CONTEXT('2D SPACE',''
  ) );
#2000 = PCURVE('',#949,#2001);
#2001 = DEFINITIONAL_REPRESENTATION('',(#2002),#2005);
#2002 = B_SPLINE_CURVE_WITH_KNOTS('',1,(#2003,#2004),.UNSPECIFIED.,.F.,
  .F.,(2,2),(0.,11.512612757698),.PIECEWISE_BEZIER_KNOTS.);
#2003 = CARTESIAN_POINT('',(1.972106763789,-1.037189548263E+03));
#2004 = CARTESIAN_POINT('',(2.3534027807,-1.048695845055E+03));
#2005 = ( GEOMETRIC_REPRESENTATION_CONTEXT(2) 
PARAMETRIC_REPRESENTATION_CONTEXT() REPRESENTATION_CONTEXT('2D SPACE',''
  ) );
#2006 = ORIENTED_EDGE('',*,*,#2007,.F.);
#2007 = EDGE_CURVE('',#209,#1961,#2008,.T.);
#2008 = SURFACE_CURVE('',#2009,(#2017,#2050),.PCURVE_S1.);
#2009 = ( BOUNDED_CURVE() B_SPLINE_CURVE(6,(#2010,#2011,#2012,#2013,
#2014,#2015,#2016),.UNSPECIFIED.,.F.,.F.) B_SPLINE_CURVE_WITH_KNOTS((7,7
),(0.,1.570796326795),.PIECEWISE_BEZIER_KNOTS.) CURVE() 
GEOMETRIC_REPRESENTATION_ITEM() RATIONAL_B_SPLINE_CURVE((1.031393471788,
    1.010025407661,0.997924642725,0.993958444137,0.997924642725,
1.010025407661,1.031393471788)) REPRESENTATION_ITEM('') );
#2010 = CARTESIAN_POINT('',(57.68,1.046486935329E+03,68.410997902069));
#2011 = CARTESIAN_POINT('',(60.353367831529,1.046486935329E+03,
    68.410997902069));
#2012 = CARTESIAN_POINT('',(62.957085725822,1.045696616979E+03,
    68.097994917833));
#2013 = CARTESIAN_POINT('',(65.199195132023,1.044180435019E+03,
    67.497516037674));
#2014 = CARTESIAN_POINT('',(66.829956493663,1.04209585912E+03,
    66.671926606198));
#2015 = CARTESIAN_POINT('',(67.68,1.039675081813E+03,65.71318571241));
#2016 = CARTESIAN_POINT('',(67.68,1.037189548263E+03,64.728798321655));
#2017 = PCURVE('',#224,#2018);
#2018 = DEFINITIONAL_REPRESENTATION('',(#2019),#2049);
#2019 = B_SPLINE_CURVE_WITH_KNOTS('',10,(#2020,#2021,#2022,#2023,#2024,
    #2025,#2026,#2027,#2028,#2029,#2030,#2031,#2032,#2033,#2034,#2035,
    #2036,#2037,#2038,#2039,#2040,#2041,#2042,#2043,#2044,#2045,#2046,
    #2047,#2048),.UNSPECIFIED.,.F.,.F.,(11,9,9,11),(0.,0.785398163397,
    1.178097245096,1.570796326795),.UNSPECIFIED.);
#2020 = CARTESIAN_POINT('',(-5.376878978292,3.336794989804));
#2021 = CARTESIAN_POINT('',(-4.818844856776,3.295060979522));
#2022 = CARTESIAN_POINT('',(-4.220637767126,3.237596942514));
#2023 = CARTESIAN_POINT('',(-3.580714804776,3.165028465664));
#2024 = CARTESIAN_POINT('',(-2.879342976381,3.073680123376));
#2025 = CARTESIAN_POINT('',(-2.200759074492,2.974107573825));
#2026 = CARTESIAN_POINT('',(-1.437173884738,2.854318506388));
#2027 = CARTESIAN_POINT('',(-0.699021490151,2.726331573056));
#2028 = CARTESIAN_POINT('',(7.155854525772E-02,2.584883372339));
#2029 = CARTESIAN_POINT('',(0.841149798097,2.43380698224));
#2030 = CARTESIAN_POINT('',(1.994488804273,2.193865410201));
#2031 = CARTESIAN_POINT('',(2.378652440186,2.111659466886));
#2032 = CARTESIAN_POINT('',(2.761640258535,2.027414866247));
#2033 = CARTESIAN_POINT('',(3.142583220332,1.941319268649));
#2034 = CARTESIAN_POINT('',(3.520636365738,1.853561232878));
#2035 = CARTESIAN_POINT('',(3.894978813977,1.764330216087));
#2036 = CARTESIAN_POINT('',(4.264813763443,1.673816573862));
#2037 = CARTESIAN_POINT('',(4.629368491599,1.582211560158));
#2038 = CARTESIAN_POINT('',(4.98789435505,1.48970732735));
#2039 = CARTESIAN_POINT('',(5.691439223955,1.303286525049));
#2040 = CARTESIAN_POINT('',(6.035967415812,1.209540132299));
#2041 = CARTESIAN_POINT('',(6.375998882928,1.11425116924));
#2042 = CARTESIAN_POINT('',(6.700495309407,1.021152979246));
#2043 = CARTESIAN_POINT('',(7.024983337228,0.924903097125));
#2044 = CARTESIAN_POINT('',(7.337665078213,0.829495286839));
#2045 = CARTESIAN_POINT('',(7.632010170509,0.737106234511));
#2046 = CARTESIAN_POINT('',(7.927801046191,0.640952222007));
#2047 = CARTESIAN_POINT('',(8.202029089346,0.548981663396));
#2048 = CARTESIAN_POINT('',(8.468641545001,0.456362061931));
#2049 = ( GEOMETRIC_REPRESENTATION_CONTEXT(2) 
PARAMETRIC_REPRESENTATION_CONTEXT() REPRESENTATION_CONTEXT('2D SPACE',''
  ) );
#2050 = PCURVE('',#528,#2051);
#2051 = DEFINITIONAL_REPRESENTATION('',(#2052),#2061);
#2052 = B_SPLINE_CURVE_WITH_KNOTS('',7,(#2053,#2054,#2055,#2056,#2057,
    #2058,#2059,#2060),.UNSPECIFIED.,.F.,.F.,(8,8),(0.,1.570796326795),
  .PIECEWISE_BEZIER_KNOTS.);
#2053 = CARTESIAN_POINT('',(-1.193702595213,0.));
#2054 = CARTESIAN_POINT('',(-1.193702595213,0.224398447986));
#2055 = CARTESIAN_POINT('',(-1.193702595213,0.448800639355));
#2056 = CARTESIAN_POINT('',(-1.193702595213,0.673196425682));
#2057 = CARTESIAN_POINT('',(-1.193702595213,0.897599901113));
#2058 = CARTESIAN_POINT('',(-1.193702595213,1.12199568744));
#2059 = CARTESIAN_POINT('',(-1.193702595213,1.346397878809));
#2060 = CARTESIAN_POINT('',(-1.193702595213,1.570796326795));
#2061 = ( GEOMETRIC_REPRESENTATION_CONTEXT(2) 
PARAMETRIC_REPRESENTATION_CONTEXT() REPRESENTATION_CONTEXT('2D SPACE',''
  ) );
#2062 = ADVANCED_FACE('',(#2063),#672,.T.);
#2063 = FACE_BOUND('',#2064,.T.);
#2064 = EDGE_LOOP('',(#2065,#2066,#2141,#2142));
#2065 = ORIENTED_EDGE('',*,*,#1730,.T.);
#2066 = ORIENTED_EDGE('',*,*,#2067,.T.);
#2067 = EDGE_CURVE('',#1731,#762,#2068,.T.);
#2068 = SURFACE_CURVE('',#2069,(#2096,#2103),.PCURVE_S1.);
#2069 = B_SPLINE_CURVE_WITH_KNOTS('',7,(#2070,#2071,#2072,#2073,#2074,
    #2075,#2076,#2077,#2078,#2079,#2080,#2081,#2082,#2083,#2084,#2085,
    #2086,#2087,#2088,#2089,#2090,#2091,#2092,#2093,#2094,#2095),
  .UNSPECIFIED.,.F.,.F.,(8,6,6,6,8),(-7.229079401055,-6.406907498455,0.,
    7.888644034395,12.694110400857),.UNSPECIFIED.);
#2070 = CARTESIAN_POINT('',(67.467777416259,1.039253584593E+03,
    64.672701918395));
#2071 = CARTESIAN_POINT('',(67.337944528508,1.039292662775E+03,
    64.605311803826));
#2072 = CARTESIAN_POINT('',(67.208111640757,1.039331740956E+03,
    64.537921689257));
#2073 = CARTESIAN_POINT('',(67.078278753006,1.039370819138E+03,
    64.470531574687));
#2074 = CARTESIAN_POINT('',(66.948445865255,1.03940989732E+03,
    64.403141460118));
#2075 = CARTESIAN_POINT('',(66.818612977505,1.039448975501E+03,
    64.335751345549));
#2076 = CARTESIAN_POINT('',(66.688780089754,1.039488053683E+03,
    64.26836123098));
#2077 = CARTESIAN_POINT('',(65.547203429871,1.039831654915E+03,
    63.675822751465));
#2078 = CARTESIAN_POINT('',(64.755814504014,1.04012217229E+03,
    63.158431019014));
#2079 = CARTESIAN_POINT('',(64.070308058875,1.04040759133E+03,
    62.655464125042));
#2080 = CARTESIAN_POINT('',(63.455688711151,1.040699617188E+03,
    62.143515232349));
#2081 = CARTESIAN_POINT('',(62.889244255272,1.040985206173E+03,
    61.622838992965));
#2082 = CARTESIAN_POINT('',(62.351962707612,1.041270305328E+03,
    61.070013306741));
#2083 = CARTESIAN_POINT('',(61.222807546683,1.041894137425E+03,
    59.768880661538));
#2084 = CARTESIAN_POINT('',(60.646739780734,1.042230336429E+03,
    59.00467170695));
#2085 = CARTESIAN_POINT('',(60.118635273758,1.042552437971E+03,
    58.193026909875));
#2086 = CARTESIAN_POINT('',(59.64191368273,1.042853823396E+03,
    57.335185501971));
#2087 = CARTESIAN_POINT('',(59.220967289019,1.043127571887E+03,
    56.430486798766));
#2088 = CARTESIAN_POINT('',(58.861230979996,1.04336632893E+03,
    55.477816034283));
#2089 = CARTESIAN_POINT('',(58.393935636301,1.043680836643E+03,
    53.876769592828));
#2090 = CARTESIAN_POINT('',(58.242778879119,1.043783830293E+03,
    53.255194076814));
#2091 = CARTESIAN_POINT('',(58.119134651642,1.043868866419E+03,
    52.619332680188));
#2092 = CARTESIAN_POINT('',(58.024941741838,1.043934063132E+03,
    51.972431057301));
#2093 = CARTESIAN_POINT('',(57.961661406391,1.043978011505E+03,
    51.317834433277));
#2094 = CARTESIAN_POINT('',(57.93,1.044E+03,50.658790247069));
#2095 = CARTESIAN_POINT('',(57.93,1.044E+03,50.));
#2096 = PCURVE('',#672,#2097);
#2097 = DEFINITIONAL_REPRESENTATION('',(#2098),#2102);
#2098 = LINE('',#2099,#2100);
#2099 = CARTESIAN_POINT('',(19.101017899312,0.));
#2100 = VECTOR('',#2101,1.);
#2101 = DIRECTION('',(0.,1.));
#2102 = ( GEOMETRIC_REPRESENTATION_CONTEXT(2) 
PARAMETRIC_REPRESENTATION_CONTEXT() REPRESENTATION_CONTEXT('2D SPACE',''
  ) );
#2103 = PCURVE('',#949,#2104);
#2104 = DEFINITIONAL_REPRESENTATION('',(#2105),#2140);
#2105 = B_SPLINE_CURVE_WITH_KNOTS('',9,(#2106,#2107,#2108,#2109,#2110,
    #2111,#2112,#2113,#2114,#2115,#2116,#2117,#2118,#2119,#2120,#2121,
    #2122,#2123,#2124,#2125,#2126,#2127,#2128,#2129,#2130,#2131,#2132,
    #2133,#2134,#2135,#2136,#2137,#2138,#2139),.UNSPECIFIED.,.F.,.F.,(10
    ,8,8,8,10),(-6.40679017814,-1.631565033391,3.143660111359,
    7.918885256108,12.694110400857),.UNSPECIFIED.);
#2106 = CARTESIAN_POINT('',(2.049578813181,-1.039527170899E+03));
#2107 = CARTESIAN_POINT('',(2.090878341279,-1.039703701053E+03));
#2108 = CARTESIAN_POINT('',(2.128145558536,-1.039875641705E+03));
#2109 = CARTESIAN_POINT('',(2.162540163704,-1.040044730345E+03));
#2110 = CARTESIAN_POINT('',(2.194852509146,-1.040212496351E+03));
#2111 = CARTESIAN_POINT('',(2.225637117746,-1.040379904855E+03));
#2112 = CARTESIAN_POINT('',(2.255310034116,-1.040547241709E+03));
#2113 = CARTESIAN_POINT('',(2.284210010038,-1.040714239511E+03));
#2114 = CARTESIAN_POINT('',(2.312623524198,-1.040880444731E+03));
#2115 = CARTESIAN_POINT('',(2.368923748133,-1.041211207076E+03));
#2116 = CARTESIAN_POINT('',(2.396817146679,-1.041375722755E+03));
#2117 = CARTESIAN_POINT('',(2.424614385375,-1.041539052648E+03));
#2118 = CARTESIAN_POINT('',(2.452728074967,-1.041701706517E+03));
#2119 = CARTESIAN_POINT('',(2.480647377563,-1.041861248653E+03));
#2120 = CARTESIAN_POINT('',(2.508850279873,-1.042019039196E+03));
#2121 = CARTESIAN_POINT('',(2.537100852297,-1.042173138805E+03));
#2122 = CARTESIAN_POINT('',(2.565522473262,-1.042323553878E+03));
#2123 = CARTESIAN_POINT('',(2.622702525464,-1.042615410135E+03));
#2124 = CARTESIAN_POINT('',(2.651464824236,-1.042756874797E+03));
#2125 = CARTESIAN_POINT('',(2.680418883283,-1.042893244688E+03));
#2126 = CARTESIAN_POINT('',(2.709587820301,-1.043023875707E+03));
#2127 = CARTESIAN_POINT('',(2.738995463902,-1.043148106986E+03));
#2128 = CARTESIAN_POINT('',(2.768663434449,-1.043265256927E+03));
#2129 = CARTESIAN_POINT('',(2.798608224875,-1.043374619227E+03));
#2130 = CARTESIAN_POINT('',(2.828838281518,-1.043475458917E+03));
#2131 = CARTESIAN_POINT('',(2.889863888371,-1.043658557868E+03));
#2132 = CARTESIAN_POINT('',(2.920652106226,-1.043740818832E+03));
#2133 = CARTESIAN_POINT('',(2.951713557873,-1.043813018029E+03));
#2134 = CARTESIAN_POINT('',(2.983015631677,-1.043874387251E+03));
#2135 = CARTESIAN_POINT('',(3.014515322923,-1.0439242376E+03));
#2136 = CARTESIAN_POINT('',(3.046169796963,-1.043962014625E+03));
#2137 = CARTESIAN_POINT('',(3.077937477622,-1.043987334323E+03));
#2138 = CARTESIAN_POINT('',(3.109769660843,-1.044E+03));
#2139 = CARTESIAN_POINT('',(3.14159265359,-1.044E+03));
#2140 = ( GEOMETRIC_REPRESENTATION_CONTEXT(2) 
PARAMETRIC_REPRESENTATION_CONTEXT() REPRESENTATION_CONTEXT('2D SPACE',''
  ) );
#2141 = ORIENTED_EDGE('',*,*,#761,.F.);
#2142 = ORIENTED_EDGE('',*,*,#594,.F.);
#2143 = ADVANCED_FACE('',(#2144),#528,.T.);
#2144 = FACE_BOUND('',#2145,.F.);
#2145 = EDGE_LOOP('',(#2146,#2173,#2174,#2175));
#2146 = ORIENTED_EDGE('',*,*,#2147,.F.);
#2147 = EDGE_CURVE('',#512,#2148,#2150,.T.);
#2148 = VERTEX_POINT('',#2149);
#2149 = CARTESIAN_POINT('',(67.68,1.E+03,90.));
#2150 = SURFACE_CURVE('',#2151,(#2156,#2162),.PCURVE_S1.);
#2151 = CIRCLE('',#2152,10.);
#2152 = AXIS2_PLACEMENT_3D('',#2153,#2154,#2155);
#2153 = CARTESIAN_POINT('',(57.68,1.E+03,90.));
#2154 = DIRECTION('',(0.,1.,1.072517336996E-16));
#2155 = DIRECTION('',(0.,-1.072517336996E-16,1.));
#2156 = PCURVE('',#528,#2157);
#2157 = DEFINITIONAL_REPRESENTATION('',(#2158),#2161);
#2158 = B_SPLINE_CURVE_WITH_KNOTS('',1,(#2159,#2160),.UNSPECIFIED.,.F.,
  .F.,(2,2),(0.,1.570796326795),.PIECEWISE_BEZIER_KNOTS.);
#2159 = CARTESIAN_POINT('',(0.,0.));
#2160 = CARTESIAN_POINT('',(0.,1.570796326795));
#2161 = ( GEOMETRIC_REPRESENTATION_CONTEXT(2) 
PARAMETRIC_REPRESENTATION_CONTEXT() REPRESENTATION_CONTEXT('2D SPACE',''
  ) );
#2162 = PCURVE('',#2163,#2168);
#2163 = CYLINDRICAL_SURFACE('',#2164,10.);
#2164 = AXIS2_PLACEMENT_3D('',#2165,#2166,#2167);
#2165 = CARTESIAN_POINT('',(57.68,867.5,90.));
#2166 = DIRECTION('',(0.,1.,1.072517336996E-16));
#2167 = DIRECTION('',(0.,-1.072517336996E-16,1.));
#2168 = DEFINITIONAL_REPRESENTATION('',(#2169),#2172);
#2169 = B_SPLINE_CURVE_WITH_KNOTS('',1,(#2170,#2171),.UNSPECIFIED.,.F.,
  .F.,(2,2),(0.,1.570796326795),.PIECEWISE_BEZIER_KNOTS.);
#2170 = CARTESIAN_POINT('',(0.,132.5));
#2171 = CARTESIAN_POINT('',(1.570796326795,132.5));
#2172 = ( GEOMETRIC_REPRESENTATION_CONTEXT(2) 
PARAMETRIC_REPRESENTATION_CONTEXT() REPRESENTATION_CONTEXT('2D SPACE',''
  ) );
#2173 = ORIENTED_EDGE('',*,*,#511,.T.);
#2174 = ORIENTED_EDGE('',*,*,#2007,.T.);
#2175 = ORIENTED_EDGE('',*,*,#2176,.F.);
#2176 = EDGE_CURVE('',#2148,#1961,#2177,.T.);
#2177 = SURFACE_CURVE('',#2178,(#2183,#2190),.PCURVE_S1.);
#2178 = CIRCLE('',#2179,40.);
#2179 = AXIS2_PLACEMENT_3D('',#2180,#2181,#2182);
#2180 = CARTESIAN_POINT('',(67.68,1.E+03,50.));
#2181 = DIRECTION('',(-1.,-0.,0.));
#2182 = DIRECTION('',(0.,0.,1.));
#2183 = PCURVE('',#528,#2184);
#2184 = DEFINITIONAL_REPRESENTATION('',(#2185),#2189);
#2185 = LINE('',#2186,#2187);
#2186 = CARTESIAN_POINT('',(-0.,1.570796326795));
#2187 = VECTOR('',#2188,1.);
#2188 = DIRECTION('',(-1.,0.));
#2189 = ( GEOMETRIC_REPRESENTATION_CONTEXT(2) 
PARAMETRIC_REPRESENTATION_CONTEXT() REPRESENTATION_CONTEXT('2D SPACE',''
  ) );
#2190 = PCURVE('',#2191,#2196);
#2191 = PLANE('',#2192);
#2192 = AXIS2_PLACEMENT_3D('',#2193,#2194,#2195);
#2193 = CARTESIAN_POINT('',(67.68,877.5,62.67));
#2194 = DIRECTION('',(1.,0.,-0.));
#2195 = DIRECTION('',(0.,0.,1.));
#2196 = DEFINITIONAL_REPRESENTATION('',(#2197),#2205);
#2197 = ( BOUNDED_CURVE() B_SPLINE_CURVE(2,(#2198,#2199,#2200,#2201,
#2202,#2203,#2204),.UNSPECIFIED.,.T.,.F.) B_SPLINE_CURVE_WITH_KNOTS((1,2
    ,2,2,2,1),(-2.094395102393,0.,2.094395102393,4.188790204786,
6.28318530718,8.377580409573),.UNSPECIFIED.) CURVE() 
GEOMETRIC_REPRESENTATION_ITEM() RATIONAL_B_SPLINE_CURVE((1.,0.5,1.,0.5,
1.,0.5,1.)) REPRESENTATION_ITEM('') );
#2198 = CARTESIAN_POINT('',(27.33,-122.5));
#2199 = CARTESIAN_POINT('',(27.33,-191.7820323027));
#2200 = CARTESIAN_POINT('',(-32.67,-157.1410161513));
#2201 = CARTESIAN_POINT('',(-92.67,-122.5));
#2202 = CARTESIAN_POINT('',(-32.67,-87.85898384862));
#2203 = CARTESIAN_POINT('',(27.33,-53.21796769724));
#2204 = CARTESIAN_POINT('',(27.33,-122.5));
#2205 = ( GEOMETRIC_REPRESENTATION_CONTEXT(2) 
PARAMETRIC_REPRESENTATION_CONTEXT() REPRESENTATION_CONTEXT('2D SPACE',''
  ) );
#2206 = ADVANCED_FACE('',(#2207),#556,.F.);
#2207 = FACE_BOUND('',#2208,.F.);
#2208 = EDGE_LOOP('',(#2209,#2237,#2265,#2291,#2292,#2315,#2343,#2369));
#2209 = ORIENTED_EDGE('',*,*,#2210,.F.);
#2210 = EDGE_CURVE('',#2211,#1423,#2213,.T.);
#2211 = VERTEX_POINT('',#2212);
#2212 = CARTESIAN_POINT('',(100.,866.5,100.));
#2213 = SURFACE_CURVE('',#2214,(#2218,#2225),.PCURVE_S1.);
#2214 = LINE('',#2215,#2216);
#2215 = CARTESIAN_POINT('',(100.,862.5,100.));
#2216 = VECTOR('',#2217,1.);
#2217 = DIRECTION('',(-0.,1.,-0.));
#2218 = PCURVE('',#556,#2219);
#2219 = DEFINITIONAL_REPRESENTATION('',(#2220),#2224);
#2220 = LINE('',#2221,#2222);
#2221 = CARTESIAN_POINT('',(100.,-862.5));
#2222 = VECTOR('',#2223,1.);
#2223 = DIRECTION('',(0.,-1.));
#2224 = ( GEOMETRIC_REPRESENTATION_CONTEXT(2) 
PARAMETRIC_REPRESENTATION_CONTEXT() REPRESENTATION_CONTEXT('2D SPACE',''
  ) );
#2225 = PCURVE('',#2226,#2231);
#2226 = CYLINDRICAL_SURFACE('',#2227,50.);
#2227 = AXIS2_PLACEMENT_3D('',#2228,#2229,#2230);
#2228 = CARTESIAN_POINT('',(100.,862.5,50.));
#2229 = DIRECTION('',(-0.,1.,-0.));
#2230 = DIRECTION('',(-0.,0.,1.));
#2231 = DEFINITIONAL_REPRESENTATION('',(#2232),#2236);
#2232 = LINE('',#2233,#2234);
#2233 = CARTESIAN_POINT('',(0.,0.));
#2234 = VECTOR('',#2235,1.);
#2235 = DIRECTION('',(0.,1.));
#2236 = ( GEOMETRIC_REPRESENTATION_CONTEXT(2) 
PARAMETRIC_REPRESENTATION_CONTEXT() REPRESENTATION_CONTEXT('2D SPACE',''
  ) );
#2237 = ORIENTED_EDGE('',*,*,#2238,.F.);
#2238 = EDGE_CURVE('',#2239,#2211,#2241,.T.);
#2239 = VERTEX_POINT('',#2240);
#2240 = CARTESIAN_POINT('',(50.,866.5,100.));
#2241 = SURFACE_CURVE('',#2242,(#2246,#2253),.PCURVE_S1.);
#2242 = LINE('',#2243,#2244);
#2243 = CARTESIAN_POINT('',(50.,866.5,100.));
#2244 = VECTOR('',#2245,1.);
#2245 = DIRECTION('',(1.,0.,0.));
#2246 = PCURVE('',#556,#2247);
#2247 = DEFINITIONAL_REPRESENTATION('',(#2248),#2252);
#2248 = LINE('',#2249,#2250);
#2249 = CARTESIAN_POINT('',(50.,-866.5));
#2250 = VECTOR('',#2251,1.);
#2251 = DIRECTION('',(1.,0.));
#2252 = ( GEOMETRIC_REPRESENTATION_CONTEXT(2) 
PARAMETRIC_REPRESENTATION_CONTEXT() REPRESENTATION_CONTEXT('2D SPACE',''
  ) );
#2253 = PCURVE('',#2254,#2259);
#2254 = CYLINDRICAL_SURFACE('',#2255,4.);
#2255 = AXIS2_PLACEMENT_3D('',#2256,#2257,#2258);
#2256 = CARTESIAN_POINT('',(50.,866.5,96.));
#2257 = DIRECTION('',(1.,0.,0.));
#2258 = DIRECTION('',(0.,-1.,-0.));
#2259 = DEFINITIONAL_REPRESENTATION('',(#2260),#2264);
#2260 = LINE('',#2261,#2262);
#2261 = CARTESIAN_POINT('',(-1.570796326795,0.));
#2262 = VECTOR('',#2263,1.);
#2263 = DIRECTION('',(-0.,1.));
#2264 = ( GEOMETRIC_REPRESENTATION_CONTEXT(2) 
PARAMETRIC_REPRESENTATION_CONTEXT() REPRESENTATION_CONTEXT('2D SPACE',''
  ) );
#2265 = ORIENTED_EDGE('',*,*,#2266,.T.);
#2266 = EDGE_CURVE('',#2239,#541,#2267,.T.);
#2267 = SURFACE_CURVE('',#2268,(#2272,#2279),.PCURVE_S1.);
#2268 = LINE('',#2269,#2270);
#2269 = CARTESIAN_POINT('',(50.,862.5,100.));
#2270 = VECTOR('',#2271,1.);
#2271 = DIRECTION('',(-0.,1.,-0.));
#2272 = PCURVE('',#556,#2273);
#2273 = DEFINITIONAL_REPRESENTATION('',(#2274),#2278);
#2274 = LINE('',#2275,#2276);
#2275 = CARTESIAN_POINT('',(50.,-862.5));
#2276 = VECTOR('',#2277,1.);
#2277 = DIRECTION('',(0.,-1.));
#2278 = ( GEOMETRIC_REPRESENTATION_CONTEXT(2) 
PARAMETRIC_REPRESENTATION_CONTEXT() REPRESENTATION_CONTEXT('2D SPACE',''
  ) );
#2279 = PCURVE('',#2280,#2285);
#2280 = CYLINDRICAL_SURFACE('',#2281,50.);
#2281 = AXIS2_PLACEMENT_3D('',#2282,#2283,#2284);
#2282 = CARTESIAN_POINT('',(50.,862.5,50.));
#2283 = DIRECTION('',(-0.,1.,-0.));
#2284 = DIRECTION('',(-1.,-0.,0.));
#2285 = DEFINITIONAL_REPRESENTATION('',(#2286),#2290);
#2286 = LINE('',#2287,#2288);
#2287 = CARTESIAN_POINT('',(1.570796326795,0.));
#2288 = VECTOR('',#2289,1.);
#2289 = DIRECTION('',(0.,1.));
#2290 = ( GEOMETRIC_REPRESENTATION_CONTEXT(2) 
PARAMETRIC_REPRESENTATION_CONTEXT() REPRESENTATION_CONTEXT('2D SPACE',''
  ) );
#2291 = ORIENTED_EDGE('',*,*,#540,.T.);
#2292 = ORIENTED_EDGE('',*,*,#2293,.F.);
#2293 = EDGE_CURVE('',#2294,#512,#2296,.T.);
#2294 = VERTEX_POINT('',#2295);
#2295 = CARTESIAN_POINT('',(57.68,867.5,100.));
#2296 = SURFACE_CURVE('',#2297,(#2301,#2308),.PCURVE_S1.);
#2297 = LINE('',#2298,#2299);
#2298 = CARTESIAN_POINT('',(57.68,867.5,100.));
#2299 = VECTOR('',#2300,1.);
#2300 = DIRECTION('',(0.,1.,1.072517336996E-16));
#2301 = PCURVE('',#556,#2302);
#2302 = DEFINITIONAL_REPRESENTATION('',(#2303),#2307);
#2303 = LINE('',#2304,#2305);
#2304 = CARTESIAN_POINT('',(57.68,-867.5));
#2305 = VECTOR('',#2306,1.);
#2306 = DIRECTION('',(0.,-1.));
#2307 = ( GEOMETRIC_REPRESENTATION_CONTEXT(2) 
PARAMETRIC_REPRESENTATION_CONTEXT() REPRESENTATION_CONTEXT('2D SPACE',''
  ) );
#2308 = PCURVE('',#2163,#2309);
#2309 = DEFINITIONAL_REPRESENTATION('',(#2310),#2314);
#2310 = LINE('',#2311,#2312);
#2311 = CARTESIAN_POINT('',(0.,0.));
#2312 = VECTOR('',#2313,1.);
#2313 = DIRECTION('',(0.,1.));
#2314 = ( GEOMETRIC_REPRESENTATION_CONTEXT(2) 
PARAMETRIC_REPRESENTATION_CONTEXT() REPRESENTATION_CONTEXT('2D SPACE',''
  ) );
#2315 = ORIENTED_EDGE('',*,*,#2316,.F.);
#2316 = EDGE_CURVE('',#2317,#2294,#2319,.T.);
#2317 = VERTEX_POINT('',#2318);
#2318 = CARTESIAN_POINT('',(86.18,867.5,100.));
#2319 = SURFACE_CURVE('',#2320,(#2324,#2331),.PCURVE_S1.);
#2320 = LINE('',#2321,#2322);
#2321 = CARTESIAN_POINT('',(86.18,867.5,100.));
#2322 = VECTOR('',#2323,1.);
#2323 = DIRECTION('',(-1.,0.,0.));
#2324 = PCURVE('',#556,#2325);
#2325 = DEFINITIONAL_REPRESENTATION('',(#2326),#2330);
#2326 = LINE('',#2327,#2328);
#2327 = CARTESIAN_POINT('',(86.18,-867.5));
#2328 = VECTOR('',#2329,1.);
#2329 = DIRECTION('',(-1.,0.));
#2330 = ( GEOMETRIC_REPRESENTATION_CONTEXT(2) 
PARAMETRIC_REPRESENTATION_CONTEXT() REPRESENTATION_CONTEXT('2D SPACE',''
  ) );
#2331 = PCURVE('',#2332,#2337);
#2332 = CYLINDRICAL_SURFACE('',#2333,10.);
#2333 = AXIS2_PLACEMENT_3D('',#2334,#2335,#2336);
#2334 = CARTESIAN_POINT('',(80.18,867.5,90.));
#2335 = DIRECTION('',(-1.,-0.,-0.));
#2336 = DIRECTION('',(-0.,0.,1.));
#2337 = DEFINITIONAL_REPRESENTATION('',(#2338),#2342);
#2338 = LINE('',#2339,#2340);
#2339 = CARTESIAN_POINT('',(0.,-6.));
#2340 = VECTOR('',#2341,1.);
#2341 = DIRECTION('',(-0.,1.));
#2342 = ( GEOMETRIC_REPRESENTATION_CONTEXT(2) 
PARAMETRIC_REPRESENTATION_CONTEXT() REPRESENTATION_CONTEXT('2D SPACE',''
  ) );
#2343 = ORIENTED_EDGE('',*,*,#2344,.F.);
#2344 = EDGE_CURVE('',#1043,#2317,#2345,.T.);
#2345 = SURFACE_CURVE('',#2346,(#2350,#2357),.PCURVE_S1.);
#2346 = LINE('',#2347,#2348);
#2347 = CARTESIAN_POINT('',(86.18,1.E+03,100.));
#2348 = VECTOR('',#2349,1.);
#2349 = DIRECTION('',(0.,-1.,0.));
#2350 = PCURVE('',#556,#2351);
#2351 = DEFINITIONAL_REPRESENTATION('',(#2352),#2356);
#2352 = LINE('',#2353,#2354);
#2353 = CARTESIAN_POINT('',(86.18,-1.E+03));
#2354 = VECTOR('',#2355,1.);
#2355 = DIRECTION('',(0.,1.));
#2356 = ( GEOMETRIC_REPRESENTATION_CONTEXT(2) 
PARAMETRIC_REPRESENTATION_CONTEXT() REPRESENTATION_CONTEXT('2D SPACE',''
  ) );
#2357 = PCURVE('',#2358,#2363);
#2358 = CYLINDRICAL_SURFACE('',#2359,6.);
#2359 = AXIS2_PLACEMENT_3D('',#2360,#2361,#2362);
#2360 = CARTESIAN_POINT('',(86.18,1.E+03,94.));
#2361 = DIRECTION('',(0.,-1.,0.));
#2362 = DIRECTION('',(-0.,0.,1.));
#2363 = DEFINITIONAL_REPRESENTATION('',(#2364),#2368);
#2364 = LINE('',#2365,#2366);
#2365 = CARTESIAN_POINT('',(0.,0.));
#2366 = VECTOR('',#2367,1.);
#2367 = DIRECTION('',(0.,1.));
#2368 = ( GEOMETRIC_REPRESENTATION_CONTEXT(2) 
PARAMETRIC_REPRESENTATION_CONTEXT() REPRESENTATION_CONTEXT('2D SPACE',''
  ) );
#2369 = ORIENTED_EDGE('',*,*,#1485,.F.);
#2370 = ADVANCED_FACE('',(#2371),#582,.T.);
#2371 = FACE_BOUND('',#2372,.T.);
#2372 = EDGE_LOOP('',(#2373,#2374,#2396));
#2373 = ORIENTED_EDGE('',*,*,#989,.F.);
#2374 = ORIENTED_EDGE('',*,*,#2375,.T.);
#2375 = EDGE_CURVE('',#990,#541,#2376,.T.);
#2376 = SURFACE_CURVE('',#2377,(#2382,#2389),.PCURVE_S1.);
#2377 = CIRCLE('',#2378,50.);
#2378 = AXIS2_PLACEMENT_3D('',#2379,#2380,#2381);
#2379 = CARTESIAN_POINT('',(50.,1.E+03,50.));
#2380 = DIRECTION('',(0.,1.,-0.));
#2381 = DIRECTION('',(-1.,0.,0.));
#2382 = PCURVE('',#582,#2383);
#2383 = DEFINITIONAL_REPRESENTATION('',(#2384),#2388);
#2384 = LINE('',#2385,#2386);
#2385 = CARTESIAN_POINT('',(0.,0.));
#2386 = VECTOR('',#2387,1.);
#2387 = DIRECTION('',(1.,0.));
#2388 = ( GEOMETRIC_REPRESENTATION_CONTEXT(2) 
PARAMETRIC_REPRESENTATION_CONTEXT() REPRESENTATION_CONTEXT('2D SPACE',''
  ) );
#2389 = PCURVE('',#2280,#2390);
#2390 = DEFINITIONAL_REPRESENTATION('',(#2391),#2395);
#2391 = LINE('',#2392,#2393);
#2392 = CARTESIAN_POINT('',(0.,137.5));
#2393 = VECTOR('',#2394,1.);
#2394 = DIRECTION('',(1.,0.));
#2395 = ( GEOMETRIC_REPRESENTATION_CONTEXT(2) 
PARAMETRIC_REPRESENTATION_CONTEXT() REPRESENTATION_CONTEXT('2D SPACE',''
  ) );
#2396 = ORIENTED_EDGE('',*,*,#568,.T.);
#2397 = ADVANCED_FACE('',(#2398),#949,.F.);
#2398 = FACE_BOUND('',#2399,.F.);
#2399 = EDGE_LOOP('',(#2400,#2423,#2500,#2663,#2691,#2724,#2743,#2744,
    #2745,#2746,#2747));
#2400 = ORIENTED_EDGE('',*,*,#2401,.T.);
#2401 = EDGE_CURVE('',#2402,#794,#2404,.T.);
#2402 = VERTEX_POINT('',#2403);
#2403 = CARTESIAN_POINT('',(89.93,862.5,50.));
#2404 = SEAM_CURVE('',#2405,(#2409,#2416),.PCURVE_S1.);
#2405 = LINE('',#2406,#2407);
#2406 = CARTESIAN_POINT('',(89.93,0.,50.));
#2407 = VECTOR('',#2408,1.);
#2408 = DIRECTION('',(-0.,1.,-0.));
#2409 = PCURVE('',#949,#2410);
#2410 = DEFINITIONAL_REPRESENTATION('',(#2411),#2415);
#2411 = LINE('',#2412,#2413);
#2412 = CARTESIAN_POINT('',(0.,0.));
#2413 = VECTOR('',#2414,1.);
#2414 = DIRECTION('',(0.,-1.));
#2415 = ( GEOMETRIC_REPRESENTATION_CONTEXT(2) 
PARAMETRIC_REPRESENTATION_CONTEXT() REPRESENTATION_CONTEXT('2D SPACE',''
  ) );
#2416 = PCURVE('',#949,#2417);
#2417 = DEFINITIONAL_REPRESENTATION('',(#2418),#2422);
#2418 = LINE('',#2419,#2420);
#2419 = CARTESIAN_POINT('',(6.28318530718,0.));
#2420 = VECTOR('',#2421,1.);
#2421 = DIRECTION('',(0.,-1.));
#2422 = ( GEOMETRIC_REPRESENTATION_CONTEXT(2) 
PARAMETRIC_REPRESENTATION_CONTEXT() REPRESENTATION_CONTEXT('2D SPACE',''
  ) );
#2423 = ORIENTED_EDGE('',*,*,#2424,.T.);
#2424 = EDGE_CURVE('',#794,#2425,#2427,.T.);
#2425 = VERTEX_POINT('',#2426);
#2426 = CARTESIAN_POINT('',(84.853618534293,1.042659662287E+03,
    61.690789456545));
#2427 = SURFACE_CURVE('',#2428,(#2459,#2493),.PCURVE_S1.);
#2428 = ( BOUNDED_CURVE() B_SPLINE_CURVE(8,(#2429,#2430,#2431,#2432,
    #2433,#2434,#2435,#2436,#2437,#2438,#2439,#2440,#2441,#2442,#2443,
    #2444,#2445,#2446,#2447,#2448,#2449,#2450,#2451,#2452,#2453,#2454,
    #2455,#2456,#2457,#2458),.UNSPECIFIED.,.F.,.F.) 
B_SPLINE_CURVE_WITH_KNOTS((9,7,7,7,9),(62.959592858293,69.873726841181,
72.639136215941,75.944117260622,79.25036165629),.UNSPECIFIED.) CURVE() 
GEOMETRIC_REPRESENTATION_ITEM() RATIONAL_B_SPLINE_CURVE((1.,1.,1.,1.,1.,
    1.,1.,1.,1.,1.,1.,1.,1.,1.,1.,1.,1.,1.,1.,1.,1.,1.,1.,1.,1.,1.,1.,1.
,1.,1.)) REPRESENTATION_ITEM('') );
#2429 = CARTESIAN_POINT('',(89.93,1.044E+03,50.));
#2430 = CARTESIAN_POINT('',(89.93,1.044E+03,50.938090300151));
#2431 = CARTESIAN_POINT('',(89.867112113687,1.043956335516E+03,
    51.877489467712));
#2432 = CARTESIAN_POINT('',(89.741251202451,1.043868879254E+03,
    52.805768006826));
#2433 = CARTESIAN_POINT('',(89.554581788027,1.043740079254E+03,
    53.717258265512));
#2434 = CARTESIAN_POINT('',(89.311416362045,1.043574004982E+03,
    54.600215309297));
#2435 = CARTESIAN_POINT('',(89.017312541536,1.043376821062E+03,
    55.452304645451));
#2436 = CARTESIAN_POINT('',(88.675581901884,1.043152624866E+03,
    56.271681349527));
#2437 = CARTESIAN_POINT('',(88.135081857437,1.042807663376E+03,
    57.371445949509));
#2438 = CARTESIAN_POINT('',(87.973652191035,1.04270537445E+03,
    57.68019299338));
#2439 = CARTESIAN_POINT('',(87.804917121699,1.042600626874E+03,
    57.983709192931));
#2440 = CARTESIAN_POINT('',(87.630131019647,1.042491502642E+03,
    58.281309195165));
#2441 = CARTESIAN_POINT('',(87.445925013927,1.042378883632E+03,
    58.578883414023));
#2442 = CARTESIAN_POINT('',(87.247829474631,1.042261626828E+03,
    58.880097763894));
#2443 = CARTESIAN_POINT('',(87.046592063071,1.042140852815E+03,
    59.166098209783));
#2444 = CARTESIAN_POINT('',(86.725666710212,1.041948619548E+03,
    59.610408884821));
#2445 = CARTESIAN_POINT('',(86.613445977898,1.041882733569E+03,
    59.755116511185));
#2446 = CARTESIAN_POINT('',(86.520186661212,1.041847316193E+03,
    59.87620362939));
#2447 = CARTESIAN_POINT('',(86.424849342679,1.04183361555E+03,
    59.99691598455));
#2448 = CARTESIAN_POINT('',(86.327703452541,1.041839179484E+03,
    60.1163272212));
#2449 = CARTESIAN_POINT('',(86.232426814146,1.041865724941E+03,
    60.23190194239));
#2450 = CARTESIAN_POINT('',(86.133066749023,1.04191342207E+03,
    60.34945480669));
#2451 = CARTESIAN_POINT('',(85.921752140522,1.042040371006E+03,
    60.593580763778));
#2452 = CARTESIAN_POINT('',(85.809710146547,1.042119953494E+03,
    60.720182286263));
#2453 = CARTESIAN_POINT('',(85.687886863116,1.042211363072E+03,
    60.854753385041));
#2454 = CARTESIAN_POINT('',(85.553586639394,1.04230930963E+03,
    60.999453185691));
#2455 = CARTESIAN_POINT('',(85.404668451885,1.042408102188E+03,
    61.155384879251));
#2456 = CARTESIAN_POINT('',(85.239379392652,1.042502269337E+03,
    61.322835019691));
#2457 = CARTESIAN_POINT('',(85.056188157521,1.042587179682E+03,
    61.501512821378));
#2458 = CARTESIAN_POINT('',(84.853618534293,1.042659662287E+03,
    61.690789456545));
#2459 = PCURVE('',#949,#2460);
#2460 = DEFINITIONAL_REPRESENTATION('',(#2461),#2492);
#2461 = B_SPLINE_CURVE_WITH_KNOTS('',8,(#2462,#2463,#2464,#2465,#2466,
    #2467,#2468,#2469,#2470,#2471,#2472,#2473,#2474,#2475,#2476,#2477,
    #2478,#2479,#2480,#2481,#2482,#2483,#2484,#2485,#2486,#2487,#2488,
    #2489,#2490,#2491),.UNSPECIFIED.,.F.,.F.,(9,7,7,7,9),(
    62.959592858293,69.873726841181,72.639136215941,75.944117260622,
    79.25036165629),.UNSPECIFIED.);
#2462 = CARTESIAN_POINT('',(-2.775557561563E-17,-1.044E+03));
#2463 = CARTESIAN_POINT('',(5.863064375944E-02,-1.044E+03));
#2464 = CARTESIAN_POINT('',(0.117343119239,-1.043956335516E+03));
#2465 = CARTESIAN_POINT('',(0.175667879767,-1.043868879254E+03));
#2466 = CARTESIAN_POINT('',(0.233558437096,-1.043740079254E+03));
#2467 = CARTESIAN_POINT('',(0.290557485132,-1.043574004982E+03));
#2468 = CARTESIAN_POINT('',(0.346711764337,-1.043376821062E+03));
#2469 = CARTESIAN_POINT('',(0.402092374678,-1.043152624866E+03));
#2470 = CARTESIAN_POINT('',(0.478680316202,-1.042807663376E+03));
#2471 = CARTESIAN_POINT('',(0.500448597111,-1.04270537445E+03));
#2472 = CARTESIAN_POINT('',(0.52214082377,-1.042600626874E+03));
#2473 = CARTESIAN_POINT('',(0.543701027592,-1.042491502642E+03));
#2474 = CARTESIAN_POINT('',(0.565559207129,-1.042378883632E+03));
#2475 = CARTESIAN_POINT('',(0.588075680445,-1.042261626828E+03));
#2476 = CARTESIAN_POINT('',(0.609930332256,-1.042140852815E+03));
#2477 = CARTESIAN_POINT('',(0.644186094662,-1.041948619548E+03));
#2478 = CARTESIAN_POINT('',(0.65562522449,-1.041882733569E+03));
#2479 = CARTESIAN_POINT('',(0.665179550796,-1.041847316193E+03));
#2480 = CARTESIAN_POINT('',(0.67479256408,-1.04183361555E+03));
#2481 = CARTESIAN_POINT('',(0.684409987829,-1.041839179484E+03));
#2482 = CARTESIAN_POINT('',(0.693772574361,-1.041865724941E+03));
#2483 = CARTESIAN_POINT('',(0.703391255061,-1.04191342207E+03));
#2484 = CARTESIAN_POINT('',(0.723571240765,-1.042040371006E+03));
#2485 = CARTESIAN_POINT('',(0.734136791029,-1.042119953494E+03));
#2486 = CARTESIAN_POINT('',(0.74548076644,-1.042211363072E+03));
#2487 = CARTESIAN_POINT('',(0.757817497179,-1.04230930963E+03));
#2488 = CARTESIAN_POINT('',(0.771290434705,-1.042408102188E+03));
#2489 = CARTESIAN_POINT('',(0.785991738691,-1.042502269337E+03));
#2490 = CARTESIAN_POINT('',(0.801981863967,-1.042587179682E+03));
#2491 = CARTESIAN_POINT('',(0.819309147465,-1.042659662287E+03));
#2492 = ( GEOMETRIC_REPRESENTATION_CONTEXT(2) 
PARAMETRIC_REPRESENTATION_CONTEXT() REPRESENTATION_CONTEXT('2D SPACE',''
  ) );
#2493 = PCURVE('',#809,#2494);
#2494 = DEFINITIONAL_REPRESENTATION('',(#2495),#2499);
#2495 = LINE('',#2496,#2497);
#2496 = CARTESIAN_POINT('',(16.290768797997,0.));
#2497 = VECTOR('',#2498,1.);
#2498 = DIRECTION('',(0.,1.));
#2499 = ( GEOMETRIC_REPRESENTATION_CONTEXT(2) 
PARAMETRIC_REPRESENTATION_CONTEXT() REPRESENTATION_CONTEXT('2D SPACE',''
  ) );
#2500 = ORIENTED_EDGE('',*,*,#2501,.T.);
#2501 = EDGE_CURVE('',#2425,#2502,#2504,.T.);
#2502 = VERTEX_POINT('',#2503);
#2503 = CARTESIAN_POINT('',(82.839090909091,1.040025773249E+03,
    63.290150457145));
#2504 = SURFACE_CURVE('',#2505,(#2535,#2568),.PCURVE_S1.);
#2505 = ( BOUNDED_CURVE() B_SPLINE_CURVE(10,(#2506,#2507,#2508,#2509,
    #2510,#2511,#2512,#2513,#2514,#2515,#2516,#2517,#2518,#2519,#2520,
    #2521,#2522,#2523,#2524,#2525,#2526,#2527,#2528,#2529,#2530,#2531,
#2532,#2533,#2534),.UNSPECIFIED.,.F.,.F.) B_SPLINE_CURVE_WITH_KNOTS((11,
    9,9,11),(79.250362080455,80.591409388676,85.221161577941,
87.21249723147),.UNSPECIFIED.) CURVE() GEOMETRIC_REPRESENTATION_ITEM() 
RATIONAL_B_SPLINE_CURVE((1.,1.,1.,1.,1.,1.,1.,1.,1.,1.,1.,1.,
    0.999999999999,1.000000000001,0.999999999999,1.000000000001,1.,1.,1.
,1.,1.,1.,1.,1.,1.,1.,1.,1.,1.)) REPRESENTATION_ITEM('') );
#2506 = CARTESIAN_POINT('',(84.853618221024,1.042659662484E+03,
    61.690789749256));
#2507 = CARTESIAN_POINT('',(84.787886735117,1.042683182231E+03,
    61.752207811897));
#2508 = CARTESIAN_POINT('',(84.723919125749,1.042701027208E+03,
    61.811208607596));
#2509 = CARTESIAN_POINT('',(84.661305992929,1.042714134328E+03,
    61.868259351422));
#2510 = CARTESIAN_POINT('',(84.599941397416,1.042722937819E+03,
    61.923513595896));
#2511 = CARTESIAN_POINT('',(84.539702039144,1.042727867377E+03,
    61.977138951261));
#2512 = CARTESIAN_POINT('',(84.480565126926,1.042729183338E+03,
    62.029199670556));
#2513 = CARTESIAN_POINT('',(84.422482575951,1.042727166719E+03,
    62.079783924456));
#2514 = CARTESIAN_POINT('',(84.365448457327,1.042722023778E+03,
    62.128936341922));
#2515 = CARTESIAN_POINT('',(84.30945302545,1.042713955536E+03,
    62.176704389616));
#2516 = CARTESIAN_POINT('',(84.064771273002,1.042665792737E+03,
    62.38337955057));
#2517 = CARTESIAN_POINT('',(83.887431267351,1.042595681574E+03,
    62.527565886327));
#2518 = CARTESIAN_POINT('',(83.722523122176,1.042500110567E+03,
    62.657161195113));
#2519 = CARTESIAN_POINT('',(83.570739879904,1.042383667799E+03,
    62.772793413154));
#2520 = CARTESIAN_POINT('',(83.433131316874,1.04225169899E+03,
    62.874859586299));
#2521 = CARTESIAN_POINT('',(83.30947329193,1.042109328725E+03,
    62.964414929154));
#2522 = CARTESIAN_POINT('',(83.200955907052,1.04196180903E+03,
    63.041600666817));
#2523 = CARTESIAN_POINT('',(83.104579613529,1.041808764149E+03,
    63.108957773822));
#2524 = CARTESIAN_POINT('',(83.023334799307,1.041637844488E+03,
    63.164992793356));
#2525 = CARTESIAN_POINT('',(82.933636083511,1.041325509236E+03,
    63.226322440077));
#2526 = CARTESIAN_POINT('',(82.91217067797,1.04119074394E+03,
    63.240908500297));
#2527 = CARTESIAN_POINT('',(82.894775592039,1.041041449033E+03,
    63.252687684724));
#2528 = CARTESIAN_POINT('',(82.879444953293,1.040891512895E+03,
    63.263039510337));
#2529 = CARTESIAN_POINT('',(82.866113501871,1.040744720756E+03,
    63.272017284516));
#2530 = CARTESIAN_POINT('',(82.855413955756,1.040600155388E+03,
    63.279204665139));
#2531 = CARTESIAN_POINT('',(82.847413770964,1.040456421343E+03,
    63.284570126772));
#2532 = CARTESIAN_POINT('',(82.841840890631,1.040312970443E+03,
    63.288307446299));
#2533 = CARTESIAN_POINT('',(82.839090909091,1.040169353807E+03,
    63.290150457145));
#2534 = CARTESIAN_POINT('',(82.839090909091,1.040025773249E+03,
    63.290150457145));
#2535 = PCURVE('',#949,#2536);
#2536 = DEFINITIONAL_REPRESENTATION('',(#2537),#2567);
#2537 = B_SPLINE_CURVE_WITH_KNOTS('',10,(#2538,#2539,#2540,#2541,#2542,
    #2543,#2544,#2545,#2546,#2547,#2548,#2549,#2550,#2551,#2552,#2553,
    #2554,#2555,#2556,#2557,#2558,#2559,#2560,#2561,#2562,#2563,#2564,
    #2565,#2566),.UNSPECIFIED.,.F.,.F.,(11,9,9,11),(79.250362080455,
    80.591409388676,85.221161577941,87.21249723147),.UNSPECIFIED.);
#2538 = CARTESIAN_POINT('',(0.819309174261,-1.042659662484E+03));
#2539 = CARTESIAN_POINT('',(0.824931676018,-1.042683182231E+03));
#2540 = CARTESIAN_POINT('',(0.830370480869,-1.042701027208E+03));
#2541 = CARTESIAN_POINT('',(0.835664467934,-1.042714134328E+03));
#2542 = CARTESIAN_POINT('',(0.840825212569,-1.042722937819E+03));
#2543 = CARTESIAN_POINT('',(0.845865654477,-1.042727867377E+03));
#2544 = CARTESIAN_POINT('',(0.850789700614,-1.042729183338E+03));
#2545 = CARTESIAN_POINT('',(0.855603411944,-1.042727166719E+03));
#2546 = CARTESIAN_POINT('',(0.86030904223,-1.042722023778E+03));
#2547 = CARTESIAN_POINT('',(0.864909121074,-1.042713955536E+03));
#2548 = CARTESIAN_POINT('',(0.884927060503,-1.042665792737E+03));
#2549 = CARTESIAN_POINT('',(0.899209486409,-1.042595681575E+03));
#2550 = CARTESIAN_POINT('',(0.912315046749,-1.042500110567E+03));
#2551 = CARTESIAN_POINT('',(0.924238088327,-1.0423836678E+03));
#2552 = CARTESIAN_POINT('',(0.934944269524,-1.042251698989E+03));
#2553 = CARTESIAN_POINT('',(0.944485817293,-1.042109328725E+03));
#2554 = CARTESIAN_POINT('',(0.952808182695,-1.04196180903E+03));
#2555 = CARTESIAN_POINT('',(0.960156772142,-1.041808764149E+03));
#2556 = CARTESIAN_POINT('',(0.966325140672,-1.041637844488E+03));
#2557 = CARTESIAN_POINT('',(0.973116445194,-1.041325509236E+03));
#2558 = CARTESIAN_POINT('',(0.974738451339,-1.04119074394E+03));
#2559 = CARTESIAN_POINT('',(0.976051452202,-1.041041449033E+03));
#2560 = CARTESIAN_POINT('',(0.977207596978,-1.040891512895E+03));
#2561 = CARTESIAN_POINT('',(0.978212131635,-1.040744720756E+03));
#2562 = CARTESIAN_POINT('',(0.979017723578,-1.040600155388E+03));
#2563 = CARTESIAN_POINT('',(0.979619774926,-1.040456421343E+03));
#2564 = CARTESIAN_POINT('',(0.980039151827,-1.040312970443E+03));
#2565 = CARTESIAN_POINT('',(0.980246055069,-1.040169353807E+03));
#2566 = CARTESIAN_POINT('',(0.980246055069,-1.040025773249E+03));
#2567 = ( GEOMETRIC_REPRESENTATION_CONTEXT(2) 
PARAMETRIC_REPRESENTATION_CONTEXT() REPRESENTATION_CONTEXT('2D SPACE',''
  ) );
#2568 = PCURVE('',#2569,#2657);
#2569 = ( BOUNDED_SURFACE() B_SPLINE_SURFACE(2,10,(
    (#2570,#2571,#2572,#2573,#2574,#2575,#2576,#2577,#2578,#2579,#2580
      ,#2581,#2582,#2583,#2584,#2585,#2586,#2587,#2588,#2589,#2590,#2591
      ,#2592,#2593,#2594,#2595,#2596,#2597,#2598)
    ,(#2599,#2600,#2601,#2602,#2603,#2604,#2605,#2606,#2607,#2608,#2609
      ,#2610,#2611,#2612,#2613,#2614,#2615,#2616,#2617,#2618,#2619,#2620
      ,#2621,#2622,#2623,#2624,#2625,#2626,#2627)
    ,(#2628,#2629,#2630,#2631,#2632,#2633,#2634,#2635,#2636,#2637,#2638
      ,#2639,#2640,#2641,#2642,#2643,#2644,#2645,#2646,#2647,#2648,#2649
      ,#2650,#2651,#2652,#2653,#2654,#2655,#2656
)),.UNSPECIFIED.,.F.,.F.,.F.) B_SPLINE_SURFACE_WITH_KNOTS((3,3),(11,9,9,
    11),(0.,7.962135151015),(79.250362080455,80.591409388676,
    85.221161577941,87.21249723147),.UNSPECIFIED.) 
GEOMETRIC_REPRESENTATION_ITEM() RATIONAL_B_SPLINE_SURFACE((
    (1.,1.,1.,1.,1.,1.,1.,1.,1.,1.,1.,1.,0.999999999999,1.000000000001
      ,0.999999999999,1.000000000001,1.,1.,1.,1.,1.,1.,1.,1.,1.,1.,1.,1.
      ,1.)
    ,(0.607447817635,0.625344553507,0.639873919824,0.65279845341
      ,0.66422711373,0.674778632798,0.684384622962,0.693359312871
      ,0.701713319657,0.709560293199,0.742483662348,0.762634450816
      ,0.779974572582,0.79489976858,0.808295007431,0.820251026798
      ,0.831187833868,0.841031155994,0.849705500376,0.860311366972
      ,0.862793989466,0.865087089014,0.867400796992,0.869781085517
      ,0.872212783156,0.874677693856,0.87717284372,0.879703469519
      ,0.88227495199)
    ,(1.,1.,1.,1.,1.,1.,1.,1.,1.,1.,1.,1.,0.999999999999,1.000000000001
      ,0.999999999999,1.000000000001,1.,1.,1.,1.,1.,1.,1.,1.,1.,1.,1.,1.
,1.))) REPRESENTATION_ITEM('') SURFACE() );
#2570 = CARTESIAN_POINT('',(86.18,1.045519937092E+03,70.686598216399));
#2571 = CARTESIAN_POINT('',(85.84805133399,1.045554929858E+03,
    70.609598220632));
#2572 = CARTESIAN_POINT('',(85.556924294002,1.045560374884E+03,
    70.547934160307));
#2573 = CARTESIAN_POINT('',(85.287138813283,1.045549677437E+03,
    70.492761098526));
#2574 = CARTESIAN_POINT('',(85.037359134064,1.045524258252E+03,
    70.44350799264));
#2575 = CARTESIAN_POINT('',(84.800752853288,1.045488959139E+03,
    70.397095045816));
#2576 = CARTESIAN_POINT('',(84.577991575173,1.04544371016E+03,
    70.353863415252));
#2577 = CARTESIAN_POINT('',(84.36560610835,1.045391048465E+03,
    70.312265110255));
#2578 = CARTESIAN_POINT('',(84.163439827439,1.045331340062E+03,
    70.272262207681));
#2579 = CARTESIAN_POINT('',(83.970224820158,1.045265633196E+03,
    70.233309778943));
#2580 = CARTESIAN_POINT('',(83.147053692771,1.044949081581E+03,
    70.063443928787));
#2581 = CARTESIAN_POINT('',(82.607904536061,1.044639469396E+03,
    69.941201058568));
#2582 = CARTESIAN_POINT('',(82.138868920986,1.044292909503E+03,
    69.816584014318));
#2583 = CARTESIAN_POINT('',(81.73535514068,1.043917307847E+03,
    69.688754264511));
#2584 = CARTESIAN_POINT('',(81.387046206602,1.043523989848E+03,
    69.554781377619));
#2585 = CARTESIAN_POINT('',(81.092432596712,1.043116393576E+03,
    69.41478988276));
#2586 = CARTESIAN_POINT('',(80.845459485227,1.042701152938E+03,
    69.268248448368));
#2587 = CARTESIAN_POINT('',(80.646627988346,1.042281145732E+03,
    69.116474925048));
#2588 = CARTESIAN_POINT('',(80.494550682103,1.041868259333E+03,
    68.966417120485));
#2589 = CARTESIAN_POINT('',(80.337072514504,1.041313643662E+03,
    68.766318466637));
#2590 = CARTESIAN_POINT('',(80.302036446219,1.041165804686E+03,
    68.717716475704));
#2591 = CARTESIAN_POINT('',(80.272655942668,1.041025316377E+03,
    68.671955050723));
#2592 = CARTESIAN_POINT('',(80.246981103427,1.040885127362E+03,
    68.624035540109));
#2593 = CARTESIAN_POINT('',(80.22502617364,1.04074319882E+03,
    68.572736738469));
#2594 = CARTESIAN_POINT('',(80.207202764116,1.040600070871E+03,
    68.518487458968));
#2595 = CARTESIAN_POINT('',(80.193718168832,1.040456553331E+03,
    68.461607604404));
#2596 = CARTESIAN_POINT('',(80.184611709129,1.040312919585E+03,
    68.401953933184));
#2597 = CARTESIAN_POINT('',(80.18,1.040169353807E+03,68.339509316002));
#2598 = CARTESIAN_POINT('',(80.18,1.040025773249E+03,68.273956878575));
#2599 = CARTESIAN_POINT('',(80.495552081854,1.047757532247E+03,
    65.76287142272));
#2600 = CARTESIAN_POINT('',(80.548206137455,1.047454832968E+03,
    65.669090035792));
#2601 = CARTESIAN_POINT('',(80.567758325833,1.047202110225E+03,
    65.609276641203));
#2602 = CARTESIAN_POINT('',(80.57343259142,1.046973971299E+03,
    65.56440466466));
#2603 = CARTESIAN_POINT('',(80.567156397375,1.046766323921E+03,
    65.532242866642));
#2604 = CARTESIAN_POINT('',(80.555225581941,1.046571062387E+03,
    65.506630260462));
#2605 = CARTESIAN_POINT('',(80.5373042653,1.046387569924E+03,
    65.487700751441));
#2606 = CARTESIAN_POINT('',(80.51644685837,1.046212027749E+03,
    65.472507412507));
#2607 = CARTESIAN_POINT('',(80.492863960217,1.046043679905E+03,
    65.460773321549));
#2608 = CARTESIAN_POINT('',(80.467647906219,1.04588104765E+03,
    65.451441301868));
#2609 = CARTESIAN_POINT('',(80.354496193686,1.045202838994E+03,
    65.419406002841));
#2610 = CARTESIAN_POINT('',(80.253813272414,1.044724634574E+03,
    65.41481711986));
#2611 = CARTESIAN_POINT('',(80.161875020071,1.044266667376E+03,
    65.410349240509));
#2612 = CARTESIAN_POINT('',(80.081812679965,1.043825432872E+03,
    65.404204771263));
#2613 = CARTESIAN_POINT('',(80.020197149522,1.043396825824E+03,
    65.391695573138));
#2614 = CARTESIAN_POINT('',(79.976565601886,1.042981248517E+03,
    65.373616892825));
#2615 = CARTESIAN_POINT('',(79.953373608213,1.042578777222E+03,
    65.348324100269));
#2616 = CARTESIAN_POINT('',(79.948978367883,1.042191256619E+03,
    65.316225068064));
#2617 = CARTESIAN_POINT('',(79.960777824399,1.041820460582E+03,
    65.279875648846));
#2618 = CARTESIAN_POINT('',(79.994200658551,1.041316373404E+03,
    65.227212513088));
#2619 = CARTESIAN_POINT('',(80.002850378238,1.041172568295E+03,
    65.214396455637));
#2620 = CARTESIAN_POINT('',(80.012812707582,1.041030310233E+03,
    65.202095075955));
#2621 = CARTESIAN_POINT('',(80.02576707851,1.040887845881E+03,
    65.188505269972));
#2622 = CARTESIAN_POINT('',(80.042337047458,1.040744759114E+03,
    65.173187666936));
#2623 = CARTESIAN_POINT('',(80.062557566053,1.040601189865E+03,
    65.156311851604));
#2624 = CARTESIAN_POINT('',(80.0863560303,1.040457442209E+03,
    65.137922694913));
#2625 = CARTESIAN_POINT('',(80.113771770298,1.0403136788E+03,
    65.117877088025));
#2626 = CARTESIAN_POINT('',(80.144922510005,1.040169773511E+03,
    65.096194058326));
#2627 = CARTESIAN_POINT('',(80.18,1.040025773249E+03,65.07267976116));
#2628 = CARTESIAN_POINT('',(84.853618221024,1.042659662484E+03,
    61.690789749256));
#2629 = CARTESIAN_POINT('',(84.787886735117,1.042683182231E+03,
    61.752207811897));
#2630 = CARTESIAN_POINT('',(84.723919125749,1.042701027208E+03,
    61.811208607596));
#2631 = CARTESIAN_POINT('',(84.661305992929,1.042714134328E+03,
    61.868259351422));
#2632 = CARTESIAN_POINT('',(84.599941397416,1.042722937819E+03,
    61.923513595896));
#2633 = CARTESIAN_POINT('',(84.539702039144,1.042727867377E+03,
    61.977138951261));
#2634 = CARTESIAN_POINT('',(84.480565126926,1.042729183338E+03,
    62.029199670556));
#2635 = CARTESIAN_POINT('',(84.422482575951,1.042727166719E+03,
    62.079783924456));
#2636 = CARTESIAN_POINT('',(84.365448457327,1.042722023778E+03,
    62.128936341922));
#2637 = CARTESIAN_POINT('',(84.30945302545,1.042713955536E+03,
    62.176704389616));
#2638 = CARTESIAN_POINT('',(84.064771273002,1.042665792737E+03,
    62.38337955057));
#2639 = CARTESIAN_POINT('',(83.887431267351,1.042595681574E+03,
    62.527565886327));
#2640 = CARTESIAN_POINT('',(83.722523122176,1.042500110567E+03,
    62.657161195113));
#2641 = CARTESIAN_POINT('',(83.570739879904,1.042383667799E+03,
    62.772793413154));
#2642 = CARTESIAN_POINT('',(83.433131316874,1.04225169899E+03,
    62.874859586299));
#2643 = CARTESIAN_POINT('',(83.30947329193,1.042109328725E+03,
    62.964414929154));
#2644 = CARTESIAN_POINT('',(83.200955907052,1.04196180903E+03,
    63.041600666817));
#2645 = CARTESIAN_POINT('',(83.104579613529,1.041808764149E+03,
    63.108957773822));
#2646 = CARTESIAN_POINT('',(83.023334799307,1.041637844488E+03,
    63.164992793356));
#2647 = CARTESIAN_POINT('',(82.933636083511,1.041325509236E+03,
    63.226322440077));
#2648 = CARTESIAN_POINT('',(82.91217067797,1.04119074394E+03,
    63.240908500297));
#2649 = CARTESIAN_POINT('',(82.894775592039,1.041041449033E+03,
    63.252687684724));
#2650 = CARTESIAN_POINT('',(82.879444953293,1.040891512895E+03,
    63.263039510337));
#2651 = CARTESIAN_POINT('',(82.866113501871,1.040744720756E+03,
    63.272017284516));
#2652 = CARTESIAN_POINT('',(82.855413955756,1.040600155388E+03,
    63.279204665139));
#2653 = CARTESIAN_POINT('',(82.847413770964,1.040456421343E+03,
    63.284570126772));
#2654 = CARTESIAN_POINT('',(82.841840890631,1.040312970443E+03,
    63.288307446299));
#2655 = CARTESIAN_POINT('',(82.839090909091,1.040169353807E+03,
    63.290150457145));
#2656 = CARTESIAN_POINT('',(82.839090909091,1.040025773249E+03,
    63.290150457145));
#2657 = DEFINITIONAL_REPRESENTATION('',(#2658),#2662);
#2658 = LINE('',#2659,#2660);
#2659 = CARTESIAN_POINT('',(7.962135151015,0.));
#2660 = VECTOR('',#2661,1.);
#2661 = DIRECTION('',(0.,1.));
#2662 = ( GEOMETRIC_REPRESENTATION_CONTEXT(2) 
PARAMETRIC_REPRESENTATION_CONTEXT() REPRESENTATION_CONTEXT('2D SPACE',''
  ) );
#2663 = ORIENTED_EDGE('',*,*,#2664,.T.);
#2664 = EDGE_CURVE('',#2502,#2665,#2667,.T.);
#2665 = VERTEX_POINT('',#2666);
#2666 = CARTESIAN_POINT('',(82.839090909091,877.5,63.290150457145));
#2667 = SURFACE_CURVE('',#2668,(#2672,#2679),.PCURVE_S1.);
#2668 = LINE('',#2669,#2670);
#2669 = CARTESIAN_POINT('',(82.839090909091,1.041461578823E+03,
    63.290150457145));
#2670 = VECTOR('',#2671,1.);
#2671 = DIRECTION('',(0.,-1.,0.));
#2672 = PCURVE('',#949,#2673);
#2673 = DEFINITIONAL_REPRESENTATION('',(#2674),#2678);
#2674 = LINE('',#2675,#2676);
#2675 = CARTESIAN_POINT('',(0.980246055069,-1.041461578823E+03));
#2676 = VECTOR('',#2677,1.);
#2677 = DIRECTION('',(0.,1.));
#2678 = ( GEOMETRIC_REPRESENTATION_CONTEXT(2) 
PARAMETRIC_REPRESENTATION_CONTEXT() REPRESENTATION_CONTEXT('2D SPACE',''
  ) );
#2679 = PCURVE('',#2680,#2685);
#2680 = CYLINDRICAL_SURFACE('',#2681,6.);
#2681 = AXIS2_PLACEMENT_3D('',#2682,#2683,#2684);
#2682 = CARTESIAN_POINT('',(86.18,1.041461578823E+03,68.273956878574));
#2683 = DIRECTION('',(0.,-1.,0.));
#2684 = DIRECTION('',(-1.,0.,0.));
#2685 = DEFINITIONAL_REPRESENTATION('',(#2686),#2690);
#2686 = LINE('',#2687,#2688);
#2687 = CARTESIAN_POINT('',(0.980246055069,0.));
#2688 = VECTOR('',#2689,1.);
#2689 = DIRECTION('',(0.,1.));
#2690 = ( GEOMETRIC_REPRESENTATION_CONTEXT(2) 
PARAMETRIC_REPRESENTATION_CONTEXT() REPRESENTATION_CONTEXT('2D SPACE',''
  ) );
#2691 = ORIENTED_EDGE('',*,*,#2692,.F.);
#2692 = EDGE_CURVE('',#2693,#2665,#2695,.T.);
#2693 = VERTEX_POINT('',#2694);
#2694 = CARTESIAN_POINT('',(67.68,877.5,64.728798321655));
#2695 = SURFACE_CURVE('',#2696,(#2701,#2708),.PCURVE_S1.);
#2696 = CIRCLE('',#2697,16.);
#2697 = AXIS2_PLACEMENT_3D('',#2698,#2699,#2700);
#2698 = CARTESIAN_POINT('',(73.93,877.5,50.));
#2699 = DIRECTION('',(0.,1.,-0.));
#2700 = DIRECTION('',(-0.390625,0.,0.920549895103));
#2701 = PCURVE('',#949,#2702);
#2702 = DEFINITIONAL_REPRESENTATION('',(#2703),#2707);
#2703 = LINE('',#2704,#2705);
#2704 = CARTESIAN_POINT('',(1.972106763789,-877.5));
#2705 = VECTOR('',#2706,1.);
#2706 = DIRECTION('',(-1.,-0.));
#2707 = ( GEOMETRIC_REPRESENTATION_CONTEXT(2) 
PARAMETRIC_REPRESENTATION_CONTEXT() REPRESENTATION_CONTEXT('2D SPACE',''
  ) );
#2708 = PCURVE('',#2709,#2714);
#2709 = PLANE('',#2710);
#2710 = AXIS2_PLACEMENT_3D('',#2711,#2712,#2713);
#2711 = CARTESIAN_POINT('',(73.93,877.5,85.17));
#2712 = DIRECTION('',(0.,-1.,0.));
#2713 = DIRECTION('',(1.,0.,0.));
#2714 = DEFINITIONAL_REPRESENTATION('',(#2715),#2723);
#2715 = ( BOUNDED_CURVE() B_SPLINE_CURVE(2,(#2716,#2717,#2718,#2719,
#2720,#2721,#2722),.UNSPECIFIED.,.T.,.F.) B_SPLINE_CURVE_WITH_KNOTS((1,2
    ,2,2,2,1),(-2.094395102393,0.,2.094395102393,4.188790204786,
6.28318530718,8.377580409573),.UNSPECIFIED.) CURVE() 
GEOMETRIC_REPRESENTATION_ITEM() RATIONAL_B_SPLINE_CURVE((1.,0.5,1.,0.5,
1.,0.5,1.)) REPRESENTATION_ITEM('') );
#2716 = CARTESIAN_POINT('',(-6.25,-20.44120167834));
#2717 = CARTESIAN_POINT('',(19.261027027542,-9.615884131039));
#2718 = CARTESIAN_POINT('',(15.880513513771,-37.12174038717));
#2719 = CARTESIAN_POINT('',(12.5,-64.62759664331));
#2720 = CARTESIAN_POINT('',(-9.630513513771,-47.94705793448));
#2721 = CARTESIAN_POINT('',(-31.76102702754,-31.26651922565));
#2722 = CARTESIAN_POINT('',(-6.25,-20.44120167834));
#2723 = ( GEOMETRIC_REPRESENTATION_CONTEXT(2) 
PARAMETRIC_REPRESENTATION_CONTEXT() REPRESENTATION_CONTEXT('2D SPACE',''
  ) );
#2724 = ORIENTED_EDGE('',*,*,#2725,.F.);
#2725 = EDGE_CURVE('',#1961,#2693,#2726,.T.);
#2726 = SURFACE_CURVE('',#2727,(#2731,#2737),.PCURVE_S1.);
#2727 = LINE('',#2728,#2729);
#2728 = CARTESIAN_POINT('',(67.68,0.,64.728798321655));
#2729 = VECTOR('',#2730,1.);
#2730 = DIRECTION('',(0.,-1.,0.));
#2731 = PCURVE('',#949,#2732);
#2732 = DEFINITIONAL_REPRESENTATION('',(#2733),#2736);
#2733 = B_SPLINE_CURVE_WITH_KNOTS('',1,(#2734,#2735),.UNSPECIFIED.,.F.,
  .F.,(2,2),(-1.0500000006E+03,-862.4999994),.PIECEWISE_BEZIER_KNOTS.);
#2734 = CARTESIAN_POINT('',(1.972106763789,-1.0500000006E+03));
#2735 = CARTESIAN_POINT('',(1.972106763789,-862.4999994));
#2736 = ( GEOMETRIC_REPRESENTATION_CONTEXT(2) 
PARAMETRIC_REPRESENTATION_CONTEXT() REPRESENTATION_CONTEXT('2D SPACE',''
  ) );
#2737 = PCURVE('',#2191,#2738);
#2738 = DEFINITIONAL_REPRESENTATION('',(#2739),#2742);
#2739 = B_SPLINE_CURVE_WITH_KNOTS('',1,(#2740,#2741),.UNSPECIFIED.,.F.,
  .F.,(2,2),(-1.0500000006E+03,-862.4999994),.PIECEWISE_BEZIER_KNOTS.);
#2740 = CARTESIAN_POINT('',(2.058798321655,-172.5000006));
#2741 = CARTESIAN_POINT('',(2.058798321655,15.0000006));
#2742 = ( GEOMETRIC_REPRESENTATION_CONTEXT(2) 
PARAMETRIC_REPRESENTATION_CONTEXT() REPRESENTATION_CONTEXT('2D SPACE',''
  ) );
#2743 = ORIENTED_EDGE('',*,*,#1960,.T.);
#2744 = ORIENTED_EDGE('',*,*,#2067,.T.);
#2745 = ORIENTED_EDGE('',*,*,#934,.T.);
#2746 = ORIENTED_EDGE('',*,*,#2401,.F.);
#2747 = ORIENTED_EDGE('',*,*,#2748,.F.);
#2748 = EDGE_CURVE('',#2402,#2402,#2749,.T.);
#2749 = SURFACE_CURVE('',#2750,(#2755,#2762),.PCURVE_S1.);
#2750 = CIRCLE('',#2751,16.);
#2751 = AXIS2_PLACEMENT_3D('',#2752,#2753,#2754);
#2752 = CARTESIAN_POINT('',(73.93,862.5,50.));
#2753 = DIRECTION('',(0.,-1.,0.));
#2754 = DIRECTION('',(1.,0.,0.));
#2755 = PCURVE('',#949,#2756);
#2756 = DEFINITIONAL_REPRESENTATION('',(#2757),#2761);
#2757 = LINE('',#2758,#2759);
#2758 = CARTESIAN_POINT('',(0.,-862.5));
#2759 = VECTOR('',#2760,1.);
#2760 = DIRECTION('',(1.,0.));
#2761 = ( GEOMETRIC_REPRESENTATION_CONTEXT(2) 
PARAMETRIC_REPRESENTATION_CONTEXT() REPRESENTATION_CONTEXT('2D SPACE',''
  ) );
#2762 = PCURVE('',#2763,#2768);
#2763 = PLANE('',#2764);
#2764 = AXIS2_PLACEMENT_3D('',#2765,#2766,#2767);
#2765 = CARTESIAN_POINT('',(75.,862.5,60.));
#2766 = DIRECTION('',(0.,1.,0.));
#2767 = DIRECTION('',(1.,0.,0.));
#2768 = DEFINITIONAL_REPRESENTATION('',(#2769),#2777);
#2769 = ( BOUNDED_CURVE() B_SPLINE_CURVE(2,(#2770,#2771,#2772,#2773,
#2774,#2775,#2776),.UNSPECIFIED.,.T.,.F.) B_SPLINE_CURVE_WITH_KNOTS((1,2
    ,2,2,2,1),(-2.094395102393,0.,2.094395102393,4.188790204786,
6.28318530718,8.377580409573),.UNSPECIFIED.) CURVE() 
GEOMETRIC_REPRESENTATION_ITEM() RATIONAL_B_SPLINE_CURVE((1.,0.5,1.,0.5,
1.,0.5,1.)) REPRESENTATION_ITEM('') );
#2770 = CARTESIAN_POINT('',(14.93,10.));
#2771 = CARTESIAN_POINT('',(14.93,-17.7128129211));
#2772 = CARTESIAN_POINT('',(-9.07,-3.856406460551));
#2773 = CARTESIAN_POINT('',(-33.07,10.));
#2774 = CARTESIAN_POINT('',(-9.07,23.856406460551));
#2775 = CARTESIAN_POINT('',(14.93,37.712812921102));
#2776 = CARTESIAN_POINT('',(14.93,10.));
#2777 = ( GEOMETRIC_REPRESENTATION_CONTEXT(2) 
PARAMETRIC_REPRESENTATION_CONTEXT() REPRESENTATION_CONTEXT('2D SPACE',''
  ) );
#2778 = ADVANCED_FACE('',(#2779),#809,.T.);
#2779 = FACE_BOUND('',#2780,.T.);
#2780 = EDGE_LOOP('',(#2781,#2782,#2783,#2838));
#2781 = ORIENTED_EDGE('',*,*,#793,.T.);
#2782 = ORIENTED_EDGE('',*,*,#2424,.T.);
#2783 = ORIENTED_EDGE('',*,*,#2784,.F.);
#2784 = EDGE_CURVE('',#1041,#2425,#2785,.T.);
#2785 = SURFACE_CURVE('',#2786,(#2790,#2796),.PCURVE_S1.);
#2786 = ( BOUNDED_CURVE() B_SPLINE_CURVE(2,(#2787,#2788,#2789),
.UNSPECIFIED.,.F.,.F.) B_SPLINE_CURVE_WITH_KNOTS((3,3),(0.,
16.290768797997),.PIECEWISE_BEZIER_KNOTS.) CURVE() 
GEOMETRIC_REPRESENTATION_ITEM() RATIONAL_B_SPLINE_CURVE((1.,
0.607447871457,1.)) REPRESENTATION_ITEM('') );
#2787 = CARTESIAN_POINT('',(86.18,1.045519937295E+03,70.686597319181));
#2788 = CARTESIAN_POINT('',(80.495553303956,1.047757531635E+03,
    65.76287049955));
#2789 = CARTESIAN_POINT('',(84.853618534293,1.042659662287E+03,
    61.690789456545));
#2790 = PCURVE('',#809,#2791);
#2791 = DEFINITIONAL_REPRESENTATION('',(#2792),#2795);
#2792 = B_SPLINE_CURVE_WITH_KNOTS('',1,(#2793,#2794),.UNSPECIFIED.,.F.,
  .F.,(2,2),(0.,16.290768797997),.PIECEWISE_BEZIER_KNOTS.);
#2793 = CARTESIAN_POINT('',(0.,79.25036165629));
#2794 = CARTESIAN_POINT('',(16.290768797997,79.25036165629));
#2795 = ( GEOMETRIC_REPRESENTATION_CONTEXT(2) 
PARAMETRIC_REPRESENTATION_CONTEXT() REPRESENTATION_CONTEXT('2D SPACE',''
  ) );
#2796 = PCURVE('',#2569,#2797);
#2797 = DEFINITIONAL_REPRESENTATION('',(#2798),#2837);
#2798 = B_SPLINE_CURVE_WITH_KNOTS('',10,(#2799,#2800,#2801,#2802,#2803,
    #2804,#2805,#2806,#2807,#2808,#2809,#2810,#2811,#2812,#2813,#2814,
    #2815,#2816,#2817,#2818,#2819,#2820,#2821,#2822,#2823,#2824,#2825,
    #2826,#2827,#2828,#2829,#2830,#2831,#2832,#2833,#2834,#2835,#2836),
  .UNSPECIFIED.,.F.,.F.,(11,9,9,9,11),(0.,4.072692199499,8.145384398998,
    12.218076598498,16.290768797997),.UNSPECIFIED.);
#2799 = CARTESIAN_POINT('',(-3.330669073875E-16,79.250362080455));
#2800 = CARTESIAN_POINT('',(0.199053368456,79.25036208046));
#2801 = CARTESIAN_POINT('',(0.398111633993,79.250362080437));
#2802 = CARTESIAN_POINT('',(0.597150287594,79.250362080497));
#2803 = CARTESIAN_POINT('',(0.796228621083,79.25036208039));
#2804 = CARTESIAN_POINT('',(0.995253822035,79.250362080533));
#2805 = CARTESIAN_POINT('',(1.194329138883,79.250362080388));
#2806 = CARTESIAN_POINT('',(1.393370932063,79.250362080499));
#2807 = CARTESIAN_POINT('',(1.592428142877,79.250362080436));
#2808 = CARTESIAN_POINT('',(1.791480886644,79.25036208046));
#2809 = CARTESIAN_POINT('',(2.18958765734,79.250362080451));
#2810 = CARTESIAN_POINT('',(2.38864103823,79.250362080459));
#2811 = CARTESIAN_POINT('',(2.587694415497,79.250362080436));
#2812 = CARTESIAN_POINT('',(2.786747789977,79.250362080469));
#2813 = CARTESIAN_POINT('',(2.985801162504,79.250362080437));
#2814 = CARTESIAN_POINT('',(3.184854533915,79.250362080462));
#2815 = CARTESIAN_POINT('',(3.383907905045,79.250362080451));
#2816 = CARTESIAN_POINT('',(3.582961276728,79.250362080455));
#2817 = CARTESIAN_POINT('',(3.782014649801,79.250362080456));
#2818 = CARTESIAN_POINT('',(4.180121400395,79.250362080454));
#2819 = CARTESIAN_POINT('',(4.379174771482,79.250362080461));
#2820 = CARTESIAN_POINT('',(4.578228139934,79.250362080443));
#2821 = CARTESIAN_POINT('',(4.777281507336,79.250362080474));
#2822 = CARTESIAN_POINT('',(4.976334875254,79.250362080439));
#2823 = CARTESIAN_POINT('',(5.17538824528,79.25036208047));
#2824 = CARTESIAN_POINT('',(5.374441618978,79.250362080449));
#2825 = CARTESIAN_POINT('',(5.573494997938,79.250362080459));
#2826 = CARTESIAN_POINT('',(5.77254838373,79.250362080456));
#2827 = CARTESIAN_POINT('',(6.170655172141,79.250362080453));
#2828 = CARTESIAN_POINT('',(6.369708026048,79.250362080467));
#2829 = CARTESIAN_POINT('',(6.56876363341,79.250362080432));
#2830 = CARTESIAN_POINT('',(6.767812798841,79.250362080486));
#2831 = CARTESIAN_POINT('',(6.966869579185,79.250362080429));
#2832 = CARTESIAN_POINT('',(7.1659241705,79.250362080473));
#2833 = CARTESIAN_POINT('',(7.364971833262,79.250362080448));
#2834 = CARTESIAN_POINT('',(7.564031063123,79.250362080458));
#2835 = CARTESIAN_POINT('',(7.763081782553,79.250362080455));
#2836 = CARTESIAN_POINT('',(7.962135151015,79.250362080455));
#2837 = ( GEOMETRIC_REPRESENTATION_CONTEXT(2) 
PARAMETRIC_REPRESENTATION_CONTEXT() REPRESENTATION_CONTEXT('2D SPACE',''
  ) );
#2838 = ORIENTED_EDGE('',*,*,#1284,.F.);
#2839 = ADVANCED_FACE('',(#2840),#1025,.F.);
#2840 = FACE_BOUND('',#2841,.F.);
#2841 = EDGE_LOOP('',(#2842,#2872,#3004,#3032,#3060,#3081,#3082,#3083,
    #3106,#3134));
#2842 = ORIENTED_EDGE('',*,*,#2843,.T.);
#2843 = EDGE_CURVE('',#2844,#2846,#2848,.T.);
#2844 = VERTEX_POINT('',#2845);
#2845 = CARTESIAN_POINT('',(0.,855.18629150101,20.));
#2846 = VERTEX_POINT('',#2847);
#2847 = CARTESIAN_POINT('',(-3.552713678801E-15,848.35640646055,20.));
#2848 = SURFACE_CURVE('',#2849,(#2853,#2860),.PCURVE_S1.);
#2849 = LINE('',#2850,#2851);
#2850 = CARTESIAN_POINT('',(-8.881784197001E-16,866.5,20.));
#2851 = VECTOR('',#2852,1.);
#2852 = DIRECTION('',(-2.775557561563E-17,-1.,0.));
#2853 = PCURVE('',#1025,#2854);
#2854 = DEFINITIONAL_REPRESENTATION('',(#2855),#2859);
#2855 = LINE('',#2856,#2857);
#2856 = CARTESIAN_POINT('',(20.,-866.5));
#2857 = VECTOR('',#2858,1.);
#2858 = DIRECTION('',(0.,1.));
#2859 = ( GEOMETRIC_REPRESENTATION_CONTEXT(2) 
PARAMETRIC_REPRESENTATION_CONTEXT() REPRESENTATION_CONTEXT('2D SPACE',''
  ) );
#2860 = PCURVE('',#2861,#2866);
#2861 = PLANE('',#2862);
#2862 = AXIS2_PLACEMENT_3D('',#2863,#2864,#2865);
#2863 = CARTESIAN_POINT('',(0.,842.5,20.));
#2864 = DIRECTION('',(0.,0.,-1.));
#2865 = DIRECTION('',(1.,0.,0.));
#2866 = DEFINITIONAL_REPRESENTATION('',(#2867),#2871);
#2867 = LINE('',#2868,#2869);
#2868 = CARTESIAN_POINT('',(-8.881784197001E-16,-24.));
#2869 = VECTOR('',#2870,1.);
#2870 = DIRECTION('',(-2.775557561563E-17,1.));
#2871 = ( GEOMETRIC_REPRESENTATION_CONTEXT(2) 
PARAMETRIC_REPRESENTATION_CONTEXT() REPRESENTATION_CONTEXT('2D SPACE',''
  ) );
#2872 = ORIENTED_EDGE('',*,*,#2873,.T.);
#2873 = EDGE_CURVE('',#2846,#2874,#2876,.T.);
#2874 = VERTEX_POINT('',#2875);
#2875 = CARTESIAN_POINT('',(-1.7763568394E-15,834.5,28.));
#2876 = SURFACE_CURVE('',#2877,(#2910,#2946),.PCURVE_S1.);
#2877 = B_SPLINE_CURVE_WITH_KNOTS('',7,(#2878,#2879,#2880,#2881,#2882,
    #2883,#2884,#2885,#2886,#2887,#2888,#2889,#2890,#2891,#2892,#2893,
    #2894,#2895,#2896,#2897,#2898,#2899,#2900,#2901,#2902,#2903,#2904,
    #2905,#2906,#2907,#2908,#2909),.UNSPECIFIED.,.F.,.F.,(8,6,6,6,6,8),(
    0.,0.221819200855,0.477593125735,0.822037036757,0.940848597102,1.),
  .UNSPECIFIED.);
#2878 = CARTESIAN_POINT('',(0.,848.35640646055,20.));
#2879 = CARTESIAN_POINT('',(0.,847.82348957837,20.));
#2880 = CARTESIAN_POINT('',(0.,847.28625127873,20.031062788452));
#2881 = CARTESIAN_POINT('',(0.,846.7480225691,20.092839401205));
#2882 = CARTESIAN_POINT('',(0.,846.21176949904,20.184267990132));
#2883 = CARTESIAN_POINT('',(0.,845.68003931879,20.30376868119));
#2884 = CARTESIAN_POINT('',(0.,845.15494182763,20.449402632289));
#2885 = CARTESIAN_POINT('',(0.,844.04228510591,20.814548154679));
#2886 = CARTESIAN_POINT('',(0.,843.45740946955,21.041975700829));
#2887 = CARTESIAN_POINT('',(0.,842.88598405114,21.298005156794));
#2888 = CARTESIAN_POINT('',(0.,842.32956300053,21.579053892129));
#2889 = CARTESIAN_POINT('',(0.,841.78891595765,21.881544233366));
#2890 = CARTESIAN_POINT('',(0.,841.26414881705,22.202128102257));
#2891 = CARTESIAN_POINT('',(0.,840.0689647683,22.989890777038));
#2892 = CARTESIAN_POINT('',(0.,839.41128182218,23.469256360717));
#2893 = CARTESIAN_POINT('',(0.,838.78042458482,23.968811991837));
#2894 = CARTESIAN_POINT('',(0.,838.1737130977,24.482494247965));
#2895 = CARTESIAN_POINT('',(0.,837.58765456416,25.005607762539));
#2896 = CARTESIAN_POINT('',(0.,837.01835272399,25.534695941661));
#2897 = CARTESIAN_POINT('',(0.,836.26957918184,26.25091465985));
#2898 = CARTESIAN_POINT('',(0.,836.07904893776,26.435000826913));
#2899 = CARTESIAN_POINT('',(0.,835.88986212219,26.619372825301));
#2900 = CARTESIAN_POINT('',(0.,835.70185475769,26.803927645426));
#2901 = CARTESIAN_POINT('',(0.,835.51486422589,26.988568732704));
#2902 = CARTESIAN_POINT('',(0.,835.32872963184,27.173204395251));
#2903 = CARTESIAN_POINT('',(0.,835.05097046089,27.449622013042));
#2904 = CARTESIAN_POINT('',(0.,834.95882174296,27.541474344855));
#2905 = CARTESIAN_POINT('',(0.,834.86682651694,27.633292228106));
#2906 = CARTESIAN_POINT('',(0.,834.77496555438,27.72506469253));
#2907 = CARTESIAN_POINT('',(0.,834.68321989595,27.816780776518));
#2908 = CARTESIAN_POINT('',(0.,834.5915708515,27.90842952711));
#2909 = CARTESIAN_POINT('',(0.,834.5,28.));
#2910 = PCURVE('',#1025,#2911);
#2911 = DEFINITIONAL_REPRESENTATION('',(#2912),#2945);
#2912 = B_SPLINE_CURVE_WITH_KNOTS('',7,(#2913,#2914,#2915,#2916,#2917,
    #2918,#2919,#2920,#2921,#2922,#2923,#2924,#2925,#2926,#2927,#2928,
    #2929,#2930,#2931,#2932,#2933,#2934,#2935,#2936,#2937,#2938,#2939,
    #2940,#2941,#2942,#2943,#2944),.UNSPECIFIED.,.F.,.F.,(8,6,6,6,6,8),(
    0.,0.221819200855,0.477593125735,0.822037036757,0.940848597102,1.),
  .UNSPECIFIED.);
#2913 = CARTESIAN_POINT('',(20.,-848.3564064605));
#2914 = CARTESIAN_POINT('',(20.,-847.8234895783));
#2915 = CARTESIAN_POINT('',(20.031062788452,-847.2862512787));
#2916 = CARTESIAN_POINT('',(20.092839401205,-846.7480225691));
#2917 = CARTESIAN_POINT('',(20.184267990132,-846.211769499));
#2918 = CARTESIAN_POINT('',(20.30376868119,-845.6800393187));
#2919 = CARTESIAN_POINT('',(20.449402632289,-845.1549418276));
#2920 = CARTESIAN_POINT('',(20.814548154679,-844.0422851059));
#2921 = CARTESIAN_POINT('',(21.041975700829,-843.4574094695));
#2922 = CARTESIAN_POINT('',(21.298005156794,-842.8859840511));
#2923 = CARTESIAN_POINT('',(21.579053892129,-842.3295630005));
#2924 = CARTESIAN_POINT('',(21.881544233366,-841.7889159576));
#2925 = CARTESIAN_POINT('',(22.202128102257,-841.264148817));
#2926 = CARTESIAN_POINT('',(22.989890777038,-840.0689647683));
#2927 = CARTESIAN_POINT('',(23.469256360717,-839.4112818221));
#2928 = CARTESIAN_POINT('',(23.968811991837,-838.7804245848));
#2929 = CARTESIAN_POINT('',(24.482494247965,-838.1737130977));
#2930 = CARTESIAN_POINT('',(25.005607762539,-837.5876545641));
#2931 = CARTESIAN_POINT('',(25.534695941661,-837.0183527239));
#2932 = CARTESIAN_POINT('',(26.25091465985,-836.2695791818));
#2933 = CARTESIAN_POINT('',(26.435000826913,-836.0790489377));
#2934 = CARTESIAN_POINT('',(26.619372825301,-835.8898621221));
#2935 = CARTESIAN_POINT('',(26.803927645426,-835.7018547576));
#2936 = CARTESIAN_POINT('',(26.988568732704,-835.5148642258));
#2937 = CARTESIAN_POINT('',(27.173204395251,-835.3287296318));
#2938 = CARTESIAN_POINT('',(27.449622013042,-835.0509704608));
#2939 = CARTESIAN_POINT('',(27.541474344855,-834.9588217429));
#2940 = CARTESIAN_POINT('',(27.633292228106,-834.8668265169));
#2941 = CARTESIAN_POINT('',(27.72506469253,-834.7749655543));
#2942 = CARTESIAN_POINT('',(27.816780776518,-834.6832198959));
#2943 = CARTESIAN_POINT('',(27.90842952711,-834.5915708515));
#2944 = CARTESIAN_POINT('',(28.,-834.5));
#2945 = ( GEOMETRIC_REPRESENTATION_CONTEXT(2) 
PARAMETRIC_REPRESENTATION_CONTEXT() REPRESENTATION_CONTEXT('2D SPACE',''
  ) );
#2946 = PCURVE('',#2947,#2969);
#2947 = ( BOUNDED_SURFACE() B_SPLINE_SURFACE(2,6,(
    (#2948,#2949,#2950,#2951,#2952,#2953,#2954)
    ,(#2955,#2956,#2957,#2958,#2959,#2960,#2961)
    ,(#2962,#2963,#2964,#2965,#2966,#2967,#2968
)),.UNSPECIFIED.,.F.,.F.,.F.) B_SPLINE_SURFACE_WITH_KNOTS((3,3),(7,7),(
    0.,8.377580409573),(-2.643424504782E-13,8.377580409573),
.PIECEWISE_BEZIER_KNOTS.) GEOMETRIC_REPRESENTATION_ITEM() 
RATIONAL_B_SPLINE_SURFACE((
    (1.,1.,1.,1.,1.,1.,1.)
    ,(0.707106781187,0.707106781187,0.707106781187,0.707106781187
      ,0.707106781187,0.707106781187,0.707106781187)
,(1.,1.,1.,1.,1.,1.,1.))) REPRESENTATION_ITEM('') SURFACE() );
#2948 = CARTESIAN_POINT('',(-8.,834.49999999999,20.));
#2949 = CARTESIAN_POINT('',(-8.000000000001,837.29252567012,20.));
#2950 = CARTESIAN_POINT('',(-7.415142628554,840.08505732857,20.));
#2951 = CARTESIAN_POINT('',(-6.245355066174,842.72454383765,20.));
#2952 = CARTESIAN_POINT('',(-4.544353312586,845.05739863601,20.));
#2953 = CARTESIAN_POINT('',(-2.418398171047,846.96014362546,20.));
#2954 = CARTESIAN_POINT('',(-1.391764302124E-15,848.35640646055,20.));
#2955 = CARTESIAN_POINT('',(-3.330669073875E-15,834.5,20.));
#2956 = CARTESIAN_POINT('',(-8.282263763704E-14,835.89626283505,20.));
#2957 = CARTESIAN_POINT('',(0.292429976261,837.29253391885,20.));
#2958 = CARTESIAN_POINT('',(0.877319494165,838.61226228834,20.));
#2959 = CARTESIAN_POINT('',(1.727824559338,839.77870355715,20.));
#2960 = CARTESIAN_POINT('',(2.790800914438,840.73007181271,20.));
#2961 = CARTESIAN_POINT('',(3.999999999957,841.42820323025,20.));
#2962 = CARTESIAN_POINT('',(-1.7763568394E-15,834.5,28.));
#2963 = CARTESIAN_POINT('',(-2.6645352591E-15,835.89626283505,28.));
#2964 = CARTESIAN_POINT('',(0.292429976259,837.29253391884,28.));
#2965 = CARTESIAN_POINT('',(0.877319494169,838.61226228835,28.));
#2966 = CARTESIAN_POINT('',(1.727824559333,839.77870355715,28.));
#2967 = CARTESIAN_POINT('',(2.79080091444,840.73007181271,28.));
#2968 = CARTESIAN_POINT('',(4.,841.42820323027,28.));
#2969 = DEFINITIONAL_REPRESENTATION('',(#2970),#3003);
#2970 = B_SPLINE_CURVE_WITH_KNOTS('',7,(#2971,#2972,#2973,#2974,#2975,
    #2976,#2977,#2978,#2979,#2980,#2981,#2982,#2983,#2984,#2985,#2986,
    #2987,#2988,#2989,#2990,#2991,#2992,#2993,#2994,#2995,#2996,#2997,
    #2998,#2999,#3000,#3001,#3002),.UNSPECIFIED.,.F.,.F.,(8,6,6,6,6,8),(
    0.,0.221819200855,0.477593125735,0.822037036757,0.940848597102,1.),
  .UNSPECIFIED.);
#2971 = CARTESIAN_POINT('',(0.,8.377580409573));
#2972 = CARTESIAN_POINT('',(0.341746228365,8.244351134972));
#2973 = CARTESIAN_POINT('',(0.672902084501,8.101074328848));
#2974 = CARTESIAN_POINT('',(0.994130701427,7.947355857257));
#2975 = CARTESIAN_POINT('',(1.306192030095,7.782825236473));
#2976 = CARTESIAN_POINT('',(1.609823995651,7.607176039685));
#2977 = CARTESIAN_POINT('',(1.905692851972,7.420213492671));
#2978 = CARTESIAN_POINT('',(2.527328087461,6.993249827231));
#2979 = CARTESIAN_POINT('',(2.850769911052,6.749487717399));
#2980 = CARTESIAN_POINT('',(3.165757076094,6.490517573359));
#2981 = CARTESIAN_POINT('',(3.473265538253,6.216433541442));
#2982 = CARTESIAN_POINT('',(3.774211679059,5.927611506353));
#2983 = CARTESIAN_POINT('',(4.069473806501,5.624715547423));
#2984 = CARTESIAN_POINT('',(4.751130788615,4.882962787364));
#2985 = CARTESIAN_POINT('',(5.13354191518,4.433473348867));
#2986 = CARTESIAN_POINT('',(5.509561508831,3.962143997216));
#2987 = CARTESIAN_POINT('',(5.881380394349,3.471822037152));
#2988 = CARTESIAN_POINT('',(6.251231958293,2.966110943782));
#2989 = CARTESIAN_POINT('',(6.621530492824,2.448820495874));
#2990 = CARTESIAN_POINT('',(7.123952830634,1.742514124182));
#2991 = CARTESIAN_POINT('',(7.25318946182,1.560443216341));
#2992 = CARTESIAN_POINT('',(7.382916752941,1.377607880272));
#2993 = CARTESIAN_POINT('',(7.513247517138,1.194171204095));
#2994 = CARTESIAN_POINT('',(7.644297511408,1.010298585492));
#2995 = CARTESIAN_POINT('',(7.776186318969,0.826156382618));
#2996 = CARTESIAN_POINT('',(7.975179750077,0.550182129194));
#2997 = CARTESIAN_POINT('',(8.041559857131,0.458428191449));
#2998 = CARTESIAN_POINT('',(8.108193787844,0.366669381861));
#2999 = CARTESIAN_POINT('',(8.175097004735,0.274926386887));
#3000 = CARTESIAN_POINT('',(8.242285197784,0.18321994937));
#3001 = CARTESIAN_POINT('',(8.30977428443,9.157086853686E-02));
#3002 = CARTESIAN_POINT('',(8.377580409573,-2.643424504782E-13));
#3003 = ( GEOMETRIC_REPRESENTATION_CONTEXT(2) 
PARAMETRIC_REPRESENTATION_CONTEXT() REPRESENTATION_CONTEXT('2D SPACE',''
  ) );
#3004 = ORIENTED_EDGE('',*,*,#3005,.T.);
#3005 = EDGE_CURVE('',#2874,#3006,#3008,.T.);
#3006 = VERTEX_POINT('',#3007);
#3007 = CARTESIAN_POINT('',(-1.7763568394E-15,834.5,50.));
#3008 = SURFACE_CURVE('',#3009,(#3013,#3020),.PCURVE_S1.);
#3009 = LINE('',#3010,#3011);
#3010 = CARTESIAN_POINT('',(-1.7763568394E-15,834.5,20.));
#3011 = VECTOR('',#3012,1.);
#3012 = DIRECTION('',(-0.,-0.,1.));
#3013 = PCURVE('',#1025,#3014);
#3014 = DEFINITIONAL_REPRESENTATION('',(#3015),#3019);
#3015 = LINE('',#3016,#3017);
#3016 = CARTESIAN_POINT('',(20.,-834.5));
#3017 = VECTOR('',#3018,1.);
#3018 = DIRECTION('',(1.,0.));
#3019 = ( GEOMETRIC_REPRESENTATION_CONTEXT(2) 
PARAMETRIC_REPRESENTATION_CONTEXT() REPRESENTATION_CONTEXT('2D SPACE',''
  ) );
#3020 = PCURVE('',#3021,#3026);
#3021 = CYLINDRICAL_SURFACE('',#3022,8.);
#3022 = AXIS2_PLACEMENT_3D('',#3023,#3024,#3025);
#3023 = CARTESIAN_POINT('',(8.,834.5,20.));
#3024 = DIRECTION('',(-0.,-0.,1.));
#3025 = DIRECTION('',(-0.,1.,0.));
#3026 = DEFINITIONAL_REPRESENTATION('',(#3027),#3031);
#3027 = LINE('',#3028,#3029);
#3028 = CARTESIAN_POINT('',(1.570796326795,0.));
#3029 = VECTOR('',#3030,1.);
#3030 = DIRECTION('',(0.,1.));
#3031 = ( GEOMETRIC_REPRESENTATION_CONTEXT(2) 
PARAMETRIC_REPRESENTATION_CONTEXT() REPRESENTATION_CONTEXT('2D SPACE',''
  ) );
#3032 = ORIENTED_EDGE('',*,*,#3033,.F.);
#3033 = EDGE_CURVE('',#3034,#3006,#3036,.T.);
#3034 = VERTEX_POINT('',#3035);
#3035 = CARTESIAN_POINT('',(-1.42108547152E-14,50.,50.));
#3036 = SURFACE_CURVE('',#3037,(#3041,#3048),.PCURVE_S1.);
#3037 = LINE('',#3038,#3039);
#3038 = CARTESIAN_POINT('',(-1.42108547152E-14,0.,50.));
#3039 = VECTOR('',#3040,1.);
#3040 = DIRECTION('',(-0.,1.,-0.));
#3041 = PCURVE('',#1025,#3042);
#3042 = DEFINITIONAL_REPRESENTATION('',(#3043),#3047);
#3043 = LINE('',#3044,#3045);
#3044 = CARTESIAN_POINT('',(50.,0.));
#3045 = VECTOR('',#3046,1.);
#3046 = DIRECTION('',(0.,-1.));
#3047 = ( GEOMETRIC_REPRESENTATION_CONTEXT(2) 
PARAMETRIC_REPRESENTATION_CONTEXT() REPRESENTATION_CONTEXT('2D SPACE',''
  ) );
#3048 = PCURVE('',#3049,#3054);
#3049 = CYLINDRICAL_SURFACE('',#3050,50.);
#3050 = AXIS2_PLACEMENT_3D('',#3051,#3052,#3053);
#3051 = CARTESIAN_POINT('',(50.,0.,50.));
#3052 = DIRECTION('',(-0.,1.,-0.));
#3053 = DIRECTION('',(-1.,-0.,0.));
#3054 = DEFINITIONAL_REPRESENTATION('',(#3055),#3059);
#3055 = LINE('',#3056,#3057);
#3056 = CARTESIAN_POINT('',(0.,0.));
#3057 = VECTOR('',#3058,1.);
#3058 = DIRECTION('',(0.,1.));
#3059 = ( GEOMETRIC_REPRESENTATION_CONTEXT(2) 
PARAMETRIC_REPRESENTATION_CONTEXT() REPRESENTATION_CONTEXT('2D SPACE',''
  ) );
#3060 = ORIENTED_EDGE('',*,*,#3061,.F.);
#3061 = EDGE_CURVE('',#1510,#3034,#3062,.T.);
#3062 = SURFACE_CURVE('',#3063,(#3067,#3074),.PCURVE_S1.);
#3063 = LINE('',#3064,#3065);
#3064 = CARTESIAN_POINT('',(-1.42108547152E-14,50.,0.));
#3065 = VECTOR('',#3066,1.);
#3066 = DIRECTION('',(0.,0.,1.));
#3067 = PCURVE('',#1025,#3068);
#3068 = DEFINITIONAL_REPRESENTATION('',(#3069),#3073);
#3069 = LINE('',#3070,#3071);
#3070 = CARTESIAN_POINT('',(0.,-50.));
#3071 = VECTOR('',#3072,1.);
#3072 = DIRECTION('',(1.,0.));
#3073 = ( GEOMETRIC_REPRESENTATION_CONTEXT(2) 
PARAMETRIC_REPRESENTATION_CONTEXT() REPRESENTATION_CONTEXT('2D SPACE',''
  ) );
#3074 = PCURVE('',#1666,#3075);
#3075 = DEFINITIONAL_REPRESENTATION('',(#3076),#3080);
#3076 = LINE('',#3077,#3078);
#3077 = CARTESIAN_POINT('',(0.,0.));
#3078 = VECTOR('',#3079,1.);
#3079 = DIRECTION('',(0.,1.));
#3080 = ( GEOMETRIC_REPRESENTATION_CONTEXT(2) 
PARAMETRIC_REPRESENTATION_CONTEXT() REPRESENTATION_CONTEXT('2D SPACE',''
  ) );
#3081 = ORIENTED_EDGE('',*,*,#1509,.T.);
#3082 = ORIENTED_EDGE('',*,*,#1011,.T.);
#3083 = ORIENTED_EDGE('',*,*,#3084,.F.);
#3084 = EDGE_CURVE('',#3085,#990,#3087,.T.);
#3085 = VERTEX_POINT('',#3086);
#3086 = CARTESIAN_POINT('',(-8.881784197001E-16,866.5,50.));
#3087 = SURFACE_CURVE('',#3088,(#3092,#3099),.PCURVE_S1.);
#3088 = LINE('',#3089,#3090);
#3089 = CARTESIAN_POINT('',(-1.42108547152E-14,862.5,50.));
#3090 = VECTOR('',#3091,1.);
#3091 = DIRECTION('',(-0.,1.,-0.));
#3092 = PCURVE('',#1025,#3093);
#3093 = DEFINITIONAL_REPRESENTATION('',(#3094),#3098);
#3094 = LINE('',#3095,#3096);
#3095 = CARTESIAN_POINT('',(50.,-862.5));
#3096 = VECTOR('',#3097,1.);
#3097 = DIRECTION('',(0.,-1.));
#3098 = ( GEOMETRIC_REPRESENTATION_CONTEXT(2) 
PARAMETRIC_REPRESENTATION_CONTEXT() REPRESENTATION_CONTEXT('2D SPACE',''
  ) );
#3099 = PCURVE('',#2280,#3100);
#3100 = DEFINITIONAL_REPRESENTATION('',(#3101),#3105);
#3101 = LINE('',#3102,#3103);
#3102 = CARTESIAN_POINT('',(0.,0.));
#3103 = VECTOR('',#3104,1.);
#3104 = DIRECTION('',(0.,1.));
#3105 = ( GEOMETRIC_REPRESENTATION_CONTEXT(2) 
PARAMETRIC_REPRESENTATION_CONTEXT() REPRESENTATION_CONTEXT('2D SPACE',''
  ) );
#3106 = ORIENTED_EDGE('',*,*,#3107,.F.);
#3107 = EDGE_CURVE('',#3108,#3085,#3110,.T.);
#3108 = VERTEX_POINT('',#3109);
#3109 = CARTESIAN_POINT('',(-8.881784197001E-16,866.5,28.));
#3110 = SURFACE_CURVE('',#3111,(#3115,#3122),.PCURVE_S1.);
#3111 = LINE('',#3112,#3113);
#3112 = CARTESIAN_POINT('',(-8.881784197001E-16,866.5,20.));
#3113 = VECTOR('',#3114,1.);
#3114 = DIRECTION('',(-0.,-0.,1.));
#3115 = PCURVE('',#1025,#3116);
#3116 = DEFINITIONAL_REPRESENTATION('',(#3117),#3121);
#3117 = LINE('',#3118,#3119);
#3118 = CARTESIAN_POINT('',(20.,-866.5));
#3119 = VECTOR('',#3120,1.);
#3120 = DIRECTION('',(1.,0.));
#3121 = ( GEOMETRIC_REPRESENTATION_CONTEXT(2) 
PARAMETRIC_REPRESENTATION_CONTEXT() REPRESENTATION_CONTEXT('2D SPACE',''
  ) );
#3122 = PCURVE('',#3123,#3128);
#3123 = CYLINDRICAL_SURFACE('',#3124,4.);
#3124 = AXIS2_PLACEMENT_3D('',#3125,#3126,#3127);
#3125 = CARTESIAN_POINT('',(4.,866.5,20.));
#3126 = DIRECTION('',(-0.,-0.,1.));
#3127 = DIRECTION('',(0.,-1.,-0.));
#3128 = DEFINITIONAL_REPRESENTATION('',(#3129),#3133);
#3129 = LINE('',#3130,#3131);
#3130 = CARTESIAN_POINT('',(-1.570796326795,0.));
#3131 = VECTOR('',#3132,1.);
#3132 = DIRECTION('',(-0.,1.));
#3133 = ( GEOMETRIC_REPRESENTATION_CONTEXT(2) 
PARAMETRIC_REPRESENTATION_CONTEXT() REPRESENTATION_CONTEXT('2D SPACE',''
  ) );
#3134 = ORIENTED_EDGE('',*,*,#3135,.F.);
#3135 = EDGE_CURVE('',#2844,#3108,#3136,.T.);
#3136 = SURFACE_CURVE('',#3137,(#3175,#3216),.PCURVE_S1.);
#3137 = B_SPLINE_CURVE_WITH_KNOTS('',8,(#3138,#3139,#3140,#3141,#3142,
    #3143,#3144,#3145,#3146,#3147,#3148,#3149,#3150,#3151,#3152,#3153,
    #3154,#3155,#3156,#3157,#3158,#3159,#3160,#3161,#3162,#3163,#3164,
    #3165,#3166,#3167,#3168,#3169,#3170,#3171,#3172,#3173,#3174),
  .UNSPECIFIED.,.F.,.F.,(9,7,7,7,7,9),(0.,0.40828422925,0.632040887941,
    0.891342204285,0.982210442606,1.),.UNSPECIFIED.);
#3138 = CARTESIAN_POINT('',(0.,855.18629150101,20.));
#3139 = CARTESIAN_POINT('',(0.,855.94716758909,20.));
#3140 = CARTESIAN_POINT('',(0.,856.71298065487,20.073515388656));
#3141 = CARTESIAN_POINT('',(0.,857.47290153271,20.220017099395));
#3142 = CARTESIAN_POINT('',(0.,858.21785246263,20.435987737989));
#3143 = CARTESIAN_POINT('',(0.,858.94043591068,20.716176287581));
#3144 = CARTESIAN_POINT('',(0.,859.63483211854,21.053844469252));
#3145 = CARTESIAN_POINT('',(0.,860.29696722327,21.44084471766));
#3146 = CARTESIAN_POINT('',(0.,861.26842344502,22.102244449283));
#3147 = CARTESIAN_POINT('',(0.,861.60215865044,22.34862570303));
#3148 = CARTESIAN_POINT('',(0.,861.92543116404,22.605854775083));
#3149 = CARTESIAN_POINT('',(0.,862.23817618631,22.872536521402));
#3150 = CARTESIAN_POINT('',(0.,862.54052612822,23.147305407036));
#3151 = CARTESIAN_POINT('',(0.,862.83278908758,23.428862903228));
#3152 = CARTESIAN_POINT('',(0.,863.11542438469,23.716010615679));
#3153 = CARTESIAN_POINT('',(0.,863.7060669403,24.345680407402));
#3154 = CARTESIAN_POINT('',(0.,864.01096080311,24.689740124959));
#3155 = CARTESIAN_POINT('',(0.,864.30465764251,25.038247728131));
#3156 = CARTESIAN_POINT('',(0.,864.58833256479,25.38982702037));
#3157 = CARTESIAN_POINT('',(0.,864.8633150297,25.743379846656));
#3158 = CARTESIAN_POINT('',(0.,865.13103358047,26.098087166124));
#3159 = CARTESIAN_POINT('',(0.,865.39297815095,26.453377546417));
#3160 = CARTESIAN_POINT('',(0.,865.74100520474,26.933451156795));
#3161 = CARTESIAN_POINT('',(0.,865.83079573165,27.058051256703));
#3162 = CARTESIAN_POINT('',(0.,865.92012996538,27.182655682089));
#3163 = CARTESIAN_POINT('',(0.,866.00907326591,27.307248437786));
#3164 = CARTESIAN_POINT('',(0.,866.09769089459,27.431814944975));
#3165 = CARTESIAN_POINT('',(0.,866.1860479994,27.556341736697));
#3166 = CARTESIAN_POINT('',(0.,866.2742096002,27.680816153359));
#3167 = CARTESIAN_POINT('',(0.,866.37947467135,27.82958214802));
#3168 = CARTESIAN_POINT('',(0.,866.39670375332,27.853935771805));
#3169 = CARTESIAN_POINT('',(0.,866.4139283044,27.878286815065));
#3170 = CARTESIAN_POINT('',(0.,866.43114880829,27.902635183054));
#3171 = CARTESIAN_POINT('',(0.,866.44836574795,27.926980780815));
#3172 = CARTESIAN_POINT('',(0.,866.4655796056,27.95132351318));
#3173 = CARTESIAN_POINT('',(0.,866.4827908627,27.975663284771));
#3174 = CARTESIAN_POINT('',(0.,866.5,28.));
#3175 = PCURVE('',#1025,#3176);
#3176 = DEFINITIONAL_REPRESENTATION('',(#3177),#3215);
#3177 = B_SPLINE_CURVE_WITH_KNOTS('',8,(#3178,#3179,#3180,#3181,#3182,
    #3183,#3184,#3185,#3186,#3187,#3188,#3189,#3190,#3191,#3192,#3193,
    #3194,#3195,#3196,#3197,#3198,#3199,#3200,#3201,#3202,#3203,#3204,
    #3205,#3206,#3207,#3208,#3209,#3210,#3211,#3212,#3213,#3214),
  .UNSPECIFIED.,.F.,.F.,(9,7,7,7,7,9),(0.,0.40828422925,0.632040887941,
    0.891342204285,0.982210442606,1.),.UNSPECIFIED.);
#3178 = CARTESIAN_POINT('',(20.,-855.186291501));
#3179 = CARTESIAN_POINT('',(20.,-855.947167589));
#3180 = CARTESIAN_POINT('',(20.073515388656,-856.7129806548));
#3181 = CARTESIAN_POINT('',(20.220017099395,-857.4729015327));
#3182 = CARTESIAN_POINT('',(20.435987737989,-858.2178524626));
#3183 = CARTESIAN_POINT('',(20.716176287581,-858.9404359106));
#3184 = CARTESIAN_POINT('',(21.053844469252,-859.6348321185));
#3185 = CARTESIAN_POINT('',(21.44084471766,-860.2969672232));
#3186 = CARTESIAN_POINT('',(22.102244449283,-861.268423445));
#3187 = CARTESIAN_POINT('',(22.34862570303,-861.6021586504));
#3188 = CARTESIAN_POINT('',(22.605854775083,-861.925431164));
#3189 = CARTESIAN_POINT('',(22.872536521402,-862.2381761863));
#3190 = CARTESIAN_POINT('',(23.147305407036,-862.5405261282));
#3191 = CARTESIAN_POINT('',(23.428862903228,-862.8327890875));
#3192 = CARTESIAN_POINT('',(23.716010615679,-863.1154243846));
#3193 = CARTESIAN_POINT('',(24.345680407402,-863.7060669403));
#3194 = CARTESIAN_POINT('',(24.689740124959,-864.0109608031));
#3195 = CARTESIAN_POINT('',(25.038247728131,-864.3046576425));
#3196 = CARTESIAN_POINT('',(25.38982702037,-864.5883325647));
#3197 = CARTESIAN_POINT('',(25.743379846656,-864.8633150297));
#3198 = CARTESIAN_POINT('',(26.098087166124,-865.1310335804));
#3199 = CARTESIAN_POINT('',(26.453377546417,-865.3929781509));
#3200 = CARTESIAN_POINT('',(26.933451156795,-865.7410052047));
#3201 = CARTESIAN_POINT('',(27.058051256703,-865.8307957316));
#3202 = CARTESIAN_POINT('',(27.182655682089,-865.9201299653));
#3203 = CARTESIAN_POINT('',(27.307248437786,-866.0090732659));
#3204 = CARTESIAN_POINT('',(27.431814944975,-866.0976908945));
#3205 = CARTESIAN_POINT('',(27.556341736697,-866.1860479994));
#3206 = CARTESIAN_POINT('',(27.680816153359,-866.2742096002));
#3207 = CARTESIAN_POINT('',(27.82958214802,-866.3794746713));
#3208 = CARTESIAN_POINT('',(27.853935771805,-866.3967037533));
#3209 = CARTESIAN_POINT('',(27.878286815065,-866.4139283044));
#3210 = CARTESIAN_POINT('',(27.902635183054,-866.4311488082));
#3211 = CARTESIAN_POINT('',(27.926980780815,-866.4483657479));
#3212 = CARTESIAN_POINT('',(27.95132351318,-866.4655796056));
#3213 = CARTESIAN_POINT('',(27.975663284771,-866.4827908627));
#3214 = CARTESIAN_POINT('',(28.,-866.5));
#3215 = ( GEOMETRIC_REPRESENTATION_CONTEXT(2) 
PARAMETRIC_REPRESENTATION_CONTEXT() REPRESENTATION_CONTEXT('2D SPACE',''
  ) );
#3216 = PCURVE('',#3217,#3239);
#3217 = ( BOUNDED_SURFACE() B_SPLINE_SURFACE(2,6,(
    (#3218,#3219,#3220,#3221,#3222,#3223,#3224)
    ,(#3225,#3226,#3227,#3228,#3229,#3230,#3231)
    ,(#3232,#3233,#3234,#3235,#3236,#3237,#3238
)),.UNSPECIFIED.,.F.,.F.,.F.) B_SPLINE_SURFACE_WITH_KNOTS((3,3),(7,7),(
    0.,4.92383766936),(3.074208483118E-12,4.923837669363),
.PIECEWISE_BEZIER_KNOTS.) GEOMETRIC_REPRESENTATION_ITEM() 
RATIONAL_B_SPLINE_SURFACE((
    (1.,1.,1.,1.,1.,1.,1.)
    ,(0.707106781187,0.707106781187,0.707106781187,0.707106781187
      ,0.707106781187,0.707106781187,0.707106781187)
,(1.,1.,1.,1.,1.,1.,1.))) REPRESENTATION_ITEM('') SURFACE() );
#3218 = CARTESIAN_POINT('',(-8.,866.49999999999,20.));
#3219 = CARTESIAN_POINT('',(-7.999999999998,864.03808379291,20.));
#3220 = CARTESIAN_POINT('',(-7.39393073855,861.57621317921,20.));
#3221 = CARTESIAN_POINT('',(-6.181559530037,859.300550213,20.));
#3222 = CARTESIAN_POINT('',(-4.440167646788,857.39896135445,20.));
#3223 = CARTESIAN_POINT('',(-2.321116859546,856.0069302367,20.));
#3224 = CARTESIAN_POINT('',(-1.202196911437E-15,855.18629150101,20.));
#3225 = CARTESIAN_POINT('',(-3.552713678801E-15,866.49999999999,20.));
#3226 = CARTESIAN_POINT('',(6.150635556423E-13,865.67936126429,20.));
#3227 = CARTESIAN_POINT('',(0.202023087191,864.85873772641,20.));
#3228 = CARTESIAN_POINT('',(0.606146823205,864.10018340435,20.));
#3229 = CARTESIAN_POINT('',(1.186610784544,863.46632045144,20.));
#3230 = CARTESIAN_POINT('',(1.89296104674,863.00231007892,20.));
#3231 = CARTESIAN_POINT('',(2.666666666625,862.72876383368,20.));
#3232 = CARTESIAN_POINT('',(-8.881784197001E-16,866.5,28.));
#3233 = CARTESIAN_POINT('',(4.440892098501E-16,865.67936126425,28.));
#3234 = CARTESIAN_POINT('',(0.202023087177,864.85873772649,28.));
#3235 = CARTESIAN_POINT('',(0.606146823247,864.10018340427,28.));
#3236 = CARTESIAN_POINT('',(1.186610784492,863.46632045148,28.));
#3237 = CARTESIAN_POINT('',(1.892961046768,863.00231007891,28.));
#3238 = CARTESIAN_POINT('',(2.666666666667,862.72876383367,28.));
#3239 = DEFINITIONAL_REPRESENTATION('',(#3240),#3278);
#3240 = B_SPLINE_CURVE_WITH_KNOTS('',8,(#3241,#3242,#3243,#3244,#3245,
    #3246,#3247,#3248,#3249,#3250,#3251,#3252,#3253,#3254,#3255,#3256,
    #3257,#3258,#3259,#3260,#3261,#3262,#3263,#3264,#3265,#3266,#3267,
    #3268,#3269,#3270,#3271,#3272,#3273,#3274,#3275,#3276,#3277),
  .UNSPECIFIED.,.F.,.F.,(9,7,7,7,7,9),(0.,0.40828422925,0.632040887941,
    0.891342204285,0.982210442606,1.),.UNSPECIFIED.);
#3241 = CARTESIAN_POINT('',(0.,4.923837669363));
#3242 = CARTESIAN_POINT('',(0.31220252868,4.839295791566));
#3243 = CARTESIAN_POINT('',(0.610511860826,4.74265302817));
#3244 = CARTESIAN_POINT('',(0.89660639357,4.632205936841));
#3245 = CARTESIAN_POINT('',(1.172436174069,4.505892563861));
#3246 = CARTESIAN_POINT('',(1.439584111113,4.361349230515));
#3247 = CARTESIAN_POINT('',(1.699378409683,4.195900335188));
#3248 = CARTESIAN_POINT('',(1.952764452263,4.007122599482));
#3249 = CARTESIAN_POINT('',(2.336051319172,3.677020025276));
#3250 = CARTESIAN_POINT('',(2.470086326963,3.55273789406));
#3251 = CARTESIAN_POINT('',(2.602611626582,3.420793779276));
#3252 = CARTESIAN_POINT('',(2.733773036837,3.281009653517));
#3253 = CARTESIAN_POINT('',(2.863715648214,3.133312472225));
#3254 = CARTESIAN_POINT('',(2.99258718242,2.977762160203));
#3255 = CARTESIAN_POINT('',(3.12054382189,2.814568146232));
#3256 = CARTESIAN_POINT('',(3.395181768488,2.446540302826));
#3257 = CARTESIAN_POINT('',(3.541603102769,2.239216664296));
#3258 = CARTESIAN_POINT('',(3.687315633585,2.022656879062));
#3259 = CARTESIAN_POINT('',(3.832640586222,1.797653219884));
#3260 = CARTESIAN_POINT('',(3.977941452122,1.56526139963));
#3261 = CARTESIAN_POINT('',(4.123635656696,1.32674266826));
#3262 = CARTESIAN_POINT('',(4.270206849938,1.083476855523));
#3263 = CARTESIAN_POINT('',(4.470090243244,0.750463476221));
#3264 = CARTESIAN_POINT('',(4.522135427551,0.663640328865));
#3265 = CARTESIAN_POINT('',(4.574380228895,0.576472265636));
#3266 = CARTESIAN_POINT('',(4.626849098682,0.489022705665));
#3267 = CARTESIAN_POINT('',(4.679567267547,0.401356095766));
#3268 = CARTESIAN_POINT('',(4.732560812023,0.313537502355));
#3269 = CARTESIAN_POINT('',(4.785856721195,0.225632203375));
#3270 = CARTESIAN_POINT('',(4.849981539441,0.120491553236));
#3271 = CARTESIAN_POINT('',(4.860492770872,0.103277006237));
#3272 = CARTESIAN_POINT('',(4.871016866019,8.606213015231E-02));
#3273 = CARTESIAN_POINT('',(4.881554034374,6.884741596709E-02));
#3274 = CARTESIAN_POINT('',(4.892104486564,5.16333547266E-02));
#3275 = CARTESIAN_POINT('',(4.902668434345,3.442043753449E-02));
#3276 = CARTESIAN_POINT('',(4.913246090603,1.720915555301E-02));
#3277 = CARTESIAN_POINT('',(4.92383766936,3.074208483118E-12));
#3278 = ( GEOMETRIC_REPRESENTATION_CONTEXT(2) 
PARAMETRIC_REPRESENTATION_CONTEXT() REPRESENTATION_CONTEXT('2D SPACE',''
  ) );
#3279 = ADVANCED_FACE('',(#3280),#1150,.T.);
#3280 = FACE_BOUND('',#3281,.T.);
#3281 = EDGE_LOOP('',(#3282,#3283,#3491,#3587));
#3282 = ORIENTED_EDGE('',*,*,#1040,.F.);
#3283 = ORIENTED_EDGE('',*,*,#3284,.T.);
#3284 = EDGE_CURVE('',#1041,#3285,#3287,.T.);
#3285 = VERTEX_POINT('',#3286);
#3286 = CARTESIAN_POINT('',(80.18,1.040025773249E+03,68.273956878575));
#3287 = SURFACE_CURVE('',#3288,(#3318,#3484),.PCURVE_S1.);
#3288 = ( BOUNDED_CURVE() B_SPLINE_CURVE(10,(#3289,#3290,#3291,#3292,
    #3293,#3294,#3295,#3296,#3297,#3298,#3299,#3300,#3301,#3302,#3303,
    #3304,#3305,#3306,#3307,#3308,#3309,#3310,#3311,#3312,#3313,#3314,
#3315,#3316,#3317),.UNSPECIFIED.,.F.,.F.) B_SPLINE_CURVE_WITH_KNOTS((11,
    9,9,11),(79.250362080455,80.591409388676,85.221161577941,
87.21249723147),.UNSPECIFIED.) CURVE() GEOMETRIC_REPRESENTATION_ITEM() 
RATIONAL_B_SPLINE_CURVE((1.,1.,1.,1.,1.,1.,1.,1.,1.,1.,1.,1.,
    0.999999999999,1.000000000001,0.999999999999,1.000000000001,1.,1.,1.
,1.,1.,1.,1.,1.,1.,1.,1.,1.,1.)) REPRESENTATION_ITEM('') );
#3289 = CARTESIAN_POINT('',(86.18,1.045519937092E+03,70.686598216399));
#3290 = CARTESIAN_POINT('',(85.84805133399,1.045554929858E+03,
    70.609598220632));
#3291 = CARTESIAN_POINT('',(85.556924294002,1.045560374884E+03,
    70.547934160307));
#3292 = CARTESIAN_POINT('',(85.287138813283,1.045549677437E+03,
    70.492761098526));
#3293 = CARTESIAN_POINT('',(85.037359134064,1.045524258252E+03,
    70.44350799264));
#3294 = CARTESIAN_POINT('',(84.800752853288,1.045488959139E+03,
    70.397095045816));
#3295 = CARTESIAN_POINT('',(84.577991575173,1.04544371016E+03,
    70.353863415252));
#3296 = CARTESIAN_POINT('',(84.36560610835,1.045391048465E+03,
    70.312265110255));
#3297 = CARTESIAN_POINT('',(84.163439827439,1.045331340062E+03,
    70.272262207681));
#3298 = CARTESIAN_POINT('',(83.970224820158,1.045265633196E+03,
    70.233309778943));
#3299 = CARTESIAN_POINT('',(83.147053692771,1.044949081581E+03,
    70.063443928787));
#3300 = CARTESIAN_POINT('',(82.607904536061,1.044639469396E+03,
    69.941201058568));
#3301 = CARTESIAN_POINT('',(82.138868920986,1.044292909503E+03,
    69.816584014318));
#3302 = CARTESIAN_POINT('',(81.73535514068,1.043917307847E+03,
    69.688754264511));
#3303 = CARTESIAN_POINT('',(81.387046206602,1.043523989848E+03,
    69.554781377619));
#3304 = CARTESIAN_POINT('',(81.092432596712,1.043116393576E+03,
    69.41478988276));
#3305 = CARTESIAN_POINT('',(80.845459485227,1.042701152938E+03,
    69.268248448368));
#3306 = CARTESIAN_POINT('',(80.646627988346,1.042281145732E+03,
    69.116474925048));
#3307 = CARTESIAN_POINT('',(80.494550682103,1.041868259333E+03,
    68.966417120485));
#3308 = CARTESIAN_POINT('',(80.337072514504,1.041313643662E+03,
    68.766318466637));
#3309 = CARTESIAN_POINT('',(80.302036446219,1.041165804686E+03,
    68.717716475704));
#3310 = CARTESIAN_POINT('',(80.272655942668,1.041025316377E+03,
    68.671955050723));
#3311 = CARTESIAN_POINT('',(80.246981103427,1.040885127362E+03,
    68.624035540109));
#3312 = CARTESIAN_POINT('',(80.22502617364,1.04074319882E+03,
    68.572736738469));
#3313 = CARTESIAN_POINT('',(80.207202764116,1.040600070871E+03,
    68.518487458968));
#3314 = CARTESIAN_POINT('',(80.193718168832,1.040456553331E+03,
    68.461607604404));
#3315 = CARTESIAN_POINT('',(80.184611709129,1.040312919585E+03,
    68.401953933184));
#3316 = CARTESIAN_POINT('',(80.18,1.040169353807E+03,68.339509316002));
#3317 = CARTESIAN_POINT('',(80.18,1.040025773249E+03,68.273956878575));
#3318 = PCURVE('',#1150,#3319);
#3319 = DEFINITIONAL_REPRESENTATION('',(#3320),#3483);
#3320 = B_SPLINE_CURVE_WITH_KNOTS('',11,(#3321,#3322,#3323,#3324,#3325,
    #3326,#3327,#3328,#3329,#3330,#3331,#3332,#3333,#3334,#3335,#3336,
    #3337,#3338,#3339,#3340,#3341,#3342,#3343,#3344,#3345,#3346,#3347,
    #3348,#3349,#3350,#3351,#3352,#3353,#3354,#3355,#3356,#3357,#3358,
    #3359,#3360,#3361,#3362,#3363,#3364,#3365,#3366,#3367,#3368,#3369,
    #3370,#3371,#3372,#3373,#3374,#3375,#3376,#3377,#3378,#3379,#3380,
    #3381,#3382,#3383,#3384,#3385,#3386,#3387,#3388,#3389,#3390,#3391,
    #3392,#3393,#3394,#3395,#3396,#3397,#3398,#3399,#3400,#3401,#3402,
    #3403,#3404,#3405,#3406,#3407,#3408,#3409,#3410,#3411,#3412,#3413,
    #3414,#3415,#3416,#3417,#3418,#3419,#3420,#3421,#3422,#3423,#3424,
    #3425,#3426,#3427,#3428,#3429,#3430,#3431,#3432,#3433,#3434,#3435,
    #3436,#3437,#3438,#3439,#3440,#3441,#3442,#3443,#3444,#3445,#3446,
    #3447,#3448,#3449,#3450,#3451,#3452,#3453,#3454,#3455,#3456,#3457,
    #3458,#3459,#3460,#3461,#3462,#3463,#3464,#3465,#3466,#3467,#3468,
    #3469,#3470,#3471,#3472,#3473,#3474,#3475,#3476,#3477,#3478,#3479,
    #3480,#3481,#3482),.UNSPECIFIED.,.F.,.F.,(12,10,10,10,10,10,10,10,10
    ,10,10,10,10,10,10,10,12),(79.250362080455,79.747995527394,
    80.245628974332,80.494445697802,80.743262421271,81.240895868209,
    83.231429655963,84.22669654984,84.724329996778,84.973146720248,
    85.097555081982,85.159759262849,85.190861353283,85.221963443717,
    86.217230337594,86.714863784532,87.21249723147),.UNSPECIFIED.);
#3321 = CARTESIAN_POINT('',(1.10054187985E-11,6.378341296976));
#3322 = CARTESIAN_POINT('',(0.899750290208,6.349824416885));
#3323 = CARTESIAN_POINT('',(1.754898963261,6.324256119053));
#3324 = CARTESIAN_POINT('',(2.573038771986,6.301126485124));
#3325 = CARTESIAN_POINT('',(3.359476712039,6.280078286922));
#3326 = CARTESIAN_POINT('',(4.118174423048,6.260844541549));
#3327 = CARTESIAN_POINT('',(4.852258226902,6.243214552222));
#3328 = CARTESIAN_POINT('',(5.564279674823,6.227016409176));
#3329 = CARTESIAN_POINT('',(6.256356045799,6.212107396846));
#3330 = CARTESIAN_POINT('',(6.930268809375,6.198367225235));
#3331 = CARTESIAN_POINT('',(7.587546636723,6.185692475281));
#3332 = CARTESIAN_POINT('',(8.871469592176,6.162295764188));
#3333 = CARTESIAN_POINT('',(9.498114719858,6.151573781835));
#3334 = CARTESIAN_POINT('',(10.110761852675,6.141739042628));
#3335 = CARTESIAN_POINT('',(10.710523070771,6.132716345751));
#3336 = CARTESIAN_POINT('',(11.298353277527,6.124441103495));
#3337 = CARTESIAN_POINT('',(11.875085813562,6.116856921189));
#3338 = CARTESIAN_POINT('',(12.441457322074,6.109913899975));
#3339 = CARTESIAN_POINT('',(12.998124599375,6.103567488656));
#3340 = CARTESIAN_POINT('',(13.545676166478,6.097777711459));
#3341 = CARTESIAN_POINT('',(14.084641295672,6.092508598009));
#3342 = CARTESIAN_POINT('',(14.880928193527,6.085337164286));
#3343 = CARTESIAN_POINT('',(15.144330412437,6.083068719185));
#3344 = CARTESIAN_POINT('',(15.405765691723,6.080918251898));
#3345 = CARTESIAN_POINT('',(15.665290799507,6.078881912821));
#3346 = CARTESIAN_POINT('',(15.922959682755,6.076956042155));
#3347 = CARTESIAN_POINT('',(16.178823685465,6.075137154359));
#3348 = CARTESIAN_POINT('',(16.43293176678,6.073421922547));
#3349 = CARTESIAN_POINT('',(16.6853307192,6.071807162958));
#3350 = CARTESIAN_POINT('',(16.936065386687,6.070289819348));
#3351 = CARTESIAN_POINT('',(17.185178882862,6.068866947447));
#3352 = CARTESIAN_POINT('',(17.68024673542,6.066204451307));
#3353 = CARTESIAN_POINT('',(17.92620303763,6.064964705677));
#3354 = CARTESIAN_POINT('',(18.170605636551,6.063814741385));
#3355 = CARTESIAN_POINT('',(18.413557828668,6.062747813862));
#3356 = CARTESIAN_POINT('',(18.654964430835,6.061769825425));
#3357 = CARTESIAN_POINT('',(18.89501597866,6.060868657434));
#3358 = CARTESIAN_POINT('',(19.133646547727,6.060048004482));
#3359 = CARTESIAN_POINT('',(19.370918655587,6.059304099359));
#3360 = CARTESIAN_POINT('',(19.606869527824,6.058634172559));
#3361 = CARTESIAN_POINT('',(19.841521144419,6.058036803148));
#3362 = CARTESIAN_POINT('',(20.541676947478,6.056455607387));
#3363 = CARTESIAN_POINT('',(21.003380708042,6.055682831211));
#3364 = CARTESIAN_POINT('',(21.460252489769,6.055175304855));
#3365 = CARTESIAN_POINT('',(21.912512047907,6.054918122879));
#3366 = CARTESIAN_POINT('',(22.360362851618,6.054897443307));
#3367 = CARTESIAN_POINT('',(22.803993071843,6.055100371946));
#3368 = CARTESIAN_POINT('',(23.243577822128,6.055514864295));
#3369 = CARTESIAN_POINT('',(23.67928166538,6.056129640899));
#3370 = CARTESIAN_POINT('',(24.111260407106,6.056934114067));
#3371 = CARTESIAN_POINT('',(24.539661188572,6.057918321894));
#3372 = CARTESIAN_POINT('',(26.664454740299,6.063691048026));
#3373 = CARTESIAN_POINT('',(28.309222820246,6.071034556359));
#3374 = CARTESIAN_POINT('',(29.907716064485,6.080502456427));
#3375 = CARTESIAN_POINT('',(31.466628374041,6.09163795816));
#3376 = CARTESIAN_POINT('',(32.99135459861,6.104072899334));
#3377 = CARTESIAN_POINT('',(34.486405242148,6.117500162573));
#3378 = CARTESIAN_POINT('',(35.955613019171,6.131660919215));
#3379 = CARTESIAN_POINT('',(37.402245674172,6.146337865735));
#3380 = CARTESIAN_POINT('',(38.829077783744,6.161349894377));
#3381 = CARTESIAN_POINT('',(40.238412553526,6.176547913157));
#3382 = CARTESIAN_POINT('',(42.328768115988,6.199449752539));
#3383 = CARTESIAN_POINT('',(43.021612546622,6.207101140335));
#3384 = CARTESIAN_POINT('',(43.710733482472,6.214755443506));
#3385 = CARTESIAN_POINT('',(44.396313876842,6.22240007703));
#3386 = CARTESIAN_POINT('',(45.078500282575,6.230024410411));
#3387 = CARTESIAN_POINT('',(45.75739997133,6.237619757201));
#3388 = CARTESIAN_POINT('',(46.433077272679,6.245179341464));
#3389 = CARTESIAN_POINT('',(47.105549121487,6.25269823987));
#3390 = CARTESIAN_POINT('',(47.774779825984,6.260173300818));
#3391 = CARTESIAN_POINT('',(48.440675045444,6.267603039359));
#3392 = CARTESIAN_POINT('',(49.434274955816,6.27867974353));
#3393 = CARTESIAN_POINT('',(49.764601231498,6.282360662202));
#3394 = CARTESIAN_POINT('',(50.09403366139,6.286030258999));
#3395 = CARTESIAN_POINT('',(50.422548183119,6.289688628663));
#3396 = CARTESIAN_POINT('',(50.750116565375,6.293335955769));
#3397 = CARTESIAN_POINT('',(51.076706148604,6.296972503818));
#3398 = CARTESIAN_POINT('',(51.402279587856,6.300598604582));
#3399 = CARTESIAN_POINT('',(51.726794592907,6.30421464714));
#3400 = CARTESIAN_POINT('',(52.050203671219,6.307821067231));
#3401 = CARTESIAN_POINT('',(52.372453868468,6.311418336341));
#3402 = CARTESIAN_POINT('',(52.854002831937,6.316801258286));
#3403 = CARTESIAN_POINT('',(53.014214958333,6.31859340141));
#3404 = CARTESIAN_POINT('',(53.174115628282,6.320383445032));
#3405 = CARTESIAN_POINT('',(53.333697224467,6.322171453379));
#3406 = CARTESIAN_POINT('',(53.492951774622,6.323957490268));
#3407 = CARTESIAN_POINT('',(53.651870950394,6.325741619021));
#3408 = CARTESIAN_POINT('',(53.810446068858,6.327523902574));
#3409 = CARTESIAN_POINT('',(53.968668090889,6.329304403363));
#3410 = CARTESIAN_POINT('',(54.126527622579,6.33108318342));
#3411 = CARTESIAN_POINT('',(54.284014914241,6.33286030431));
#3412 = CARTESIAN_POINT('',(54.519672334328,6.335523588588));
#3413 = CARTESIAN_POINT('',(54.598129222522,6.336410949914));
#3414 = CARTESIAN_POINT('',(54.676489255451,6.33729791845));
#3415 = CARTESIAN_POINT('',(54.754751141139,6.338184501308));
#3416 = CARTESIAN_POINT('',(54.832913565585,6.339070705384));
#3417 = CARTESIAN_POINT('',(54.910975193046,6.339956537393));
#3418 = CARTESIAN_POINT('',(54.988934665616,6.340842003816));
#3419 = CARTESIAN_POINT('',(55.066790603723,6.341727110961));
#3420 = CARTESIAN_POINT('',(55.14454160566,6.342611864909));
#3421 = CARTESIAN_POINT('',(55.222186247935,6.34349627155));
#3422 = CARTESIAN_POINT('',(55.338491503638,6.344822369074));
#3423 = CARTESIAN_POINT('',(55.377232980334,6.345264316281));
#3424 = CARTESIAN_POINT('',(55.415947327502,6.345706178799));
#3425 = CARTESIAN_POINT('',(55.454634357369,6.346147957218));
#3426 = CARTESIAN_POINT('',(55.493293882425,6.346589652175));
#3427 = CARTESIAN_POINT('',(55.531925714722,6.347031264232));
#3428 = CARTESIAN_POINT('',(55.570529666871,6.347472794044));
#3429 = CARTESIAN_POINT('',(55.609105550927,6.347914242174));
#3430 = CARTESIAN_POINT('',(55.647653179377,6.348355609258));
#3431 = CARTESIAN_POINT('',(55.686172364451,6.348796895887));
#3432 = CARTESIAN_POINT('',(55.743908195505,6.349458706065));
#3433 = CARTESIAN_POINT('',(55.763146312819,6.349679289472));
#3434 = CARTESIAN_POINT('',(55.782377245676,6.349899852943));
#3435 = CARTESIAN_POINT('',(55.801600969582,6.350120396558));
#3436 = CARTESIAN_POINT('',(55.820817459543,6.350340920337));
#3437 = CARTESIAN_POINT('',(55.84002669128,6.350561424387));
#3438 = CARTESIAN_POINT('',(55.85922863972,6.350781908714));
#3439 = CARTESIAN_POINT('',(55.878423280491,6.351002373421));
#3440 = CARTESIAN_POINT('',(55.897610588724,6.351222818535));
#3441 = CARTESIAN_POINT('',(55.916790539832,6.351443244131));
#3442 = CARTESIAN_POINT('',(55.955135678375,6.351884056387));
#3443 = CARTESIAN_POINT('',(55.974302559779,6.352104401286));
#3444 = CARTESIAN_POINT('',(55.993448551657,6.352325058964));
#3445 = CARTESIAN_POINT('',(56.012639000132,6.352544418688));
#3446 = CARTESIAN_POINT('',(56.031695355544,6.352766879465));
#3447 = CARTESIAN_POINT('',(56.050960418566,6.35298399384));
#3448 = CARTESIAN_POINT('',(56.069948212199,6.353207736145));
#3449 = CARTESIAN_POINT('',(56.089179022538,6.353425285392));
#3450 = CARTESIAN_POINT('',(56.10822880773,6.353647089917));
#3451 = CARTESIAN_POINT('',(56.127359284326,6.353866700023));
#3452 = CARTESIAN_POINT('',(56.757360267728,6.361139166489));
#3453 = CARTESIAN_POINT('',(57.334038293464,6.368823058392));
#3454 = CARTESIAN_POINT('',(57.886512598178,6.376825980792));
#3455 = CARTESIAN_POINT('',(58.423006287678,6.38489927017));
#3456 = CARTESIAN_POINT('',(58.949933063864,6.392856496313));
#3457 = CARTESIAN_POINT('',(59.472066611484,6.400565215177));
#3458 = CARTESIAN_POINT('',(59.992799949506,6.407935658054));
#3459 = CARTESIAN_POINT('',(60.51443240227,6.414908911095));
#3460 = CARTESIAN_POINT('',(61.038443184347,6.421446390328));
#3461 = CARTESIAN_POINT('',(61.565731879745,6.427521663636));
#3462 = CARTESIAN_POINT('',(62.362375203693,6.435911550684));
#3463 = CARTESIAN_POINT('',(62.628875098185,6.438587675886));
#3464 = CARTESIAN_POINT('',(62.89639205097,6.441140817371));
#3465 = CARTESIAN_POINT('',(63.164968265523,6.443568897102));
#3466 = CARTESIAN_POINT('',(63.434628851288,6.445870068802));
#3467 = CARTESIAN_POINT('',(63.705386819298,6.448042580469));
#3468 = CARTESIAN_POINT('',(63.977247437269,6.450084669919));
#3469 = CARTESIAN_POINT('',(64.25021193776,6.45199449282));
#3470 = CARTESIAN_POINT('',(64.524280586542,6.453770083804));
#3471 = CARTESIAN_POINT('',(64.799455104487,6.455409350127));
#3472 = CARTESIAN_POINT('',(65.352025792,6.458410846416));
#3473 = CARTESIAN_POINT('',(65.629422132226,6.45977311766));
#3474 = CARTESIAN_POINT('',(65.907933126225,6.460994612966));
#3475 = CARTESIAN_POINT('',(66.187566139569,6.462072987976));
#3476 = CARTESIAN_POINT('',(66.468332751771,6.463005819351));
#3477 = CARTESIAN_POINT('',(66.750249255905,6.463790570744));
#3478 = CARTESIAN_POINT('',(67.033337166902,6.46442455929));
#3479 = CARTESIAN_POINT('',(67.317623719698,6.464904921507));
#3480 = CARTESIAN_POINT('',(67.603142377186,6.465228579746));
#3481 = CARTESIAN_POINT('',(67.88993333032,6.465392208223));
#3482 = CARTESIAN_POINT('',(68.178044003393,6.465392199306));
#3483 = ( GEOMETRIC_REPRESENTATION_CONTEXT(2) 
PARAMETRIC_REPRESENTATION_CONTEXT() REPRESENTATION_CONTEXT('2D SPACE',''
  ) );
#3484 = PCURVE('',#2569,#3485);
#3485 = DEFINITIONAL_REPRESENTATION('',(#3486),#3490);
#3486 = LINE('',#3487,#3488);
#3487 = CARTESIAN_POINT('',(0.,0.));
#3488 = VECTOR('',#3489,1.);
#3489 = DIRECTION('',(0.,1.));
#3490 = ( GEOMETRIC_REPRESENTATION_CONTEXT(2) 
PARAMETRIC_REPRESENTATION_CONTEXT() REPRESENTATION_CONTEXT('2D SPACE',''
  ) );
#3491 = ORIENTED_EDGE('',*,*,#3492,.T.);
#3492 = EDGE_CURVE('',#3285,#3493,#3495,.T.);
#3493 = VERTEX_POINT('',#3494);
#3494 = CARTESIAN_POINT('',(80.18,1.E+03,94.));
#3495 = SURFACE_CURVE('',#3496,(#3539,#3546),.PCURVE_S1.);
#3496 = B_SPLINE_CURVE_WITH_KNOTS('',11,(#3497,#3498,#3499,#3500,#3501,
    #3502,#3503,#3504,#3505,#3506,#3507,#3508,#3509,#3510,#3511,#3512,
    #3513,#3514,#3515,#3516,#3517,#3518,#3519,#3520,#3521,#3522,#3523,
    #3524,#3525,#3526,#3527,#3528,#3529,#3530,#3531,#3532,#3533,#3534,
    #3535,#3536,#3537,#3538),.UNSPECIFIED.,.F.,.F.,(12,10,10,10,12),(
    -8.064904860754,-4.588815958657,9.920506323331,24.289420628177,
    63.589228044732),.UNSPECIFIED.);
#3497 = CARTESIAN_POINT('',(80.18,1.043773816896E+03,55.652037869103));
#3498 = CARTESIAN_POINT('',(80.180000000001,1.043701090124E+03,
    55.997865639144));
#3499 = CARTESIAN_POINT('',(80.180000000001,1.043629897223E+03,
    56.336399596829));
#3500 = CARTESIAN_POINT('',(80.180000000001,1.043560238195E+03,
    56.667639742157));
#3501 = CARTESIAN_POINT('',(80.180000000001,1.043492113038E+03,
    56.991586075129));
#3502 = CARTESIAN_POINT('',(80.180000000002,1.043425521752E+03,
    57.308238595744));
#3503 = CARTESIAN_POINT('',(80.180000000001,1.043360464339E+03,
    57.617597304003));
#3504 = CARTESIAN_POINT('',(80.180000000001,1.043296940797E+03,
    57.919662199905));
#3505 = CARTESIAN_POINT('',(80.180000000001,1.043234951126E+03,
    58.214433283451));
#3506 = CARTESIAN_POINT('',(80.180000000001,1.043174495328E+03,
    58.501910554641));
#3507 = CARTESIAN_POINT('',(80.18,1.043115573401E+03,58.782094013474));
#3508 = CARTESIAN_POINT('',(80.179999999998,1.042818645504E+03,
    60.194035030517));
#3509 = CARTESIAN_POINT('',(80.180000000007,1.042547037625E+03,
    61.321061631363));
#3510 = CARTESIAN_POINT('',(80.179999999986,1.042243094846E+03,
    62.439165753762));
#3511 = CARTESIAN_POINT('',(80.180000000014,1.041907543391E+03,
    63.547553223008));
#3512 = CARTESIAN_POINT('',(80.179999999992,1.041536694059E+03,
    64.654518884909));
#3513 = CARTESIAN_POINT('',(80.180000000001,1.041137938565E+03,
    65.738355374042));
#3514 = CARTESIAN_POINT('',(80.180000000003,1.040704114888E+03,
    66.821719760908));
#3515 = CARTESIAN_POINT('',(80.179999999996,1.040241099681E+03,
    67.885384803649));
#3516 = CARTESIAN_POINT('',(80.180000000003,1.039746483596E+03,
    68.938038106813));
#3517 = CARTESIAN_POINT('',(80.179999999998,1.039221758826E+03,
    69.975088439856));
#3518 = CARTESIAN_POINT('',(80.180000000003,1.038118020897E+03,
    72.007748515112));
#3519 = CARTESIAN_POINT('',(80.179999999984,1.037539602853E+03,
    73.003579787638));
#3520 = CARTESIAN_POINT('',(80.180000000039,1.036932454236E+03,
    73.982876255835));
#3521 = CARTESIAN_POINT('',(80.179999999935,1.036297111632E+03,
    74.944684740282));
#3522 = CARTESIAN_POINT('',(80.18000000008,1.035634146485E+03,
    75.888076388953));
#3523 = CARTESIAN_POINT('',(80.179999999926,1.034944165087E+03,
    76.81214667577));
#3524 = CARTESIAN_POINT('',(80.180000000053,1.034227808594E+03,
    77.716015402487));
#3525 = CARTESIAN_POINT('',(80.179999999972,1.033485753007E+03,
    78.598826696706));
#3526 = CARTESIAN_POINT('',(80.18000000001,1.03271870919E+03,
    79.459749013578));
#3527 = CARTESIAN_POINT('',(80.179999999999,1.031927422856E+03,
    80.29797513462));
#3528 = CARTESIAN_POINT('',(80.180000000001,1.028884291149E+03,
    83.341102186531));
#3529 = CARTESIAN_POINT('',(80.18,1.026480411249E+03,85.393907118274));
#3530 = CARTESIAN_POINT('',(80.179999999997,1.023916377779E+03,
    87.255350723239));
#3531 = CARTESIAN_POINT('',(80.180000000011,1.021211592668E+03,
    88.911061800579));
#3532 = CARTESIAN_POINT('',(80.179999999981,1.018380727089E+03,
    90.349789280223));
#3533 = CARTESIAN_POINT('',(80.180000000021,1.01544857089E+03,
    91.560156888732));
#3534 = CARTESIAN_POINT('',(80.179999999983,1.012435381317E+03,
    92.534474182413));
#3535 = CARTESIAN_POINT('',(80.180000000009,1.009358784898E+03,
    93.268214784357));
#3536 = CARTESIAN_POINT('',(80.179999999996,1.006247622796E+03,
    93.756578342033));
#3537 = CARTESIAN_POINT('',(80.180000000001,1.003120036978E+03,
    94.000000000001));
#3538 = CARTESIAN_POINT('',(80.18,1.E+03,94.));
#3539 = PCURVE('',#1150,#3540);
#3540 = DEFINITIONAL_REPRESENTATION('',(#3541),#3545);
#3541 = LINE('',#3542,#3543);
#3542 = CARTESIAN_POINT('',(68.178044003389,0.));
#3543 = VECTOR('',#3544,1.);
#3544 = DIRECTION('',(0.,1.));
#3545 = ( GEOMETRIC_REPRESENTATION_CONTEXT(2) 
PARAMETRIC_REPRESENTATION_CONTEXT() REPRESENTATION_CONTEXT('2D SPACE',''
  ) );
#3546 = PCURVE('',#3547,#3552);
#3547 = PLANE('',#3548);
#3548 = AXIS2_PLACEMENT_3D('',#3549,#3550,#3551);
#3549 = CARTESIAN_POINT('',(80.18,877.5,62.67));
#3550 = DIRECTION('',(1.,0.,-0.));
#3551 = DIRECTION('',(0.,0.,1.));
#3552 = DEFINITIONAL_REPRESENTATION('',(#3553),#3586);
#3553 = B_SPLINE_CURVE_WITH_KNOTS('',11,(#3554,#3555,#3556,#3557,#3558,
    #3559,#3560,#3561,#3562,#3563,#3564,#3565,#3566,#3567,#3568,#3569,
    #3570,#3571,#3572,#3573,#3574,#3575,#3576,#3577,#3578,#3579,#3580,
    #3581,#3582,#3583,#3584,#3585),.UNSPECIFIED.,.F.,.F.,(12,10,10,12),(
    -4.588815958657,9.920506323331,24.289420628177,63.589228044732),
  .UNSPECIFIED.);
#3554 = CARTESIAN_POINT('',(-3.61501634005,-165.5581853459));
#3555 = CARTESIAN_POINT('',(-2.475964969481,-165.3186455037));
#3556 = CARTESIAN_POINT('',(-1.348938368643,-165.0470376252));
#3557 = CARTESIAN_POINT('',(-0.230834246226,-164.7430948463));
#3558 = CARTESIAN_POINT('',(0.877553222995,-164.407543391));
#3559 = CARTESIAN_POINT('',(1.984518884918,-164.0366940594));
#3560 = CARTESIAN_POINT('',(3.068355374039,-163.6379385651));
#3561 = CARTESIAN_POINT('',(4.151719760908,-163.2041148879));
#3562 = CARTESIAN_POINT('',(5.215384803651,-162.7410996812));
#3563 = CARTESIAN_POINT('',(6.268038106811,-162.2464835961));
#3564 = CARTESIAN_POINT('',(7.305088439857,-161.7217588263));
#3565 = CARTESIAN_POINT('',(9.33774851511,-160.6180208971));
#3566 = CARTESIAN_POINT('',(10.33357978765,-160.0396028527));
#3567 = CARTESIAN_POINT('',(11.312876255805,-159.4324542357));
#3568 = CARTESIAN_POINT('',(12.274684740331,-158.7971116321));
#3569 = CARTESIAN_POINT('',(13.218076388893,-158.1341464845));
#3570 = CARTESIAN_POINT('',(14.142146675826,-157.4441650875));
#3571 = CARTESIAN_POINT('',(15.046015402448,-156.7278085937));
#3572 = CARTESIAN_POINT('',(15.928826696727,-155.9857530073));
#3573 = CARTESIAN_POINT('',(16.78974901357,-155.2187091899));
#3574 = CARTESIAN_POINT('',(17.627975134621,-154.427422856));
#3575 = CARTESIAN_POINT('',(20.67110218653,-151.3842911492));
#3576 = CARTESIAN_POINT('',(22.723907118276,-148.9804112491));
#3577 = CARTESIAN_POINT('',(24.585350723238,-146.4163777795));
#3578 = CARTESIAN_POINT('',(26.241061800578,-143.711592668));
#3579 = CARTESIAN_POINT('',(27.679789280229,-140.8807270889));
#3580 = CARTESIAN_POINT('',(28.890156888724,-137.9485708901));
#3581 = CARTESIAN_POINT('',(29.86447418242,-134.935381317));
#3582 = CARTESIAN_POINT('',(30.598214784353,-131.8587848975));
#3583 = CARTESIAN_POINT('',(31.086578342035,-128.7476227964));
#3584 = CARTESIAN_POINT('',(31.33,-125.6200369777));
#3585 = CARTESIAN_POINT('',(31.33,-122.5));
#3586 = ( GEOMETRIC_REPRESENTATION_CONTEXT(2) 
PARAMETRIC_REPRESENTATION_CONTEXT() REPRESENTATION_CONTEXT('2D SPACE',''
  ) );
#3587 = ORIENTED_EDGE('',*,*,#3588,.F.);
#3588 = EDGE_CURVE('',#1043,#3493,#3589,.T.);
#3589 = SURFACE_CURVE('',#3590,(#3594,#3600),.PCURVE_S1.);
#3590 = ( BOUNDED_CURVE() B_SPLINE_CURVE(2,(#3591,#3592,#3593),
.UNSPECIFIED.,.F.,.F.) B_SPLINE_CURVE_WITH_KNOTS((3,3),(0.,
68.178044003389),.PIECEWISE_BEZIER_KNOTS.) CURVE() 
GEOMETRIC_REPRESENTATION_ITEM() RATIONAL_B_SPLINE_CURVE((1.,
0.707106781187,1.)) REPRESENTATION_ITEM('') );
#3591 = CARTESIAN_POINT('',(86.18,1.E+03,100.));
#3592 = CARTESIAN_POINT('',(80.18,1.E+03,100.));
#3593 = CARTESIAN_POINT('',(80.18,1.E+03,94.));
#3594 = PCURVE('',#1150,#3595);
#3595 = DEFINITIONAL_REPRESENTATION('',(#3596),#3599);
#3596 = B_SPLINE_CURVE_WITH_KNOTS('',1,(#3597,#3598),.UNSPECIFIED.,.F.,
  .F.,(2,2),(0.,68.178044003389),.PIECEWISE_BEZIER_KNOTS.);
#3597 = CARTESIAN_POINT('',(0.,63.589228044732));
#3598 = CARTESIAN_POINT('',(68.178044003389,63.589228044732));
#3599 = ( GEOMETRIC_REPRESENTATION_CONTEXT(2) 
PARAMETRIC_REPRESENTATION_CONTEXT() REPRESENTATION_CONTEXT('2D SPACE',''
  ) );
#3600 = PCURVE('',#2358,#3601);
#3601 = DEFINITIONAL_REPRESENTATION('',(#3602),#3615);
#3602 = B_SPLINE_CURVE_WITH_KNOTS('',11,(#3603,#3604,#3605,#3606,#3607,
    #3608,#3609,#3610,#3611,#3612,#3613,#3614),.UNSPECIFIED.,.F.,.F.,(12
    ,12),(0.,68.178044003389),.PIECEWISE_BEZIER_KNOTS.);
#3603 = CARTESIAN_POINT('',(-2.22044604925E-16,0.));
#3604 = CARTESIAN_POINT('',(0.128564869307,0.));
#3605 = CARTESIAN_POINT('',(0.26466096709,0.));
#3606 = CARTESIAN_POINT('',(0.407594409413,0.));
#3607 = CARTESIAN_POINT('',(0.556155151893,0.));
#3608 = CARTESIAN_POINT('',(0.708512882615,0.));
#3609 = CARTESIAN_POINT('',(0.86228344418,0.));
#3610 = CARTESIAN_POINT('',(1.014641174902,0.));
#3611 = CARTESIAN_POINT('',(1.163201917382,0.));
#3612 = CARTESIAN_POINT('',(1.306135359705,0.));
#3613 = CARTESIAN_POINT('',(1.442231457488,0.));
#3614 = CARTESIAN_POINT('',(1.570796326795,0.));
#3615 = ( GEOMETRIC_REPRESENTATION_CONTEXT(2) 
PARAMETRIC_REPRESENTATION_CONTEXT() REPRESENTATION_CONTEXT('2D SPACE',''
  ) );
#3616 = ADVANCED_FACE('',(#3617),#1474,.T.);
#3617 = FACE_BOUND('',#3618,.T.);
#3618 = EDGE_LOOP('',(#3619,#3620,#3621));
#3619 = ORIENTED_EDGE('',*,*,#1705,.F.);
#3620 = ORIENTED_EDGE('',*,*,#1422,.T.);
#3621 = ORIENTED_EDGE('',*,*,#3622,.F.);
#3622 = EDGE_CURVE('',#1683,#1423,#3623,.T.);
#3623 = SURFACE_CURVE('',#3624,(#3629,#3636),.PCURVE_S1.);
#3624 = CIRCLE('',#3625,50.);
#3625 = AXIS2_PLACEMENT_3D('',#3626,#3627,#3628);
#3626 = CARTESIAN_POINT('',(100.,1.E+03,50.));
#3627 = DIRECTION('',(0.,-1.,0.));
#3628 = DIRECTION('',(1.,0.,0.));
#3629 = PCURVE('',#1474,#3630);
#3630 = DEFINITIONAL_REPRESENTATION('',(#3631),#3635);
#3631 = LINE('',#3632,#3633);
#3632 = CARTESIAN_POINT('',(0.,0.));
#3633 = VECTOR('',#3634,1.);
#3634 = DIRECTION('',(1.,0.));
#3635 = ( GEOMETRIC_REPRESENTATION_CONTEXT(2) 
PARAMETRIC_REPRESENTATION_CONTEXT() REPRESENTATION_CONTEXT('2D SPACE',''
  ) );
#3636 = PCURVE('',#2226,#3637);
#3637 = DEFINITIONAL_REPRESENTATION('',(#3638),#3642);
#3638 = LINE('',#3639,#3640);
#3639 = CARTESIAN_POINT('',(1.570796326795,137.5));
#3640 = VECTOR('',#3641,1.);
#3641 = DIRECTION('',(-1.,-0.));
#3642 = ( GEOMETRIC_REPRESENTATION_CONTEXT(2) 
PARAMETRIC_REPRESENTATION_CONTEXT() REPRESENTATION_CONTEXT('2D SPACE',''
  ) );
#3643 = ADVANCED_FACE('',(#3644),#1666,.T.);
#3644 = FACE_BOUND('',#3645,.T.);
#3645 = EDGE_LOOP('',(#3646,#3647,#3670,#3695));
#3646 = ORIENTED_EDGE('',*,*,#1647,.T.);
#3647 = ORIENTED_EDGE('',*,*,#3648,.T.);
#3648 = EDGE_CURVE('',#1620,#3649,#3651,.T.);
#3649 = VERTEX_POINT('',#3650);
#3650 = CARTESIAN_POINT('',(50.,-1.42108547152E-14,50.));
#3651 = SURFACE_CURVE('',#3652,(#3656,#3663),.PCURVE_S1.);
#3652 = LINE('',#3653,#3654);
#3653 = CARTESIAN_POINT('',(50.,-1.42108547152E-14,0.));
#3654 = VECTOR('',#3655,1.);
#3655 = DIRECTION('',(0.,0.,1.));
#3656 = PCURVE('',#1666,#3657);
#3657 = DEFINITIONAL_REPRESENTATION('',(#3658),#3662);
#3658 = LINE('',#3659,#3660);
#3659 = CARTESIAN_POINT('',(1.570796326795,0.));
#3660 = VECTOR('',#3661,1.);
#3661 = DIRECTION('',(0.,1.));
#3662 = ( GEOMETRIC_REPRESENTATION_CONTEXT(2) 
PARAMETRIC_REPRESENTATION_CONTEXT() REPRESENTATION_CONTEXT('2D SPACE',''
  ) );
#3663 = PCURVE('',#1635,#3664);
#3664 = DEFINITIONAL_REPRESENTATION('',(#3665),#3669);
#3665 = LINE('',#3666,#3667);
#3666 = CARTESIAN_POINT('',(-25.,-50.));
#3667 = VECTOR('',#3668,1.);
#3668 = DIRECTION('',(0.,1.));
#3669 = ( GEOMETRIC_REPRESENTATION_CONTEXT(2) 
PARAMETRIC_REPRESENTATION_CONTEXT() REPRESENTATION_CONTEXT('2D SPACE',''
  ) );
#3670 = ORIENTED_EDGE('',*,*,#3671,.F.);
#3671 = EDGE_CURVE('',#3034,#3649,#3672,.T.);
#3672 = SURFACE_CURVE('',#3673,(#3678,#3684),.PCURVE_S1.);
#3673 = CIRCLE('',#3674,50.);
#3674 = AXIS2_PLACEMENT_3D('',#3675,#3676,#3677);
#3675 = CARTESIAN_POINT('',(50.,50.,50.));
#3676 = DIRECTION('',(0.,0.,1.));
#3677 = DIRECTION('',(-1.,-0.,0.));
#3678 = PCURVE('',#1666,#3679);
#3679 = DEFINITIONAL_REPRESENTATION('',(#3680),#3683);
#3680 = B_SPLINE_CURVE_WITH_KNOTS('',1,(#3681,#3682),.UNSPECIFIED.,.F.,
  .F.,(2,2),(0.,1.570796326795),.PIECEWISE_BEZIER_KNOTS.);
#3681 = CARTESIAN_POINT('',(0.,50.));
#3682 = CARTESIAN_POINT('',(1.570796326795,50.));
#3683 = ( GEOMETRIC_REPRESENTATION_CONTEXT(2) 
PARAMETRIC_REPRESENTATION_CONTEXT() REPRESENTATION_CONTEXT('2D SPACE',''
  ) );
#3684 = PCURVE('',#3685,#3690);
#3685 = SPHERICAL_SURFACE('',#3686,50.);
#3686 = AXIS2_PLACEMENT_3D('',#3687,#3688,#3689);
#3687 = CARTESIAN_POINT('',(50.,50.,50.));
#3688 = DIRECTION('',(0.,-1.,0.));
#3689 = DIRECTION('',(-1.,0.,0.));
#3690 = DEFINITIONAL_REPRESENTATION('',(#3691),#3694);
#3691 = B_SPLINE_CURVE_WITH_KNOTS('',1,(#3692,#3693),.UNSPECIFIED.,.F.,
  .F.,(2,2),(0.,1.570796326795),.PIECEWISE_BEZIER_KNOTS.);
#3692 = CARTESIAN_POINT('',(0.,0.));
#3693 = CARTESIAN_POINT('',(0.,1.570796326795));
#3694 = ( GEOMETRIC_REPRESENTATION_CONTEXT(2) 
PARAMETRIC_REPRESENTATION_CONTEXT() REPRESENTATION_CONTEXT('2D SPACE',''
  ) );
#3695 = ORIENTED_EDGE('',*,*,#3061,.F.);
#3696 = ADVANCED_FACE('',(#3697),#1635,.T.);
#3697 = FACE_BOUND('',#3698,.T.);
#3698 = EDGE_LOOP('',(#3699,#3700,#3723,#3759,#3788,#3814));
#3699 = ORIENTED_EDGE('',*,*,#1619,.T.);
#3700 = ORIENTED_EDGE('',*,*,#3701,.T.);
#3701 = EDGE_CURVE('',#1587,#3702,#3704,.T.);
#3702 = VERTEX_POINT('',#3703);
#3703 = CARTESIAN_POINT('',(100.,-1.42108547152E-14,50.));
#3704 = SURFACE_CURVE('',#3705,(#3709,#3716),.PCURVE_S1.);
#3705 = LINE('',#3706,#3707);
#3706 = CARTESIAN_POINT('',(100.,-1.42108547152E-14,0.));
#3707 = VECTOR('',#3708,1.);
#3708 = DIRECTION('',(0.,0.,1.));
#3709 = PCURVE('',#1635,#3710);
#3710 = DEFINITIONAL_REPRESENTATION('',(#3711),#3715);
#3711 = LINE('',#3712,#3713);
#3712 = CARTESIAN_POINT('',(25.,-50.));
#3713 = VECTOR('',#3714,1.);
#3714 = DIRECTION('',(0.,1.));
#3715 = ( GEOMETRIC_REPRESENTATION_CONTEXT(2) 
PARAMETRIC_REPRESENTATION_CONTEXT() REPRESENTATION_CONTEXT('2D SPACE',''
  ) );
#3716 = PCURVE('',#1607,#3717);
#3717 = DEFINITIONAL_REPRESENTATION('',(#3718),#3722);
#3718 = LINE('',#3719,#3720);
#3719 = CARTESIAN_POINT('',(0.,0.));
#3720 = VECTOR('',#3721,1.);
#3721 = DIRECTION('',(0.,1.));
#3722 = ( GEOMETRIC_REPRESENTATION_CONTEXT(2) 
PARAMETRIC_REPRESENTATION_CONTEXT() REPRESENTATION_CONTEXT('2D SPACE',''
  ) );
#3723 = ORIENTED_EDGE('',*,*,#3724,.T.);
#3724 = EDGE_CURVE('',#3702,#3725,#3727,.T.);
#3725 = VERTEX_POINT('',#3726);
#3726 = CARTESIAN_POINT('',(89.93,0.,50.));
#3727 = SURFACE_CURVE('',#3728,(#3733,#3739),.PCURVE_S1.);
#3728 = B_SPLINE_CURVE_WITH_KNOTS('',2,(#3729,#3730,#3731,#3732),
  .UNSPECIFIED.,.F.,.F.,(3,1,3),(128.53981633974,148.35981633974,
    151.20801355729),.UNSPECIFIED.);
#3729 = CARTESIAN_POINT('',(100.,0.,50.));
#3730 = CARTESIAN_POINT('',(90.09,0.,50.));
#3731 = CARTESIAN_POINT('',(78.755901391226,0.,50.));
#3732 = CARTESIAN_POINT('',(77.331802782453,0.,50.));
#3733 = PCURVE('',#1635,#3734);
#3734 = DEFINITIONAL_REPRESENTATION('',(#3735),#3738);
#3735 = B_SPLINE_CURVE_WITH_KNOTS('',1,(#3736,#3737),.UNSPECIFIED.,.F.,
  .F.,(2,2),(128.53981633974,148.35981633974),.PIECEWISE_BEZIER_KNOTS.);
#3736 = CARTESIAN_POINT('',(25.,-7.966394000824E-16));
#3737 = CARTESIAN_POINT('',(5.18,3.983197000412E-15));
#3738 = ( GEOMETRIC_REPRESENTATION_CONTEXT(2) 
PARAMETRIC_REPRESENTATION_CONTEXT() REPRESENTATION_CONTEXT('2D SPACE',''
  ) );
#3739 = PCURVE('',#3740,#3753);
#3740 = ( BOUNDED_SURFACE() B_SPLINE_SURFACE(2,2,(
    (#3741,#3742,#3743,#3744)
    ,(#3745,#3746,#3747,#3748)
    ,(#3749,#3750,#3751,#3752
)),.UNSPECIFIED.,.F.,.F.,.F.) B_SPLINE_SURFACE_WITH_KNOTS((3,3),(3,1,3),
  (0.,19.82),(128.53981633974,148.35981633974,151.20801355729),
.UNSPECIFIED.) GEOMETRIC_REPRESENTATION_ITEM() RATIONAL_B_SPLINE_SURFACE
((
    (1.,1.,1.,1.)
    ,(0.707106781187,0.707106781187,0.707106781187,0.707106781187)
,(1.,1.,1.,1.))) REPRESENTATION_ITEM('') SURFACE() );
#3741 = CARTESIAN_POINT('',(100.,0.,50.));
#3742 = CARTESIAN_POINT('',(90.09,0.,50.));
#3743 = CARTESIAN_POINT('',(78.755901391226,0.,50.));
#3744 = CARTESIAN_POINT('',(77.331802782453,0.,50.));
#3745 = CARTESIAN_POINT('',(100.,1.42108547152E-14,100.));
#3746 = CARTESIAN_POINT('',(90.09,1.42108547152E-14,100.));
#3747 = CARTESIAN_POINT('',(78.755901391226,1.42108547152E-14,100.));
#3748 = CARTESIAN_POINT('',(77.331802782453,1.42108547152E-14,100.));
#3749 = CARTESIAN_POINT('',(100.,50.,100.));
#3750 = CARTESIAN_POINT('',(90.09,50.,100.));
#3751 = CARTESIAN_POINT('',(78.755901391226,50.,100.));
#3752 = CARTESIAN_POINT('',(77.331802782453,50.,100.));
#3753 = DEFINITIONAL_REPRESENTATION('',(#3754),#3758);
#3754 = LINE('',#3755,#3756);
#3755 = CARTESIAN_POINT('',(0.,0.));
#3756 = VECTOR('',#3757,1.);
#3757 = DIRECTION('',(0.,1.));
#3758 = ( GEOMETRIC_REPRESENTATION_CONTEXT(2) 
PARAMETRIC_REPRESENTATION_CONTEXT() REPRESENTATION_CONTEXT('2D SPACE',''
  ) );
#3759 = ORIENTED_EDGE('',*,*,#3760,.F.);
#3760 = EDGE_CURVE('',#3761,#3725,#3763,.T.);
#3761 = VERTEX_POINT('',#3762);
#3762 = CARTESIAN_POINT('',(57.93,-1.42108547152E-14,50.));
#3763 = SURFACE_CURVE('',#3764,(#3769,#3776),.PCURVE_S1.);
#3764 = CIRCLE('',#3765,16.);
#3765 = AXIS2_PLACEMENT_3D('',#3766,#3767,#3768);
#3766 = CARTESIAN_POINT('',(73.93,0.,50.));
#3767 = DIRECTION('',(0.,-1.,0.));
#3768 = DIRECTION('',(1.,0.,0.));
#3769 = PCURVE('',#1635,#3770);
#3770 = DEFINITIONAL_REPRESENTATION('',(#3771),#3775);
#3771 = CIRCLE('',#3772,16.);
#3772 = AXIS2_PLACEMENT_2D('',#3773,#3774);
#3773 = CARTESIAN_POINT('',(-1.07,0.));
#3774 = DIRECTION('',(1.,0.));
#3775 = ( GEOMETRIC_REPRESENTATION_CONTEXT(2) 
PARAMETRIC_REPRESENTATION_CONTEXT() REPRESENTATION_CONTEXT('2D SPACE',''
  ) );
#3776 = PCURVE('',#3777,#3782);
#3777 = CYLINDRICAL_SURFACE('',#3778,16.);
#3778 = AXIS2_PLACEMENT_3D('',#3779,#3780,#3781);
#3779 = CARTESIAN_POINT('',(73.93,0.,50.));
#3780 = DIRECTION('',(0.,-1.,0.));
#3781 = DIRECTION('',(1.,0.,0.));
#3782 = DEFINITIONAL_REPRESENTATION('',(#3783),#3787);
#3783 = LINE('',#3784,#3785);
#3784 = CARTESIAN_POINT('',(0.,0.));
#3785 = VECTOR('',#3786,1.);
#3786 = DIRECTION('',(1.,0.));
#3787 = ( GEOMETRIC_REPRESENTATION_CONTEXT(2) 
PARAMETRIC_REPRESENTATION_CONTEXT() REPRESENTATION_CONTEXT('2D SPACE',''
  ) );
#3788 = ORIENTED_EDGE('',*,*,#3789,.F.);
#3789 = EDGE_CURVE('',#3649,#3761,#3790,.T.);
#3790 = SURFACE_CURVE('',#3791,(#3795,#3802),.PCURVE_S1.);
#3791 = LINE('',#3792,#3793);
#3792 = CARTESIAN_POINT('',(50.,-1.42108547152E-14,50.));
#3793 = VECTOR('',#3794,1.);
#3794 = DIRECTION('',(1.,0.,0.));
#3795 = PCURVE('',#1635,#3796);
#3796 = DEFINITIONAL_REPRESENTATION('',(#3797),#3801);
#3797 = LINE('',#3798,#3799);
#3798 = CARTESIAN_POINT('',(-25.,1.42108547152E-14));
#3799 = VECTOR('',#3800,1.);
#3800 = DIRECTION('',(1.,0.));
#3801 = ( GEOMETRIC_REPRESENTATION_CONTEXT(2) 
PARAMETRIC_REPRESENTATION_CONTEXT() REPRESENTATION_CONTEXT('2D SPACE',''
  ) );
#3802 = PCURVE('',#3803,#3808);
#3803 = CYLINDRICAL_SURFACE('',#3804,50.);
#3804 = AXIS2_PLACEMENT_3D('',#3805,#3806,#3807);
#3805 = CARTESIAN_POINT('',(50.,50.,50.));
#3806 = DIRECTION('',(1.,0.,0.));
#3807 = DIRECTION('',(0.,-0.,1.));
#3808 = DEFINITIONAL_REPRESENTATION('',(#3809),#3813);
#3809 = LINE('',#3810,#3811);
#3810 = CARTESIAN_POINT('',(1.570796326795,0.));
#3811 = VECTOR('',#3812,1.);
#3812 = DIRECTION('',(0.,1.));
#3813 = ( GEOMETRIC_REPRESENTATION_CONTEXT(2) 
PARAMETRIC_REPRESENTATION_CONTEXT() REPRESENTATION_CONTEXT('2D SPACE',''
  ) );
#3814 = ORIENTED_EDGE('',*,*,#3648,.F.);
#3815 = ADVANCED_FACE('',(#3816),#1607,.T.);
#3816 = FACE_BOUND('',#3817,.T.);
#3817 = EDGE_LOOP('',(#3818,#3819,#3842,#3867));
#3818 = ORIENTED_EDGE('',*,*,#1586,.T.);
#3819 = ORIENTED_EDGE('',*,*,#3820,.T.);
#3820 = EDGE_CURVE('',#1559,#3821,#3823,.T.);
#3821 = VERTEX_POINT('',#3822);
#3822 = CARTESIAN_POINT('',(150.,50.,50.));
#3823 = SURFACE_CURVE('',#3824,(#3828,#3835),.PCURVE_S1.);
#3824 = LINE('',#3825,#3826);
#3825 = CARTESIAN_POINT('',(150.,50.,0.));
#3826 = VECTOR('',#3827,1.);
#3827 = DIRECTION('',(0.,0.,1.));
#3828 = PCURVE('',#1607,#3829);
#3829 = DEFINITIONAL_REPRESENTATION('',(#3830),#3834);
#3830 = LINE('',#3831,#3832);
#3831 = CARTESIAN_POINT('',(1.570796326795,0.));
#3832 = VECTOR('',#3833,1.);
#3833 = DIRECTION('',(0.,1.));
#3834 = ( GEOMETRIC_REPRESENTATION_CONTEXT(2) 
PARAMETRIC_REPRESENTATION_CONTEXT() REPRESENTATION_CONTEXT('2D SPACE',''
  ) );
#3835 = PCURVE('',#1574,#3836);
#3836 = DEFINITIONAL_REPRESENTATION('',(#3837),#3841);
#3837 = LINE('',#3838,#3839);
#3838 = CARTESIAN_POINT('',(0.,-50.));
#3839 = VECTOR('',#3840,1.);
#3840 = DIRECTION('',(1.,0.));
#3841 = ( GEOMETRIC_REPRESENTATION_CONTEXT(2) 
PARAMETRIC_REPRESENTATION_CONTEXT() REPRESENTATION_CONTEXT('2D SPACE',''
  ) );
#3842 = ORIENTED_EDGE('',*,*,#3843,.F.);
#3843 = EDGE_CURVE('',#3702,#3821,#3844,.T.);
#3844 = SURFACE_CURVE('',#3845,(#3850,#3856),.PCURVE_S1.);
#3845 = CIRCLE('',#3846,50.);
#3846 = AXIS2_PLACEMENT_3D('',#3847,#3848,#3849);
#3847 = CARTESIAN_POINT('',(100.,50.,50.));
#3848 = DIRECTION('',(0.,0.,1.));
#3849 = DIRECTION('',(0.,-1.,0.));
#3850 = PCURVE('',#1607,#3851);
#3851 = DEFINITIONAL_REPRESENTATION('',(#3852),#3855);
#3852 = B_SPLINE_CURVE_WITH_KNOTS('',1,(#3853,#3854),.UNSPECIFIED.,.F.,
  .F.,(2,2),(0.,1.570796326795),.PIECEWISE_BEZIER_KNOTS.);
#3853 = CARTESIAN_POINT('',(0.,50.));
#3854 = CARTESIAN_POINT('',(1.570796326795,50.));
#3855 = ( GEOMETRIC_REPRESENTATION_CONTEXT(2) 
PARAMETRIC_REPRESENTATION_CONTEXT() REPRESENTATION_CONTEXT('2D SPACE',''
  ) );
#3856 = PCURVE('',#3857,#3862);
#3857 = SPHERICAL_SURFACE('',#3858,50.);
#3858 = AXIS2_PLACEMENT_3D('',#3859,#3860,#3861);
#3859 = CARTESIAN_POINT('',(100.,50.,50.));
#3860 = DIRECTION('',(-0.,1.,-0.));
#3861 = DIRECTION('',(1.,0.,-0.));
#3862 = DEFINITIONAL_REPRESENTATION('',(#3863),#3866);
#3863 = B_SPLINE_CURVE_WITH_KNOTS('',1,(#3864,#3865),.UNSPECIFIED.,.F.,
  .F.,(2,2),(0.,1.570796326795),.PIECEWISE_BEZIER_KNOTS.);
#3864 = CARTESIAN_POINT('',(0.,-1.570796326795));
#3865 = CARTESIAN_POINT('',(0.,0.));
#3866 = ( GEOMETRIC_REPRESENTATION_CONTEXT(2) 
PARAMETRIC_REPRESENTATION_CONTEXT() REPRESENTATION_CONTEXT('2D SPACE',''
  ) );
#3867 = ORIENTED_EDGE('',*,*,#3701,.F.);
#3868 = ADVANCED_FACE('',(#3869),#1574,.T.);
#3869 = FACE_BOUND('',#3870,.T.);
#3870 = EDGE_LOOP('',(#3871,#3896,#4046,#4074,#4100,#4101,#4102,#4103,
    #4126,#4154));
#3871 = ORIENTED_EDGE('',*,*,#3872,.T.);
#3872 = EDGE_CURVE('',#3873,#3875,#3877,.T.);
#3873 = VERTEX_POINT('',#3874);
#3874 = CARTESIAN_POINT('',(150.,855.18629150101,20.));
#3875 = VERTEX_POINT('',#3876);
#3876 = CARTESIAN_POINT('',(150.,848.35640646055,20.));
#3877 = SURFACE_CURVE('',#3878,(#3882,#3889),.PCURVE_S1.);
#3878 = LINE('',#3879,#3880);
#3879 = CARTESIAN_POINT('',(150.,866.5,20.));
#3880 = VECTOR('',#3881,1.);
#3881 = DIRECTION('',(0.,-1.,0.));
#3882 = PCURVE('',#1574,#3883);
#3883 = DEFINITIONAL_REPRESENTATION('',(#3884),#3888);
#3884 = LINE('',#3885,#3886);
#3885 = CARTESIAN_POINT('',(20.,-866.5));
#3886 = VECTOR('',#3887,1.);
#3887 = DIRECTION('',(0.,1.));
#3888 = ( GEOMETRIC_REPRESENTATION_CONTEXT(2) 
PARAMETRIC_REPRESENTATION_CONTEXT() REPRESENTATION_CONTEXT('2D SPACE',''
  ) );
#3889 = PCURVE('',#2861,#3890);
#3890 = DEFINITIONAL_REPRESENTATION('',(#3891),#3895);
#3891 = LINE('',#3892,#3893);
#3892 = CARTESIAN_POINT('',(150.,-24.));
#3893 = VECTOR('',#3894,1.);
#3894 = DIRECTION('',(0.,1.));
#3895 = ( GEOMETRIC_REPRESENTATION_CONTEXT(2) 
PARAMETRIC_REPRESENTATION_CONTEXT() REPRESENTATION_CONTEXT('2D SPACE',''
  ) );
#3896 = ORIENTED_EDGE('',*,*,#3897,.T.);
#3897 = EDGE_CURVE('',#3875,#3898,#3900,.T.);
#3898 = VERTEX_POINT('',#3899);
#3899 = CARTESIAN_POINT('',(150.,834.5,28.));
#3900 = SURFACE_CURVE('',#3901,(#3940,#3982),.PCURVE_S1.);
#3901 = B_SPLINE_CURVE_WITH_KNOTS('',7,(#3902,#3903,#3904,#3905,#3906,
    #3907,#3908,#3909,#3910,#3911,#3912,#3913,#3914,#3915,#3916,#3917,
    #3918,#3919,#3920,#3921,#3922,#3923,#3924,#3925,#3926,#3927,#3928,
    #3929,#3930,#3931,#3932,#3933,#3934,#3935,#3936,#3937,#3938,#3939),
  .UNSPECIFIED.,.F.,.F.,(8,6,6,6,6,6,8),(0.,0.221819202199,
    0.477593128628,0.822037041738,0.940848602803,0.977888030956,1.),
  .UNSPECIFIED.);
#3902 = CARTESIAN_POINT('',(150.,848.35640646055,20.));
#3903 = CARTESIAN_POINT('',(150.,847.82348957837,20.));
#3904 = CARTESIAN_POINT('',(150.,847.28625127873,20.031062788452));
#3905 = CARTESIAN_POINT('',(150.,846.7480225691,20.092839401205));
#3906 = CARTESIAN_POINT('',(150.,846.21176949904,20.184267990132));
#3907 = CARTESIAN_POINT('',(150.,845.68003931879,20.30376868119));
#3908 = CARTESIAN_POINT('',(150.,845.15494182763,20.449402632289));
#3909 = CARTESIAN_POINT('',(150.,844.04228510591,20.814548154679));
#3910 = CARTESIAN_POINT('',(150.,843.45740946955,21.04197570083));
#3911 = CARTESIAN_POINT('',(150.,842.88598405114,21.298005156795));
#3912 = CARTESIAN_POINT('',(150.,842.32956300053,21.57905389213));
#3913 = CARTESIAN_POINT('',(150.,841.78891595765,21.881544233368));
#3914 = CARTESIAN_POINT('',(150.,841.26414881705,22.202128102258));
#3915 = CARTESIAN_POINT('',(150.,840.0689647683,22.989890777042));
#3916 = CARTESIAN_POINT('',(150.,839.41128182217,23.469256360722));
#3917 = CARTESIAN_POINT('',(150.,838.78042458482,23.968811991847));
#3918 = CARTESIAN_POINT('',(150.,838.17371309769,24.482494247974));
#3919 = CARTESIAN_POINT('',(150.,837.58765456415,25.005607762555));
#3920 = CARTESIAN_POINT('',(150.,837.01835272397,25.534695941679));
#3921 = CARTESIAN_POINT('',(150.,836.26957918182,26.250914659871));
#3922 = CARTESIAN_POINT('',(150.,836.07904893774,26.435000826936));
#3923 = CARTESIAN_POINT('',(150.,835.88986212217,26.619372825324));
#3924 = CARTESIAN_POINT('',(150.,835.70185475766,26.803927645449));
#3925 = CARTESIAN_POINT('',(150.,835.51486422586,26.988568732728));
#3926 = CARTESIAN_POINT('',(150.,835.32872963181,27.173204395276));
#3927 = CARTESIAN_POINT('',(150.,835.0854821577,27.415277004791));
#3928 = CARTESIAN_POINT('',(150.,835.02773996915,27.472798605834));
#3929 = CARTESIAN_POINT('',(150.,834.97006082235,27.530308308309));
#3930 = CARTESIAN_POINT('',(150.,834.91243997519,27.587803412363));
#3931 = CARTESIAN_POINT('',(150.,834.85487272384,27.645281224724));
#3932 = CARTESIAN_POINT('',(150.,834.7973544027,27.702739058696));
#3933 = CARTESIAN_POINT('',(150.,834.70556927933,27.794462150718));
#3934 = CARTESIAN_POINT('',(150.,834.67127395957,27.82874198397));
#3935 = CARTESIAN_POINT('',(150.,834.63699345062,27.863013174262));
#3936 = CARTESIAN_POINT('',(150.,834.60272677702,27.897275151719));
#3937 = CARTESIAN_POINT('',(150.,834.5684729624,27.931527336241));
#3938 = CARTESIAN_POINT('',(150.,834.53423102945,27.965769137507));
#3939 = CARTESIAN_POINT('',(150.,834.5,27.999999954971));
#3940 = PCURVE('',#1574,#3941);
#3941 = DEFINITIONAL_REPRESENTATION('',(#3942),#3981);
#3942 = B_SPLINE_CURVE_WITH_KNOTS('',7,(#3943,#3944,#3945,#3946,#3947,
    #3948,#3949,#3950,#3951,#3952,#3953,#3954,#3955,#3956,#3957,#3958,
    #3959,#3960,#3961,#3962,#3963,#3964,#3965,#3966,#3967,#3968,#3969,
    #3970,#3971,#3972,#3973,#3974,#3975,#3976,#3977,#3978,#3979,#3980),
  .UNSPECIFIED.,.F.,.F.,(8,6,6,6,6,6,8),(0.,0.221819202199,
    0.477593128628,0.822037041738,0.940848602803,0.977888030956,1.),
  .UNSPECIFIED.);
#3943 = CARTESIAN_POINT('',(20.,-848.3564064605));
#3944 = CARTESIAN_POINT('',(20.,-847.8234895783));
#3945 = CARTESIAN_POINT('',(20.031062788452,-847.2862512787));
#3946 = CARTESIAN_POINT('',(20.092839401205,-846.7480225691));
#3947 = CARTESIAN_POINT('',(20.184267990132,-846.211769499));
#3948 = CARTESIAN_POINT('',(20.30376868119,-845.6800393187));
#3949 = CARTESIAN_POINT('',(20.449402632289,-845.1549418276));
#3950 = CARTESIAN_POINT('',(20.814548154679,-844.0422851059));
#3951 = CARTESIAN_POINT('',(21.04197570083,-843.4574094695));
#3952 = CARTESIAN_POINT('',(21.298005156795,-842.8859840511));
#3953 = CARTESIAN_POINT('',(21.57905389213,-842.3295630005));
#3954 = CARTESIAN_POINT('',(21.881544233368,-841.7889159576));
#3955 = CARTESIAN_POINT('',(22.202128102258,-841.264148817));
#3956 = CARTESIAN_POINT('',(22.989890777042,-840.0689647683));
#3957 = CARTESIAN_POINT('',(23.469256360722,-839.4112818221));
#3958 = CARTESIAN_POINT('',(23.968811991847,-838.7804245848));
#3959 = CARTESIAN_POINT('',(24.482494247974,-838.1737130976));
#3960 = CARTESIAN_POINT('',(25.005607762555,-837.5876545641));
#3961 = CARTESIAN_POINT('',(25.534695941679,-837.0183527239));
#3962 = CARTESIAN_POINT('',(26.250914659871,-836.2695791818));
#3963 = CARTESIAN_POINT('',(26.435000826936,-836.0790489377));
#3964 = CARTESIAN_POINT('',(26.619372825324,-835.8898621221));
#3965 = CARTESIAN_POINT('',(26.803927645449,-835.7018547576));
#3966 = CARTESIAN_POINT('',(26.988568732728,-835.5148642258));
#3967 = CARTESIAN_POINT('',(27.173204395276,-835.3287296318));
#3968 = CARTESIAN_POINT('',(27.415277004791,-835.0854821577));
#3969 = CARTESIAN_POINT('',(27.472798605834,-835.0277399691));
#3970 = CARTESIAN_POINT('',(27.530308308309,-834.9700608223));
#3971 = CARTESIAN_POINT('',(27.587803412363,-834.9124399751));
#3972 = CARTESIAN_POINT('',(27.645281224724,-834.8548727238));
#3973 = CARTESIAN_POINT('',(27.702739058696,-834.7973544027));
#3974 = CARTESIAN_POINT('',(27.794462150718,-834.7055692793));
#3975 = CARTESIAN_POINT('',(27.82874198397,-834.6712739595));
#3976 = CARTESIAN_POINT('',(27.863013174262,-834.6369934506));
#3977 = CARTESIAN_POINT('',(27.897275151719,-834.602726777));
#3978 = CARTESIAN_POINT('',(27.931527336241,-834.5684729624));
#3979 = CARTESIAN_POINT('',(27.965769137507,-834.5342310294));
#3980 = CARTESIAN_POINT('',(27.999999954971,-834.5));
#3981 = ( GEOMETRIC_REPRESENTATION_CONTEXT(2) 
PARAMETRIC_REPRESENTATION_CONTEXT() REPRESENTATION_CONTEXT('2D SPACE',''
  ) );
#3982 = PCURVE('',#3983,#4005);
#3983 = ( BOUNDED_SURFACE() B_SPLINE_SURFACE(2,6,(
    (#3984,#3985,#3986,#3987,#3988,#3989,#3990)
    ,(#3991,#3992,#3993,#3994,#3995,#3996,#3997)
    ,(#3998,#3999,#4000,#4001,#4002,#4003,#4004
)),.UNSPECIFIED.,.F.,.F.,.F.) B_SPLINE_SURFACE_WITH_KNOTS((3,3),(7,7),(
    0.,8.377580409574),(150.75516081914,159.13274122871),
.PIECEWISE_BEZIER_KNOTS.) GEOMETRIC_REPRESENTATION_ITEM() 
RATIONAL_B_SPLINE_SURFACE((
    (1.,1.,1.,1.,1.,1.,1.)
    ,(0.707106781187,0.707106781187,0.707106781187,0.707106781187
      ,0.707106781187,0.707106781187,0.707106781187)
,(1.,1.,1.,1.,1.,1.,1.))) REPRESENTATION_ITEM('') SURFACE() );
#3984 = CARTESIAN_POINT('',(150.,848.35640646055,20.));
#3985 = CARTESIAN_POINT('',(152.41839817085,846.96014362559,20.));
#3986 = CARTESIAN_POINT('',(154.54435331277,845.05739863595,20.));
#3987 = CARTESIAN_POINT('',(156.24535506596,842.72454383777,20.));
#3988 = CARTESIAN_POINT('',(157.41514262861,840.0850573286,20.));
#3989 = CARTESIAN_POINT('',(158.,837.29252567012,20.));
#3990 = CARTESIAN_POINT('',(158.,834.49999999999,20.));
#3991 = CARTESIAN_POINT('',(146.,841.42820323027,20.));
#3992 = CARTESIAN_POINT('',(147.20919908553,840.73007181273,20.));
#3993 = CARTESIAN_POINT('',(148.27217544063,839.77870355719,20.));
#3994 = CARTESIAN_POINT('',(149.12268050583,838.61226228836,20.));
#3995 = CARTESIAN_POINT('',(149.70757002373,837.29253391887,20.));
#3996 = CARTESIAN_POINT('',(150.,835.89626283506,20.));
#3997 = CARTESIAN_POINT('',(150.,834.49999999999,20.));
#3998 = CARTESIAN_POINT('',(146.,841.42820323027,28.));
#3999 = CARTESIAN_POINT('',(147.20919908553,840.73007181273,28.));
#4000 = CARTESIAN_POINT('',(148.27217544062,839.77870355719,28.));
#4001 = CARTESIAN_POINT('',(149.12268050583,838.61226228836,28.));
#4002 = CARTESIAN_POINT('',(149.70757002373,837.29253391886,28.));
#4003 = CARTESIAN_POINT('',(150.,835.89626283506,28.));
#4004 = CARTESIAN_POINT('',(150.,834.5,28.));
#4005 = DEFINITIONAL_REPRESENTATION('',(#4006),#4045);
#4006 = B_SPLINE_CURVE_WITH_KNOTS('',7,(#4007,#4008,#4009,#4010,#4011,
    #4012,#4013,#4014,#4015,#4016,#4017,#4018,#4019,#4020,#4021,#4022,
    #4023,#4024,#4025,#4026,#4027,#4028,#4029,#4030,#4031,#4032,#4033,
    #4034,#4035,#4036,#4037,#4038,#4039,#4040,#4041,#4042,#4043,#4044),
  .UNSPECIFIED.,.F.,.F.,(8,6,6,6,6,6,8),(0.,0.221819202199,
    0.477593128628,0.822037041738,0.940848602803,0.977888030956,1.),
  .UNSPECIFIED.);
#4007 = CARTESIAN_POINT('',(0.,150.75516081914));
#4008 = CARTESIAN_POINT('',(0.341746228364,150.88839009375));
#4009 = CARTESIAN_POINT('',(0.672902084501,151.03166689989));
#4010 = CARTESIAN_POINT('',(0.994130701426,151.18538537148));
#4011 = CARTESIAN_POINT('',(1.306192030094,151.34991599227));
#4012 = CARTESIAN_POINT('',(1.60982399565,151.52556518906));
#4013 = CARTESIAN_POINT('',(1.905692851972,151.71252773608));
#4014 = CARTESIAN_POINT('',(2.527328087461,152.13949140152));
#4015 = CARTESIAN_POINT('',(2.850769911053,152.38325351135));
#4016 = CARTESIAN_POINT('',(3.165757076095,152.64222365539));
#4017 = CARTESIAN_POINT('',(3.473265538254,152.9163076873));
#4018 = CARTESIAN_POINT('',(3.774211679061,153.20512972239));
#4019 = CARTESIAN_POINT('',(4.069473806502,153.50802568132));
#4020 = CARTESIAN_POINT('',(4.751130788618,154.24977844138));
#4021 = CARTESIAN_POINT('',(5.133541915184,154.69926787988));
#4022 = CARTESIAN_POINT('',(5.509561508838,155.17059723153));
#4023 = CARTESIAN_POINT('',(5.881380394355,155.66091919159));
#4024 = CARTESIAN_POINT('',(6.251231958305,156.16663028496));
#4025 = CARTESIAN_POINT('',(6.621530492836,156.68392073287));
#4026 = CARTESIAN_POINT('',(7.123952830649,157.39022710456));
#4027 = CARTESIAN_POINT('',(7.253189461836,157.57229801241));
#4028 = CARTESIAN_POINT('',(7.382916752958,157.75513334847));
#4029 = CARTESIAN_POINT('',(7.513247517155,157.93857002465));
#4030 = CARTESIAN_POINT('',(7.644297511426,158.12244264326));
#4031 = CARTESIAN_POINT('',(7.776186318988,158.30658484613));
#4032 = CARTESIAN_POINT('',(7.950454730421,158.54826917949));
#4033 = CARTESIAN_POINT('',(7.991964782824,158.60571769782));
#4034 = CARTESIAN_POINT('',(8.033572128045,158.66317115218));
#4035 = CARTESIAN_POINT('',(8.075280540642,158.72062446759));
#4036 = CARTESIAN_POINT('',(8.117093830541,158.77807256058));
#4037 = CARTESIAN_POINT('',(8.159015843033,158.83551033922));
#4038 = CARTESIAN_POINT('',(8.226144477995,158.92721297136));
#4039 = CARTESIAN_POINT('',(8.251278623186,158.9614877507));
#4040 = CARTESIAN_POINT('',(8.276453728902,158.99575594686));
#4041 = CARTESIAN_POINT('',(8.301670627644,159.03001647173));
#4042 = CARTESIAN_POINT('',(8.326930149861,159.06426824325));
#4043 = CARTESIAN_POINT('',(8.352233123943,159.09851018552));
#4044 = CARTESIAN_POINT('',(8.377580376231,159.13274122871));
#4045 = ( GEOMETRIC_REPRESENTATION_CONTEXT(2) 
PARAMETRIC_REPRESENTATION_CONTEXT() REPRESENTATION_CONTEXT('2D SPACE',''
  ) );
#4046 = ORIENTED_EDGE('',*,*,#4047,.F.);
#4047 = EDGE_CURVE('',#4048,#3898,#4050,.T.);
#4048 = VERTEX_POINT('',#4049);
#4049 = CARTESIAN_POINT('',(150.,834.5,50.));
#4050 = SURFACE_CURVE('',#4051,(#4055,#4062),.PCURVE_S1.);
#4051 = LINE('',#4052,#4053);
#4052 = CARTESIAN_POINT('',(150.,834.5,50.));
#4053 = VECTOR('',#4054,1.);
#4054 = DIRECTION('',(0.,0.,-1.));
#4055 = PCURVE('',#1574,#4056);
#4056 = DEFINITIONAL_REPRESENTATION('',(#4057),#4061);
#4057 = LINE('',#4058,#4059);
#4058 = CARTESIAN_POINT('',(50.,-834.5));
#4059 = VECTOR('',#4060,1.);
#4060 = DIRECTION('',(-1.,0.));
#4061 = ( GEOMETRIC_REPRESENTATION_CONTEXT(2) 
PARAMETRIC_REPRESENTATION_CONTEXT() REPRESENTATION_CONTEXT('2D SPACE',''
  ) );
#4062 = PCURVE('',#4063,#4068);
#4063 = CYLINDRICAL_SURFACE('',#4064,8.);
#4064 = AXIS2_PLACEMENT_3D('',#4065,#4066,#4067);
#4065 = CARTESIAN_POINT('',(142.,834.5,50.));
#4066 = DIRECTION('',(0.,0.,-1.));
#4067 = DIRECTION('',(0.,1.,0.));
#4068 = DEFINITIONAL_REPRESENTATION('',(#4069),#4073);
#4069 = LINE('',#4070,#4071);
#4070 = CARTESIAN_POINT('',(1.570796326795,0.));
#4071 = VECTOR('',#4072,1.);
#4072 = DIRECTION('',(0.,1.));
#4073 = ( GEOMETRIC_REPRESENTATION_CONTEXT(2) 
PARAMETRIC_REPRESENTATION_CONTEXT() REPRESENTATION_CONTEXT('2D SPACE',''
  ) );
#4074 = ORIENTED_EDGE('',*,*,#4075,.F.);
#4075 = EDGE_CURVE('',#3821,#4048,#4076,.T.);
#4076 = SURFACE_CURVE('',#4077,(#4081,#4088),.PCURVE_S1.);
#4077 = LINE('',#4078,#4079);
#4078 = CARTESIAN_POINT('',(150.,0.,50.));
#4079 = VECTOR('',#4080,1.);
#4080 = DIRECTION('',(-0.,1.,-0.));
#4081 = PCURVE('',#1574,#4082);
#4082 = DEFINITIONAL_REPRESENTATION('',(#4083),#4087);
#4083 = LINE('',#4084,#4085);
#4084 = CARTESIAN_POINT('',(50.,0.));
#4085 = VECTOR('',#4086,1.);
#4086 = DIRECTION('',(0.,-1.));
#4087 = ( GEOMETRIC_REPRESENTATION_CONTEXT(2) 
PARAMETRIC_REPRESENTATION_CONTEXT() REPRESENTATION_CONTEXT('2D SPACE',''
  ) );
#4088 = PCURVE('',#4089,#4094);
#4089 = CYLINDRICAL_SURFACE('',#4090,50.);
#4090 = AXIS2_PLACEMENT_3D('',#4091,#4092,#4093);
#4091 = CARTESIAN_POINT('',(100.,0.,50.));
#4092 = DIRECTION('',(-0.,1.,-0.));
#4093 = DIRECTION('',(-0.,0.,1.));
#4094 = DEFINITIONAL_REPRESENTATION('',(#4095),#4099);
#4095 = LINE('',#4096,#4097);
#4096 = CARTESIAN_POINT('',(1.570796326795,0.));
#4097 = VECTOR('',#4098,1.);
#4098 = DIRECTION('',(0.,1.));
#4099 = ( GEOMETRIC_REPRESENTATION_CONTEXT(2) 
PARAMETRIC_REPRESENTATION_CONTEXT() REPRESENTATION_CONTEXT('2D SPACE',''
  ) );
#4100 = ORIENTED_EDGE('',*,*,#3820,.F.);
#4101 = ORIENTED_EDGE('',*,*,#1558,.T.);
#4102 = ORIENTED_EDGE('',*,*,#1682,.T.);
#4103 = ORIENTED_EDGE('',*,*,#4104,.F.);
#4104 = EDGE_CURVE('',#4105,#1683,#4107,.T.);
#4105 = VERTEX_POINT('',#4106);
#4106 = CARTESIAN_POINT('',(150.,866.5,50.));
#4107 = SURFACE_CURVE('',#4108,(#4112,#4119),.PCURVE_S1.);
#4108 = LINE('',#4109,#4110);
#4109 = CARTESIAN_POINT('',(150.,862.5,50.));
#4110 = VECTOR('',#4111,1.);
#4111 = DIRECTION('',(-0.,1.,-0.));
#4112 = PCURVE('',#1574,#4113);
#4113 = DEFINITIONAL_REPRESENTATION('',(#4114),#4118);
#4114 = LINE('',#4115,#4116);
#4115 = CARTESIAN_POINT('',(50.,-862.5));
#4116 = VECTOR('',#4117,1.);
#4117 = DIRECTION('',(0.,-1.));
#4118 = ( GEOMETRIC_REPRESENTATION_CONTEXT(2) 
PARAMETRIC_REPRESENTATION_CONTEXT() REPRESENTATION_CONTEXT('2D SPACE',''
  ) );
#4119 = PCURVE('',#2226,#4120);
#4120 = DEFINITIONAL_REPRESENTATION('',(#4121),#4125);
#4121 = LINE('',#4122,#4123);
#4122 = CARTESIAN_POINT('',(1.570796326795,0.));
#4123 = VECTOR('',#4124,1.);
#4124 = DIRECTION('',(0.,1.));
#4125 = ( GEOMETRIC_REPRESENTATION_CONTEXT(2) 
PARAMETRIC_REPRESENTATION_CONTEXT() REPRESENTATION_CONTEXT('2D SPACE',''
  ) );
#4126 = ORIENTED_EDGE('',*,*,#4127,.T.);
#4127 = EDGE_CURVE('',#4105,#4128,#4130,.T.);
#4128 = VERTEX_POINT('',#4129);
#4129 = CARTESIAN_POINT('',(150.,866.5,28.));
#4130 = SURFACE_CURVE('',#4131,(#4135,#4142),.PCURVE_S1.);
#4131 = LINE('',#4132,#4133);
#4132 = CARTESIAN_POINT('',(150.,866.5,50.));
#4133 = VECTOR('',#4134,1.);
#4134 = DIRECTION('',(0.,0.,-1.));
#4135 = PCURVE('',#1574,#4136);
#4136 = DEFINITIONAL_REPRESENTATION('',(#4137),#4141);
#4137 = LINE('',#4138,#4139);
#4138 = CARTESIAN_POINT('',(50.,-866.5));
#4139 = VECTOR('',#4140,1.);
#4140 = DIRECTION('',(-1.,0.));
#4141 = ( GEOMETRIC_REPRESENTATION_CONTEXT(2) 
PARAMETRIC_REPRESENTATION_CONTEXT() REPRESENTATION_CONTEXT('2D SPACE',''
  ) );
#4142 = PCURVE('',#4143,#4148);
#4143 = CYLINDRICAL_SURFACE('',#4144,4.);
#4144 = AXIS2_PLACEMENT_3D('',#4145,#4146,#4147);
#4145 = CARTESIAN_POINT('',(146.,866.5,50.));
#4146 = DIRECTION('',(0.,0.,-1.));
#4147 = DIRECTION('',(0.,-1.,0.));
#4148 = DEFINITIONAL_REPRESENTATION('',(#4149),#4153);
#4149 = LINE('',#4150,#4151);
#4150 = CARTESIAN_POINT('',(-1.570796326795,0.));
#4151 = VECTOR('',#4152,1.);
#4152 = DIRECTION('',(-0.,1.));
#4153 = ( GEOMETRIC_REPRESENTATION_CONTEXT(2) 
PARAMETRIC_REPRESENTATION_CONTEXT() REPRESENTATION_CONTEXT('2D SPACE',''
  ) );
#4154 = ORIENTED_EDGE('',*,*,#4155,.F.);
#4155 = EDGE_CURVE('',#3873,#4128,#4156,.T.);
#4156 = SURFACE_CURVE('',#4157,(#4209,#4264),.PCURVE_S1.);
#4157 = B_SPLINE_CURVE_WITH_KNOTS('',8,(#4158,#4159,#4160,#4161,#4162,
    #4163,#4164,#4165,#4166,#4167,#4168,#4169,#4170,#4171,#4172,#4173,
    #4174,#4175,#4176,#4177,#4178,#4179,#4180,#4181,#4182,#4183,#4184,
    #4185,#4186,#4187,#4188,#4189,#4190,#4191,#4192,#4193,#4194,#4195,
    #4196,#4197,#4198,#4199,#4200,#4201,#4202,#4203,#4204,#4205,#4206,
    #4207,#4208),.UNSPECIFIED.,.F.,.F.,(9,7,7,7,7,7,7,9),(0.,
    0.408284508515,0.632041320259,0.891342813968,0.982211114444,
    0.991115411871,0.995567623192,1.),.UNSPECIFIED.);
#4158 = CARTESIAN_POINT('',(150.,855.18629150101,20.));
#4159 = CARTESIAN_POINT('',(150.,855.94716758909,20.));
#4160 = CARTESIAN_POINT('',(150.,856.71298065486,20.073515388655));
#4161 = CARTESIAN_POINT('',(150.,857.47290153275,20.22001709941));
#4162 = CARTESIAN_POINT('',(150.,858.21785246258,20.435987737981));
#4163 = CARTESIAN_POINT('',(150.,858.94043591073,20.716176287615));
#4164 = CARTESIAN_POINT('',(150.,859.63483211851,21.05384446925));
#4165 = CARTESIAN_POINT('',(150.,860.29696722327,21.440844717669));
#4166 = CARTESIAN_POINT('',(150.,861.26842344501,22.102244449282));
#4167 = CARTESIAN_POINT('',(150.,861.60215865044,22.348625703029));
#4168 = CARTESIAN_POINT('',(150.,861.92543116405,22.605854775083));
#4169 = CARTESIAN_POINT('',(150.,862.23817618632,22.872536521403));
#4170 = CARTESIAN_POINT('',(150.,862.54052612824,23.147305407042));
#4171 = CARTESIAN_POINT('',(150.,862.83278908759,23.428862903238));
#4172 = CARTESIAN_POINT('',(150.,863.11542438471,23.716010615694));
#4173 = CARTESIAN_POINT('',(150.,863.70606694032,24.345680407426));
#4174 = CARTESIAN_POINT('',(150.,864.01096080313,24.689740124992));
#4175 = CARTESIAN_POINT('',(150.,864.30465764253,25.03824772816));
#4176 = CARTESIAN_POINT('',(150.,864.58833256481,25.389827020405));
#4177 = CARTESIAN_POINT('',(150.,864.86331502973,25.743379846695));
#4178 = CARTESIAN_POINT('',(150.,865.13103358049,26.098087166156));
#4179 = CARTESIAN_POINT('',(150.,865.39297815098,26.453377546456));
#4180 = CARTESIAN_POINT('',(150.,865.74100520478,26.933451156835));
#4181 = CARTESIAN_POINT('',(150.,865.83079573169,27.058051256744));
#4182 = CARTESIAN_POINT('',(150.,865.92012996541,27.182655682132));
#4183 = CARTESIAN_POINT('',(150.,866.00907326595,27.30724843783));
#4184 = CARTESIAN_POINT('',(150.,866.09769089463,27.431814945021));
#4185 = CARTESIAN_POINT('',(150.,866.18604799944,27.556341736744));
#4186 = CARTESIAN_POINT('',(150.,866.27420960024,27.680816153406));
#4187 = CARTESIAN_POINT('',(150.,866.37086683835,27.817417117165));
#4188 = CARTESIAN_POINT('',(150.,866.37949184612,27.829607573243));
#4189 = CARTESIAN_POINT('',(150.,866.38811565813,27.841797394646));
#4190 = CARTESIAN_POINT('',(150.,866.39673833507,27.853986569491));
#4191 = CARTESIAN_POINT('',(150.,866.4053599376,27.866175085889));
#4192 = CARTESIAN_POINT('',(150.,866.41398052633,27.878362931943));
#4193 = CARTESIAN_POINT('',(150.,866.42260016183,27.890550095756));
#4194 = CARTESIAN_POINT('',(150.,866.4355283366,27.908829885944));
#4195 = CARTESIAN_POINT('',(150.,866.43983758485,27.914923088695));
#4196 = CARTESIAN_POINT('',(150.,866.44414666462,27.92101618307));
#4197 = CARTESIAN_POINT('',(150.,866.44845559115,27.927109178459));
#4198 = CARTESIAN_POINT('',(150.,866.45276437972,27.93320208425));
#4199 = CARTESIAN_POINT('',(150.,866.45707304555,27.939294909832));
#4200 = CARTESIAN_POINT('',(150.,866.4613816039,27.945387664591));
#4201 = CARTESIAN_POINT('',(150.,866.46997934199,27.957545908404));
#4202 = CARTESIAN_POINT('',(150.,866.47426836554,27.963611363585));
#4203 = CARTESIAN_POINT('',(150.,866.47855726092,27.969676588003));
#4204 = CARTESIAN_POINT('',(150.,866.48284608233,27.975741524668));
#4205 = CARTESIAN_POINT('',(150.,866.48713481793,27.981806195045));
#4206 = CARTESIAN_POINT('',(150.,866.49142338987,27.987870699061));
#4207 = CARTESIAN_POINT('',(150.,866.49571165421,27.993935215099));
#4208 = CARTESIAN_POINT('',(150.,866.49999940099,28.));
#4209 = PCURVE('',#1574,#4210);
#4210 = DEFINITIONAL_REPRESENTATION('',(#4211),#4263);
#4211 = B_SPLINE_CURVE_WITH_KNOTS('',8,(#4212,#4213,#4214,#4215,#4216,
    #4217,#4218,#4219,#4220,#4221,#4222,#4223,#4224,#4225,#4226,#4227,
    #4228,#4229,#4230,#4231,#4232,#4233,#4234,#4235,#4236,#4237,#4238,
    #4239,#4240,#4241,#4242,#4243,#4244,#4245,#4246,#4247,#4248,#4249,
    #4250,#4251,#4252,#4253,#4254,#4255,#4256,#4257,#4258,#4259,#4260,
    #4261,#4262),.UNSPECIFIED.,.F.,.F.,(9,7,7,7,7,7,7,9),(0.,
    0.408284508515,0.632041320259,0.891342813968,0.982211114444,
    0.991115411871,0.995567623192,1.),.UNSPECIFIED.);
#4212 = CARTESIAN_POINT('',(20.,-855.186291501));
#4213 = CARTESIAN_POINT('',(20.,-855.947167589));
#4214 = CARTESIAN_POINT('',(20.073515388655,-856.7129806548));
#4215 = CARTESIAN_POINT('',(20.22001709941,-857.4729015327));
#4216 = CARTESIAN_POINT('',(20.435987737981,-858.2178524625));
#4217 = CARTESIAN_POINT('',(20.716176287615,-858.9404359107));
#4218 = CARTESIAN_POINT('',(21.05384446925,-859.6348321185));
#4219 = CARTESIAN_POINT('',(21.440844717669,-860.2969672232));
#4220 = CARTESIAN_POINT('',(22.102244449282,-861.268423445));
#4221 = CARTESIAN_POINT('',(22.348625703029,-861.6021586504));
#4222 = CARTESIAN_POINT('',(22.605854775083,-861.925431164));
#4223 = CARTESIAN_POINT('',(22.872536521403,-862.2381761863));
#4224 = CARTESIAN_POINT('',(23.147305407042,-862.5405261282));
#4225 = CARTESIAN_POINT('',(23.428862903238,-862.8327890875));
#4226 = CARTESIAN_POINT('',(23.716010615694,-863.1154243847));
#4227 = CARTESIAN_POINT('',(24.345680407426,-863.7060669403));
#4228 = CARTESIAN_POINT('',(24.689740124992,-864.0109608031));
#4229 = CARTESIAN_POINT('',(25.03824772816,-864.3046576425));
#4230 = CARTESIAN_POINT('',(25.389827020405,-864.5883325648));
#4231 = CARTESIAN_POINT('',(25.743379846695,-864.8633150297));
#4232 = CARTESIAN_POINT('',(26.098087166156,-865.1310335804));
#4233 = CARTESIAN_POINT('',(26.453377546456,-865.3929781509));
#4234 = CARTESIAN_POINT('',(26.933451156835,-865.7410052047));
#4235 = CARTESIAN_POINT('',(27.058051256744,-865.8307957316));
#4236 = CARTESIAN_POINT('',(27.182655682132,-865.9201299654));
#4237 = CARTESIAN_POINT('',(27.30724843783,-866.0090732659));
#4238 = CARTESIAN_POINT('',(27.431814945021,-866.0976908946));
#4239 = CARTESIAN_POINT('',(27.556341736744,-866.1860479994));
#4240 = CARTESIAN_POINT('',(27.680816153406,-866.2742096002));
#4241 = CARTESIAN_POINT('',(27.817417117165,-866.3708668383));
#4242 = CARTESIAN_POINT('',(27.829607573243,-866.3794918461));
#4243 = CARTESIAN_POINT('',(27.841797394646,-866.3881156581));
#4244 = CARTESIAN_POINT('',(27.853986569491,-866.396738335));
#4245 = CARTESIAN_POINT('',(27.866175085889,-866.4053599376));
#4246 = CARTESIAN_POINT('',(27.878362931943,-866.4139805263));
#4247 = CARTESIAN_POINT('',(27.890550095756,-866.4226001618));
#4248 = CARTESIAN_POINT('',(27.908829885944,-866.4355283366));
#4249 = CARTESIAN_POINT('',(27.914923088695,-866.4398375848));
#4250 = CARTESIAN_POINT('',(27.92101618307,-866.4441466646));
#4251 = CARTESIAN_POINT('',(27.927109178459,-866.4484555911));
#4252 = CARTESIAN_POINT('',(27.93320208425,-866.4527643797));
#4253 = CARTESIAN_POINT('',(27.939294909832,-866.4570730455));
#4254 = CARTESIAN_POINT('',(27.945387664591,-866.4613816039));
#4255 = CARTESIAN_POINT('',(27.957545908404,-866.4699793419));
#4256 = CARTESIAN_POINT('',(27.963611363585,-866.4742683655));
#4257 = CARTESIAN_POINT('',(27.969676588003,-866.4785572609));
#4258 = CARTESIAN_POINT('',(27.975741524668,-866.4828460823));
#4259 = CARTESIAN_POINT('',(27.981806195045,-866.4871348179));
#4260 = CARTESIAN_POINT('',(27.987870699061,-866.4914233898));
#4261 = CARTESIAN_POINT('',(27.993935215099,-866.4957116542));
#4262 = CARTESIAN_POINT('',(28.,-866.4999994009));
#4263 = ( GEOMETRIC_REPRESENTATION_CONTEXT(2) 
PARAMETRIC_REPRESENTATION_CONTEXT() REPRESENTATION_CONTEXT('2D SPACE',''
  ) );
#4264 = PCURVE('',#4265,#4287);
#4265 = ( BOUNDED_SURFACE() B_SPLINE_SURFACE(2,6,(
    (#4266,#4267,#4268,#4269,#4270,#4271,#4272)
    ,(#4273,#4274,#4275,#4276,#4277,#4278,#4279)
    ,(#4280,#4281,#4282,#4283,#4284,#4285,#4286
)),.UNSPECIFIED.,.F.,.F.,.F.) B_SPLINE_SURFACE_WITH_KNOTS((3,3),(7,7),(
    0.,4.923837669362),(149.64253294499,154.56637061435),
.PIECEWISE_BEZIER_KNOTS.) GEOMETRIC_REPRESENTATION_ITEM() 
RATIONAL_B_SPLINE_SURFACE((
    (1.,1.,1.,1.,1.,1.,1.)
    ,(0.707106781187,0.707106781187,0.707106781187,0.707106781187
      ,0.707106781187,0.707106781187,0.707106781187)
,(1.,1.,1.,1.,1.,1.,1.))) REPRESENTATION_ITEM('') SURFACE() );
#4266 = CARTESIAN_POINT('',(150.,855.18629150101,20.));
#4267 = CARTESIAN_POINT('',(152.32111686053,856.00693023699,20.));
#4268 = CARTESIAN_POINT('',(154.44016764475,857.39896135382,20.));
#4269 = CARTESIAN_POINT('',(156.18155953168,859.30055021332,20.));
#4270 = CARTESIAN_POINT('',(157.39393073793,861.57621317916,20.));
#4271 = CARTESIAN_POINT('',(158.,864.0380837928,20.));
#4272 = CARTESIAN_POINT('',(158.,866.5,20.));
#4273 = CARTESIAN_POINT('',(147.33333333333,862.72876383367,20.));
#4274 = CARTESIAN_POINT('',(148.10703895322,863.0023100789,20.));
#4275 = CARTESIAN_POINT('',(148.81338921544,863.46632045141,20.));
#4276 = CARTESIAN_POINT('',(149.39385317677,864.10018340436,20.));
#4277 = CARTESIAN_POINT('',(149.79797691281,864.85873772636,20.));
#4278 = CARTESIAN_POINT('',(150.,865.6793612643,20.));
#4279 = CARTESIAN_POINT('',(150.,866.49999999999,20.));
#4280 = CARTESIAN_POINT('',(147.33333333333,862.72876383367,28.));
#4281 = CARTESIAN_POINT('',(148.10703895319,863.00231007889,28.));
#4282 = CARTESIAN_POINT('',(148.81338921549,863.46632045144,28.));
#4283 = CARTESIAN_POINT('',(149.39385317673,864.10018340433,28.));
#4284 = CARTESIAN_POINT('',(149.79797691282,864.85873772639,28.));
#4285 = CARTESIAN_POINT('',(150.,865.67936126429,28.));
#4286 = CARTESIAN_POINT('',(150.,866.5,28.));
#4287 = DEFINITIONAL_REPRESENTATION('',(#4288),#4340);
#4288 = B_SPLINE_CURVE_WITH_KNOTS('',8,(#4289,#4290,#4291,#4292,#4293,
    #4294,#4295,#4296,#4297,#4298,#4299,#4300,#4301,#4302,#4303,#4304,
    #4305,#4306,#4307,#4308,#4309,#4310,#4311,#4312,#4313,#4314,#4315,
    #4316,#4317,#4318,#4319,#4320,#4321,#4322,#4323,#4324,#4325,#4326,
    #4327,#4328,#4329,#4330,#4331,#4332,#4333,#4334,#4335,#4336,#4337,
    #4338,#4339),.UNSPECIFIED.,.F.,.F.,(9,7,7,7,7,7,7,9),(0.,
    0.408284508515,0.632041320259,0.891342813968,0.982211114444,
    0.991115411871,0.995567623192,1.),.UNSPECIFIED.);
#4289 = CARTESIAN_POINT('',(0.,149.64253294499));
#4290 = CARTESIAN_POINT('',(0.312202528686,149.72707482276));
#4291 = CARTESIAN_POINT('',(0.610511860827,149.82371758613));
#4292 = CARTESIAN_POINT('',(0.896606393598,149.93416467745));
#4293 = CARTESIAN_POINT('',(1.172436174059,150.06047805043));
#4294 = CARTESIAN_POINT('',(1.439584111144,150.20502138381));
#4295 = CARTESIAN_POINT('',(1.699378409681,150.37047027915));
#4296 = CARTESIAN_POINT('',(1.95276445227,150.55924801488));
#4297 = CARTESIAN_POINT('',(2.336051319172,150.88935058911));
#4298 = CARTESIAN_POINT('',(2.470086326963,151.01363272033));
#4299 = CARTESIAN_POINT('',(2.602611626583,151.14557683512));
#4300 = CARTESIAN_POINT('',(2.733773036839,151.28536096088));
#4301 = CARTESIAN_POINT('',(2.863715648218,151.43305814217));
#4302 = CARTESIAN_POINT('',(2.992587182426,151.58860845419));
#4303 = CARTESIAN_POINT('',(3.120543821899,151.75180246816));
#4304 = CARTESIAN_POINT('',(3.3951817685,152.11983031156));
#4305 = CARTESIAN_POINT('',(3.541603102784,152.32715395009));
#4306 = CARTESIAN_POINT('',(3.687315633599,152.54371373532));
#4307 = CARTESIAN_POINT('',(3.832640586238,152.7687173945));
#4308 = CARTESIAN_POINT('',(3.97794145214,153.00110921476));
#4309 = CARTESIAN_POINT('',(4.123635656711,153.23962794613));
#4310 = CARTESIAN_POINT('',(4.270206849956,153.48289375887));
#4311 = CARTESIAN_POINT('',(4.470090243263,153.81590713817));
#4312 = CARTESIAN_POINT('',(4.52213542757,153.90273028553));
#4313 = CARTESIAN_POINT('',(4.574380228915,153.98989834875));
#4314 = CARTESIAN_POINT('',(4.626849098702,154.07734790872));
#4315 = CARTESIAN_POINT('',(4.679567267568,154.16501451862));
#4316 = CARTESIAN_POINT('',(4.732560812045,154.25283311204));
#4317 = CARTESIAN_POINT('',(4.785856721217,154.34073841102));
#4318 = CARTESIAN_POINT('',(4.844737865348,154.43728140239));
#4319 = CARTESIAN_POINT('',(4.849995937923,154.44589767605));
#4320 = CARTESIAN_POINT('',(4.855257207241,154.45451409359));
#4321 = CARTESIAN_POINT('',(4.860521699498,154.46313059345));
#4322 = CARTESIAN_POINT('',(4.865789440962,154.47174711407));
#4323 = CARTESIAN_POINT('',(4.871060457976,154.48036359386));
#4324 = CARTESIAN_POINT('',(4.876334776953,154.48897997124));
#4325 = CARTESIAN_POINT('',(4.884251285199,154.50190435189));
#4326 = CARTESIAN_POINT('',(4.88689100231,154.5062125176));
#4327 = CARTESIAN_POINT('',(4.889531583763,154.51052068174));
#4328 = CARTESIAN_POINT('',(4.892173037622,154.51482884431));
#4329 = CARTESIAN_POINT('',(4.894815371969,154.5191370053));
#4330 = CARTESIAN_POINT('',(4.897458594896,154.52344516471));
#4331 = CARTESIAN_POINT('',(4.900102714512,154.52775332255));
#4332 = CARTESIAN_POINT('',(4.905380979835,154.5363504423));
#4333 = CARTESIAN_POINT('',(4.908015102647,154.54063924723));
#4334 = CARTESIAN_POINT('',(4.910650052358,154.54492799879));
#4335 = CARTESIAN_POINT('',(4.913285808103,154.54921673614));
#4336 = CARTESIAN_POINT('',(4.915922383164,154.55350543241));
#4337 = CARTESIAN_POINT('',(4.918559824979,154.55779399468));
#4338 = CARTESIAN_POINT('',(4.921198215132,154.56208226399));
#4339 = CARTESIAN_POINT('',(4.923837669362,154.56637001535));
#4340 = ( GEOMETRIC_REPRESENTATION_CONTEXT(2) 
PARAMETRIC_REPRESENTATION_CONTEXT() REPRESENTATION_CONTEXT('2D SPACE',''
  ) );
#4341 = ADVANCED_FACE('',(#4342),#2163,.T.);
#4342 = FACE_BOUND('',#4343,.T.);
#4343 = EDGE_LOOP('',(#4344,#4380,#4401,#4402));
#4344 = ORIENTED_EDGE('',*,*,#4345,.T.);
#4345 = EDGE_CURVE('',#2294,#4346,#4348,.T.);
#4346 = VERTEX_POINT('',#4347);
#4347 = CARTESIAN_POINT('',(67.68,877.5,90.));
#4348 = SURFACE_CURVE('',#4349,(#4354,#4367),.PCURVE_S1.);
#4349 = ELLIPSE('',#4350,14.142135623731,10.);
#4350 = AXIS2_PLACEMENT_3D('',#4351,#4352,#4353);
#4351 = CARTESIAN_POINT('',(57.68,867.5,90.));
#4352 = DIRECTION('',(-0.707106781187,0.707106781187,7.583842819303E-17)
  );
#4353 = DIRECTION('',(0.707106781187,0.707106781187,7.583842819303E-17)
  );
#4354 = PCURVE('',#2163,#4355);
#4355 = DEFINITIONAL_REPRESENTATION('',(#4356),#4366);
#4356 = B_SPLINE_CURVE_WITH_KNOTS('',8,(#4357,#4358,#4359,#4360,#4361,
    #4362,#4363,#4364,#4365),.UNSPECIFIED.,.F.,.F.,(9,9),(4.712388980385
    ,6.28318530718),.PIECEWISE_BEZIER_KNOTS.);
#4357 = CARTESIAN_POINT('',(0.,0.));
#4358 = CARTESIAN_POINT('',(0.196349540849,1.963495408494));
#4359 = CARTESIAN_POINT('',(0.392699081698,3.926991283172));
#4360 = CARTESIAN_POINT('',(0.589048622548,5.775132612122));
#4361 = CARTESIAN_POINT('',(0.785398163393,7.392587505732));
#4362 = CARTESIAN_POINT('',(0.981747704247,8.678180463411));
#4363 = CARTESIAN_POINT('',(1.178097245095,9.559392240126));
#4364 = CARTESIAN_POINT('',(1.374446785946,10.));
#4365 = CARTESIAN_POINT('',(1.570796326795,10.));
#4366 = ( GEOMETRIC_REPRESENTATION_CONTEXT(2) 
PARAMETRIC_REPRESENTATION_CONTEXT() REPRESENTATION_CONTEXT('2D SPACE',''
  ) );
#4367 = PCURVE('',#2332,#4368);
#4368 = DEFINITIONAL_REPRESENTATION('',(#4369),#4379);
#4369 = B_SPLINE_CURVE_WITH_KNOTS('',8,(#4370,#4371,#4372,#4373,#4374,
    #4375,#4376,#4377,#4378),.UNSPECIFIED.,.F.,.F.,(9,9),(4.712388980385
    ,6.28318530718),.PIECEWISE_BEZIER_KNOTS.);
#4370 = CARTESIAN_POINT('',(0.,22.5));
#4371 = CARTESIAN_POINT('',(0.196349540849,20.536504591506));
#4372 = CARTESIAN_POINT('',(0.392699081698,18.573008716815));
#4373 = CARTESIAN_POINT('',(0.589048622548,16.72486738785));
#4374 = CARTESIAN_POINT('',(0.785398163395,15.107412494235));
#4375 = CARTESIAN_POINT('',(0.981747704248,13.821819536564));
#4376 = CARTESIAN_POINT('',(1.178097245096,12.940607759863));
#4377 = CARTESIAN_POINT('',(1.374446785946,12.5));
#4378 = CARTESIAN_POINT('',(1.570796326795,12.5));
#4379 = ( GEOMETRIC_REPRESENTATION_CONTEXT(2) 
PARAMETRIC_REPRESENTATION_CONTEXT() REPRESENTATION_CONTEXT('2D SPACE',''
  ) );
#4380 = ORIENTED_EDGE('',*,*,#4381,.T.);
#4381 = EDGE_CURVE('',#4346,#2148,#4382,.T.);
#4382 = SURFACE_CURVE('',#4383,(#4387,#4394),.PCURVE_S1.);
#4383 = LINE('',#4384,#4385);
#4384 = CARTESIAN_POINT('',(67.68,867.5,90.));
#4385 = VECTOR('',#4386,1.);
#4386 = DIRECTION('',(0.,1.,1.072517336996E-16));
#4387 = PCURVE('',#2163,#4388);
#4388 = DEFINITIONAL_REPRESENTATION('',(#4389),#4393);
#4389 = LINE('',#4390,#4391);
#4390 = CARTESIAN_POINT('',(1.570796326795,0.));
#4391 = VECTOR('',#4392,1.);
#4392 = DIRECTION('',(0.,1.));
#4393 = ( GEOMETRIC_REPRESENTATION_CONTEXT(2) 
PARAMETRIC_REPRESENTATION_CONTEXT() REPRESENTATION_CONTEXT('2D SPACE',''
  ) );
#4394 = PCURVE('',#2191,#4395);
#4395 = DEFINITIONAL_REPRESENTATION('',(#4396),#4400);
#4396 = LINE('',#4397,#4398);
#4397 = CARTESIAN_POINT('',(27.33,10.));
#4398 = VECTOR('',#4399,1.);
#4399 = DIRECTION('',(1.072517336996E-16,-1.));
#4400 = ( GEOMETRIC_REPRESENTATION_CONTEXT(2) 
PARAMETRIC_REPRESENTATION_CONTEXT() REPRESENTATION_CONTEXT('2D SPACE',''
  ) );
#4401 = ORIENTED_EDGE('',*,*,#2147,.F.);
#4402 = ORIENTED_EDGE('',*,*,#2293,.F.);
#4403 = ADVANCED_FACE('',(#4404),#2191,.T.);
#4404 = FACE_BOUND('',#4405,.T.);
#4405 = EDGE_LOOP('',(#4406,#4407,#4408,#4409));
#4406 = ORIENTED_EDGE('',*,*,#2725,.F.);
#4407 = ORIENTED_EDGE('',*,*,#2176,.F.);
#4408 = ORIENTED_EDGE('',*,*,#4381,.F.);
#4409 = ORIENTED_EDGE('',*,*,#4410,.F.);
#4410 = EDGE_CURVE('',#2693,#4346,#4411,.T.);
#4411 = SURFACE_CURVE('',#4412,(#4416,#4423),.PCURVE_S1.);
#4412 = LINE('',#4413,#4414);
#4413 = CARTESIAN_POINT('',(67.68,877.5,85.17));
#4414 = VECTOR('',#4415,1.);
#4415 = DIRECTION('',(0.,0.,1.));
#4416 = PCURVE('',#2191,#4417);
#4417 = DEFINITIONAL_REPRESENTATION('',(#4418),#4422);
#4418 = LINE('',#4419,#4420);
#4419 = CARTESIAN_POINT('',(22.5,0.));
#4420 = VECTOR('',#4421,1.);
#4421 = DIRECTION('',(1.,0.));
#4422 = ( GEOMETRIC_REPRESENTATION_CONTEXT(2) 
PARAMETRIC_REPRESENTATION_CONTEXT() REPRESENTATION_CONTEXT('2D SPACE',''
  ) );
#4423 = PCURVE('',#2709,#4424);
#4424 = DEFINITIONAL_REPRESENTATION('',(#4425),#4429);
#4425 = LINE('',#4426,#4427);
#4426 = CARTESIAN_POINT('',(-6.25,0.));
#4427 = VECTOR('',#4428,1.);
#4428 = DIRECTION('',(0.,1.));
#4429 = ( GEOMETRIC_REPRESENTATION_CONTEXT(2) 
PARAMETRIC_REPRESENTATION_CONTEXT() REPRESENTATION_CONTEXT('2D SPACE',''
  ) );
#4430 = ADVANCED_FACE('',(#4431),#2226,.T.);
#4431 = FACE_BOUND('',#4432,.T.);
#4432 = EDGE_LOOP('',(#4433,#4434,#4461,#4462));
#4433 = ORIENTED_EDGE('',*,*,#2210,.F.);
#4434 = ORIENTED_EDGE('',*,*,#4435,.T.);
#4435 = EDGE_CURVE('',#2211,#4105,#4436,.T.);
#4436 = SURFACE_CURVE('',#4437,(#4442,#4449),.PCURVE_S1.);
#4437 = CIRCLE('',#4438,50.);
#4438 = AXIS2_PLACEMENT_3D('',#4439,#4440,#4441);
#4439 = CARTESIAN_POINT('',(100.,866.5,50.));
#4440 = DIRECTION('',(-0.,1.,0.));
#4441 = DIRECTION('',(0.,0.,1.));
#4442 = PCURVE('',#2226,#4443);
#4443 = DEFINITIONAL_REPRESENTATION('',(#4444),#4448);
#4444 = LINE('',#4445,#4446);
#4445 = CARTESIAN_POINT('',(0.,4.));
#4446 = VECTOR('',#4447,1.);
#4447 = DIRECTION('',(1.,0.));
#4448 = ( GEOMETRIC_REPRESENTATION_CONTEXT(2) 
PARAMETRIC_REPRESENTATION_CONTEXT() REPRESENTATION_CONTEXT('2D SPACE',''
  ) );
#4449 = PCURVE('',#4450,#4455);
#4450 = TOROIDAL_SURFACE('',#4451,46.,4.);
#4451 = AXIS2_PLACEMENT_3D('',#4452,#4453,#4454);
#4452 = CARTESIAN_POINT('',(100.,866.5,50.));
#4453 = DIRECTION('',(-0.,1.,0.));
#4454 = DIRECTION('',(0.,0.,1.));
#4455 = DEFINITIONAL_REPRESENTATION('',(#4456),#4460);
#4456 = LINE('',#4457,#4458);
#4457 = CARTESIAN_POINT('',(0.,6.28318530718));
#4458 = VECTOR('',#4459,1.);
#4459 = DIRECTION('',(1.,0.));
#4460 = ( GEOMETRIC_REPRESENTATION_CONTEXT(2) 
PARAMETRIC_REPRESENTATION_CONTEXT() REPRESENTATION_CONTEXT('2D SPACE',''
  ) );
#4461 = ORIENTED_EDGE('',*,*,#4104,.T.);
#4462 = ORIENTED_EDGE('',*,*,#3622,.T.);
#4463 = ADVANCED_FACE('',(#4464),#2254,.T.);
#4464 = FACE_BOUND('',#4465,.F.);
#4465 = EDGE_LOOP('',(#4466,#4493,#4494,#4516));
#4466 = ORIENTED_EDGE('',*,*,#4467,.T.);
#4467 = EDGE_CURVE('',#4468,#2239,#4470,.T.);
#4468 = VERTEX_POINT('',#4469);
#4469 = CARTESIAN_POINT('',(50.,862.5,96.));
#4470 = SURFACE_CURVE('',#4471,(#4476,#4482),.PCURVE_S1.);
#4471 = CIRCLE('',#4472,4.);
#4472 = AXIS2_PLACEMENT_3D('',#4473,#4474,#4475);
#4473 = CARTESIAN_POINT('',(50.,866.5,96.));
#4474 = DIRECTION('',(-1.,0.,-6.123233995737E-17));
#4475 = DIRECTION('',(-6.123233995737E-17,0.,1.));
#4476 = PCURVE('',#2254,#4477);
#4477 = DEFINITIONAL_REPRESENTATION('',(#4478),#4481);
#4478 = B_SPLINE_CURVE_WITH_KNOTS('',1,(#4479,#4480),.UNSPECIFIED.,.F.,
  .F.,(2,2),(4.712388980385,6.28318530718),.PIECEWISE_BEZIER_KNOTS.);
#4479 = CARTESIAN_POINT('',(0.,0.));
#4480 = CARTESIAN_POINT('',(-1.570796326795,0.));
#4481 = ( GEOMETRIC_REPRESENTATION_CONTEXT(2) 
PARAMETRIC_REPRESENTATION_CONTEXT() REPRESENTATION_CONTEXT('2D SPACE',''
  ) );
#4482 = PCURVE('',#4483,#4488);
#4483 = TOROIDAL_SURFACE('',#4484,46.,4.);
#4484 = AXIS2_PLACEMENT_3D('',#4485,#4486,#4487);
#4485 = CARTESIAN_POINT('',(50.,866.5,50.));
#4486 = DIRECTION('',(-0.,1.,0.));
#4487 = DIRECTION('',(-1.,-0.,0.));
#4488 = DEFINITIONAL_REPRESENTATION('',(#4489),#4492);
#4489 = B_SPLINE_CURVE_WITH_KNOTS('',1,(#4490,#4491),.UNSPECIFIED.,.F.,
  .F.,(2,2),(4.712388980385,6.28318530718),.PIECEWISE_BEZIER_KNOTS.);
#4490 = CARTESIAN_POINT('',(1.570796326795,4.712388980385));
#4491 = CARTESIAN_POINT('',(1.570796326795,6.28318530718));
#4492 = ( GEOMETRIC_REPRESENTATION_CONTEXT(2) 
PARAMETRIC_REPRESENTATION_CONTEXT() REPRESENTATION_CONTEXT('2D SPACE',''
  ) );
#4493 = ORIENTED_EDGE('',*,*,#2238,.T.);
#4494 = ORIENTED_EDGE('',*,*,#4495,.F.);
#4495 = EDGE_CURVE('',#4496,#2211,#4498,.T.);
#4496 = VERTEX_POINT('',#4497);
#4497 = CARTESIAN_POINT('',(100.,862.5,96.));
#4498 = SURFACE_CURVE('',#4499,(#4504,#4510),.PCURVE_S1.);
#4499 = CIRCLE('',#4500,4.);
#4500 = AXIS2_PLACEMENT_3D('',#4501,#4502,#4503);
#4501 = CARTESIAN_POINT('',(100.,866.5,96.));
#4502 = DIRECTION('',(-1.,-0.,0.));
#4503 = DIRECTION('',(0.,-1.,0.));
#4504 = PCURVE('',#2254,#4505);
#4505 = DEFINITIONAL_REPRESENTATION('',(#4506),#4509);
#4506 = B_SPLINE_CURVE_WITH_KNOTS('',1,(#4507,#4508),.UNSPECIFIED.,.F.,
  .F.,(2,2),(0.,1.570796326795),.PIECEWISE_BEZIER_KNOTS.);
#4507 = CARTESIAN_POINT('',(0.,50.));
#4508 = CARTESIAN_POINT('',(-1.570796326795,50.));
#4509 = ( GEOMETRIC_REPRESENTATION_CONTEXT(2) 
PARAMETRIC_REPRESENTATION_CONTEXT() REPRESENTATION_CONTEXT('2D SPACE',''
  ) );
#4510 = PCURVE('',#4450,#4511);
#4511 = DEFINITIONAL_REPRESENTATION('',(#4512),#4515);
#4512 = B_SPLINE_CURVE_WITH_KNOTS('',1,(#4513,#4514),.UNSPECIFIED.,.F.,
  .F.,(2,2),(0.,1.570796326795),.PIECEWISE_BEZIER_KNOTS.);
#4513 = CARTESIAN_POINT('',(0.,4.712388980385));
#4514 = CARTESIAN_POINT('',(0.,6.28318530718));
#4515 = ( GEOMETRIC_REPRESENTATION_CONTEXT(2) 
PARAMETRIC_REPRESENTATION_CONTEXT() REPRESENTATION_CONTEXT('2D SPACE',''
  ) );
#4516 = ORIENTED_EDGE('',*,*,#4517,.F.);
#4517 = EDGE_CURVE('',#4468,#4496,#4518,.T.);
#4518 = SURFACE_CURVE('',#4519,(#4523,#4530),.PCURVE_S1.);
#4519 = LINE('',#4520,#4521);
#4520 = CARTESIAN_POINT('',(50.,862.5,96.));
#4521 = VECTOR('',#4522,1.);
#4522 = DIRECTION('',(1.,0.,0.));
#4523 = PCURVE('',#2254,#4524);
#4524 = DEFINITIONAL_REPRESENTATION('',(#4525),#4529);
#4525 = LINE('',#4526,#4527);
#4526 = CARTESIAN_POINT('',(-0.,0.));
#4527 = VECTOR('',#4528,1.);
#4528 = DIRECTION('',(-0.,1.));
#4529 = ( GEOMETRIC_REPRESENTATION_CONTEXT(2) 
PARAMETRIC_REPRESENTATION_CONTEXT() REPRESENTATION_CONTEXT('2D SPACE',''
  ) );
#4530 = PCURVE('',#2763,#4531);
#4531 = DEFINITIONAL_REPRESENTATION('',(#4532),#4536);
#4532 = LINE('',#4533,#4534);
#4533 = CARTESIAN_POINT('',(-25.,-36.));
#4534 = VECTOR('',#4535,1.);
#4535 = DIRECTION('',(1.,0.));
#4536 = ( GEOMETRIC_REPRESENTATION_CONTEXT(2) 
PARAMETRIC_REPRESENTATION_CONTEXT() REPRESENTATION_CONTEXT('2D SPACE',''
  ) );
#4537 = ADVANCED_FACE('',(#4538),#2280,.T.);
#4538 = FACE_BOUND('',#4539,.T.);
#4539 = EDGE_LOOP('',(#4540,#4541,#4563,#4564));
#4540 = ORIENTED_EDGE('',*,*,#3084,.F.);
#4541 = ORIENTED_EDGE('',*,*,#4542,.T.);
#4542 = EDGE_CURVE('',#3085,#2239,#4543,.T.);
#4543 = SURFACE_CURVE('',#4544,(#4549,#4556),.PCURVE_S1.);
#4544 = CIRCLE('',#4545,50.);
#4545 = AXIS2_PLACEMENT_3D('',#4546,#4547,#4548);
#4546 = CARTESIAN_POINT('',(50.,866.5,50.));
#4547 = DIRECTION('',(-0.,1.,0.));
#4548 = DIRECTION('',(-1.,-0.,0.));
#4549 = PCURVE('',#2280,#4550);
#4550 = DEFINITIONAL_REPRESENTATION('',(#4551),#4555);
#4551 = LINE('',#4552,#4553);
#4552 = CARTESIAN_POINT('',(0.,4.));
#4553 = VECTOR('',#4554,1.);
#4554 = DIRECTION('',(1.,0.));
#4555 = ( GEOMETRIC_REPRESENTATION_CONTEXT(2) 
PARAMETRIC_REPRESENTATION_CONTEXT() REPRESENTATION_CONTEXT('2D SPACE',''
  ) );
#4556 = PCURVE('',#4483,#4557);
#4557 = DEFINITIONAL_REPRESENTATION('',(#4558),#4562);
#4558 = LINE('',#4559,#4560);
#4559 = CARTESIAN_POINT('',(0.,6.28318530718));
#4560 = VECTOR('',#4561,1.);
#4561 = DIRECTION('',(1.,0.));
#4562 = ( GEOMETRIC_REPRESENTATION_CONTEXT(2) 
PARAMETRIC_REPRESENTATION_CONTEXT() REPRESENTATION_CONTEXT('2D SPACE',''
  ) );
#4563 = ORIENTED_EDGE('',*,*,#2266,.T.);
#4564 = ORIENTED_EDGE('',*,*,#2375,.F.);
#4565 = ADVANCED_FACE('',(#4566),#2358,.T.);
#4566 = FACE_BOUND('',#4567,.T.);
#4567 = EDGE_LOOP('',(#4568,#4569,#4592,#4799));
#4568 = ORIENTED_EDGE('',*,*,#3588,.T.);
#4569 = ORIENTED_EDGE('',*,*,#4570,.T.);
#4570 = EDGE_CURVE('',#3493,#4571,#4573,.T.);
#4571 = VERTEX_POINT('',#4572);
#4572 = CARTESIAN_POINT('',(80.18,876.66515138991,94.));
#4573 = SURFACE_CURVE('',#4574,(#4578,#4585),.PCURVE_S1.);
#4574 = LINE('',#4575,#4576);
#4575 = CARTESIAN_POINT('',(80.18,1.E+03,94.));
#4576 = VECTOR('',#4577,1.);
#4577 = DIRECTION('',(0.,-1.,0.));
#4578 = PCURVE('',#2358,#4579);
#4579 = DEFINITIONAL_REPRESENTATION('',(#4580),#4584);
#4580 = LINE('',#4581,#4582);
#4581 = CARTESIAN_POINT('',(1.570796326795,0.));
#4582 = VECTOR('',#4583,1.);
#4583 = DIRECTION('',(0.,1.));
#4584 = ( GEOMETRIC_REPRESENTATION_CONTEXT(2) 
PARAMETRIC_REPRESENTATION_CONTEXT() REPRESENTATION_CONTEXT('2D SPACE',''
  ) );
#4585 = PCURVE('',#3547,#4586);
#4586 = DEFINITIONAL_REPRESENTATION('',(#4587),#4591);
#4587 = LINE('',#4588,#4589);
#4588 = CARTESIAN_POINT('',(31.33,-122.5));
#4589 = VECTOR('',#4590,1.);
#4590 = DIRECTION('',(0.,1.));
#4591 = ( GEOMETRIC_REPRESENTATION_CONTEXT(2) 
PARAMETRIC_REPRESENTATION_CONTEXT() REPRESENTATION_CONTEXT('2D SPACE',''
  ) );
#4592 = ORIENTED_EDGE('',*,*,#4593,.F.);
#4593 = EDGE_CURVE('',#2317,#4571,#4594,.T.);
#4594 = SURFACE_CURVE('',#4595,(#4661,#4730),.PCURVE_S1.);
#4595 = B_SPLINE_CURVE_WITH_KNOTS('',8,(#4596,#4597,#4598,#4599,#4600,
    #4601,#4602,#4603,#4604,#4605,#4606,#4607,#4608,#4609,#4610,#4611,
    #4612,#4613,#4614,#4615,#4616,#4617,#4618,#4619,#4620,#4621,#4622,
    #4623,#4624,#4625,#4626,#4627,#4628,#4629,#4630,#4631,#4632,#4633,
    #4634,#4635,#4636,#4637,#4638,#4639,#4640,#4641,#4642,#4643,#4644,
    #4645,#4646,#4647,#4648,#4649,#4650,#4651,#4652,#4653,#4654,#4655,
    #4656,#4657,#4658,#4659,#4660),.UNSPECIFIED.,.F.,.F.,(9,7,7,7,7,7,7,
    7,7,9),(0.,1.394761881184E-02,9.472964455183E-02,0.256345152974,
    0.405738939087,0.524086820009,0.9005919781,0.955851060327,
    0.98401373914,1.),.UNSPECIFIED.);
#4596 = CARTESIAN_POINT('',(86.18,867.50000054901,100.));
#4597 = CARTESIAN_POINT('',(86.165206423377,867.51909842713,
    99.999999621612));
#4598 = CARTESIAN_POINT('',(86.150373232545,867.538247848,
    99.999958325907));
#4599 = CARTESIAN_POINT('',(86.135485600651,867.55746780152,
    99.999874812184));
#4600 = CARTESIAN_POINT('',(86.120540907798,867.5767615776,
    99.999748247374));
#4601 = CARTESIAN_POINT('',(86.105548741051,867.59611676614,
    99.999578266037));
#4602 = CARTESIAN_POINT('',(86.090530894432,867.61550525703,
    99.999364970367));
#4603 = CARTESIAN_POINT('',(86.075521368922,867.63488324017,
    99.999108930185));
#4604 = CARTESIAN_POINT('',(85.973949801903,867.76601936539,
    99.997086686054));
#4605 = CARTESIAN_POINT('',(85.890178701513,867.87418484463,
    99.993989603782));
#4606 = CARTESIAN_POINT('',(85.807600802598,867.98083023035,
    99.989646601962));
#4607 = CARTESIAN_POINT('',(85.725074799662,868.08743687047,
    99.984042338216));
#4608 = CARTESIAN_POINT('',(85.641971218236,868.19482723806,
    99.977093525453));
#4609 = CARTESIAN_POINT('',(85.558171695031,868.30316626713,
    99.968721367731));
#4610 = CARTESIAN_POINT('',(85.474066670419,868.41196165966,
    99.958922368438));
#4611 = CARTESIAN_POINT('',(85.223467940984,868.73633503121,
    99.925660734712));
#4612 = CARTESIAN_POINT('',(85.055588671139,868.95391549591,
    99.897919551811));
#4613 = CARTESIAN_POINT('',(84.887857956839,869.17166968088,
    99.864567504935));
#4614 = CARTESIAN_POINT('',(84.720937758285,869.38882789771,
    99.825658270318));
#4615 = CARTESIAN_POINT('',(84.555208838957,869.60497979608,
    99.781273990563));
#4616 = CARTESIAN_POINT('',(84.390776230595,869.82007084893,
    99.731447202865));
#4617 = CARTESIAN_POINT('',(84.227479046982,870.03440117322,
    99.676076362498));
#4618 = CARTESIAN_POINT('',(83.914624481871,870.44665199254,
    99.558224770863));
#4619 = CARTESIAN_POINT('',(83.778667688278,870.62652772045,
    99.501760939786));
#4620 = CARTESIAN_POINT('',(83.649268597976,870.79834357583,
    99.444058257917));
#4621 = CARTESIAN_POINT('',(83.521215238254,870.96900390381,
    99.383065802315));
#4622 = CARTESIAN_POINT('',(83.391686480403,871.14235310582,
    99.317189978385));
#4623 = CARTESIAN_POINT('',(83.260201121897,871.31921203581,
    99.245459000671));
#4624 = CARTESIAN_POINT('',(83.128469821267,871.49746083699,
    99.168272702066));
#4625 = CARTESIAN_POINT('',(82.89858583624,871.81040948387,
    99.024607362736));
#4626 = CARTESIAN_POINT('',(82.789810601761,871.95916768453,
    98.953403242214));
#4627 = CARTESIAN_POINT('',(82.680111428287,872.11009282922,
    98.87744248047));
#4628 = CARTESIAN_POINT('',(82.57326107286,872.25811670558,
    98.799027075994));
#4629 = CARTESIAN_POINT('',(82.470586422591,872.40132574742,
    98.71967371381));
#4630 = CARTESIAN_POINT('',(82.371226373467,872.54085800306,
    98.639112705374));
#4631 = CARTESIAN_POINT('',(82.272204726451,872.6808851119,
    98.555049693833));
#4632 = CARTESIAN_POINT('',(81.839743104812,873.2982704217,98.1662843648
    ));
#4633 = CARTESIAN_POINT('',(81.529019667629,873.75539620368,
    97.836816806464));
#4634 = CARTESIAN_POINT('',(81.23900780641,874.19904981694,
    97.472311926244));
#4635 = CARTESIAN_POINT('',(80.973454165765,874.62718182828,
    97.071276084394));
#4636 = CARTESIAN_POINT('',(80.737316284762,875.03673039921,
    96.63250006984));
#4637 = CARTESIAN_POINT('',(80.537134193495,875.42372921854,
    96.155080635234));
#4638 = CARTESIAN_POINT('',(80.380716731005,875.78350927489,
    95.639002813462));
#4639 = CARTESIAN_POINT('',(80.263841473841,876.15906336736,
    95.00295497609));
#4640 = CARTESIAN_POINT('',(80.250065541639,876.20640636003,
    94.92076485949));
#4641 = CARTESIAN_POINT('',(80.237505293429,876.25300709402,
    94.837800018652));
#4642 = CARTESIAN_POINT('',(80.226194966046,876.29884472607,
    94.754073816136));
#4643 = CARTESIAN_POINT('',(80.216169432266,876.34389790464,
    94.669601973745));
#4644 = CARTESIAN_POINT('',(80.207464007803,876.38814491427,
    94.584402768117));
#4645 = CARTESIAN_POINT('',(80.2001142583,876.43156382008,94.49849722631
    ));
#4646 = CARTESIAN_POINT('',(80.191119093402,876.49582771034,
    94.367779971855));
#4647 = CARTESIAN_POINT('',(80.188779781654,876.51315472992,
    94.332363714989));
#4648 = CARTESIAN_POINT('',(80.186847219408,876.53017352235,
    94.296893640253));
#4649 = CARTESIAN_POINT('',(80.18514181028,876.5490396542,
    94.256763624095));
#4650 = CARTESIAN_POINT('',(80.183595013171,876.57000440711,
    94.211528329955));
#4651 = CARTESIAN_POINT('',(80.182249342271,876.59141477782,
    94.164903208267));
#4652 = CARTESIAN_POINT('',(80.18125836706,876.60971347812,
    94.12476449646));
#4653 = CARTESIAN_POINT('',(80.180675746224,876.62495949241,
    94.090879524476));
#4654 = CARTESIAN_POINT('',(80.180488819937,876.63079573772,
    94.077842875634));
#4655 = CARTESIAN_POINT('',(80.18032897109,876.63660153494,
    94.064827008004));
#4656 = CARTESIAN_POINT('',(80.180198634387,876.642203496,
    94.052224940974));
#4657 = CARTESIAN_POINT('',(80.180099641588,876.64760098062,
    94.040034977742));
#4658 = CARTESIAN_POINT('',(80.180033221503,876.65296609631,
    94.027860705319));
#4659 = CARTESIAN_POINT('',(80.18,876.65864369837,94.014910994527));
#4660 = CARTESIAN_POINT('',(80.18,876.66515138991,94.));
#4661 = PCURVE('',#2358,#4662);
#4662 = DEFINITIONAL_REPRESENTATION('',(#4663),#4729);
#4663 = B_SPLINE_CURVE_WITH_KNOTS('',8,(#4664,#4665,#4666,#4667,#4668,
    #4669,#4670,#4671,#4672,#4673,#4674,#4675,#4676,#4677,#4678,#4679,
    #4680,#4681,#4682,#4683,#4684,#4685,#4686,#4687,#4688,#4689,#4690,
    #4691,#4692,#4693,#4694,#4695,#4696,#4697,#4698,#4699,#4700,#4701,
    #4702,#4703,#4704,#4705,#4706,#4707,#4708,#4709,#4710,#4711,#4712,
    #4713,#4714,#4715,#4716,#4717,#4718,#4719,#4720,#4721,#4722,#4723,
    #4724,#4725,#4726,#4727,#4728),.UNSPECIFIED.,.F.,.F.,(9,7,7,7,7,7,7,
    7,7,9),(0.,1.394761881184E-02,9.472964455183E-02,0.256345152974,
    0.405738939087,0.524086820009,0.9005919781,0.955851060327,
    0.98401373914,1.),.UNSPECIFIED.);
#4664 = CARTESIAN_POINT('',(0.,132.49999945098));
#4665 = CARTESIAN_POINT('',(2.465597222161E-03,132.48090157286));
#4666 = CARTESIAN_POINT('',(4.937794662753E-03,132.46175215199));
#4667 = CARTESIAN_POINT('',(7.419088482631E-03,132.44253219847));
#4668 = CARTESIAN_POINT('',(9.909939849312E-03,132.42323842239));
#4669 = CARTESIAN_POINT('',(1.240877493696E-02,132.40388323385));
#4670 = CARTESIAN_POINT('',(1.491198492641E-02,132.38449474296));
#4671 = CARTESIAN_POINT('',(1.741392600514E-02,132.36511675982));
#4672 = CARTESIAN_POINT('',(3.434587534009E-02,132.2339806346));
#4673 = CARTESIAN_POINT('',(4.831523617825E-02,132.12581515536));
#4674 = CARTESIAN_POINT('',(6.209447476425E-02,132.01916976964));
#4675 = CARTESIAN_POINT('',(7.587721995355E-02,131.91256312952));
#4676 = CARTESIAN_POINT('',(8.977260885437E-02,131.80517276193));
#4677 = CARTESIAN_POINT('',(0.103805579966,131.69683373286));
#4678 = CARTESIAN_POINT('',(0.117916107176,131.58803834033));
#4679 = CARTESIAN_POINT('',(0.16004885357,131.26366496878));
#4680 = CARTESIAN_POINT('',(0.18839384038,131.04608450408));
#4681 = CARTESIAN_POINT('',(0.216871039337,130.82833031911));
#4682 = CARTESIAN_POINT('',(0.245406380708,130.61117210228));
#4683 = CARTESIAN_POINT('',(0.273970941826,130.39502020391));
#4684 = CARTESIAN_POINT('',(0.302581509529,130.17992915107));
#4685 = CARTESIAN_POINT('',(0.331303783952,129.96559882677));
#4686 = CARTESIAN_POINT('',(0.387023064617,129.55334800745));
#4687 = CARTESIAN_POINT('',(0.411545365288,129.37347227954));
#4688 = CARTESIAN_POINT('',(0.435146589411,129.20165642416));
#4689 = CARTESIAN_POINT('',(0.458770106341,129.03099609619));
#4690 = CARTESIAN_POINT('',(0.482971685266,128.85764689417));
#4691 = CARTESIAN_POINT('',(0.507915380632,128.68078796419));
#4692 = CARTESIAN_POINT('',(0.533351542399,128.502539163));
#4693 = CARTESIAN_POINT('',(0.578532160262,128.18959051612));
#4694 = CARTESIAN_POINT('',(0.600195410148,128.04083231546));
#4695 = CARTESIAN_POINT('',(0.622421204088,127.88990717077));
#4696 = CARTESIAN_POINT('',(0.644495182632,127.74188329441));
#4697 = CARTESIAN_POINT('',(0.666110399888,127.59867425257));
#4698 = CARTESIAN_POINT('',(0.687420752953,127.45914199694));
#4699 = CARTESIAN_POINT('',(0.709060723851,127.31911488809));
#4700 = CARTESIAN_POINT('',(0.8059801542,126.70172957829));
#4701 = CARTESIAN_POINT('',(0.881203699726,126.24460379631));
#4702 = CARTESIAN_POINT('',(0.95837336363,125.80095018305));
#4703 = CARTESIAN_POINT('',(1.03791263134,125.37281817171));
#4704 = CARTESIAN_POINT('',(1.120221374609,124.96326960078));
#4705 = CARTESIAN_POINT('',(1.205774678763,124.57627078145));
#4706 = CARTESIAN_POINT('',(1.295082957643,124.2164907251));
#4707 = CARTESIAN_POINT('',(1.402865748112,123.84093663263));
#4708 = CARTESIAN_POINT('',(1.416753482208,123.79359363996));
#4709 = CARTESIAN_POINT('',(1.430735591429,123.74699290597));
#4710 = CARTESIAN_POINT('',(1.444813082703,123.70115527392));
#4711 = CARTESIAN_POINT('',(1.458986795181,123.65610209535));
#4712 = CARTESIAN_POINT('',(1.473257381076,123.61185508572));
#4713 = CARTESIAN_POINT('',(1.487625286504,123.56843617991));
#4714 = CARTESIAN_POINT('',(1.509463017362,123.50417228965));
#4715 = CARTESIAN_POINT('',(1.515377573781,123.48684527007));
#4716 = CARTESIAN_POINT('',(1.521297369014,123.46982647764));
#4717 = CARTESIAN_POINT('',(1.527991444144,123.4509603458));
#4718 = CARTESIAN_POINT('',(1.535534913912,123.42999559288));
#4719 = CARTESIAN_POINT('',(1.543308966722,123.40858522217));
#4720 = CARTESIAN_POINT('',(1.550000864633,123.39028652187));
#4721 = CARTESIAN_POINT('',(1.555649194704,123.37504050758));
#4722 = CARTESIAN_POINT('',(1.557822195744,123.36920426227));
#4723 = CARTESIAN_POINT('',(1.559991664205,123.36339846505));
#4724 = CARTESIAN_POINT('',(1.562092106217,123.35779650399));
#4725 = CARTESIAN_POINT('',(1.564123816322,123.35239901937));
#4726 = CARTESIAN_POINT('',(1.566152877475,123.34703390368));
#4727 = CARTESIAN_POINT('',(1.56831116104,123.34135630162));
#4728 = CARTESIAN_POINT('',(1.570796326795,123.33484861008));
#4729 = ( GEOMETRIC_REPRESENTATION_CONTEXT(2) 
PARAMETRIC_REPRESENTATION_CONTEXT() REPRESENTATION_CONTEXT('2D SPACE',''
  ) );
#4730 = PCURVE('',#2332,#4731);
#4731 = DEFINITIONAL_REPRESENTATION('',(#4732),#4798);
#4732 = B_SPLINE_CURVE_WITH_KNOTS('',8,(#4733,#4734,#4735,#4736,#4737,
    #4738,#4739,#4740,#4741,#4742,#4743,#4744,#4745,#4746,#4747,#4748,
    #4749,#4750,#4751,#4752,#4753,#4754,#4755,#4756,#4757,#4758,#4759,
    #4760,#4761,#4762,#4763,#4764,#4765,#4766,#4767,#4768,#4769,#4770,
    #4771,#4772,#4773,#4774,#4775,#4776,#4777,#4778,#4779,#4780,#4781,
    #4782,#4783,#4784,#4785,#4786,#4787,#4788,#4789,#4790,#4791,#4792,
    #4793,#4794,#4795,#4796,#4797),.UNSPECIFIED.,.F.,.F.,(9,7,7,7,7,7,7,
    7,7,9),(0.,1.394761881184E-02,9.472964455183E-02,0.256345152974,
    0.405738939087,0.524086820009,0.9005919781,0.955851060327,
    0.98401373914,1.),.UNSPECIFIED.);
#4733 = CARTESIAN_POINT('',(5.490116272711E-08,-6.));
#4734 = CARTESIAN_POINT('',(1.909843233507E-03,-5.985206423377));
#4735 = CARTESIAN_POINT('',(3.824784840988E-03,-5.970373232545));
#4736 = CARTESIAN_POINT('',(5.746790342299E-03,-5.955485600651));
#4737 = CARTESIAN_POINT('',(7.676200122983E-03,-5.940540907798));
#4738 = CARTESIAN_POINT('',(9.611784335442E-03,-5.925548741051));
#4739 = CARTESIAN_POINT('',(1.155074289893E-02,-5.910530894432));
#4740 = CARTESIAN_POINT('',(1.348870549955E-02,-5.895521368922));
#4741 = CARTESIAN_POINT('',(2.6603877176E-02,-5.793949801903));
#4742 = CARTESIAN_POINT('',(3.742391574153E-02,-5.710178701513));
#4743 = CARTESIAN_POINT('',(4.809600857475E-02,-5.627600802598));
#4744 = CARTESIAN_POINT('',(5.876987546031E-02,-5.545074799662));
#4745 = CARTESIAN_POINT('',(6.952972531347E-02,-5.461971218236));
#4746 = CARTESIAN_POINT('',(8.039446926481E-02,-5.378171695031));
#4747 = CARTESIAN_POINT('',(9.131721619609E-02,-5.294066670419));
#4748 = CARTESIAN_POINT('',(0.1239246418,-5.043467940984));
#4749 = CARTESIAN_POINT('',(0.145852177636,-4.875588671139));
#4750 = CARTESIAN_POINT('',(0.167869862537,-4.707857956839));
#4751 = CARTESIAN_POINT('',(0.189917423525,-4.540937758285));
#4752 = CARTESIAN_POINT('',(0.211969648191,-4.375208838957));
#4753 = CARTESIAN_POINT('',(0.234036689807,-4.210776230595));
#4754 = CARTESIAN_POINT('',(0.25616613967,-4.047479046982));
#4755 = CARTESIAN_POINT('',(0.299042675874,-3.734624481871));
#4756 = CARTESIAN_POINT('',(0.317889429337,-3.598667688277));
#4757 = CARTESIAN_POINT('',(0.336008468471,-3.469268597977));
#4758 = CARTESIAN_POINT('',(0.354124440584,-3.341215238254));
#4759 = CARTESIAN_POINT('',(0.37266072649,-3.211686480403));
#4760 = CARTESIAN_POINT('',(0.391737237684,-3.080201121897));
#4761 = CARTESIAN_POINT('',(0.411156977517,-2.948469821267));
#4762 = CARTESIAN_POINT('',(0.445591928555,-2.71858583624));
#4763 = CARTESIAN_POINT('',(0.462081950962,-2.609810601761));
#4764 = CARTESIAN_POINT('',(0.478972591743,-2.500111428288));
#4765 = CARTESIAN_POINT('',(0.49571696194,-2.393261072859));
#4766 = CARTESIAN_POINT('',(0.51208411231,-2.290586422592));
#4767 = CARTESIAN_POINT('',(0.528192127834,-2.191226373467));
#4768 = CARTESIAN_POINT('',(0.544520674509,-2.092204726451));
#4769 = CARTESIAN_POINT('',(0.617479779617,-1.659743104812));
#4770 = CARTESIAN_POINT('',(0.673717942212,-1.349019667629));
#4771 = CARTESIAN_POINT('',(0.730943437011,-1.05900780641));
#4772 = CARTESIAN_POINT('',(0.789352899012,-0.793454165765));
#4773 = CARTESIAN_POINT('',(0.849091782479,-0.557316284762));
#4774 = CARTESIAN_POINT('',(0.910285833065,-0.357134193495));
#4775 = CARTESIAN_POINT('',(0.973017817486,-0.200716731005));
#4776 = CARTESIAN_POINT('',(1.046882404927,-8.384147384093E-02));
#4777 = CARTESIAN_POINT('',(1.056366882664,-7.006554163909E-02));
#4778 = CARTESIAN_POINT('',(1.065881619322,-5.750529342915E-02));
#4779 = CARTESIAN_POINT('',(1.075425728252,-4.619496604595E-02));
#4780 = CARTESIAN_POINT('',(1.084998127096,-3.616943226623E-02));
#4781 = CARTESIAN_POINT('',(1.094597523957,-2.7464007803E-02));
#4782 = CARTESIAN_POINT('',(1.104222403574,-2.011425829991E-02));
#4783 = CARTESIAN_POINT('',(1.118788407901,-1.111909340157E-02));
#4784 = CARTESIAN_POINT('',(1.122730876282,-8.779781653657E-03));
#4785 = CARTESIAN_POINT('',(1.126664851597,-6.847219408291E-03));
#4786 = CARTESIAN_POINT('',(1.131099116453,-5.141810279843E-03));
#4787 = CARTESIAN_POINT('',(1.136084803104,-3.595013170679E-03));
#4788 = CARTESIAN_POINT('',(1.141215393454,-2.249342271161E-03));
#4789 = CARTESIAN_POINT('',(1.145626719049,-1.258367059645E-03));
#4790 = CARTESIAN_POINT('',(1.149342405093,-6.757462243909E-04));
#4791 = CARTESIAN_POINT('',(1.150770747483,-4.888199369455E-04));
#4792 = CARTESIAN_POINT('',(1.152195947717,-3.289710899349E-04));
#4793 = CARTESIAN_POINT('',(1.153575052159,-1.986343873742E-04));
#4794 = CARTESIAN_POINT('',(1.15490819407,-9.964158750897E-05));
#4795 = CARTESIAN_POINT('',(1.156238593611,-3.322150281537E-05));
#4796 = CARTESIAN_POINT('',(1.157652557844,0.));
#4797 = CARTESIAN_POINT('',(1.159279480727,0.));
#4798 = ( GEOMETRIC_REPRESENTATION_CONTEXT(2) 
PARAMETRIC_REPRESENTATION_CONTEXT() REPRESENTATION_CONTEXT('2D SPACE',''
  ) );
#4799 = ORIENTED_EDGE('',*,*,#2344,.F.);
#4800 = ADVANCED_FACE('',(#4801),#2332,.T.);
#4801 = FACE_BOUND('',#4802,.T.);
#4802 = EDGE_LOOP('',(#4803,#4831,#4852,#4853,#4854));
#4803 = ORIENTED_EDGE('',*,*,#4804,.T.);
#4804 = EDGE_CURVE('',#4571,#4805,#4807,.T.);
#4805 = VERTEX_POINT('',#4806);
#4806 = CARTESIAN_POINT('',(80.18,877.5,90.));
#4807 = SURFACE_CURVE('',#4808,(#4813,#4820),.PCURVE_S1.);
#4808 = CIRCLE('',#4809,10.);
#4809 = AXIS2_PLACEMENT_3D('',#4810,#4811,#4812);
#4810 = CARTESIAN_POINT('',(80.18,867.5,90.));
#4811 = DIRECTION('',(-1.,-0.,-0.));
#4812 = DIRECTION('',(0.,0.,-1.));
#4813 = PCURVE('',#2332,#4814);
#4814 = DEFINITIONAL_REPRESENTATION('',(#4815),#4819);
#4815 = LINE('',#4816,#4817);
#4816 = CARTESIAN_POINT('',(-3.14159265359,0.));
#4817 = VECTOR('',#4818,1.);
#4818 = DIRECTION('',(1.,0.));
#4819 = ( GEOMETRIC_REPRESENTATION_CONTEXT(2) 
PARAMETRIC_REPRESENTATION_CONTEXT() REPRESENTATION_CONTEXT('2D SPACE',''
  ) );
#4820 = PCURVE('',#3547,#4821);
#4821 = DEFINITIONAL_REPRESENTATION('',(#4822),#4830);
#4822 = ( BOUNDED_CURVE() B_SPLINE_CURVE(2,(#4823,#4824,#4825,#4826,
#4827,#4828,#4829),.UNSPECIFIED.,.T.,.F.) B_SPLINE_CURVE_WITH_KNOTS((1,2
    ,2,2,2,1),(-2.094395102393,0.,2.094395102393,4.188790204786,
6.28318530718,8.377580409573),.UNSPECIFIED.) CURVE() 
GEOMETRIC_REPRESENTATION_ITEM() RATIONAL_B_SPLINE_CURVE((1.,0.5,1.,0.5,
1.,0.5,1.)) REPRESENTATION_ITEM('') );
#4823 = CARTESIAN_POINT('',(17.33,10.));
#4824 = CARTESIAN_POINT('',(17.33,27.320508075689));
#4825 = CARTESIAN_POINT('',(32.33,18.660254037844));
#4826 = CARTESIAN_POINT('',(47.33,10.));
#4827 = CARTESIAN_POINT('',(32.33,1.339745962156));
#4828 = CARTESIAN_POINT('',(17.33,-7.320508075689));
#4829 = CARTESIAN_POINT('',(17.33,10.));
#4830 = ( GEOMETRIC_REPRESENTATION_CONTEXT(2) 
PARAMETRIC_REPRESENTATION_CONTEXT() REPRESENTATION_CONTEXT('2D SPACE',''
  ) );
#4831 = ORIENTED_EDGE('',*,*,#4832,.T.);
#4832 = EDGE_CURVE('',#4805,#4346,#4833,.T.);
#4833 = SURFACE_CURVE('',#4834,(#4838,#4845),.PCURVE_S1.);
#4834 = LINE('',#4835,#4836);
#4835 = CARTESIAN_POINT('',(80.18,877.5,90.));
#4836 = VECTOR('',#4837,1.);
#4837 = DIRECTION('',(-1.,-0.,-0.));
#4838 = PCURVE('',#2332,#4839);
#4839 = DEFINITIONAL_REPRESENTATION('',(#4840),#4844);
#4840 = LINE('',#4841,#4842);
#4841 = CARTESIAN_POINT('',(1.570796326795,0.));
#4842 = VECTOR('',#4843,1.);
#4843 = DIRECTION('',(0.,1.));
#4844 = ( GEOMETRIC_REPRESENTATION_CONTEXT(2) 
PARAMETRIC_REPRESENTATION_CONTEXT() REPRESENTATION_CONTEXT('2D SPACE',''
  ) );
#4845 = PCURVE('',#2709,#4846);
#4846 = DEFINITIONAL_REPRESENTATION('',(#4847),#4851);
#4847 = LINE('',#4848,#4849);
#4848 = CARTESIAN_POINT('',(6.25,4.83));
#4849 = VECTOR('',#4850,1.);
#4850 = DIRECTION('',(-1.,-0.));
#4851 = ( GEOMETRIC_REPRESENTATION_CONTEXT(2) 
PARAMETRIC_REPRESENTATION_CONTEXT() REPRESENTATION_CONTEXT('2D SPACE',''
  ) );
#4852 = ORIENTED_EDGE('',*,*,#4345,.F.);
#4853 = ORIENTED_EDGE('',*,*,#2316,.F.);
#4854 = ORIENTED_EDGE('',*,*,#4593,.T.);
#4855 = ADVANCED_FACE('',(#4856,#4979),#2763,.F.);
#4856 = FACE_BOUND('',#4857,.F.);
#4857 = EDGE_LOOP('',(#4858,#4883,#4905,#4906,#4930,#4953));
#4858 = ORIENTED_EDGE('',*,*,#4859,.T.);
#4859 = EDGE_CURVE('',#4860,#4862,#4864,.T.);
#4860 = VERTEX_POINT('',#4861);
#4861 = CARTESIAN_POINT('',(4.,862.5,28.));
#4862 = VERTEX_POINT('',#4863);
#4863 = CARTESIAN_POINT('',(4.,862.5,50.));
#4864 = SURFACE_CURVE('',#4865,(#4869,#4876),.PCURVE_S1.);
#4865 = LINE('',#4866,#4867);
#4866 = CARTESIAN_POINT('',(4.,862.5,20.));
#4867 = VECTOR('',#4868,1.);
#4868 = DIRECTION('',(-0.,-0.,1.));
#4869 = PCURVE('',#2763,#4870);
#4870 = DEFINITIONAL_REPRESENTATION('',(#4871),#4875);
#4871 = LINE('',#4872,#4873);
#4872 = CARTESIAN_POINT('',(-71.,40.));
#4873 = VECTOR('',#4874,1.);
#4874 = DIRECTION('',(0.,-1.));
#4875 = ( GEOMETRIC_REPRESENTATION_CONTEXT(2) 
PARAMETRIC_REPRESENTATION_CONTEXT() REPRESENTATION_CONTEXT('2D SPACE',''
  ) );
#4876 = PCURVE('',#3123,#4877);
#4877 = DEFINITIONAL_REPRESENTATION('',(#4878),#4882);
#4878 = LINE('',#4879,#4880);
#4879 = CARTESIAN_POINT('',(-0.,0.));
#4880 = VECTOR('',#4881,1.);
#4881 = DIRECTION('',(-0.,1.));
#4882 = ( GEOMETRIC_REPRESENTATION_CONTEXT(2) 
PARAMETRIC_REPRESENTATION_CONTEXT() REPRESENTATION_CONTEXT('2D SPACE',''
  ) );
#4883 = ORIENTED_EDGE('',*,*,#4884,.T.);
#4884 = EDGE_CURVE('',#4862,#4468,#4885,.T.);
#4885 = SURFACE_CURVE('',#4886,(#4891,#4898),.PCURVE_S1.);
#4886 = CIRCLE('',#4887,46.);
#4887 = AXIS2_PLACEMENT_3D('',#4888,#4889,#4890);
#4888 = CARTESIAN_POINT('',(50.,862.5,50.));
#4889 = DIRECTION('',(-0.,1.,0.));
#4890 = DIRECTION('',(-1.,-0.,0.));
#4891 = PCURVE('',#2763,#4892);
#4892 = DEFINITIONAL_REPRESENTATION('',(#4893),#4897);
#4893 = CIRCLE('',#4894,46.);
#4894 = AXIS2_PLACEMENT_2D('',#4895,#4896);
#4895 = CARTESIAN_POINT('',(-25.,10.));
#4896 = DIRECTION('',(-1.,0.));
#4897 = ( GEOMETRIC_REPRESENTATION_CONTEXT(2) 
PARAMETRIC_REPRESENTATION_CONTEXT() REPRESENTATION_CONTEXT('2D SPACE',''
  ) );
#4898 = PCURVE('',#4483,#4899);
#4899 = DEFINITIONAL_REPRESENTATION('',(#4900),#4904);
#4900 = LINE('',#4901,#4902);
#4901 = CARTESIAN_POINT('',(0.,4.712388980385));
#4902 = VECTOR('',#4903,1.);
#4903 = DIRECTION('',(1.,0.));
#4904 = ( GEOMETRIC_REPRESENTATION_CONTEXT(2) 
PARAMETRIC_REPRESENTATION_CONTEXT() REPRESENTATION_CONTEXT('2D SPACE',''
  ) );
#4905 = ORIENTED_EDGE('',*,*,#4517,.T.);
#4906 = ORIENTED_EDGE('',*,*,#4907,.T.);
#4907 = EDGE_CURVE('',#4496,#4908,#4910,.T.);
#4908 = VERTEX_POINT('',#4909);
#4909 = CARTESIAN_POINT('',(146.,862.5,50.));
#4910 = SURFACE_CURVE('',#4911,(#4916,#4923),.PCURVE_S1.);
#4911 = CIRCLE('',#4912,46.);
#4912 = AXIS2_PLACEMENT_3D('',#4913,#4914,#4915);
#4913 = CARTESIAN_POINT('',(100.,862.5,50.));
#4914 = DIRECTION('',(-0.,1.,0.));
#4915 = DIRECTION('',(0.,0.,1.));
#4916 = PCURVE('',#2763,#4917);
#4917 = DEFINITIONAL_REPRESENTATION('',(#4918),#4922);
#4918 = CIRCLE('',#4919,46.);
#4919 = AXIS2_PLACEMENT_2D('',#4920,#4921);
#4920 = CARTESIAN_POINT('',(25.,10.));
#4921 = DIRECTION('',(0.,-1.));
#4922 = ( GEOMETRIC_REPRESENTATION_CONTEXT(2) 
PARAMETRIC_REPRESENTATION_CONTEXT() REPRESENTATION_CONTEXT('2D SPACE',''
  ) );
#4923 = PCURVE('',#4450,#4924);
#4924 = DEFINITIONAL_REPRESENTATION('',(#4925),#4929);
#4925 = LINE('',#4926,#4927);
#4926 = CARTESIAN_POINT('',(0.,4.712388980385));
#4927 = VECTOR('',#4928,1.);
#4928 = DIRECTION('',(1.,0.));
#4929 = ( GEOMETRIC_REPRESENTATION_CONTEXT(2) 
PARAMETRIC_REPRESENTATION_CONTEXT() REPRESENTATION_CONTEXT('2D SPACE',''
  ) );
#4930 = ORIENTED_EDGE('',*,*,#4931,.T.);
#4931 = EDGE_CURVE('',#4908,#4932,#4934,.T.);
#4932 = VERTEX_POINT('',#4933);
#4933 = CARTESIAN_POINT('',(146.,862.5,28.));
#4934 = SURFACE_CURVE('',#4935,(#4939,#4946),.PCURVE_S1.);
#4935 = LINE('',#4936,#4937);
#4936 = CARTESIAN_POINT('',(146.,862.5,50.));
#4937 = VECTOR('',#4938,1.);
#4938 = DIRECTION('',(0.,0.,-1.));
#4939 = PCURVE('',#2763,#4940);
#4940 = DEFINITIONAL_REPRESENTATION('',(#4941),#4945);
#4941 = LINE('',#4942,#4943);
#4942 = CARTESIAN_POINT('',(71.,10.));
#4943 = VECTOR('',#4944,1.);
#4944 = DIRECTION('',(0.,1.));
#4945 = ( GEOMETRIC_REPRESENTATION_CONTEXT(2) 
PARAMETRIC_REPRESENTATION_CONTEXT() REPRESENTATION_CONTEXT('2D SPACE',''
  ) );
#4946 = PCURVE('',#4143,#4947);
#4947 = DEFINITIONAL_REPRESENTATION('',(#4948),#4952);
#4948 = LINE('',#4949,#4950);
#4949 = CARTESIAN_POINT('',(-0.,0.));
#4950 = VECTOR('',#4951,1.);
#4951 = DIRECTION('',(-0.,1.));
#4952 = ( GEOMETRIC_REPRESENTATION_CONTEXT(2) 
PARAMETRIC_REPRESENTATION_CONTEXT() REPRESENTATION_CONTEXT('2D SPACE',''
  ) );
#4953 = ORIENTED_EDGE('',*,*,#4954,.F.);
#4954 = EDGE_CURVE('',#4860,#4932,#4955,.T.);
#4955 = SURFACE_CURVE('',#4956,(#4960,#4967),.PCURVE_S1.);
#4956 = LINE('',#4957,#4958);
#4957 = CARTESIAN_POINT('',(4.,862.5,28.));
#4958 = VECTOR('',#4959,1.);
#4959 = DIRECTION('',(1.,0.,0.));
#4960 = PCURVE('',#2763,#4961);
#4961 = DEFINITIONAL_REPRESENTATION('',(#4962),#4966);
#4962 = LINE('',#4963,#4964);
#4963 = CARTESIAN_POINT('',(-71.,32.));
#4964 = VECTOR('',#4965,1.);
#4965 = DIRECTION('',(1.,0.));
#4966 = ( GEOMETRIC_REPRESENTATION_CONTEXT(2) 
PARAMETRIC_REPRESENTATION_CONTEXT() REPRESENTATION_CONTEXT('2D SPACE',''
  ) );
#4967 = PCURVE('',#4968,#4973);
#4968 = CYLINDRICAL_SURFACE('',#4969,8.);
#4969 = AXIS2_PLACEMENT_3D('',#4970,#4971,#4972);
#4970 = CARTESIAN_POINT('',(4.,854.5,28.));
#4971 = DIRECTION('',(1.,0.,0.));
#4972 = DIRECTION('',(0.,0.,-1.));
#4973 = DEFINITIONAL_REPRESENTATION('',(#4974),#4978);
#4974 = LINE('',#4975,#4976);
#4975 = CARTESIAN_POINT('',(1.570796326795,0.));
#4976 = VECTOR('',#4977,1.);
#4977 = DIRECTION('',(0.,1.));
#4978 = ( GEOMETRIC_REPRESENTATION_CONTEXT(2) 
PARAMETRIC_REPRESENTATION_CONTEXT() REPRESENTATION_CONTEXT('2D SPACE',''
  ) );
#4979 = FACE_BOUND('',#4980,.F.);
#4980 = EDGE_LOOP('',(#4981));
#4981 = ORIENTED_EDGE('',*,*,#2748,.T.);
#4982 = ADVANCED_FACE('',(#4983),#2569,.T.);
#4983 = FACE_BOUND('',#4984,.T.);
#4984 = EDGE_LOOP('',(#4985,#4986,#4987,#5012));
#4985 = ORIENTED_EDGE('',*,*,#2784,.T.);
#4986 = ORIENTED_EDGE('',*,*,#2501,.T.);
#4987 = ORIENTED_EDGE('',*,*,#4988,.F.);
#4988 = EDGE_CURVE('',#3285,#2502,#4989,.T.);
#4989 = SURFACE_CURVE('',#4990,(#4994,#5000),.PCURVE_S1.);
#4990 = ( BOUNDED_CURVE() B_SPLINE_CURVE(2,(#4991,#4992,#4993),
.UNSPECIFIED.,.F.,.F.) B_SPLINE_CURVE_WITH_KNOTS((3,3),(0.,
7.962135151015),.PIECEWISE_BEZIER_KNOTS.) CURVE() 
GEOMETRIC_REPRESENTATION_ITEM() RATIONAL_B_SPLINE_CURVE((1.,
0.88227495199,1.)) REPRESENTATION_ITEM('') );
#4991 = CARTESIAN_POINT('',(80.18,1.040025773249E+03,68.273956878575));
#4992 = CARTESIAN_POINT('',(80.18,1.040025773249E+03,65.07267976116));
#4993 = CARTESIAN_POINT('',(82.839090909091,1.040025773249E+03,
    63.290150457145));
#4994 = PCURVE('',#2569,#4995);
#4995 = DEFINITIONAL_REPRESENTATION('',(#4996),#4999);
#4996 = B_SPLINE_CURVE_WITH_KNOTS('',1,(#4997,#4998),.UNSPECIFIED.,.F.,
  .F.,(2,2),(0.,7.962135151015),.PIECEWISE_BEZIER_KNOTS.);
#4997 = CARTESIAN_POINT('',(0.,87.21249723147));
#4998 = CARTESIAN_POINT('',(7.962135151015,87.21249723147));
#4999 = ( GEOMETRIC_REPRESENTATION_CONTEXT(2) 
PARAMETRIC_REPRESENTATION_CONTEXT() REPRESENTATION_CONTEXT('2D SPACE',''
  ) );
#5000 = PCURVE('',#2680,#5001);
#5001 = DEFINITIONAL_REPRESENTATION('',(#5002),#5011);
#5002 = B_SPLINE_CURVE_WITH_KNOTS('',7,(#5003,#5004,#5005,#5006,#5007,
    #5008,#5009,#5010),.UNSPECIFIED.,.F.,.F.,(8,8),(0.,7.962135151015),
  .PIECEWISE_BEZIER_KNOTS.);
#5003 = CARTESIAN_POINT('',(0.,1.435805573449));
#5004 = CARTESIAN_POINT('',(0.134495553099,1.435805573449));
#5005 = CARTESIAN_POINT('',(0.27426919122,1.435805573449));
#5006 = CARTESIAN_POINT('',(0.417704439394,1.435805573449));
#5007 = CARTESIAN_POINT('',(0.562541615675,1.435805573449));
#5008 = CARTESIAN_POINT('',(0.705976863849,1.435805573449));
#5009 = CARTESIAN_POINT('',(0.845750501971,1.435805573449));
#5010 = CARTESIAN_POINT('',(0.980246055069,1.435805573449));
#5011 = ( GEOMETRIC_REPRESENTATION_CONTEXT(2) 
PARAMETRIC_REPRESENTATION_CONTEXT() REPRESENTATION_CONTEXT('2D SPACE',''
  ) );
#5012 = ORIENTED_EDGE('',*,*,#3284,.F.);
#5013 = ADVANCED_FACE('',(#5014),#2680,.T.);
#5014 = FACE_BOUND('',#5015,.T.);
#5015 = EDGE_LOOP('',(#5016,#5017,#5018,#5042));
#5016 = ORIENTED_EDGE('',*,*,#4988,.T.);
#5017 = ORIENTED_EDGE('',*,*,#2664,.T.);
#5018 = ORIENTED_EDGE('',*,*,#5019,.F.);
#5019 = EDGE_CURVE('',#5020,#2665,#5022,.T.);
#5020 = VERTEX_POINT('',#5021);
#5021 = CARTESIAN_POINT('',(80.18,877.5,68.273956878574));
#5022 = SURFACE_CURVE('',#5023,(#5028,#5035),.PCURVE_S1.);
#5023 = CIRCLE('',#5024,6.);
#5024 = AXIS2_PLACEMENT_3D('',#5025,#5026,#5027);
#5025 = CARTESIAN_POINT('',(86.18,877.5,68.273956878574));
#5026 = DIRECTION('',(0.,-1.,0.));
#5027 = DIRECTION('',(0.,-0.,-1.));
#5028 = PCURVE('',#2680,#5029);
#5029 = DEFINITIONAL_REPRESENTATION('',(#5030),#5034);
#5030 = LINE('',#5031,#5032);
#5031 = CARTESIAN_POINT('',(-4.712388980385,163.96157882288));
#5032 = VECTOR('',#5033,1.);
#5033 = DIRECTION('',(1.,0.));
#5034 = ( GEOMETRIC_REPRESENTATION_CONTEXT(2) 
PARAMETRIC_REPRESENTATION_CONTEXT() REPRESENTATION_CONTEXT('2D SPACE',''
  ) );
#5035 = PCURVE('',#2709,#5036);
#5036 = DEFINITIONAL_REPRESENTATION('',(#5037),#5041);
#5037 = CIRCLE('',#5038,6.);
#5038 = AXIS2_PLACEMENT_2D('',#5039,#5040);
#5039 = CARTESIAN_POINT('',(12.25,-16.89604312142));
#5040 = DIRECTION('',(0.,-1.));
#5041 = ( GEOMETRIC_REPRESENTATION_CONTEXT(2) 
PARAMETRIC_REPRESENTATION_CONTEXT() REPRESENTATION_CONTEXT('2D SPACE',''
  ) );
#5042 = ORIENTED_EDGE('',*,*,#5043,.F.);
#5043 = EDGE_CURVE('',#3285,#5020,#5044,.T.);
#5044 = SURFACE_CURVE('',#5045,(#5049,#5056),.PCURVE_S1.);
#5045 = LINE('',#5046,#5047);
#5046 = CARTESIAN_POINT('',(80.18,1.041461578823E+03,68.273956878574));
#5047 = VECTOR('',#5048,1.);
#5048 = DIRECTION('',(0.,-1.,0.));
#5049 = PCURVE('',#2680,#5050);
#5050 = DEFINITIONAL_REPRESENTATION('',(#5051),#5055);
#5051 = LINE('',#5052,#5053);
#5052 = CARTESIAN_POINT('',(0.,0.));
#5053 = VECTOR('',#5054,1.);
#5054 = DIRECTION('',(0.,1.));
#5055 = ( GEOMETRIC_REPRESENTATION_CONTEXT(2) 
PARAMETRIC_REPRESENTATION_CONTEXT() REPRESENTATION_CONTEXT('2D SPACE',''
  ) );
#5056 = PCURVE('',#3547,#5057);
#5057 = DEFINITIONAL_REPRESENTATION('',(#5058),#5062);
#5058 = LINE('',#5059,#5060);
#5059 = CARTESIAN_POINT('',(5.603956878574,-163.9615788228));
#5060 = VECTOR('',#5061,1.);
#5061 = DIRECTION('',(0.,1.));
#5062 = ( GEOMETRIC_REPRESENTATION_CONTEXT(2) 
PARAMETRIC_REPRESENTATION_CONTEXT() REPRESENTATION_CONTEXT('2D SPACE',''
  ) );
#5063 = ADVANCED_FACE('',(#5064),#2709,.F.);
#5064 = FACE_BOUND('',#5065,.F.);
#5065 = EDGE_LOOP('',(#5066,#5087,#5088,#5089,#5090));
#5066 = ORIENTED_EDGE('',*,*,#5067,.T.);
#5067 = EDGE_CURVE('',#5020,#4805,#5068,.T.);
#5068 = SURFACE_CURVE('',#5069,(#5073,#5080),.PCURVE_S1.);
#5069 = LINE('',#5070,#5071);
#5070 = CARTESIAN_POINT('',(80.18,877.5,85.17));
#5071 = VECTOR('',#5072,1.);
#5072 = DIRECTION('',(0.,0.,1.));
#5073 = PCURVE('',#2709,#5074);
#5074 = DEFINITIONAL_REPRESENTATION('',(#5075),#5079);
#5075 = LINE('',#5076,#5077);
#5076 = CARTESIAN_POINT('',(6.25,0.));
#5077 = VECTOR('',#5078,1.);
#5078 = DIRECTION('',(0.,1.));
#5079 = ( GEOMETRIC_REPRESENTATION_CONTEXT(2) 
PARAMETRIC_REPRESENTATION_CONTEXT() REPRESENTATION_CONTEXT('2D SPACE',''
  ) );
#5080 = PCURVE('',#3547,#5081);
#5081 = DEFINITIONAL_REPRESENTATION('',(#5082),#5086);
#5082 = LINE('',#5083,#5084);
#5083 = CARTESIAN_POINT('',(22.5,0.));
#5084 = VECTOR('',#5085,1.);
#5085 = DIRECTION('',(1.,0.));
#5086 = ( GEOMETRIC_REPRESENTATION_CONTEXT(2) 
PARAMETRIC_REPRESENTATION_CONTEXT() REPRESENTATION_CONTEXT('2D SPACE',''
  ) );
#5087 = ORIENTED_EDGE('',*,*,#4832,.T.);
#5088 = ORIENTED_EDGE('',*,*,#4410,.F.);
#5089 = ORIENTED_EDGE('',*,*,#2692,.T.);
#5090 = ORIENTED_EDGE('',*,*,#5019,.F.);
#5091 = ADVANCED_FACE('',(#5092),#2861,.F.);
#5092 = FACE_BOUND('',#5093,.F.);
#5093 = EDGE_LOOP('',(#5094,#5095,#5128,#5151,#5182,#5183,#5212,#5240));
#5094 = ORIENTED_EDGE('',*,*,#2843,.F.);
#5095 = ORIENTED_EDGE('',*,*,#5096,.T.);
#5096 = EDGE_CURVE('',#2844,#5097,#5099,.T.);
#5097 = VERTEX_POINT('',#5098);
#5098 = CARTESIAN_POINT('',(4.,854.5,20.));
#5099 = SURFACE_CURVE('',#5100,(#5105,#5116),.PCURVE_S1.);
#5100 = CIRCLE('',#5101,12.);
#5101 = AXIS2_PLACEMENT_3D('',#5102,#5103,#5104);
#5102 = CARTESIAN_POINT('',(4.,866.5,20.));
#5103 = DIRECTION('',(0.,-0.,1.));
#5104 = DIRECTION('',(-1.,0.,0.));
#5105 = PCURVE('',#2861,#5106);
#5106 = DEFINITIONAL_REPRESENTATION('',(#5107),#5115);
#5107 = ( BOUNDED_CURVE() B_SPLINE_CURVE(2,(#5108,#5109,#5110,#5111,
#5112,#5113,#5114),.UNSPECIFIED.,.T.,.F.) B_SPLINE_CURVE_WITH_KNOTS((1,2
    ,2,2,2,1),(-2.094395102393,0.,2.094395102393,4.188790204786,
6.28318530718,8.377580409573),.UNSPECIFIED.) CURVE() 
GEOMETRIC_REPRESENTATION_ITEM() RATIONAL_B_SPLINE_CURVE((1.,0.5,1.,0.5,
1.,0.5,1.)) REPRESENTATION_ITEM('') );
#5108 = CARTESIAN_POINT('',(-8.,-24.));
#5109 = CARTESIAN_POINT('',(-8.,-3.215390309173));
#5110 = CARTESIAN_POINT('',(10.,-13.60769515458));
#5111 = CARTESIAN_POINT('',(28.,-24.));
#5112 = CARTESIAN_POINT('',(10.,-34.39230484541));
#5113 = CARTESIAN_POINT('',(-8.,-44.78460969082));
#5114 = CARTESIAN_POINT('',(-8.,-24.));
#5115 = ( GEOMETRIC_REPRESENTATION_CONTEXT(2) 
PARAMETRIC_REPRESENTATION_CONTEXT() REPRESENTATION_CONTEXT('2D SPACE',''
  ) );
#5116 = PCURVE('',#5117,#5122);
#5117 = TOROIDAL_SURFACE('',#5118,12.,8.);
#5118 = AXIS2_PLACEMENT_3D('',#5119,#5120,#5121);
#5119 = CARTESIAN_POINT('',(4.,866.5,28.));
#5120 = DIRECTION('',(0.,0.,-1.));
#5121 = DIRECTION('',(-1.,0.,0.));
#5122 = DEFINITIONAL_REPRESENTATION('',(#5123),#5127);
#5123 = LINE('',#5124,#5125);
#5124 = CARTESIAN_POINT('',(-0.,1.570796326795));
#5125 = VECTOR('',#5126,1.);
#5126 = DIRECTION('',(-1.,0.));
#5127 = ( GEOMETRIC_REPRESENTATION_CONTEXT(2) 
PARAMETRIC_REPRESENTATION_CONTEXT() REPRESENTATION_CONTEXT('2D SPACE',''
  ) );
#5128 = ORIENTED_EDGE('',*,*,#5129,.T.);
#5129 = EDGE_CURVE('',#5097,#5130,#5132,.T.);
#5130 = VERTEX_POINT('',#5131);
#5131 = CARTESIAN_POINT('',(146.,854.5,20.));
#5132 = SURFACE_CURVE('',#5133,(#5137,#5144),.PCURVE_S1.);
#5133 = LINE('',#5134,#5135);
#5134 = CARTESIAN_POINT('',(4.,854.5,20.));
#5135 = VECTOR('',#5136,1.);
#5136 = DIRECTION('',(1.,0.,0.));
#5137 = PCURVE('',#2861,#5138);
#5138 = DEFINITIONAL_REPRESENTATION('',(#5139),#5143);
#5139 = LINE('',#5140,#5141);
#5140 = CARTESIAN_POINT('',(4.,-12.));
#5141 = VECTOR('',#5142,1.);
#5142 = DIRECTION('',(1.,0.));
#5143 = ( GEOMETRIC_REPRESENTATION_CONTEXT(2) 
PARAMETRIC_REPRESENTATION_CONTEXT() REPRESENTATION_CONTEXT('2D SPACE',''
  ) );
#5144 = PCURVE('',#4968,#5145);
#5145 = DEFINITIONAL_REPRESENTATION('',(#5146),#5150);
#5146 = LINE('',#5147,#5148);
#5147 = CARTESIAN_POINT('',(0.,0.));
#5148 = VECTOR('',#5149,1.);
#5149 = DIRECTION('',(0.,1.));
#5150 = ( GEOMETRIC_REPRESENTATION_CONTEXT(2) 
PARAMETRIC_REPRESENTATION_CONTEXT() REPRESENTATION_CONTEXT('2D SPACE',''
  ) );
#5151 = ORIENTED_EDGE('',*,*,#5152,.T.);
#5152 = EDGE_CURVE('',#5130,#3873,#5153,.T.);
#5153 = SURFACE_CURVE('',#5154,(#5159,#5170),.PCURVE_S1.);
#5154 = CIRCLE('',#5155,12.);
#5155 = AXIS2_PLACEMENT_3D('',#5156,#5157,#5158);
#5156 = CARTESIAN_POINT('',(146.,866.5,20.));
#5157 = DIRECTION('',(-0.,0.,1.));
#5158 = DIRECTION('',(0.,-1.,0.));
#5159 = PCURVE('',#2861,#5160);
#5160 = DEFINITIONAL_REPRESENTATION('',(#5161),#5169);
#5161 = ( BOUNDED_CURVE() B_SPLINE_CURVE(2,(#5162,#5163,#5164,#5165,
#5166,#5167,#5168),.UNSPECIFIED.,.T.,.F.) B_SPLINE_CURVE_WITH_KNOTS((1,2
    ,2,2,2,1),(-2.094395102393,0.,2.094395102393,4.188790204786,
6.28318530718,8.377580409573),.UNSPECIFIED.) CURVE() 
GEOMETRIC_REPRESENTATION_ITEM() RATIONAL_B_SPLINE_CURVE((1.,0.5,1.,0.5,
1.,0.5,1.)) REPRESENTATION_ITEM('') );
#5162 = CARTESIAN_POINT('',(146.,-12.));
#5163 = CARTESIAN_POINT('',(166.78460969082,-12.));
#5164 = CARTESIAN_POINT('',(156.39230484541,-30.));
#5165 = CARTESIAN_POINT('',(146.,-48.));
#5166 = CARTESIAN_POINT('',(135.60769515458,-30.));
#5167 = CARTESIAN_POINT('',(125.21539030917,-12.));
#5168 = CARTESIAN_POINT('',(146.,-12.));
#5169 = ( GEOMETRIC_REPRESENTATION_CONTEXT(2) 
PARAMETRIC_REPRESENTATION_CONTEXT() REPRESENTATION_CONTEXT('2D SPACE',''
  ) );
#5170 = PCURVE('',#5171,#5176);
#5171 = TOROIDAL_SURFACE('',#5172,12.,8.);
#5172 = AXIS2_PLACEMENT_3D('',#5173,#5174,#5175);
#5173 = CARTESIAN_POINT('',(146.,866.5,28.));
#5174 = DIRECTION('',(0.,0.,-1.));
#5175 = DIRECTION('',(0.,-1.,0.));
#5176 = DEFINITIONAL_REPRESENTATION('',(#5177),#5181);
#5177 = LINE('',#5178,#5179);
#5178 = CARTESIAN_POINT('',(-0.,1.570796326795));
#5179 = VECTOR('',#5180,1.);
#5180 = DIRECTION('',(-1.,0.));
#5181 = ( GEOMETRIC_REPRESENTATION_CONTEXT(2) 
PARAMETRIC_REPRESENTATION_CONTEXT() REPRESENTATION_CONTEXT('2D SPACE',''
  ) );
#5182 = ORIENTED_EDGE('',*,*,#3872,.T.);
#5183 = ORIENTED_EDGE('',*,*,#5184,.F.);
#5184 = EDGE_CURVE('',#5185,#3875,#5187,.T.);
#5185 = VERTEX_POINT('',#5186);
#5186 = CARTESIAN_POINT('',(142.,850.5,20.));
#5187 = SURFACE_CURVE('',#5188,(#5193,#5200),.PCURVE_S1.);
#5188 = CIRCLE('',#5189,16.);
#5189 = AXIS2_PLACEMENT_3D('',#5190,#5191,#5192);
#5190 = CARTESIAN_POINT('',(142.,834.5,20.));
#5191 = DIRECTION('',(0.,0.,-1.));
#5192 = DIRECTION('',(0.,1.,0.));
#5193 = PCURVE('',#2861,#5194);
#5194 = DEFINITIONAL_REPRESENTATION('',(#5195),#5199);
#5195 = CIRCLE('',#5196,16.);
#5196 = AXIS2_PLACEMENT_2D('',#5197,#5198);
#5197 = CARTESIAN_POINT('',(142.,8.));
#5198 = DIRECTION('',(0.,-1.));
#5199 = ( GEOMETRIC_REPRESENTATION_CONTEXT(2) 
PARAMETRIC_REPRESENTATION_CONTEXT() REPRESENTATION_CONTEXT('2D SPACE',''
  ) );
#5200 = PCURVE('',#5201,#5206);
#5201 = TOROIDAL_SURFACE('',#5202,16.,8.);
#5202 = AXIS2_PLACEMENT_3D('',#5203,#5204,#5205);
#5203 = CARTESIAN_POINT('',(142.,834.5,28.));
#5204 = DIRECTION('',(0.,0.,-1.));
#5205 = DIRECTION('',(0.,1.,0.));
#5206 = DEFINITIONAL_REPRESENTATION('',(#5207),#5211);
#5207 = LINE('',#5208,#5209);
#5208 = CARTESIAN_POINT('',(0.,1.570796326795));
#5209 = VECTOR('',#5210,1.);
#5210 = DIRECTION('',(1.,0.));
#5211 = ( GEOMETRIC_REPRESENTATION_CONTEXT(2) 
PARAMETRIC_REPRESENTATION_CONTEXT() REPRESENTATION_CONTEXT('2D SPACE',''
  ) );
#5212 = ORIENTED_EDGE('',*,*,#5213,.F.);
#5213 = EDGE_CURVE('',#5214,#5185,#5216,.T.);
#5214 = VERTEX_POINT('',#5215);
#5215 = CARTESIAN_POINT('',(8.,850.5,20.));
#5216 = SURFACE_CURVE('',#5217,(#5221,#5228),.PCURVE_S1.);
#5217 = LINE('',#5218,#5219);
#5218 = CARTESIAN_POINT('',(8.,850.5,20.));
#5219 = VECTOR('',#5220,1.);
#5220 = DIRECTION('',(1.,0.,0.));
#5221 = PCURVE('',#2861,#5222);
#5222 = DEFINITIONAL_REPRESENTATION('',(#5223),#5227);
#5223 = LINE('',#5224,#5225);
#5224 = CARTESIAN_POINT('',(8.,-8.));
#5225 = VECTOR('',#5226,1.);
#5226 = DIRECTION('',(1.,0.));
#5227 = ( GEOMETRIC_REPRESENTATION_CONTEXT(2) 
PARAMETRIC_REPRESENTATION_CONTEXT() REPRESENTATION_CONTEXT('2D SPACE',''
  ) );
#5228 = PCURVE('',#5229,#5234);
#5229 = CYLINDRICAL_SURFACE('',#5230,8.);
#5230 = AXIS2_PLACEMENT_3D('',#5231,#5232,#5233);
#5231 = CARTESIAN_POINT('',(8.,850.5,28.));
#5232 = DIRECTION('',(1.,0.,0.));
#5233 = DIRECTION('',(0.,0.,-1.));
#5234 = DEFINITIONAL_REPRESENTATION('',(#5235),#5239);
#5235 = LINE('',#5236,#5237);
#5236 = CARTESIAN_POINT('',(-0.,0.));
#5237 = VECTOR('',#5238,1.);
#5238 = DIRECTION('',(-0.,1.));
#5239 = ( GEOMETRIC_REPRESENTATION_CONTEXT(2) 
PARAMETRIC_REPRESENTATION_CONTEXT() REPRESENTATION_CONTEXT('2D SPACE',''
  ) );
#5240 = ORIENTED_EDGE('',*,*,#5241,.F.);
#5241 = EDGE_CURVE('',#2846,#5214,#5242,.T.);
#5242 = SURFACE_CURVE('',#5243,(#5248,#5255),.PCURVE_S1.);
#5243 = CIRCLE('',#5244,16.);
#5244 = AXIS2_PLACEMENT_3D('',#5245,#5246,#5247);
#5245 = CARTESIAN_POINT('',(8.,834.5,20.));
#5246 = DIRECTION('',(0.,0.,-1.));
#5247 = DIRECTION('',(-1.,0.,0.));
#5248 = PCURVE('',#2861,#5249);
#5249 = DEFINITIONAL_REPRESENTATION('',(#5250),#5254);
#5250 = CIRCLE('',#5251,16.);
#5251 = AXIS2_PLACEMENT_2D('',#5252,#5253);
#5252 = CARTESIAN_POINT('',(8.,8.));
#5253 = DIRECTION('',(-1.,0.));
#5254 = ( GEOMETRIC_REPRESENTATION_CONTEXT(2) 
PARAMETRIC_REPRESENTATION_CONTEXT() REPRESENTATION_CONTEXT('2D SPACE',''
  ) );
#5255 = PCURVE('',#5256,#5261);
#5256 = TOROIDAL_SURFACE('',#5257,16.,8.);
#5257 = AXIS2_PLACEMENT_3D('',#5258,#5259,#5260);
#5258 = CARTESIAN_POINT('',(8.,834.5,28.));
#5259 = DIRECTION('',(0.,0.,-1.));
#5260 = DIRECTION('',(-1.,0.,0.));
#5261 = DEFINITIONAL_REPRESENTATION('',(#5262),#5266);
#5262 = LINE('',#5263,#5264);
#5263 = CARTESIAN_POINT('',(0.,1.570796326795));
#5264 = VECTOR('',#5265,1.);
#5265 = DIRECTION('',(1.,0.));
#5266 = ( GEOMETRIC_REPRESENTATION_CONTEXT(2) 
PARAMETRIC_REPRESENTATION_CONTEXT() REPRESENTATION_CONTEXT('2D SPACE',''
  ) );
#5267 = ADVANCED_FACE('',(#5268),#3217,.F.);
#5268 = FACE_BOUND('',#5269,.F.);
#5269 = EDGE_LOOP('',(#5270,#5305,#5306));
#5270 = ORIENTED_EDGE('',*,*,#5271,.F.);
#5271 = EDGE_CURVE('',#2844,#5272,#5274,.T.);
#5272 = VERTEX_POINT('',#5273);
#5273 = CARTESIAN_POINT('',(2.666666666667,862.72876383367,28.));
#5274 = SURFACE_CURVE('',#5275,(#5279,#5285),.PCURVE_S1.);
#5275 = ( BOUNDED_CURVE() B_SPLINE_CURVE(2,(#5276,#5277,#5278),
.UNSPECIFIED.,.F.,.F.) B_SPLINE_CURVE_WITH_KNOTS((3,3),(0.,4.92383766936
),.PIECEWISE_BEZIER_KNOTS.) CURVE() GEOMETRIC_REPRESENTATION_ITEM() 
RATIONAL_B_SPLINE_CURVE((1.,0.707106781187,1.)) REPRESENTATION_ITEM('') 
  );
#5276 = CARTESIAN_POINT('',(-1.202196911437E-15,855.18629150101,20.));
#5277 = CARTESIAN_POINT('',(2.666666666625,862.72876383368,20.));
#5278 = CARTESIAN_POINT('',(2.666666666667,862.72876383367,28.));
#5279 = PCURVE('',#3217,#5280);
#5280 = DEFINITIONAL_REPRESENTATION('',(#5281),#5284);
#5281 = B_SPLINE_CURVE_WITH_KNOTS('',1,(#5282,#5283),.UNSPECIFIED.,.F.,
  .F.,(2,2),(0.,4.92383766936),.PIECEWISE_BEZIER_KNOTS.);
#5282 = CARTESIAN_POINT('',(0.,4.923837669363));
#5283 = CARTESIAN_POINT('',(4.92383766936,4.923837669363));
#5284 = ( GEOMETRIC_REPRESENTATION_CONTEXT(2) 
PARAMETRIC_REPRESENTATION_CONTEXT() REPRESENTATION_CONTEXT('2D SPACE',''
  ) );
#5285 = PCURVE('',#5117,#5286);
#5286 = DEFINITIONAL_REPRESENTATION('',(#5287),#5304);
#5287 = B_SPLINE_CURVE_WITH_KNOTS('',8,(#5288,#5289,#5290,#5291,#5292,
    #5293,#5294,#5295,#5296,#5297,#5298,#5299,#5300,#5301,#5302,#5303),
  .UNSPECIFIED.,.F.,.F.,(9,7,9),(0.,2.46191883468,4.92383766936),
  .UNSPECIFIED.);
#5288 = CARTESIAN_POINT('',(-1.230959417341,1.570796326795));
#5289 = CARTESIAN_POINT('',(-1.23095941734,1.659184674443));
#5290 = CARTESIAN_POINT('',(-1.23095941734,1.751271349778));
#5291 = CARTESIAN_POINT('',(-1.230959417337,1.846801111405));
#5292 = CARTESIAN_POINT('',(-1.230959417341,1.945365090169));
#5293 = CARTESIAN_POINT('',(-1.230959417335,2.046380355843));
#5294 = CARTESIAN_POINT('',(-1.230959417339,2.149087711606));
#5295 = CARTESIAN_POINT('',(-1.230959417338,2.252641099599));
#5296 = CARTESIAN_POINT('',(-1.230959417338,2.459747880786));
#5297 = CARTESIAN_POINT('',(-1.230959417337,2.56330126878));
#5298 = CARTESIAN_POINT('',(-1.230959417336,2.666008624524));
#5299 = CARTESIAN_POINT('',(-1.230959417335,2.767023890219));
#5300 = CARTESIAN_POINT('',(-1.230959417337,2.865587868963));
#5301 = CARTESIAN_POINT('',(-1.230959417339,2.961117630608));
#5302 = CARTESIAN_POINT('',(-1.23095941734,3.053204305941));
#5303 = CARTESIAN_POINT('',(-1.230959417341,3.14159265359));
#5304 = ( GEOMETRIC_REPRESENTATION_CONTEXT(2) 
PARAMETRIC_REPRESENTATION_CONTEXT() REPRESENTATION_CONTEXT('2D SPACE',''
  ) );
#5305 = ORIENTED_EDGE('',*,*,#3135,.T.);
#5306 = ORIENTED_EDGE('',*,*,#5307,.T.);
#5307 = EDGE_CURVE('',#3108,#5272,#5308,.T.);
#5308 = SURFACE_CURVE('',#5309,(#5317,#5324),.PCURVE_S1.);
#5309 = ( BOUNDED_CURVE() B_SPLINE_CURVE(6,(#5310,#5311,#5312,#5313,
#5314,#5315,#5316),.UNSPECIFIED.,.F.,.F.) B_SPLINE_CURVE_WITH_KNOTS((7,7
    ),(3.074208483118E-12,4.923837669363),.PIECEWISE_BEZIER_KNOTS.) 
CURVE() GEOMETRIC_REPRESENTATION_ITEM() RATIONAL_B_SPLINE_CURVE((1.,1.,
1.,1.,1.,1.,1.)) REPRESENTATION_ITEM('') );
#5310 = CARTESIAN_POINT('',(-8.881784197001E-16,866.5,28.));
#5311 = CARTESIAN_POINT('',(4.440892098501E-16,865.67936126425,28.));
#5312 = CARTESIAN_POINT('',(0.202023087177,864.85873772649,28.));
#5313 = CARTESIAN_POINT('',(0.606146823247,864.10018340427,28.));
#5314 = CARTESIAN_POINT('',(1.186610784492,863.46632045148,28.));
#5315 = CARTESIAN_POINT('',(1.892961046768,863.00231007891,28.));
#5316 = CARTESIAN_POINT('',(2.666666666667,862.72876383367,28.));
#5317 = PCURVE('',#3217,#5318);
#5318 = DEFINITIONAL_REPRESENTATION('',(#5319),#5323);
#5319 = LINE('',#5320,#5321);
#5320 = CARTESIAN_POINT('',(4.92383766936,0.));
#5321 = VECTOR('',#5322,1.);
#5322 = DIRECTION('',(0.,1.));
#5323 = ( GEOMETRIC_REPRESENTATION_CONTEXT(2) 
PARAMETRIC_REPRESENTATION_CONTEXT() REPRESENTATION_CONTEXT('2D SPACE',''
  ) );
#5324 = PCURVE('',#3123,#5325);
#5325 = DEFINITIONAL_REPRESENTATION('',(#5326),#5335);
#5326 = B_SPLINE_CURVE_WITH_KNOTS('',7,(#5327,#5328,#5329,#5330,#5331,
    #5332,#5333,#5334),.UNSPECIFIED.,.F.,.F.,(8,8),(3.074208483118E-12,
    4.923837669363),.PIECEWISE_BEZIER_KNOTS.);
#5327 = CARTESIAN_POINT('',(-1.570796326795,8.));
#5328 = CARTESIAN_POINT('',(-1.394945169135,8.));
#5329 = CARTESIAN_POINT('',(-1.219097056243,8.));
#5330 = CARTESIAN_POINT('',(-1.043233188918,8.));
#5331 = CARTESIAN_POINT('',(-0.867400047357,8.));
#5332 = CARTESIAN_POINT('',(-0.691536179997,8.));
#5333 = CARTESIAN_POINT('',(-0.515688067119,8.));
#5334 = CARTESIAN_POINT('',(-0.339836909466,8.));
#5335 = ( GEOMETRIC_REPRESENTATION_CONTEXT(2) 
PARAMETRIC_REPRESENTATION_CONTEXT() REPRESENTATION_CONTEXT('2D SPACE',''
  ) );
#5336 = ADVANCED_FACE('',(#5337),#2947,.T.);
#5337 = FACE_BOUND('',#5338,.T.);
#5338 = EDGE_LOOP('',(#5339,#5374,#5375));
#5339 = ORIENTED_EDGE('',*,*,#5340,.F.);
#5340 = EDGE_CURVE('',#2846,#5341,#5343,.T.);
#5341 = VERTEX_POINT('',#5342);
#5342 = CARTESIAN_POINT('',(4.,841.42820323027,28.));
#5343 = SURFACE_CURVE('',#5344,(#5348,#5354),.PCURVE_S1.);
#5344 = ( BOUNDED_CURVE() B_SPLINE_CURVE(2,(#5345,#5346,#5347),
.UNSPECIFIED.,.F.,.F.) B_SPLINE_CURVE_WITH_KNOTS((3,3),(0.,
8.377580409573),.PIECEWISE_BEZIER_KNOTS.) CURVE() 
GEOMETRIC_REPRESENTATION_ITEM() RATIONAL_B_SPLINE_CURVE((1.,
0.707106781187,1.)) REPRESENTATION_ITEM('') );
#5345 = CARTESIAN_POINT('',(-1.391764302124E-15,848.35640646055,20.));
#5346 = CARTESIAN_POINT('',(3.999999999957,841.42820323025,20.));
#5347 = CARTESIAN_POINT('',(4.,841.42820323027,28.));
#5348 = PCURVE('',#2947,#5349);
#5349 = DEFINITIONAL_REPRESENTATION('',(#5350),#5353);
#5350 = B_SPLINE_CURVE_WITH_KNOTS('',1,(#5351,#5352),.UNSPECIFIED.,.F.,
  .F.,(2,2),(0.,8.377580409573),.PIECEWISE_BEZIER_KNOTS.);
#5351 = CARTESIAN_POINT('',(0.,8.377580409573));
#5352 = CARTESIAN_POINT('',(8.377580409573,8.377580409573));
#5353 = ( GEOMETRIC_REPRESENTATION_CONTEXT(2) 
PARAMETRIC_REPRESENTATION_CONTEXT() REPRESENTATION_CONTEXT('2D SPACE',''
  ) );
#5354 = PCURVE('',#5256,#5355);
#5355 = DEFINITIONAL_REPRESENTATION('',(#5356),#5373);
#5356 = B_SPLINE_CURVE_WITH_KNOTS('',8,(#5357,#5358,#5359,#5360,#5361,
    #5362,#5363,#5364,#5365,#5366,#5367,#5368,#5369,#5370,#5371,#5372),
  .UNSPECIFIED.,.F.,.F.,(9,7,9),(0.,4.188790204787,8.377580409573),
  .UNSPECIFIED.);
#5357 = CARTESIAN_POINT('',(1.047197551197,1.570796326795));
#5358 = CARTESIAN_POINT('',(1.047197551196,1.659184674443));
#5359 = CARTESIAN_POINT('',(1.047197551197,1.751271349779));
#5360 = CARTESIAN_POINT('',(1.047197551191,1.846801111402));
#5361 = CARTESIAN_POINT('',(1.0471975512,1.945365090175));
#5362 = CARTESIAN_POINT('',(1.047197551191,2.046380355838));
#5363 = CARTESIAN_POINT('',(1.047197551196,2.149087711607));
#5364 = CARTESIAN_POINT('',(1.047197551195,2.252641099599));
#5365 = CARTESIAN_POINT('',(1.047197551194,2.459747880786));
#5366 = CARTESIAN_POINT('',(1.047197551194,2.563301268777));
#5367 = CARTESIAN_POINT('',(1.047197551192,2.666008624537));
#5368 = CARTESIAN_POINT('',(1.047197551196,2.767023890212));
#5369 = CARTESIAN_POINT('',(1.047197551193,2.865587868974));
#5370 = CARTESIAN_POINT('',(1.047197551195,2.961117630606));
#5371 = CARTESIAN_POINT('',(1.047197551196,3.053204305941));
#5372 = CARTESIAN_POINT('',(1.047197551197,3.14159265359));
#5373 = ( GEOMETRIC_REPRESENTATION_CONTEXT(2) 
PARAMETRIC_REPRESENTATION_CONTEXT() REPRESENTATION_CONTEXT('2D SPACE',''
  ) );
#5374 = ORIENTED_EDGE('',*,*,#2873,.T.);
#5375 = ORIENTED_EDGE('',*,*,#5376,.T.);
#5376 = EDGE_CURVE('',#2874,#5341,#5377,.T.);
#5377 = SURFACE_CURVE('',#5378,(#5386,#5393),.PCURVE_S1.);
#5378 = ( BOUNDED_CURVE() B_SPLINE_CURVE(6,(#5379,#5380,#5381,#5382,
#5383,#5384,#5385),.UNSPECIFIED.,.F.,.F.) B_SPLINE_CURVE_WITH_KNOTS((7,7
    ),(-2.643424504782E-13,8.377580409573),.PIECEWISE_BEZIER_KNOTS.) 
CURVE() GEOMETRIC_REPRESENTATION_ITEM() RATIONAL_B_SPLINE_CURVE((1.,1.,
1.,1.,1.,1.,1.)) REPRESENTATION_ITEM('') );
#5379 = CARTESIAN_POINT('',(-1.7763568394E-15,834.5,28.));
#5380 = CARTESIAN_POINT('',(-2.6645352591E-15,835.89626283505,28.));
#5381 = CARTESIAN_POINT('',(0.292429976259,837.29253391884,28.));
#5382 = CARTESIAN_POINT('',(0.877319494169,838.61226228835,28.));
#5383 = CARTESIAN_POINT('',(1.727824559333,839.77870355715,28.));
#5384 = CARTESIAN_POINT('',(2.79080091444,840.73007181271,28.));
#5385 = CARTESIAN_POINT('',(4.,841.42820323027,28.));
#5386 = PCURVE('',#2947,#5387);
#5387 = DEFINITIONAL_REPRESENTATION('',(#5388),#5392);
#5388 = LINE('',#5389,#5390);
#5389 = CARTESIAN_POINT('',(8.377580409573,0.));
#5390 = VECTOR('',#5391,1.);
#5391 = DIRECTION('',(0.,1.));
#5392 = ( GEOMETRIC_REPRESENTATION_CONTEXT(2) 
PARAMETRIC_REPRESENTATION_CONTEXT() REPRESENTATION_CONTEXT('2D SPACE',''
  ) );
#5393 = PCURVE('',#3021,#5394);
#5394 = DEFINITIONAL_REPRESENTATION('',(#5395),#5404);
#5395 = B_SPLINE_CURVE_WITH_KNOTS('',7,(#5396,#5397,#5398,#5399,#5400,
    #5401,#5402,#5403),.UNSPECIFIED.,.F.,.F.,(8,8),(-2.643424504782E-13,
    8.377580409573),.PIECEWISE_BEZIER_KNOTS.);
#5396 = CARTESIAN_POINT('',(1.570796326795,8.));
#5397 = CARTESIAN_POINT('',(1.421196737324,8.));
#5398 = CARTESIAN_POINT('',(1.271596399872,8.));
#5399 = CARTESIAN_POINT('',(1.121994831121,8.));
#5400 = CARTESIAN_POINT('',(0.972401376274,8.));
#5401 = CARTESIAN_POINT('',(0.822796527256,8.));
#5402 = CARTESIAN_POINT('',(0.673198365081,8.));
#5403 = CARTESIAN_POINT('',(0.523598775605,8.));
#5404 = ( GEOMETRIC_REPRESENTATION_CONTEXT(2) 
PARAMETRIC_REPRESENTATION_CONTEXT() REPRESENTATION_CONTEXT('2D SPACE',''
  ) );
#5405 = ADVANCED_FACE('',(#5406),#3123,.T.);
#5406 = FACE_BOUND('',#5407,.F.);
#5407 = EDGE_LOOP('',(#5408,#5409,#5431,#5432,#5433));
#5408 = ORIENTED_EDGE('',*,*,#4859,.F.);
#5409 = ORIENTED_EDGE('',*,*,#5410,.F.);
#5410 = EDGE_CURVE('',#5272,#4860,#5411,.T.);
#5411 = SURFACE_CURVE('',#5412,(#5417,#5424),.PCURVE_S1.);
#5412 = CIRCLE('',#5413,4.);
#5413 = AXIS2_PLACEMENT_3D('',#5414,#5415,#5416);
#5414 = CARTESIAN_POINT('',(4.,866.5,28.));
#5415 = DIRECTION('',(0.,-0.,1.));
#5416 = DIRECTION('',(-1.,0.,0.));
#5417 = PCURVE('',#3123,#5418);
#5418 = DEFINITIONAL_REPRESENTATION('',(#5419),#5423);
#5419 = LINE('',#5420,#5421);
#5420 = CARTESIAN_POINT('',(-1.570796326795,8.));
#5421 = VECTOR('',#5422,1.);
#5422 = DIRECTION('',(1.,-0.));
#5423 = ( GEOMETRIC_REPRESENTATION_CONTEXT(2) 
PARAMETRIC_REPRESENTATION_CONTEXT() REPRESENTATION_CONTEXT('2D SPACE',''
  ) );
#5424 = PCURVE('',#5117,#5425);
#5425 = DEFINITIONAL_REPRESENTATION('',(#5426),#5430);
#5426 = LINE('',#5427,#5428);
#5427 = CARTESIAN_POINT('',(-0.,3.14159265359));
#5428 = VECTOR('',#5429,1.);
#5429 = DIRECTION('',(-1.,0.));
#5430 = ( GEOMETRIC_REPRESENTATION_CONTEXT(2) 
PARAMETRIC_REPRESENTATION_CONTEXT() REPRESENTATION_CONTEXT('2D SPACE',''
  ) );
#5431 = ORIENTED_EDGE('',*,*,#5307,.F.);
#5432 = ORIENTED_EDGE('',*,*,#3107,.T.);
#5433 = ORIENTED_EDGE('',*,*,#5434,.F.);
#5434 = EDGE_CURVE('',#4862,#3085,#5435,.T.);
#5435 = SURFACE_CURVE('',#5436,(#5441,#5447),.PCURVE_S1.);
#5436 = CIRCLE('',#5437,4.);
#5437 = AXIS2_PLACEMENT_3D('',#5438,#5439,#5440);
#5438 = CARTESIAN_POINT('',(4.,866.5,50.));
#5439 = DIRECTION('',(0.,0.,-1.));
#5440 = DIRECTION('',(0.,-1.,0.));
#5441 = PCURVE('',#3123,#5442);
#5442 = DEFINITIONAL_REPRESENTATION('',(#5443),#5446);
#5443 = B_SPLINE_CURVE_WITH_KNOTS('',1,(#5444,#5445),.UNSPECIFIED.,.F.,
  .F.,(2,2),(0.,1.570796326795),.PIECEWISE_BEZIER_KNOTS.);
#5444 = CARTESIAN_POINT('',(0.,30.));
#5445 = CARTESIAN_POINT('',(-1.570796326795,30.));
#5446 = ( GEOMETRIC_REPRESENTATION_CONTEXT(2) 
PARAMETRIC_REPRESENTATION_CONTEXT() REPRESENTATION_CONTEXT('2D SPACE',''
  ) );
#5447 = PCURVE('',#4483,#5448);
#5448 = DEFINITIONAL_REPRESENTATION('',(#5449),#5452);
#5449 = B_SPLINE_CURVE_WITH_KNOTS('',1,(#5450,#5451),.UNSPECIFIED.,.F.,
  .F.,(2,2),(0.,1.570796326795),.PIECEWISE_BEZIER_KNOTS.);
#5450 = CARTESIAN_POINT('',(0.,4.712388980385));
#5451 = CARTESIAN_POINT('',(0.,6.28318530718));
#5452 = ( GEOMETRIC_REPRESENTATION_CONTEXT(2) 
PARAMETRIC_REPRESENTATION_CONTEXT() REPRESENTATION_CONTEXT('2D SPACE',''
  ) );
#5453 = ADVANCED_FACE('',(#5454),#3021,.T.);
#5454 = FACE_BOUND('',#5455,.T.);
#5455 = EDGE_LOOP('',(#5456,#5486,#5508,#5509,#5510));
#5456 = ORIENTED_EDGE('',*,*,#5457,.F.);
#5457 = EDGE_CURVE('',#5458,#5460,#5462,.T.);
#5458 = VERTEX_POINT('',#5459);
#5459 = CARTESIAN_POINT('',(8.,842.5,28.));
#5460 = VERTEX_POINT('',#5461);
#5461 = CARTESIAN_POINT('',(8.,842.5,50.));
#5462 = SURFACE_CURVE('',#5463,(#5467,#5474),.PCURVE_S1.);
#5463 = LINE('',#5464,#5465);
#5464 = CARTESIAN_POINT('',(8.,842.5,20.));
#5465 = VECTOR('',#5466,1.);
#5466 = DIRECTION('',(-0.,-0.,1.));
#5467 = PCURVE('',#3021,#5468);
#5468 = DEFINITIONAL_REPRESENTATION('',(#5469),#5473);
#5469 = LINE('',#5470,#5471);
#5470 = CARTESIAN_POINT('',(0.,0.));
#5471 = VECTOR('',#5472,1.);
#5472 = DIRECTION('',(0.,1.));
#5473 = ( GEOMETRIC_REPRESENTATION_CONTEXT(2) 
PARAMETRIC_REPRESENTATION_CONTEXT() REPRESENTATION_CONTEXT('2D SPACE',''
  ) );
#5474 = PCURVE('',#5475,#5480);
#5475 = PLANE('',#5476);
#5476 = AXIS2_PLACEMENT_3D('',#5477,#5478,#5479);
#5477 = CARTESIAN_POINT('',(75.,842.5,60.));
#5478 = DIRECTION('',(0.,1.,0.));
#5479 = DIRECTION('',(1.,0.,0.));
#5480 = DEFINITIONAL_REPRESENTATION('',(#5481),#5485);
#5481 = LINE('',#5482,#5483);
#5482 = CARTESIAN_POINT('',(-67.,40.));
#5483 = VECTOR('',#5484,1.);
#5484 = DIRECTION('',(0.,-1.));
#5485 = ( GEOMETRIC_REPRESENTATION_CONTEXT(2) 
PARAMETRIC_REPRESENTATION_CONTEXT() REPRESENTATION_CONTEXT('2D SPACE',''
  ) );
#5486 = ORIENTED_EDGE('',*,*,#5487,.F.);
#5487 = EDGE_CURVE('',#5341,#5458,#5488,.T.);
#5488 = SURFACE_CURVE('',#5489,(#5494,#5501),.PCURVE_S1.);
#5489 = CIRCLE('',#5490,8.);
#5490 = AXIS2_PLACEMENT_3D('',#5491,#5492,#5493);
#5491 = CARTESIAN_POINT('',(8.,834.5,28.));
#5492 = DIRECTION('',(0.,0.,-1.));
#5493 = DIRECTION('',(-1.,0.,0.));
#5494 = PCURVE('',#3021,#5495);
#5495 = DEFINITIONAL_REPRESENTATION('',(#5496),#5500);
#5496 = LINE('',#5497,#5498);
#5497 = CARTESIAN_POINT('',(1.570796326795,8.));
#5498 = VECTOR('',#5499,1.);
#5499 = DIRECTION('',(-1.,-0.));
#5500 = ( GEOMETRIC_REPRESENTATION_CONTEXT(2) 
PARAMETRIC_REPRESENTATION_CONTEXT() REPRESENTATION_CONTEXT('2D SPACE',''
  ) );
#5501 = PCURVE('',#5256,#5502);
#5502 = DEFINITIONAL_REPRESENTATION('',(#5503),#5507);
#5503 = LINE('',#5504,#5505);
#5504 = CARTESIAN_POINT('',(0.,3.14159265359));
#5505 = VECTOR('',#5506,1.);
#5506 = DIRECTION('',(1.,0.));
#5507 = ( GEOMETRIC_REPRESENTATION_CONTEXT(2) 
PARAMETRIC_REPRESENTATION_CONTEXT() REPRESENTATION_CONTEXT('2D SPACE',''
  ) );
#5508 = ORIENTED_EDGE('',*,*,#5376,.F.);
#5509 = ORIENTED_EDGE('',*,*,#3005,.T.);
#5510 = ORIENTED_EDGE('',*,*,#5511,.F.);
#5511 = EDGE_CURVE('',#5460,#3006,#5512,.T.);
#5512 = SURFACE_CURVE('',#5513,(#5518,#5524),.PCURVE_S1.);
#5513 = CIRCLE('',#5514,8.);
#5514 = AXIS2_PLACEMENT_3D('',#5515,#5516,#5517);
#5515 = CARTESIAN_POINT('',(8.,834.5,50.));
#5516 = DIRECTION('',(-0.,-0.,1.));
#5517 = DIRECTION('',(-0.,1.,0.));
#5518 = PCURVE('',#3021,#5519);
#5519 = DEFINITIONAL_REPRESENTATION('',(#5520),#5523);
#5520 = B_SPLINE_CURVE_WITH_KNOTS('',1,(#5521,#5522),.UNSPECIFIED.,.F.,
  .F.,(2,2),(0.,1.570796326795),.PIECEWISE_BEZIER_KNOTS.);
#5521 = CARTESIAN_POINT('',(0.,30.));
#5522 = CARTESIAN_POINT('',(1.570796326795,30.));
#5523 = ( GEOMETRIC_REPRESENTATION_CONTEXT(2) 
PARAMETRIC_REPRESENTATION_CONTEXT() REPRESENTATION_CONTEXT('2D SPACE',''
  ) );
#5524 = PCURVE('',#5525,#5530);
#5525 = TOROIDAL_SURFACE('',#5526,42.,8.);
#5526 = AXIS2_PLACEMENT_3D('',#5527,#5528,#5529);
#5527 = CARTESIAN_POINT('',(50.,834.5,50.));
#5528 = DIRECTION('',(0.,-1.,-0.));
#5529 = DIRECTION('',(-1.,-0.,0.));
#5530 = DEFINITIONAL_REPRESENTATION('',(#5531),#5534);
#5531 = B_SPLINE_CURVE_WITH_KNOTS('',1,(#5532,#5533),.UNSPECIFIED.,.F.,
  .F.,(2,2),(0.,1.570796326795),.PIECEWISE_BEZIER_KNOTS.);
#5532 = CARTESIAN_POINT('',(0.,4.712388980385));
#5533 = CARTESIAN_POINT('',(0.,6.28318530718));
#5534 = ( GEOMETRIC_REPRESENTATION_CONTEXT(2) 
PARAMETRIC_REPRESENTATION_CONTEXT() REPRESENTATION_CONTEXT('2D SPACE',''
  ) );
#5535 = ADVANCED_FACE('',(#5536),#3049,.T.);
#5536 = FACE_BOUND('',#5537,.T.);
#5537 = EDGE_LOOP('',(#5538,#5539,#5563,#5591));
#5538 = ORIENTED_EDGE('',*,*,#3033,.F.);
#5539 = ORIENTED_EDGE('',*,*,#5540,.T.);
#5540 = EDGE_CURVE('',#3034,#5541,#5543,.T.);
#5541 = VERTEX_POINT('',#5542);
#5542 = CARTESIAN_POINT('',(50.,50.,100.));
#5543 = SURFACE_CURVE('',#5544,(#5549,#5556),.PCURVE_S1.);
#5544 = CIRCLE('',#5545,50.);
#5545 = AXIS2_PLACEMENT_3D('',#5546,#5547,#5548);
#5546 = CARTESIAN_POINT('',(50.,50.,50.));
#5547 = DIRECTION('',(0.,1.,-0.));
#5548 = DIRECTION('',(-1.,0.,0.));
#5549 = PCURVE('',#3049,#5550);
#5550 = DEFINITIONAL_REPRESENTATION('',(#5551),#5555);
#5551 = LINE('',#5552,#5553);
#5552 = CARTESIAN_POINT('',(0.,50.));
#5553 = VECTOR('',#5554,1.);
#5554 = DIRECTION('',(1.,0.));
#5555 = ( GEOMETRIC_REPRESENTATION_CONTEXT(2) 
PARAMETRIC_REPRESENTATION_CONTEXT() REPRESENTATION_CONTEXT('2D SPACE',''
  ) );
#5556 = PCURVE('',#3685,#5557);
#5557 = DEFINITIONAL_REPRESENTATION('',(#5558),#5562);
#5558 = LINE('',#5559,#5560);
#5559 = CARTESIAN_POINT('',(-0.,0.));
#5560 = VECTOR('',#5561,1.);
#5561 = DIRECTION('',(-1.,0.));
#5562 = ( GEOMETRIC_REPRESENTATION_CONTEXT(2) 
PARAMETRIC_REPRESENTATION_CONTEXT() REPRESENTATION_CONTEXT('2D SPACE',''
  ) );
#5563 = ORIENTED_EDGE('',*,*,#5564,.T.);
#5564 = EDGE_CURVE('',#5541,#5565,#5567,.T.);
#5565 = VERTEX_POINT('',#5566);
#5566 = CARTESIAN_POINT('',(50.,834.5,100.));
#5567 = SURFACE_CURVE('',#5568,(#5572,#5579),.PCURVE_S1.);
#5568 = LINE('',#5569,#5570);
#5569 = CARTESIAN_POINT('',(50.,0.,100.));
#5570 = VECTOR('',#5571,1.);
#5571 = DIRECTION('',(-0.,1.,-0.));
#5572 = PCURVE('',#3049,#5573);
#5573 = DEFINITIONAL_REPRESENTATION('',(#5574),#5578);
#5574 = LINE('',#5575,#5576);
#5575 = CARTESIAN_POINT('',(1.570796326795,0.));
#5576 = VECTOR('',#5577,1.);
#5577 = DIRECTION('',(0.,1.));
#5578 = ( GEOMETRIC_REPRESENTATION_CONTEXT(2) 
PARAMETRIC_REPRESENTATION_CONTEXT() REPRESENTATION_CONTEXT('2D SPACE',''
  ) );
#5579 = PCURVE('',#5580,#5585);
#5580 = PLANE('',#5581);
#5581 = AXIS2_PLACEMENT_3D('',#5582,#5583,#5584);
#5582 = CARTESIAN_POINT('',(0.,0.,100.));
#5583 = DIRECTION('',(0.,0.,-1.));
#5584 = DIRECTION('',(1.,0.,0.));
#5585 = DEFINITIONAL_REPRESENTATION('',(#5586),#5590);
#5586 = LINE('',#5587,#5588);
#5587 = CARTESIAN_POINT('',(50.,0.));
#5588 = VECTOR('',#5589,1.);
#5589 = DIRECTION('',(0.,-1.));
#5590 = ( GEOMETRIC_REPRESENTATION_CONTEXT(2) 
PARAMETRIC_REPRESENTATION_CONTEXT() REPRESENTATION_CONTEXT('2D SPACE',''
  ) );
#5591 = ORIENTED_EDGE('',*,*,#5592,.F.);
#5592 = EDGE_CURVE('',#3006,#5565,#5593,.T.);
#5593 = SURFACE_CURVE('',#5594,(#5599,#5606),.PCURVE_S1.);
#5594 = CIRCLE('',#5595,50.);
#5595 = AXIS2_PLACEMENT_3D('',#5596,#5597,#5598);
#5596 = CARTESIAN_POINT('',(50.,834.5,50.));
#5597 = DIRECTION('',(-0.,1.,0.));
#5598 = DIRECTION('',(-1.,-0.,0.));
#5599 = PCURVE('',#3049,#5600);
#5600 = DEFINITIONAL_REPRESENTATION('',(#5601),#5605);
#5601 = LINE('',#5602,#5603);
#5602 = CARTESIAN_POINT('',(0.,834.5));
#5603 = VECTOR('',#5604,1.);
#5604 = DIRECTION('',(1.,0.));
#5605 = ( GEOMETRIC_REPRESENTATION_CONTEXT(2) 
PARAMETRIC_REPRESENTATION_CONTEXT() REPRESENTATION_CONTEXT('2D SPACE',''
  ) );
#5606 = PCURVE('',#5525,#5607);
#5607 = DEFINITIONAL_REPRESENTATION('',(#5608),#5612);
#5608 = LINE('',#5609,#5610);
#5609 = CARTESIAN_POINT('',(-0.,6.28318530718));
#5610 = VECTOR('',#5611,1.);
#5611 = DIRECTION('',(-1.,0.));
#5612 = ( GEOMETRIC_REPRESENTATION_CONTEXT(2) 
PARAMETRIC_REPRESENTATION_CONTEXT() REPRESENTATION_CONTEXT('2D SPACE',''
  ) );
#5613 = ADVANCED_FACE('',(#5614),#3547,.F.);
#5614 = FACE_BOUND('',#5615,.F.);
#5615 = EDGE_LOOP('',(#5616,#5617,#5618,#5619,#5620));
#5616 = ORIENTED_EDGE('',*,*,#3492,.T.);
#5617 = ORIENTED_EDGE('',*,*,#4570,.T.);
#5618 = ORIENTED_EDGE('',*,*,#4804,.T.);
#5619 = ORIENTED_EDGE('',*,*,#5067,.F.);
#5620 = ORIENTED_EDGE('',*,*,#5043,.F.);
#5621 = ADVANCED_FACE('',(#5622),#3685,.T.);
#5622 = FACE_BOUND('',#5623,.F.);
#5623 = EDGE_LOOP('',(#5624,#5625,#5626));
#5624 = ORIENTED_EDGE('',*,*,#3671,.F.);
#5625 = ORIENTED_EDGE('',*,*,#5540,.T.);
#5626 = ORIENTED_EDGE('',*,*,#5627,.T.);
#5627 = EDGE_CURVE('',#5541,#3649,#5628,.T.);
#5628 = SURFACE_CURVE('',#5629,(#5634,#5640),.PCURVE_S1.);
#5629 = CIRCLE('',#5630,50.);
#5630 = AXIS2_PLACEMENT_3D('',#5631,#5632,#5633);
#5631 = CARTESIAN_POINT('',(50.,50.,50.));
#5632 = DIRECTION('',(1.,0.,6.123233995737E-17));
#5633 = DIRECTION('',(-6.123233995737E-17,0.,1.));
#5634 = PCURVE('',#3685,#5635);
#5635 = DEFINITIONAL_REPRESENTATION('',(#5636),#5639);
#5636 = B_SPLINE_CURVE_WITH_KNOTS('',1,(#5637,#5638),.UNSPECIFIED.,.F.,
  .F.,(2,2),(0.,1.570796326795),.PIECEWISE_BEZIER_KNOTS.);
#5637 = CARTESIAN_POINT('',(-1.570796326795,0.));
#5638 = CARTESIAN_POINT('',(-1.570796326795,1.570796326795));
#5639 = ( GEOMETRIC_REPRESENTATION_CONTEXT(2) 
PARAMETRIC_REPRESENTATION_CONTEXT() REPRESENTATION_CONTEXT('2D SPACE',''
  ) );
#5640 = PCURVE('',#3803,#5641);
#5641 = DEFINITIONAL_REPRESENTATION('',(#5642),#5645);
#5642 = B_SPLINE_CURVE_WITH_KNOTS('',1,(#5643,#5644),.UNSPECIFIED.,.F.,
  .F.,(2,2),(0.,1.570796326795),.PIECEWISE_BEZIER_KNOTS.);
#5643 = CARTESIAN_POINT('',(0.,0.));
#5644 = CARTESIAN_POINT('',(1.570796326795,0.));
#5645 = ( GEOMETRIC_REPRESENTATION_CONTEXT(2) 
PARAMETRIC_REPRESENTATION_CONTEXT() REPRESENTATION_CONTEXT('2D SPACE',''
  ) );
#5646 = ADVANCED_FACE('',(#5647),#3803,.T.);
#5647 = FACE_BOUND('',#5648,.T.);
#5648 = EDGE_LOOP('',(#5649,#5672,#5673,#5674,#5771,#6074));
#5649 = ORIENTED_EDGE('',*,*,#5650,.F.);
#5650 = EDGE_CURVE('',#5541,#5651,#5653,.T.);
#5651 = VERTEX_POINT('',#5652);
#5652 = CARTESIAN_POINT('',(57.68,50.,100.));
#5653 = SURFACE_CURVE('',#5654,(#5658,#5665),.PCURVE_S1.);
#5654 = LINE('',#5655,#5656);
#5655 = CARTESIAN_POINT('',(50.,50.,100.));
#5656 = VECTOR('',#5657,1.);
#5657 = DIRECTION('',(1.,0.,0.));
#5658 = PCURVE('',#3803,#5659);
#5659 = DEFINITIONAL_REPRESENTATION('',(#5660),#5664);
#5660 = LINE('',#5661,#5662);
#5661 = CARTESIAN_POINT('',(0.,0.));
#5662 = VECTOR('',#5663,1.);
#5663 = DIRECTION('',(0.,1.));
#5664 = ( GEOMETRIC_REPRESENTATION_CONTEXT(2) 
PARAMETRIC_REPRESENTATION_CONTEXT() REPRESENTATION_CONTEXT('2D SPACE',''
  ) );
#5665 = PCURVE('',#5580,#5666);
#5666 = DEFINITIONAL_REPRESENTATION('',(#5667),#5671);
#5667 = LINE('',#5668,#5669);
#5668 = CARTESIAN_POINT('',(50.,-50.));
#5669 = VECTOR('',#5670,1.);
#5670 = DIRECTION('',(1.,0.));
#5671 = ( GEOMETRIC_REPRESENTATION_CONTEXT(2) 
PARAMETRIC_REPRESENTATION_CONTEXT() REPRESENTATION_CONTEXT('2D SPACE',''
  ) );
#5672 = ORIENTED_EDGE('',*,*,#5627,.T.);
#5673 = ORIENTED_EDGE('',*,*,#3789,.T.);
#5674 = ORIENTED_EDGE('',*,*,#5675,.F.);
#5675 = EDGE_CURVE('',#5676,#3761,#5678,.T.);
#5676 = VERTEX_POINT('',#5677);
#5677 = CARTESIAN_POINT('',(62.647920158043,1.304154945474,
    61.345248951794));
#5678 = SURFACE_CURVE('',#5679,(#5717,#5744),.PCURVE_S1.);
#5679 = B_SPLINE_CURVE_WITH_KNOTS('',8,(#5680,#5681,#5682,#5683,#5684,
    #5685,#5686,#5687,#5688,#5689,#5690,#5691,#5692,#5693,#5694,#5695,
    #5696,#5697,#5698,#5699,#5700,#5701,#5702,#5703,#5704,#5705,#5706,
    #5707,#5708,#5709,#5710,#5711,#5712,#5713,#5714,#5715,#5716),
  .UNSPECIFIED.,.F.,.F.,(9,7,7,7,7,9),(0.,7.369157731578E-02,
    0.281682124449,0.508510148845,0.842838923444,1.),.UNSPECIFIED.);
#5680 = CARTESIAN_POINT('',(75.687399131935,2.596535446141,
    65.903193021877));
#5681 = CARTESIAN_POINT('',(75.471056512675,2.604555963943,
    65.927100191385));
#5682 = CARTESIAN_POINT('',(75.254485399684,2.611458099309,
    65.947628052301));
#5683 = CARTESIAN_POINT('',(75.037723564034,2.617235516109,
    65.964780277466));
#5684 = CARTESIAN_POINT('',(74.820808704414,2.621883128663,
    65.978559810361));
#5685 = CARTESIAN_POINT('',(74.603778447127,2.625397101739,
    65.988968865109));
#5686 = CARTESIAN_POINT('',(74.386670346091,2.627774850559,
    65.996008926474));
#5687 = CARTESIAN_POINT('',(74.169521882841,2.629015040795,
    65.99968074986));
#5688 = CARTESIAN_POINT('',(73.339472174269,2.629407024188,
    66.000841288445));
#5689 = CARTESIAN_POINT('',(72.726563855473,2.62063378334,65.97486633783
    ));
#5690 = CARTESIAN_POINT('',(72.114470941339,2.602796689508,
    65.922062889381));
#5691 = CARTESIAN_POINT('',(71.504033393782,2.575972738647,
    65.842383928452));
#5692 = CARTESIAN_POINT('',(70.89610524511,2.540318774374,
    65.735738914565));
#5693 = CARTESIAN_POINT('',(70.291555029885,2.496071498065,
    65.601991549037));
#5694 = CARTESIAN_POINT('',(69.691267108973,2.443545813854,
    65.440948441505));
#5695 = CARTESIAN_POINT('',(68.447121000621,2.317245545412,
    65.046646728118));
#5696 = CARTESIAN_POINT('',(67.804332562366,2.241986656654,
    64.808197739049));
#5697 = CARTESIAN_POINT('',(67.168872665716,2.157857738267,
    64.536631809843));
#5698 = CARTESIAN_POINT('',(66.541975401781,2.065472464768,
    64.231494847496));
#5699 = CARTESIAN_POINT('',(65.92501366323,1.965566476803,
    63.892243289901));
#5700 = CARTESIAN_POINT('',(65.319499262832,1.859002866723,
    63.518243294614));
#5701 = CARTESIAN_POINT('',(64.72709341123,1.746775584528,
    63.108733510418));
#5702 = CARTESIAN_POINT('',(63.298505313594,1.457916479716,
    62.005328386101));
#5703 = CARTESIAN_POINT('',(62.481421194498,1.276286396142,
    61.269847877819));
#5704 = CARTESIAN_POINT('',(61.702083712574,1.088404244018,
    60.452067446811));
#5705 = CARTESIAN_POINT('',(60.968299884388,0.898598851278,
    59.547963837143));
#5706 = CARTESIAN_POINT('',(60.291188671593,0.712681810862,
    58.554816385589));
#5707 = CARTESIAN_POINT('',(59.684535150927,0.537940208322,
    57.472087335108));
#5708 = CARTESIAN_POINT('',(59.164484344058,0.382830898648,
    56.302067754314));
#5709 = CARTESIAN_POINT('',(58.552841897361,0.19616177383,
    54.463936997849));
#5710 = CARTESIAN_POINT('',(58.380455238745,0.142753535827,
    53.859063210796));
#5711 = CARTESIAN_POINT('',(58.233311737044,9.658711921498E-02,
    53.238872634717));
#5712 = CARTESIAN_POINT('',(58.113285036659,5.855664609096E-02,
    52.605543094029));
#5713 = CARTESIAN_POINT('',(58.021984012776,2.943497130582E-02,
    51.961673500555));
#5714 = CARTESIAN_POINT('',(57.960649085435,9.807681088607E-03,
    51.310320104418));
#5715 = CARTESIAN_POINT('',(57.93,-1.430394249397E-14,50.655047009008));
#5716 = CARTESIAN_POINT('',(57.93,-1.42108547152E-14,50.));
#5717 = PCURVE('',#3803,#5718);
#5718 = DEFINITIONAL_REPRESENTATION('',(#5719),#5743);
#5719 = B_SPLINE_CURVE_WITH_KNOTS('',8,(#5720,#5721,#5722,#5723,#5724,
    #5725,#5726,#5727,#5728,#5729,#5730,#5731,#5732,#5733,#5734,#5735,
    #5736,#5737,#5738,#5739,#5740,#5741,#5742),.UNSPECIFIED.,.F.,.F.,(9,
    7,7,9),(0.34418594456,0.508510148845,0.842838923444,1.),
  .UNSPECIFIED.);
#5720 = CARTESIAN_POINT('',(1.27178456098,17.680000002146));
#5721 = CARTESIAN_POINT('',(1.27587090748,17.21986912132));
#5722 = CARTESIAN_POINT('',(1.280318867484,16.764043071496));
#5723 = CARTESIAN_POINT('',(1.285130607144,16.313011023424));
#5724 = CARTESIAN_POINT('',(1.290308669252,15.86730071837));
#5725 = CARTESIAN_POINT('',(1.29585602195,15.427478857507));
#5726 = CARTESIAN_POINT('',(1.301776180551,14.994152401802));
#5727 = CARTESIAN_POINT('',(1.308073466094,14.567971729685));
#5728 = CARTESIAN_POINT('',(1.328344375229,13.298505313594));
#5729 = CARTESIAN_POINT('',(1.34349441881,12.481421194498));
#5730 = CARTESIAN_POINT('',(1.360272303293,11.702083712574));
#5731 = CARTESIAN_POINT('',(1.378741414334,10.968299884388));
#5732 = CARTESIAN_POINT('',(1.398938511321,10.291188671593));
#5733 = CARTESIAN_POINT('',(1.420859588683,9.684535150927));
#5734 = CARTESIAN_POINT('',(1.444453665205,9.164484344058));
#5735 = CARTESIAN_POINT('',(1.481405363623,8.552841897362));
#5736 = CARTESIAN_POINT('',(1.493548857042,8.380455238745));
#5737 = CARTESIAN_POINT('',(1.505984999837,8.233311737044));
#5738 = CARTESIAN_POINT('',(1.518671748515,8.113285036659));
#5739 = CARTESIAN_POINT('',(1.531559430921,8.021984012776));
#5740 = CARTESIAN_POINT('',(1.544589924549,7.960649085435));
#5741 = CARTESIAN_POINT('',(1.557695386615,7.93));
#5742 = CARTESIAN_POINT('',(1.570796326795,7.93));
#5743 = ( GEOMETRIC_REPRESENTATION_CONTEXT(2) 
PARAMETRIC_REPRESENTATION_CONTEXT() REPRESENTATION_CONTEXT('2D SPACE',''
  ) );
#5744 = PCURVE('',#3777,#5745);
#5745 = DEFINITIONAL_REPRESENTATION('',(#5746),#5770);
#5746 = B_SPLINE_CURVE_WITH_KNOTS('',8,(#5747,#5748,#5749,#5750,#5751,
    #5752,#5753,#5754,#5755,#5756,#5757,#5758,#5759,#5760,#5761,#5762,
    #5763,#5764,#5765,#5766,#5767,#5768,#5769),.UNSPECIFIED.,.F.,.F.,(9,
    7,7,9),(0.34418594456,0.508510148845,0.842838923444,1.),
  .UNSPECIFIED.);
#5747 = CARTESIAN_POINT('',(1.972106764053,-2.21859671438));
#5748 = CARTESIAN_POINT('',(2.003346982986,-2.158409742062));
#5749 = CARTESIAN_POINT('',(2.034768223771,-2.093808477454));
#5750 = CARTESIAN_POINT('',(2.066393332441,-2.025044968172));
#5751 = CARTESIAN_POINT('',(2.098245832679,-1.952404538572));
#5752 = CARTESIAN_POINT('',(2.130350561119,-1.87620724619));
#5753 = CARTESIAN_POINT('',(2.162734392844,-1.79680880251));
#5754 = CARTESIAN_POINT('',(2.195427309037,-1.714601337407));
#5755 = CARTESIAN_POINT('',(2.295679574018,-1.457916479716));
#5756 = CARTESIAN_POINT('',(2.364194288657,-1.276286396142));
#5757 = CARTESIAN_POINT('',(2.434449077318,-1.088404244018));
#5758 = CARTESIAN_POINT('',(2.50674858484,-0.898598851278));
#5759 = CARTESIAN_POINT('',(2.58132482387,-0.712681810862));
#5760 = CARTESIAN_POINT('',(2.658356588077,-0.537940208322));
#5761 = CARTESIAN_POINT('',(2.738004563473,-0.382830898648));
#5762 = CARTESIAN_POINT('',(2.859080972078,-0.19616177383));
#5763 = CARTESIAN_POINT('',(2.898353572039,-0.142753535827));
#5764 = CARTESIAN_POINT('',(2.938124781677,-9.658711921503E-02));
#5765 = CARTESIAN_POINT('',(2.978327662496,-5.855664609097E-02));
#5766 = CARTESIAN_POINT('',(3.018883482312,-2.943497130576E-02));
#5767 = CARTESIAN_POINT('',(3.059697650757,-9.807681088637E-03));
#5768 = CARTESIAN_POINT('',(3.100652215527,1.42108547152E-14));
#5769 = CARTESIAN_POINT('',(3.14159265359,1.42108547152E-14));
#5770 = ( GEOMETRIC_REPRESENTATION_CONTEXT(2) 
PARAMETRIC_REPRESENTATION_CONTEXT() REPRESENTATION_CONTEXT('2D SPACE',''
  ) );
#5771 = ORIENTED_EDGE('',*,*,#5772,.T.);
#5772 = EDGE_CURVE('',#5676,#5773,#5775,.T.);
#5773 = VERTEX_POINT('',#5774);
#5774 = CARTESIAN_POINT('',(57.68,3.513064671351,68.410997902069));
#5775 = SURFACE_CURVE('',#5776,(#5781,#5787),.PCURVE_S1.);
#5776 = B_SPLINE_CURVE_WITH_KNOTS('',3,(#5777,#5778,#5779,#5780),
  .UNSPECIFIED.,.F.,.F.,(4,4),(0.,4.970130028163),
  .PIECEWISE_BEZIER_KNOTS.);
#5777 = CARTESIAN_POINT('',(62.647920158043,1.304154938724,
    61.345248951353));
#5778 = CARTESIAN_POINT('',(60.991946772029,1.864591865698,
    63.750744844797));
#5779 = CARTESIAN_POINT('',(59.335973386014,2.603591187691,
    66.114618572557));
#5780 = CARTESIAN_POINT('',(57.68,3.513064671351,68.410997902069));
#5781 = PCURVE('',#3803,#5782);
#5782 = DEFINITIONAL_REPRESENTATION('',(#5783),#5786);
#5783 = B_SPLINE_CURVE_WITH_KNOTS('',1,(#5784,#5785),.UNSPECIFIED.,.F.,
  .F.,(2,2),(0.,4.970130028163),.PIECEWISE_BEZIER_KNOTS.);
#5784 = CARTESIAN_POINT('',(1.34189773735,12.647920158043));
#5785 = CARTESIAN_POINT('',(1.193702595213,7.68));
#5786 = ( GEOMETRIC_REPRESENTATION_CONTEXT(2) 
PARAMETRIC_REPRESENTATION_CONTEXT() REPRESENTATION_CONTEXT('2D SPACE',''
  ) );
#5787 = PCURVE('',#5788,#6045);
#5788 = B_SPLINE_SURFACE_WITH_KNOTS('',8,8,(
    (#5789,#5790,#5791,#5792,#5793,#5794,#5795,#5796,#5797,#5798,#5799
      ,#5800,#5801,#5802,#5803,#5804)
    ,(#5805,#5806,#5807,#5808,#5809,#5810,#5811,#5812,#5813,#5814,#5815
      ,#5816,#5817,#5818,#5819,#5820)
    ,(#5821,#5822,#5823,#5824,#5825,#5826,#5827,#5828,#5829,#5830,#5831
      ,#5832,#5833,#5834,#5835,#5836)
    ,(#5837,#5838,#5839,#5840,#5841,#5842,#5843,#5844,#5845,#5846,#5847
      ,#5848,#5849,#5850,#5851,#5852)
    ,(#5853,#5854,#5855,#5856,#5857,#5858,#5859,#5860,#5861,#5862,#5863
      ,#5864,#5865,#5866,#5867,#5868)
    ,(#5869,#5870,#5871,#5872,#5873,#5874,#5875,#5876,#5877,#5878,#5879
      ,#5880,#5881,#5882,#5883,#5884)
    ,(#5885,#5886,#5887,#5888,#5889,#5890,#5891,#5892,#5893,#5894,#5895
      ,#5896,#5897,#5898,#5899,#5900)
    ,(#5901,#5902,#5903,#5904,#5905,#5906,#5907,#5908,#5909,#5910,#5911
      ,#5912,#5913,#5914,#5915,#5916)
    ,(#5917,#5918,#5919,#5920,#5921,#5922,#5923,#5924,#5925,#5926,#5927
      ,#5928,#5929,#5930,#5931,#5932)
    ,(#5933,#5934,#5935,#5936,#5937,#5938,#5939,#5940,#5941,#5942,#5943
      ,#5944,#5945,#5946,#5947,#5948)
    ,(#5949,#5950,#5951,#5952,#5953,#5954,#5955,#5956,#5957,#5958,#5959
      ,#5960,#5961,#5962,#5963,#5964)
    ,(#5965,#5966,#5967,#5968,#5969,#5970,#5971,#5972,#5973,#5974,#5975
      ,#5976,#5977,#5978,#5979,#5980)
    ,(#5981,#5982,#5983,#5984,#5985,#5986,#5987,#5988,#5989,#5990,#5991
      ,#5992,#5993,#5994,#5995,#5996)
    ,(#5997,#5998,#5999,#6000,#6001,#6002,#6003,#6004,#6005,#6006,#6007
      ,#6008,#6009,#6010,#6011,#6012)
    ,(#6013,#6014,#6015,#6016,#6017,#6018,#6019,#6020,#6021,#6022,#6023
      ,#6024,#6025,#6026,#6027,#6028)
    ,(#6029,#6030,#6031,#6032,#6033,#6034,#6035,#6036,#6037,#6038,#6039
      ,#6040,#6041,#6042,#6043,#6044
  )),.UNSPECIFIED.,.F.,.F.,.F.,(9,7,9),(9,7,9),(-5.914566876088,
    1.700469411716,9.315505699521),(-4.642096233022,-0.485810872103,
    3.670474488817),.UNSPECIFIED.);
#5789 = CARTESIAN_POINT('',(60.704893203424,-0.922883201667,
    61.127050742802));
#5790 = CARTESIAN_POINT('',(60.341035498793,-0.518138307647,
    61.576143235946));
#5791 = CARTESIAN_POINT('',(59.990544308211,-0.126616686615,
    62.027807533782));
#5792 = CARTESIAN_POINT('',(59.657449852417,0.247695788751,
    62.482818847816));
#5793 = CARTESIAN_POINT('',(59.355507543645,0.59119284432,
    62.943823080421));
#5794 = CARTESIAN_POINT('',(59.064857683149,0.923527683961,63.4069945687
    ));
#5795 = CARTESIAN_POINT('',(58.800234846814,1.230124964044,
    63.875170149056));
#5796 = CARTESIAN_POINT('',(58.554299230371,1.518246876523,
    64.346937086373));
#5797 = CARTESIAN_POINT('',(58.096734454656,2.060572881453,
    65.297065224418));
#5798 = CARTESIAN_POINT('',(57.884183278553,2.315690883035,
    65.775245555309));
#5799 = CARTESIAN_POINT('',(57.690562813511,2.55207986562,
    66.257086469469));
#5800 = CARTESIAN_POINT('',(57.494729579732,2.790696306619,
    66.738441612132));
#5801 = CARTESIAN_POINT('',(57.327940369659,3.000531910572,
    67.225474764529));
#5802 = CARTESIAN_POINT('',(57.134470265877,3.236810892073,
    67.707277648059));
#5803 = CARTESIAN_POINT('',(56.974869567232,3.439557046986,
    68.195643084686));
#5804 = CARTESIAN_POINT('',(56.804635741821,3.652807289379,
    68.681979419563));
#5805 = CARTESIAN_POINT('',(61.533586413221,-0.406198025107,
    61.098883345924));
#5806 = CARTESIAN_POINT('',(61.21243348949,-4.368538148345E-02,
    61.556186868811));
#5807 = CARTESIAN_POINT('',(60.903720134199,0.306520501779,
    62.015883747123));
#5808 = CARTESIAN_POINT('',(60.611431444764,0.640478007917,
    62.478740743515));
#5809 = CARTESIAN_POINT('',(60.357430279608,0.936560037938,
    62.948964039512));
#5810 = CARTESIAN_POINT('',(60.104586967954,1.231506710709,
    63.419403376935));
#5811 = CARTESIAN_POINT('',(59.881527996652,1.496998101414,
    63.895570516801));
#5812 = CARTESIAN_POINT('',(59.674150461128,1.746987566804,
    64.374750440922));
#5813 = CARTESIAN_POINT('',(59.290099176918,2.216611646685,
    65.339011741513));
#5814 = CARTESIAN_POINT('',(59.113012115363,2.436659350699,
    65.824006246076));
#5815 = CARTESIAN_POINT('',(58.948255890109,2.644492687243,
    66.311413325674));
#5816 = CARTESIAN_POINT('',(58.792073655923,2.843918481555,
    66.800357581875));
#5817 = CARTESIAN_POINT('',(58.64372158,3.035496941079,67.290966819035)
  );
#5818 = CARTESIAN_POINT('',(58.485698387522,3.236734116008,
    67.77957541415));
#5819 = CARTESIAN_POINT('',(58.361772213234,3.404200009367,
    68.274794830607));
#5820 = CARTESIAN_POINT('',(58.212480832938,3.596736182,68.765162726447)
  );
#5821 = CARTESIAN_POINT('',(62.262065256614,0.209592059549,
    61.051452491408));
#5822 = CARTESIAN_POINT('',(61.984686259228,0.528815045827,
    61.517172980625));
#5823 = CARTESIAN_POINT('',(61.722002090919,0.833498543308,
    61.985719706148));
#5824 = CARTESIAN_POINT('',(61.46843322593,1.129166180422,
    62.456020242921));
#5825 = CARTESIAN_POINT('',(61.252416409802,1.387685418049,
    62.933547481313));
#5826 = CARTESIAN_POINT('',(61.052519868332,1.630263693572,
    63.414168183702));
#5827 = CARTESIAN_POINT('',(60.862672748,1.862913257364,63.896720358292)
  );
#5828 = CARTESIAN_POINT('',(60.694650741766,2.073980577914,
    64.383467769138));
#5829 = CARTESIAN_POINT('',(60.379228388665,2.475732375896,
    65.360924581247));
#5830 = CARTESIAN_POINT('',(60.243011107697,2.655369413445,
    65.853746383004));
#5831 = CARTESIAN_POINT('',(60.05876026418,2.882427034693,
    66.337541973763));
#5832 = CARTESIAN_POINT('',(60.019422873848,2.966452251353,
    66.84870403073));
#5833 = CARTESIAN_POINT('',(59.803088870437,3.225016388502,
    67.326412173122));
#5834 = CARTESIAN_POINT('',(59.689732439457,3.38226155504,
    67.823639089454));
#5835 = CARTESIAN_POINT('',(59.644552786545,3.471768516937,
    68.334041303083));
#5836 = CARTESIAN_POINT('',(59.497035387905,3.662566803113,
    68.824703285286));
#5837 = CARTESIAN_POINT('',(62.884400961354,0.930351062619,
    60.983613319711));
#5838 = CARTESIAN_POINT('',(62.64738024801,1.209664263195,
    61.457091893876));
#5839 = CARTESIAN_POINT('',(62.402564780453,1.496690964451,
    61.929069497396));
#5840 = CARTESIAN_POINT('',(62.212515813407,1.729535595825,
    62.411604884747));
#5841 = CARTESIAN_POINT('',(62.110385684325,1.875380552189,
    62.91102019584));
#5842 = CARTESIAN_POINT('',(61.85869057557,2.169241655513,
    63.381675592355));
#5843 = CARTESIAN_POINT('',(61.755703692568,2.315961635732,
    63.880934677822));
#5844 = CARTESIAN_POINT('',(61.615175784436,2.499844424381,
    64.372968515148));
#5845 = CARTESIAN_POINT('',(61.363899634642,2.838156504776,
    65.362762113906));
#5846 = CARTESIAN_POINT('',(61.218237489995,3.027056095923,
    65.85404919795));
#5847 = CARTESIAN_POINT('',(61.226384978765,3.064267854048,
    66.373523486803));
#5848 = CARTESIAN_POINT('',(60.85387600901,3.47666411577,66.823270496301
    ));
#5849 = CARTESIAN_POINT('',(60.988243913229,3.39002832509,
    67.365813424952));
#5850 = CARTESIAN_POINT('',(60.779072823083,3.640898641656,
    67.84544617109));
#5851 = CARTESIAN_POINT('',(60.51516045464,3.947051088787,
    68.313727779053));
#5852 = CARTESIAN_POINT('',(60.46115003153,4.04533626305,68.822486349871
    ));
#5853 = CARTESIAN_POINT('',(63.418740200005,1.73812834969,
    60.898871970652));
#5854 = CARTESIAN_POINT('',(63.241255174807,1.958560509531,
    61.383806062615));
#5855 = CARTESIAN_POINT('',(63.088995890542,2.154037068712,
    61.873599214712));
#5856 = CARTESIAN_POINT('',(62.837413432054,2.447742535684,
    62.344201279668));
#5857 = CARTESIAN_POINT('',(62.760094678252,2.569122784425,
    62.848476329138));
#5858 = CARTESIAN_POINT('',(62.63862321926,2.734113006787,
    63.344130892494));
#5859 = CARTESIAN_POINT('',(62.5373925912,2.879140339615,63.843742181318
    ));
#5860 = CARTESIAN_POINT('',(62.44259453543,3.017788079843,
    64.344571431069));
#5861 = CARTESIAN_POINT('',(62.250255632853,3.297810298423,
    65.345705883427));
#5862 = CARTESIAN_POINT('',(62.183384424601,3.408932088928,
    65.85145403246));
#5863 = CARTESIAN_POINT('',(61.936543785232,3.697471460569,
    66.325223050159));
#5864 = CARTESIAN_POINT('',(62.098097943263,3.583940333616,
    66.870759201555));
#5865 = CARTESIAN_POINT('',(61.704529323593,4.015971138834,
    67.319044658375));
#5866 = CARTESIAN_POINT('',(61.638827269889,4.127460179793,
    67.82327887785));
#5867 = CARTESIAN_POINT('',(61.691650402199,4.119680088648,
    68.352652041976));
#5868 = CARTESIAN_POINT('',(61.5498914332,4.304785445914,68.844423163436
    ));
#5869 = CARTESIAN_POINT('',(63.800567364421,2.696738207781,
    60.784777262111));
#5870 = CARTESIAN_POINT('',(63.659339025282,2.881315409297,
    61.276674956274));
#5871 = CARTESIAN_POINT('',(63.521529830383,3.062506458716,
    61.769220577234));
#5872 = CARTESIAN_POINT('',(63.458487503889,3.169756917348,
    62.27620051226));
#5873 = CARTESIAN_POINT('',(63.320824521439,3.350783609721,
    62.768734742184));
#5874 = CARTESIAN_POINT('',(63.285409252916,3.43071371993,
    63.281021570321));
#5875 = CARTESIAN_POINT('',(63.219485543772,3.540801332293,
    63.787393811065));
#5876 = CARTESIAN_POINT('',(63.16902076768,3.635610971351,
    64.296756084292));
#5877 = CARTESIAN_POINT('',(63.047102817939,3.845988445937,
    65.311440864549));
#5878 = CARTESIAN_POINT('',(62.959552578857,3.977459629483,
    65.814075993696));
#5879 = CARTESIAN_POINT('',(62.964023399987,4.018100986259,
    66.332002607801));
#5880 = CARTESIAN_POINT('',(62.690647740663,4.33276542724,
    66.802846118541));
#5881 = CARTESIAN_POINT('',(62.730182377074,4.339808941536,
    67.324538367989));
#5882 = CARTESIAN_POINT('',(62.603150603297,4.509143720827,
    67.821653188276));
#5883 = CARTESIAN_POINT('',(62.428131139258,4.727529070654,
    68.306770537189));
#5884 = CARTESIAN_POINT('',(62.374984803773,4.825002236588,
    68.815611761736));
#5885 = CARTESIAN_POINT('',(64.093562152846,3.743199586848,
    60.653614253047));
#5886 = CARTESIAN_POINT('',(64.003431608004,3.877243959154,
    61.155341757746));
#5887 = CARTESIAN_POINT('',(63.928045489874,3.996703479217,
    61.659905877832));
#5888 = CARTESIAN_POINT('',(63.850605251112,4.118189055494,
    62.164056919001));
#5889 = CARTESIAN_POINT('',(63.833836034962,4.179670652559,
    62.67990754981));
#5890 = CARTESIAN_POINT('',(63.807081739915,4.251024195924,
    63.19381405094));
#5891 = CARTESIAN_POINT('',(63.813936654823,4.28914387734,
    63.714199382912));
#5892 = CARTESIAN_POINT('',(63.808428162944,4.339492790313,
    64.232205377707));
#5893 = CARTESIAN_POINT('',(63.765527516935,4.471727178304,
    65.262090310628));
#5894 = CARTESIAN_POINT('',(63.73414009066,4.547644215049,
    65.774971292984));
#5895 = CARTESIAN_POINT('',(63.631913803249,4.693774145334,
    66.275157478126));
#5896 = CARTESIAN_POINT('',(63.603417025145,4.766672101245,
    66.786966759052));
#5897 = CARTESIAN_POINT('',(63.444583664186,4.968661233223,
    67.277692011391));
#5898 = CARTESIAN_POINT('',(63.355152515714,5.102227682072,
    67.778291818401));
#5899 = CARTESIAN_POINT('',(63.295655426211,5.205844322929,
    68.286086647029));
#5900 = CARTESIAN_POINT('',(63.220950030018,5.324615213761,
    68.790786206859));
#5901 = CARTESIAN_POINT('',(64.278674623061,4.896353865466,
    60.501699997752));
#5902 = CARTESIAN_POINT('',(64.233044207268,4.986390669441,
    61.011984538948));
#5903 = CARTESIAN_POINT('',(64.202749324918,5.061257437145,
    61.525216884063));
#5904 = CARTESIAN_POINT('',(64.190008466026,5.118760369488,
    62.041823899831));
#5905 = CARTESIAN_POINT('',(64.205001693486,5.148830950887,
    62.56376631402));
#5906 = CARTESIAN_POINT('',(64.242813323199,5.156333644478,
    63.090098448991));
#5907 = CARTESIAN_POINT('',(64.299104195002,5.145562512566,
    63.619986320253));
#5908 = CARTESIAN_POINT('',(64.35188667072,5.138263836471,
    64.149201943733));
#5909 = CARTESIAN_POINT('',(64.409353721956,5.171238771603,
    65.198388013221));
#5910 = CARTESIAN_POINT('',(64.413203066812,5.212345840645,
    65.718190663285));
#5911 = CARTESIAN_POINT('',(64.384433405984,5.285661870089,
    66.23175803234));
#5912 = CARTESIAN_POINT('',(64.249161204252,5.46447494125,
    66.724780236377));
#5913 = CARTESIAN_POINT('',(64.193853001487,5.563889504375,
    67.233194730125));
#5914 = CARTESIAN_POINT('',(64.097167795095,5.704511879535,
    67.733701213015));
#5915 = CARTESIAN_POINT('',(64.021080474972,5.824641844998,
    68.23810812303));
#5916 = CARTESIAN_POINT('',(63.962932166985,5.927045319339,
    68.745984457562));
#5917 = CARTESIAN_POINT('',(64.474720254881,7.37491991342,
    60.164376128386));
#5918 = CARTESIAN_POINT('',(64.518635493383,7.376402906,60.691881828515)
  );
#5919 = CARTESIAN_POINT('',(64.581705212675,7.35893914068,
    61.223070002996));
#5920 = CARTESIAN_POINT('',(64.66663626877,7.319851649941,61.75846160525
    ));
#5921 = CARTESIAN_POINT('',(64.779967667198,7.252673392083,
    62.29931508242));
#5922 = CARTESIAN_POINT('',(64.919049678347,7.160026199767,
    62.845121144889));
#5923 = CARTESIAN_POINT('',(65.082824309451,7.042956917795,
    63.395677077693));
#5924 = CARTESIAN_POINT('',(65.253120571669,6.919439322866,
    63.947487859784));
#5925 = CARTESIAN_POINT('',(65.532431596722,6.733014560007,
    65.039327788063));
#5926 = CARTESIAN_POINT('',(65.619119521959,6.692196411988,
    65.575076589643));
#5927 = CARTESIAN_POINT('',(65.779597183856,6.578363819726,
    66.124933008371));
#5928 = CARTESIAN_POINT('',(65.456877026898,6.942478584789,
    66.582112814573));
#5929 = CARTESIAN_POINT('',(65.525162876842,6.919873390149,
    67.114128307038));
#5930 = CARTESIAN_POINT('',(65.405159393905,7.083391180205,
    67.61019354276));
#5931 = CARTESIAN_POINT('',(65.351678081604,7.181191448299,
    68.11896593607));
#5932 = CARTESIAN_POINT('',(65.326923913893,7.250566408296,
    68.633272266895));
#5933 = CARTESIAN_POINT('',(64.484530242999,8.701442512845,
    59.97874979351));
#5934 = CARTESIAN_POINT('',(64.572579713387,8.65928047699,
    60.514743631636));
#5935 = CARTESIAN_POINT('',(64.681569618823,8.59640558769,
    61.054763662007));
#5936 = CARTESIAN_POINT('',(64.812724763626,8.511605603629,
    61.599045051801));
#5937 = CARTESIAN_POINT('',(64.977320683249,8.393732056883,
    62.14975869234));
#5938 = CARTESIAN_POINT('',(65.16170440709,8.2562822438,62.704275775775)
  );
#5939 = CARTESIAN_POINT('',(65.380748831138,8.084554619002,
    63.265459606156));
#5940 = CARTESIAN_POINT('',(65.611375324012,7.90137010899,
    63.828870294012));
#5941 = CARTESIAN_POINT('',(66.003831479554,7.6030359126,64.942455193257
    ));
#5942 = CARTESIAN_POINT('',(66.121172836785,7.531881635719,
    65.484201875318));
#5943 = CARTESIAN_POINT('',(66.500724370034,7.201485857892,
    66.075713349561));
#5944 = CARTESIAN_POINT('',(65.77077459839,7.968119089592,
    66.455246814086));
#5945 = CARTESIAN_POINT('',(66.343251145123,7.447238825752,
    67.084166569083));
#5946 = CARTESIAN_POINT('',(65.9228062175,7.907664340329,67.522130477246
    ));
#5947 = CARTESIAN_POINT('',(65.947733233668,7.927951568739,
    68.046071788354));
#5948 = CARTESIAN_POINT('',(65.945048042218,7.975496674628,
    68.564625349208));
#5949 = CARTESIAN_POINT('',(64.418165914239,10.103298430553,
    59.778473601816));
#5950 = CARTESIAN_POINT('',(64.550077320245,10.017760927001,
    60.322903473806));
#5951 = CARTESIAN_POINT('',(64.70370322604,9.910744384068,
    60.871508277323));
#5952 = CARTESIAN_POINT('',(64.883214652762,9.778127938033,
    61.425092065252));
#5953 = CARTESIAN_POINT('',(65.088423427111,9.62008261321,
    61.983612833248));
#5954 = CARTESIAN_POINT('',(65.329553179053,9.426528564241,
    62.549049617876));
#5955 = CARTESIAN_POINT('',(65.588041970164,9.215778195354,
    63.117812655126));
#5956 = CARTESIAN_POINT('',(65.879308506877,8.972625534607,
    63.692881333519));
#5957 = CARTESIAN_POINT('',(66.437085011451,8.510826267806,
    64.838274832518));
#5958 = CARTESIAN_POINT('',(66.796118742713,8.200625698176,
    65.426037761195));
#5959 = CARTESIAN_POINT('',(66.292294245055,8.743933560959,
    65.849896455381));
#5960 = CARTESIAN_POINT('',(68.159970621719,6.941251309139,
    66.724666140599));
#5961 = CARTESIAN_POINT('',(65.388003258132,9.727615222903,
    66.713224907149));
#5962 = CARTESIAN_POINT('',(66.743479842206,8.432390662856,
    67.492526146381));
#5963 = CARTESIAN_POINT('',(66.467595023697,8.750039874922,
    67.958528197137));
#5964 = CARTESIAN_POINT('',(66.50499358642,8.757953806076,
    68.484790498627));
#5965 = CARTESIAN_POINT('',(64.29044594371,11.565831540037,59.5663965283
    ));
#5966 = CARTESIAN_POINT('',(64.466899887616,11.436245675636,
    60.119393513923));
#5967 = CARTESIAN_POINT('',(64.664553988077,11.285690719306,
    60.676467332248));
#5968 = CARTESIAN_POINT('',(64.896258649856,11.101453604191,
    61.240087482339));
#5969 = CARTESIAN_POINT('',(65.132527947332,10.912709532436,
    61.804591196714));
#5970 = CARTESIAN_POINT('',(65.437129593888,10.656360159576,
    62.382222872029));
#5971 = CARTESIAN_POINT('',(65.726395972125,10.415202348088,
    62.956923639421));
#5972 = CARTESIAN_POINT('',(66.048763508922,10.141262989302,
    63.537961851986));
#5973 = CARTESIAN_POINT('',(66.619698569858,9.666365949116,
    64.685823548933));
#5974 = CARTESIAN_POINT('',(66.523095745583,9.806765385886,
    65.186588106685));
#5975 = CARTESIAN_POINT('',(68.531357805641,7.865682656621,
    66.090158943682));
#5976 = CARTESIAN_POINT('',(64.954724382002,11.448634862455,
    65.925703447426));
#5977 = CARTESIAN_POINT('',(67.825476367518,8.653575927272,
    66.992821103784));
#5978 = CARTESIAN_POINT('',(66.678210702754,9.833043106501,
    67.292551273126));
#5979 = CARTESIAN_POINT('',(66.946337130643,9.612806173542,
    67.863046823679));
#5980 = CARTESIAN_POINT('',(67.033137879664,9.571858217566,
    68.398824372454));
#5981 = CARTESIAN_POINT('',(64.115247355476,13.075316225757,
    59.345185914757));
#5982 = CARTESIAN_POINT('',(64.338750258338,12.899203140891,
    59.90723174966));
#5983 = CARTESIAN_POINT('',(64.587237460563,12.698378074892,
    60.474082130655));
#5984 = CARTESIAN_POINT('',(64.854401987769,12.479079470028,
    61.044525040313));
#5985 = CARTESIAN_POINT('',(65.171879276912,12.21001595825,
    61.624641473748));
#5986 = CARTESIAN_POINT('',(65.485419257216,11.944851615524,
    62.204007903253));
#5987 = CARTESIAN_POINT('',(65.856423307813,11.62283766481,
    62.794412364012));
#5988 = CARTESIAN_POINT('',(66.241074703303,11.287347963803,
    63.387459230849));
#5989 = CARTESIAN_POINT('',(66.947690995682,10.678302151664,
    64.561459160327));
#5990 = CARTESIAN_POINT('',(67.578742972157,10.099190343335,
    65.201779097082));
#5991 = CARTESIAN_POINT('',(66.255969892186,11.451467467569,
    65.466839248667));
#5992 = CARTESIAN_POINT('',(68.94266437854,8.839700555587,
    66.500648679323));
#5993 = CARTESIAN_POINT('',(66.851009582235,10.953423104229,
    66.619844603285));
#5994 = CARTESIAN_POINT('',(67.635143866856,10.222910438992,
    67.288789173178));
#5995 = CARTESIAN_POINT('',(67.558232358458,10.343864955116,
    67.79321529371));
#5996 = CARTESIAN_POINT('',(67.648609824836,10.29939093821,
    68.329673481841));
#5997 = CARTESIAN_POINT('',(63.901372578101,14.623045830604,
    59.116533795628));
#5998 = CARTESIAN_POINT('',(64.174340387212,14.398015689551,
    59.688092522322));
#5999 = CARTESIAN_POINT('',(64.471636565549,14.148922374209,
    60.264329829792));
#6000 = CARTESIAN_POINT('',(64.798478038937,13.870606464579,
    60.846248988281));
#6001 = CARTESIAN_POINT('',(65.148509811757,13.56935238908,
    61.432628839221));
#6002 = CARTESIAN_POINT('',(65.537665724067,13.22940154489,
    62.026530817398));
#6003 = CARTESIAN_POINT('',(65.943837009206,12.872620256594,
    62.623708278257));
#6004 = CARTESIAN_POINT('',(66.367693388846,12.498339634042,
    63.224278501779));
#6005 = CARTESIAN_POINT('',(67.16064592982,11.803923703043,
    64.41488445295));
#6006 = CARTESIAN_POINT('',(67.412614511922,11.599598357017,
    64.982398859668));
#6007 = CARTESIAN_POINT('',(68.29844573937,10.768594967265,
    65.671784426955));
#6008 = CARTESIAN_POINT('',(67.457244243074,11.64513423669,
    66.029302343024));
#6009 = CARTESIAN_POINT('',(68.161725514027,10.993519133348,
    66.683451592364));
#6010 = CARTESIAN_POINT('',(67.989010980227,11.20912293428,
    67.169484461592));
#6011 = CARTESIAN_POINT('',(68.118011067254,11.126484867427,
    67.713348165231));
#6012 = CARTESIAN_POINT('',(68.237912273839,11.052813326178,
    68.255488463419));
#6013 = CARTESIAN_POINT('',(63.651020842928,16.206845313043,
    58.880863757403));
#6014 = CARTESIAN_POINT('',(63.975327914191,15.931044067745,
    59.462295468343));
#6015 = CARTESIAN_POINT('',(64.325330803353,15.629827296732,
    60.048668776293));
#6016 = CARTESIAN_POINT('',(64.702708081174,15.301534329454,
    60.640306418246));
#6017 = CARTESIAN_POINT('',(65.111031330155,14.942634112069,
    61.237895955428));
#6018 = CARTESIAN_POINT('',(65.545338011124,14.558030957342,
    61.840481337436));
#6019 = CARTESIAN_POINT('',(66.008065306495,14.145318682557,
    62.448533026707));
#6020 = CARTESIAN_POINT('',(66.477822235536,13.725645395021,
    63.05793220847));
#6021 = CARTESIAN_POINT('',(67.368896906872,12.93419016223,
    64.267410844244));
#6022 = CARTESIAN_POINT('',(67.769724460778,12.582659986704,
    64.863539818051));
#6023 = CARTESIAN_POINT('',(68.260161759007,12.142593609273,
    65.476969900688));
#6024 = CARTESIAN_POINT('',(68.268940606475,12.178645363449,
    65.997606723683));
#6025 = CARTESIAN_POINT('',(68.459028937737,12.035678563871,
    66.553295248887));
#6026 = CARTESIAN_POINT('',(68.537592219243,12.002846467648,
    67.087453102755));
#6027 = CARTESIAN_POINT('',(68.664736878995,11.922021283995,
    67.630985307272));
#6028 = CARTESIAN_POINT('',(68.812315208918,11.820977247967,
    68.178446154539));
#6029 = CARTESIAN_POINT('',(63.363879397421,17.827024256377,
    58.638116474042));
#6030 = CARTESIAN_POINT('',(63.740588716199,17.499400408168,
    59.229625386463));
#6031 = CARTESIAN_POINT('',(64.143557960019,17.145803024562,
    59.826184373655));
#6032 = CARTESIAN_POINT('',(64.574451321272,16.7645859229,
    60.428113557679));
#6033 = CARTESIAN_POINT('',(65.034899157019,16.354136844692,
    61.0357265068));
#6034 = CARTESIAN_POINT('',(65.521887291011,15.917435252761,
    61.648443232974));
#6035 = CARTESIAN_POINT('',(66.032937447088,15.45693339214,
    62.26578698658));
#6036 = CARTESIAN_POINT('',(66.548696265138,14.991767071993,
    62.884033586187));
#6037 = CARTESIAN_POINT('',(67.532285827385,14.10882625205,
    64.111310108504));
#6038 = CARTESIAN_POINT('',(67.98939096208,13.701652043373,
    64.718271994181));
#6039 = CARTESIAN_POINT('',(68.468883237381,13.272386422091,
    65.329577806838));
#6040 = CARTESIAN_POINT('',(68.640458784667,13.147516674233,
    65.881582568865));
#6041 = CARTESIAN_POINT('',(68.842968855909,12.992190501686,
    66.439615554633));
#6042 = CARTESIAN_POINT('',(68.994801746725,12.886922615128,
    66.987879420979));
#6043 = CARTESIAN_POINT('',(69.160672699087,12.767790507245,
    67.538854920923));
#6044 = CARTESIAN_POINT('',(69.343595801656,12.63179047836,
    68.093112274338));
#6045 = DEFINITIONAL_REPRESENTATION('',(#6046),#6073);
#6046 = B_SPLINE_CURVE_WITH_KNOTS('',9,(#6047,#6048,#6049,#6050,#6051,
    #6052,#6053,#6054,#6055,#6056,#6057,#6058,#6059,#6060,#6061,#6062,
    #6063,#6064,#6065,#6066,#6067,#6068,#6069,#6070,#6071,#6072),
  .UNSPECIFIED.,.F.,.F.,(10,8,8,10),(0.,2.485065014081,3.727597521122,
    4.970130028163),.UNSPECIFIED.);
#6047 = CARTESIAN_POINT('',(-2.985226233971,-4.220087484566));
#6048 = CARTESIAN_POINT('',(-3.139566934473,-3.795133800724));
#6049 = CARTESIAN_POINT('',(-3.290030954593,-3.373789375863));
#6050 = CARTESIAN_POINT('',(-3.438804231557,-2.95042732203));
#6051 = CARTESIAN_POINT('',(-3.585911926589,-2.524239813773));
#6052 = CARTESIAN_POINT('',(-3.729023182189,-2.102447503575));
#6053 = CARTESIAN_POINT('',(-3.868850104205,-1.68322209117));
#6054 = CARTESIAN_POINT('',(-4.007557387253,-1.259930621035));
#6055 = CARTESIAN_POINT('',(-4.1428509886,-0.839550385733));
#6056 = CARTESIAN_POINT('',(-4.342073868493,-0.20924023105));
#6057 = CARTESIAN_POINT('',(-4.407818254748,6.875384698207E-04));
#6058 = CARTESIAN_POINT('',(-4.472907081412,0.210457959209));
#6059 = CARTESIAN_POINT('',(-4.537345365689,0.42008035326));
#6060 = CARTESIAN_POINT('',(-4.601135461207,0.629555098212));
#6061 = CARTESIAN_POINT('',(-4.66427705802,0.838873627156));
#6062 = CARTESIAN_POINT('',(-4.726767182596,1.048018428677));
#6063 = CARTESIAN_POINT('',(-4.788600197833,1.256963046861));
#6064 = CARTESIAN_POINT('',(-4.91093540826,1.674381115716));
#6065 = CARTESIAN_POINT('',(-4.971491953828,1.883053785168));
#6066 = CARTESIAN_POINT('',(-5.031019167855,2.090139210376));
#6067 = CARTESIAN_POINT('',(-5.091016443674,2.301154150066));
#6068 = CARTESIAN_POINT('',(-5.148227407293,2.504077680732));
#6069 = CARTESIAN_POINT('',(-5.207568479595,2.717024182588));
#6070 = CARTESIAN_POINT('',(-5.263990906095,2.921392632889));
#6071 = CARTESIAN_POINT('',(-5.32102710578,3.13020219823));
#6072 = CARTESIAN_POINT('',(-5.376878978262,3.336794989833));
#6073 = ( GEOMETRIC_REPRESENTATION_CONTEXT(2) 
PARAMETRIC_REPRESENTATION_CONTEXT() REPRESENTATION_CONTEXT('2D SPACE',''
  ) );
#6074 = ORIENTED_EDGE('',*,*,#6075,.T.);
#6075 = EDGE_CURVE('',#5773,#5651,#6076,.T.);
#6076 = SURFACE_CURVE('',#6077,(#6082,#6089),.PCURVE_S1.);
#6077 = CIRCLE('',#6078,50.);
#6078 = AXIS2_PLACEMENT_3D('',#6079,#6080,#6081);
#6079 = CARTESIAN_POINT('',(57.68,50.,50.));
#6080 = DIRECTION('',(-1.,0.,0.));
#6081 = DIRECTION('',(0.,-0.955628065724,0.294575966433));
#6082 = PCURVE('',#3803,#6083);
#6083 = DEFINITIONAL_REPRESENTATION('',(#6084),#6088);
#6084 = LINE('',#6085,#6086);
#6085 = CARTESIAN_POINT('',(1.271784560877,7.68));
#6086 = VECTOR('',#6087,1.);
#6087 = DIRECTION('',(-1.,-0.));
#6088 = ( GEOMETRIC_REPRESENTATION_CONTEXT(2) 
PARAMETRIC_REPRESENTATION_CONTEXT() REPRESENTATION_CONTEXT('2D SPACE',''
  ) );
#6089 = PCURVE('',#6090,#6095);
#6090 = TOROIDAL_SURFACE('',#6091,40.,10.);
#6091 = AXIS2_PLACEMENT_3D('',#6092,#6093,#6094);
#6092 = CARTESIAN_POINT('',(57.68,50.,50.));
#6093 = DIRECTION('',(1.,0.,-0.));
#6094 = DIRECTION('',(0.,-0.955628065724,0.294575966433));
#6095 = DEFINITIONAL_REPRESENTATION('',(#6096),#6100);
#6096 = LINE('',#6097,#6098);
#6097 = CARTESIAN_POINT('',(-0.,0.));
#6098 = VECTOR('',#6099,1.);
#6099 = DIRECTION('',(-1.,0.));
#6100 = ( GEOMETRIC_REPRESENTATION_CONTEXT(2) 
PARAMETRIC_REPRESENTATION_CONTEXT() REPRESENTATION_CONTEXT('2D SPACE',''
  ) );
#6101 = ADVANCED_FACE('',(#6102),#3740,.T.);
#6102 = FACE_BOUND('',#6103,.T.);
#6103 = EDGE_LOOP('',(#6104,#6214,#6215,#6273,#6296));
#6104 = ORIENTED_EDGE('',*,*,#6105,.F.);
#6105 = EDGE_CURVE('',#3725,#6106,#6108,.T.);
#6106 = VERTEX_POINT('',#6107);
#6107 = CARTESIAN_POINT('',(86.18,1.070842027708,60.29259443107));
#6108 = SURFACE_CURVE('',#6109,(#6142,#6178),.PCURVE_S1.);
#6109 = B_SPLINE_CURVE_WITH_KNOTS('',7,(#6110,#6111,#6112,#6113,#6114,
    #6115,#6116,#6117,#6118,#6119,#6120,#6121,#6122,#6123,#6124,#6125,
    #6126,#6127,#6128,#6129,#6130,#6131,#6132,#6133,#6134,#6135,#6136,
    #6137,#6138,#6139,#6140,#6141),.UNSPECIFIED.,.F.,.F.,(8,6,6,6,6,8),(
    0.,0.207653564526,0.335419113955,0.49913787204,0.764177911551,1.),
  .UNSPECIFIED.);
#6110 = CARTESIAN_POINT('',(89.93,0.,50.));
#6111 = CARTESIAN_POINT('',(89.93,2.143658707276E-16,50.754232855883));
#6112 = CARTESIAN_POINT('',(89.888520047099,1.327355544339E-02,
    51.509153290469));
#6113 = CARTESIAN_POINT('',(89.805424399912,3.986432662719E-02,
    52.258449009145));
#6114 = CARTESIAN_POINT('',(89.681980770993,7.917120650586E-02,
    52.996790403377));
#6115 = CARTESIAN_POINT('',(89.520323664496,0.130120750112,53.7196818565
    ));
#6116 = CARTESIAN_POINT('',(89.323203069748,0.19133648705,
    54.423384925716));
#6117 = CARTESIAN_POINT('',(88.952631660527,0.304312168506,
    55.524153606207));
#6118 = CARTESIAN_POINT('',(88.799197955613,0.350665405373,
    55.935189200632));
#6119 = CARTESIAN_POINT('',(88.634158504581,0.399998685573,
    56.33739068379));
#6120 = CARTESIAN_POINT('',(88.458199799995,0.451961984734,
    56.730329925171));
#6121 = CARTESIAN_POINT('',(88.271996299323,0.506208067972,
    57.113698902269));
#6122 = CARTESIAN_POINT('',(88.076190245112,0.562402021847,
    57.487290878311));
#6123 = CARTESIAN_POINT('',(87.60893023598,0.694323407944,
    58.317027083147));
#6124 = CARTESIAN_POINT('',(87.331712819022,0.771092488808,
    58.766784710611));
#6125 = CARTESIAN_POINT('',(87.040959892121,0.849872538416,
    59.200053539247));
#6126 = CARTESIAN_POINT('',(86.737820157762,0.930038462669,
    59.616764979148));
#6127 = CARTESIAN_POINT('',(86.423339189431,1.011013293273,
    60.016961019299));
#6128 = CARTESIAN_POINT('',(86.098443569027,1.09227371553,
    60.400770449135));
#6129 = CARTESIAN_POINT('',(85.222384849555,1.304600675128,
    61.363515648111));
#6130 = CARTESIAN_POINT('',(84.655778454657,1.43533110833,
    61.916043995904));
#6131 = CARTESIAN_POINT('',(84.067411778304,1.56356649632,
    62.426928977895));
#6132 = CARTESIAN_POINT('',(83.460154183684,1.687575831689,
    62.896992523571));
#6133 = CARTESIAN_POINT('',(82.836492583365,1.805871434315,
    63.327029046731));
#6134 = CARTESIAN_POINT('',(82.198538639229,1.917194475093,
    63.717818589939));
#6135 = CARTESIAN_POINT('',(80.969158176522,2.112390457371,
    64.383445957429));
#6136 = CARTESIAN_POINT('',(80.380462588381,2.197919524038,
    64.666259751379));
#6137 = CARTESIAN_POINT('',(79.783194791254,2.276317061036,
    64.91894530355));
#6138 = CARTESIAN_POINT('',(79.178571614295,2.346930077659,
    65.14184158215));
#6139 = CARTESIAN_POINT('',(78.567746086873,2.409212251287,
    65.335215028401));
#6140 = CARTESIAN_POINT('',(77.951812060242,2.462724804898,
    65.499278659132));
#6141 = CARTESIAN_POINT('',(77.331802782453,2.507134618232,
    65.634184910935));
#6142 = PCURVE('',#3740,#6143);
#6143 = DEFINITIONAL_REPRESENTATION('',(#6144),#6177);
#6144 = B_SPLINE_CURVE_WITH_KNOTS('',7,(#6145,#6146,#6147,#6148,#6149,
    #6150,#6151,#6152,#6153,#6154,#6155,#6156,#6157,#6158,#6159,#6160,
    #6161,#6162,#6163,#6164,#6165,#6166,#6167,#6168,#6169,#6170,#6171,
    #6172,#6173,#6174,#6175,#6176),.UNSPECIFIED.,.F.,.F.,(8,6,6,6,6,8),(
    0.,0.207653564526,0.335419113955,0.49913787204,0.764177911551,
    0.842559894826),.UNSPECIFIED.);
#6145 = CARTESIAN_POINT('',(0.,138.60981633974));
#6146 = CARTESIAN_POINT('',(0.211409303394,138.60981633974));
#6147 = CARTESIAN_POINT('',(0.421470239463,138.65129629264));
#6148 = CARTESIAN_POINT('',(0.628546468252,138.73439193983));
#6149 = CARTESIAN_POINT('',(0.831350227143,138.85783556875));
#6150 = CARTESIAN_POINT('',(1.028852419741,139.01949267524));
#6151 = CARTESIAN_POINT('',(1.220231429581,139.21661326999));
#6152 = CARTESIAN_POINT('',(1.518429168882,139.58718467921));
#6153 = CARTESIAN_POINT('',(1.629496042958,139.74061838413));
#6154 = CARTESIAN_POINT('',(1.737928584635,139.90565783516));
#6155 = CARTESIAN_POINT('',(1.843649816665,140.08161653975));
#6156 = CARTESIAN_POINT('',(1.946611766808,140.26782004042));
#6157 = CARTESIAN_POINT('',(2.046789857841,140.46362609463));
#6158 = CARTESIAN_POINT('',(2.268974513503,140.93088610376));
#6159 = CARTESIAN_POINT('',(2.389181913888,141.20810352072));
#6160 = CARTESIAN_POINT('',(2.504803745939,141.49885644762));
#6161 = CARTESIAN_POINT('',(2.61586894169,141.80199618198));
#6162 = CARTESIAN_POINT('',(2.722426873443,142.11647715031));
#6163 = CARTESIAN_POINT('',(2.824542175739,142.44137277071));
#6164 = CARTESIAN_POINT('',(3.080533530594,143.31743149018));
#6165 = CARTESIAN_POINT('',(3.227288401705,143.88403788508));
#6166 = CARTESIAN_POINT('',(3.362911536607,144.47240456144));
#6167 = CARTESIAN_POINT('',(3.487679621571,145.07966215606));
#6168 = CARTESIAN_POINT('',(3.601833507082,145.70332375638));
#6169 = CARTESIAN_POINT('',(3.705592705918,146.34127770051));
#6170 = CARTESIAN_POINT('',(3.826806372165,147.18421690815));
#6171 = CARTESIAN_POINT('',(3.853577202533,147.37769740453));
#6172 = CARTESIAN_POINT('',(3.879457781475,147.57222015494));
#6173 = CARTESIAN_POINT('',(3.904452138149,147.76773865262));
#6174 = CARTESIAN_POINT('',(3.92856390242,147.96420725637));
#6175 = CARTESIAN_POINT('',(3.951796358155,148.16158115548));
#6176 = CARTESIAN_POINT('',(3.974152485529,148.35981634269));
#6177 = ( GEOMETRIC_REPRESENTATION_CONTEXT(2) 
PARAMETRIC_REPRESENTATION_CONTEXT() REPRESENTATION_CONTEXT('2D SPACE',''
  ) );
#6178 = PCURVE('',#3777,#6179);
#6179 = DEFINITIONAL_REPRESENTATION('',(#6180),#6213);
#6180 = B_SPLINE_CURVE_WITH_KNOTS('',7,(#6181,#6182,#6183,#6184,#6185,
    #6186,#6187,#6188,#6189,#6190,#6191,#6192,#6193,#6194,#6195,#6196,
    #6197,#6198,#6199,#6200,#6201,#6202,#6203,#6204,#6205,#6206,#6207,
    #6208,#6209,#6210,#6211,#6212),.UNSPECIFIED.,.F.,.F.,(8,6,6,6,6,8),(
    0.,0.207653564526,0.335419113955,0.49913787204,0.764177911551,
    0.842559894826),.UNSPECIFIED.);
#6181 = CARTESIAN_POINT('',(0.,0.));
#6182 = CARTESIAN_POINT('',(4.713955349266E-02,0.));
#6183 = CARTESIAN_POINT('',(9.432207646765E-02,-1.327355544333E-02));
#6184 = CARTESIAN_POINT('',(0.141324174531,-3.986432662733E-02));
#6185 = CARTESIAN_POINT('',(0.187985126172,-7.917120650573E-02));
#6186 = CARTESIAN_POINT('',(0.234176350135,-0.130120750112));
#6187 = CARTESIAN_POINT('',(0.27978993308,-0.19133648705));
#6188 = CARTESIAN_POINT('',(0.352381869865,-0.304312168506));
#6189 = CARTESIAN_POINT('',(0.37978856073,-0.350665405373));
#6190 = CARTESIAN_POINT('',(0.406937943872,-0.399998685573));
#6191 = CARTESIAN_POINT('',(0.433822729687,-0.451961984734));
#6192 = CARTESIAN_POINT('',(0.460439909634,-0.506208067972));
#6193 = CARTESIAN_POINT('',(0.486790132423,-0.562402021847));
#6194 = CARTESIAN_POINT('',(0.546306217622,-0.694323407944));
#6195 = CARTESIAN_POINT('',(0.579301026425,-0.771092488808));
#6196 = CARTESIAN_POINT('',(0.61187400151,-0.849872538416));
#6197 = CARTESIAN_POINT('',(0.644040060763,-0.930038462669));
#6198 = CARTESIAN_POINT('',(0.67581693201,-1.011013293273));
#6199 = CARTESIAN_POINT('',(0.707225426341,-1.09227371553));
#6200 = CARTESIAN_POINT('',(0.788580099256,-1.304600675128));
#6201 = CARTESIAN_POINT('',(0.837955214843,-1.435331108331));
#6202 = CARTESIAN_POINT('',(0.886528155178,-1.56356649632));
#6203 = CARTESIAN_POINT('',(0.934390626564,-1.687575831689));
#6204 = CARTESIAN_POINT('',(0.981625969618,-1.805871434315));
#6205 = CARTESIAN_POINT('',(1.028317711928,-1.917194475093));
#6206 = CARTESIAN_POINT('',(1.088227902968,-2.051032901541));
#6207 = CARTESIAN_POINT('',(1.101861032459,-2.080875592873));
#6208 = CARTESIAN_POINT('',(1.115455571338,-2.109986189592));
#6209 = CARTESIAN_POINT('',(1.129013484335,-2.13833818868));
#6210 = CARTESIAN_POINT('',(1.142536649095,-2.16590635928));
#6211 = CARTESIAN_POINT('',(1.156026869785,-2.192666753748));
#6212 = CARTESIAN_POINT('',(1.169485889231,-2.218596714976));
#6213 = ( GEOMETRIC_REPRESENTATION_CONTEXT(2) 
PARAMETRIC_REPRESENTATION_CONTEXT() REPRESENTATION_CONTEXT('2D SPACE',''
  ) );
#6214 = ORIENTED_EDGE('',*,*,#3724,.F.);
#6215 = ORIENTED_EDGE('',*,*,#6216,.T.);
#6216 = EDGE_CURVE('',#3702,#6217,#6219,.T.);
#6217 = VERTEX_POINT('',#6218);
#6218 = CARTESIAN_POINT('',(100.,50.,100.));
#6219 = SURFACE_CURVE('',#6220,(#6225,#6267),.PCURVE_S1.);
#6220 = CIRCLE('',#6221,50.);
#6221 = AXIS2_PLACEMENT_3D('',#6222,#6223,#6224);
#6222 = CARTESIAN_POINT('',(100.,50.,50.));
#6223 = DIRECTION('',(-1.,0.,6.123233995737E-17));
#6224 = DIRECTION('',(6.123233995737E-17,0.,1.));
#6225 = PCURVE('',#3740,#6226);
#6226 = DEFINITIONAL_REPRESENTATION('',(#6227),#6266);
#6227 = B_SPLINE_CURVE_WITH_KNOTS('',10,(#6228,#6229,#6230,#6231,#6232,
    #6233,#6234,#6235,#6236,#6237,#6238,#6239,#6240,#6241,#6242,#6243,
    #6244,#6245,#6246,#6247,#6248,#6249,#6250,#6251,#6252,#6253,#6254,
    #6255,#6256,#6257,#6258,#6259,#6260,#6261,#6262,#6263,#6264,#6265),
  .UNSPECIFIED.,.F.,.F.,(11,9,9,9,11),(4.712388980385,5.105088062083,
    5.497787143782,5.890486225481,6.28318530718),.UNSPECIFIED.);
#6228 = CARTESIAN_POINT('',(-1.108015335377E-15,128.53981633974));
#6229 = CARTESIAN_POINT('',(0.550362123965,128.53981633975));
#6230 = CARTESIAN_POINT('',(1.090777582587,128.53981633969));
#6231 = CARTESIAN_POINT('',(1.622137396551,128.53981633985));
#6232 = CARTESIAN_POINT('',(2.145270328014,128.53981633958));
#6233 = CARTESIAN_POINT('',(2.660933763858,128.53981633991));
#6234 = CARTESIAN_POINT('',(3.169854479503,128.53981633961));
#6235 = CARTESIAN_POINT('',(3.672698763053,128.53981633982));
#6236 = CARTESIAN_POINT('',(4.170111401925,128.53981633971));
#6237 = CARTESIAN_POINT('',(4.662699993925,128.53981633975));
#6238 = CARTESIAN_POINT('',(5.63940035096,128.53981633974));
#6239 = CARTESIAN_POINT('',(6.123512085225,128.53981633975));
#6240 = CARTESIAN_POINT('',(6.603970304416,128.53981633972));
#6241 = CARTESIAN_POINT('',(7.08133546432,128.53981633977));
#6242 = CARTESIAN_POINT('',(7.556148228911,128.53981633971));
#6243 = CARTESIAN_POINT('',(8.028933895733,128.53981633976));
#6244 = CARTESIAN_POINT('',(8.500206564881,128.53981633973));
#6245 = CARTESIAN_POINT('',(8.970473051812,128.53981633974));
#6246 = CARTESIAN_POINT('',(9.440236543773,128.53981633974));
#6247 = CARTESIAN_POINT('',(10.379763456227,128.53981633974));
#6248 = CARTESIAN_POINT('',(10.849526948189,128.53981633975));
#6249 = CARTESIAN_POINT('',(11.319793435116,128.53981633972));
#6250 = CARTESIAN_POINT('',(11.791066104272,128.53981633977));
#6251 = CARTESIAN_POINT('',(12.263851771084,128.53981633972));
#6252 = CARTESIAN_POINT('',(12.738664535684,128.53981633976));
#6253 = CARTESIAN_POINT('',(13.216029695582,128.53981633974));
#6254 = CARTESIAN_POINT('',(13.696487914776,128.53981633974));
#6255 = CARTESIAN_POINT('',(14.18059964904,128.53981633974));
#6256 = CARTESIAN_POINT('',(15.157300006075,128.53981633974));
#6257 = CARTESIAN_POINT('',(15.649888598076,128.53981633975));
#6258 = CARTESIAN_POINT('',(16.147301236945,128.53981633973));
#6259 = CARTESIAN_POINT('',(16.6501455205,128.53981633976));
#6260 = CARTESIAN_POINT('',(17.159066236139,128.53981633972));
#6261 = CARTESIAN_POINT('',(17.674729671987,128.53981633975));
#6262 = CARTESIAN_POINT('',(18.197862603449,128.53981633973));
#6263 = CARTESIAN_POINT('',(18.729222417413,128.53981633974));
#6264 = CARTESIAN_POINT('',(19.269637876036,128.53981633974));
#6265 = CARTESIAN_POINT('',(19.82,128.53981633974));
#6266 = ( GEOMETRIC_REPRESENTATION_CONTEXT(2) 
PARAMETRIC_REPRESENTATION_CONTEXT() REPRESENTATION_CONTEXT('2D SPACE',''
  ) );
#6267 = PCURVE('',#3857,#6268);
#6268 = DEFINITIONAL_REPRESENTATION('',(#6269),#6272);
#6269 = B_SPLINE_CURVE_WITH_KNOTS('',1,(#6270,#6271),.UNSPECIFIED.,.F.,
  .F.,(2,2),(4.712388980385,6.28318530718),.PIECEWISE_BEZIER_KNOTS.);
#6270 = CARTESIAN_POINT('',(-1.570796326795,-1.570796326795));
#6271 = CARTESIAN_POINT('',(-1.570796326795,0.));
#6272 = ( GEOMETRIC_REPRESENTATION_CONTEXT(2) 
PARAMETRIC_REPRESENTATION_CONTEXT() REPRESENTATION_CONTEXT('2D SPACE',''
  ) );
#6273 = ORIENTED_EDGE('',*,*,#6274,.T.);
#6274 = EDGE_CURVE('',#6217,#6275,#6277,.T.);
#6275 = VERTEX_POINT('',#6276);
#6276 = CARTESIAN_POINT('',(86.18,50.,100.));
#6277 = SURFACE_CURVE('',#6278,(#6283,#6290),.PCURVE_S1.);
#6278 = B_SPLINE_CURVE_WITH_KNOTS('',2,(#6279,#6280,#6281,#6282),
  .UNSPECIFIED.,.F.,.F.,(3,1,3),(128.53981633974,148.35981633974,
    151.20801355729),.UNSPECIFIED.);
#6279 = CARTESIAN_POINT('',(100.,50.,100.));
#6280 = CARTESIAN_POINT('',(90.09,50.,100.));
#6281 = CARTESIAN_POINT('',(78.755901391226,50.,100.));
#6282 = CARTESIAN_POINT('',(77.331802782453,50.,100.));
#6283 = PCURVE('',#3740,#6284);
#6284 = DEFINITIONAL_REPRESENTATION('',(#6285),#6289);
#6285 = LINE('',#6286,#6287);
#6286 = CARTESIAN_POINT('',(19.82,0.));
#6287 = VECTOR('',#6288,1.);
#6288 = DIRECTION('',(0.,1.));
#6289 = ( GEOMETRIC_REPRESENTATION_CONTEXT(2) 
PARAMETRIC_REPRESENTATION_CONTEXT() REPRESENTATION_CONTEXT('2D SPACE',''
  ) );
#6290 = PCURVE('',#5580,#6291);
#6291 = DEFINITIONAL_REPRESENTATION('',(#6292),#6295);
#6292 = B_SPLINE_CURVE_WITH_KNOTS('',1,(#6293,#6294),.UNSPECIFIED.,.F.,
  .F.,(2,2),(128.53981633974,148.35981633974),.PIECEWISE_BEZIER_KNOTS.);
#6293 = CARTESIAN_POINT('',(100.,-50.));
#6294 = CARTESIAN_POINT('',(80.18,-50.));
#6295 = ( GEOMETRIC_REPRESENTATION_CONTEXT(2) 
PARAMETRIC_REPRESENTATION_CONTEXT() REPRESENTATION_CONTEXT('2D SPACE',''
  ) );
#6296 = ORIENTED_EDGE('',*,*,#6297,.T.);
#6297 = EDGE_CURVE('',#6275,#6106,#6298,.T.);
#6298 = SURFACE_CURVE('',#6299,(#6347,#6398),.PCURVE_S1.);
#6299 = B_SPLINE_CURVE_WITH_KNOTS('',10,(#6300,#6301,#6302,#6303,#6304,
    #6305,#6306,#6307,#6308,#6309,#6310,#6311,#6312,#6313,#6314,#6315,
    #6316,#6317,#6318,#6319,#6320,#6321,#6322,#6323,#6324,#6325,#6326,
    #6327,#6328,#6329,#6330,#6331,#6332,#6333,#6334,#6335,#6336,#6337,
    #6338,#6339,#6340,#6341,#6342,#6343,#6344,#6345,#6346),
  .UNSPECIFIED.,.F.,.F.,(11,9,9,9,9,11),(782.5,821.79980741653,
    836.16872172139,842.03084636148,850.66762701128,854.34158341239),
  .UNSPECIFIED.);
#6300 = CARTESIAN_POINT('',(86.18,50.,100.));
#6301 = CARTESIAN_POINT('',(86.180000000002,46.099957101802,100.));
#6302 = CARTESIAN_POINT('',(86.179999999994,42.189694965413,
    99.661996238308));
#6303 = CARTESIAN_POINT('',(86.180000000013,38.304313349613,
    98.9829824287));
#6304 = CARTESIAN_POINT('',(86.179999999982,34.479100084182,
    97.964615807962));
#6305 = CARTESIAN_POINT('',(86.180000000017,30.748937216716,
    96.612972313511));
#6306 = CARTESIAN_POINT('',(86.179999999988,27.147718183356,
    94.938427345167));
#6307 = CARTESIAN_POINT('',(86.180000000005,23.707779703185,
    92.955470108299));
#6308 = CARTESIAN_POINT('',(86.179999999999,20.459360471301,
    90.682376889254));
#6309 = CARTESIAN_POINT('',(86.179999999999,17.430107104093,
    88.140785975124));
#6310 = CARTESIAN_POINT('',(86.180000000001,13.626231179372,
    84.33690902294));
#6311 = CARTESIAN_POINT('',(86.179999999993,12.640392148627,
    83.285875345476));
#6312 = CARTESIAN_POINT('',(86.180000000018,11.688357674262,
    82.203455182363));
#6313 = CARTESIAN_POINT('',(86.179999999972,10.771284379815,
    81.090914097198));
#6314 = CARTESIAN_POINT('',(86.18000000003,9.890266911737,
    79.949561287238));
#6315 = CARTESIAN_POINT('',(86.179999999976,9.046337939209,
    78.780749582766));
#6316 = CARTESIAN_POINT('',(86.180000000014,8.240468154372,
    77.585875447858));
#6317 = CARTESIAN_POINT('',(86.179999999994,7.473566272102,
    76.366378979651));
#6318 = CARTESIAN_POINT('',(86.180000000002,6.746479030185,
    75.123743908902));
#6319 = CARTESIAN_POINT('',(86.179999999999,5.779922897176,
    73.343719630386));
#6320 = CARTESIAN_POINT('',(86.180000000006,5.506611070958,
    72.824343132133));
#6321 = CARTESIAN_POINT('',(86.179999999986,5.240108670996,
    72.301471290162));
#6322 = CARTESIAN_POINT('',(86.180000000024,4.980466727854,
    71.775208207224));
#6323 = CARTESIAN_POINT('',(86.179999999971,4.727734342198,
    71.245658903237));
#6324 = CARTESIAN_POINT('',(86.180000000024,4.481958684834,
    70.712929315793));
#6325 = CARTESIAN_POINT('',(86.179999999985,4.243184996654,
    70.177126299508));
#6326 = CARTESIAN_POINT('',(86.180000000006,4.011456588693,
    69.63835762668));
#6327 = CARTESIAN_POINT('',(86.179999999999,3.786814842083,
    69.096731986762));
#6328 = CARTESIAN_POINT('',(86.180000000002,3.248829253222,
    67.750323806292));
#6329 = CARTESIAN_POINT('',(86.179999999994,2.943848403356,
    66.942391029623));
#6330 = CARTESIAN_POINT('',(86.180000000011,2.65430719653,
    66.128363910847));
#6331 = CARTESIAN_POINT('',(86.179999999986,2.380998896559,
    65.31065260351));
#6332 = CARTESIAN_POINT('',(86.180000000013,2.122480378032,
    64.485107103436));
#6333 = CARTESIAN_POINT('',(86.179999999991,1.88099282761,
    63.657806822235));
#6334 = CARTESIAN_POINT('',(86.180000000004,1.655134684308,
    62.826100561123));
#6335 = CARTESIAN_POINT('',(86.179999999999,1.445015438244,
    61.989294206338));
#6336 = CARTESIAN_POINT('',(86.18,1.250303997473,61.145724623606));
#6337 = CARTESIAN_POINT('',(86.18,0.994501608828,59.929685697023));
#6338 = CARTESIAN_POINT('',(86.18,0.918161189949,59.566776962977));
#6339 = CARTESIAN_POINT('',(86.18,0.841820771069,59.20386822893));
#6340 = CARTESIAN_POINT('',(86.18,0.76548035219,58.840959494884));
#6341 = CARTESIAN_POINT('',(86.18,0.68913993331,58.478050760838));
#6342 = CARTESIAN_POINT('',(86.18,0.612799514431,58.115142026791));
#6343 = CARTESIAN_POINT('',(86.18,0.536459095551,57.752233292744));
#6344 = CARTESIAN_POINT('',(86.18,0.460118676671,57.389324558698));
#6345 = CARTESIAN_POINT('',(86.18,0.383778257792,57.026415824651));
#6346 = CARTESIAN_POINT('',(86.18,0.307437838912,56.663507090605));
#6347 = PCURVE('',#3740,#6348);
#6348 = DEFINITIONAL_REPRESENTATION('',(#6349),#6397);
#6349 = B_SPLINE_CURVE_WITH_KNOTS('',10,(#6350,#6351,#6352,#6353,#6354,
    #6355,#6356,#6357,#6358,#6359,#6360,#6361,#6362,#6363,#6364,#6365,
    #6366,#6367,#6368,#6369,#6370,#6371,#6372,#6373,#6374,#6375,#6376,
    #6377,#6378,#6379,#6380,#6381,#6382,#6383,#6384,#6385,#6386,#6387,
    #6388,#6389,#6390,#6391,#6392,#6393,#6394,#6395,#6396),
  .UNSPECIFIED.,.F.,.F.,(11,9,9,9,9,11),(782.5,816.58381350564,
    825.10476688205,833.62572025846,842.14667363487,850.66762701128),
  .UNSPECIFIED.);
#6350 = CARTESIAN_POINT('',(19.82,142.35981633974));
#6351 = CARTESIAN_POINT('',(18.871918242516,142.35981633975));
#6352 = CARTESIAN_POINT('',(17.951199565964,142.35981633972));
#6353 = CARTESIAN_POINT('',(17.053899062092,142.35981633978));
#6354 = CARTESIAN_POINT('',(16.176460219619,142.35981633969));
#6355 = CARTESIAN_POINT('',(15.315643939208,142.35981633979));
#6356 = CARTESIAN_POINT('',(14.468462873861,142.3598163397));
#6357 = CARTESIAN_POINT('',(13.632121095425,142.35981633976));
#6358 = CARTESIAN_POINT('',(12.803959086433,142.35981633973));
#6359 = CARTESIAN_POINT('',(11.981404058005,142.35981633974));
#6360 = CARTESIAN_POINT('',(10.957055977053,142.35981633974));
#6361 = CARTESIAN_POINT('',(10.752378877943,142.35981633975));
#6362 = CARTESIAN_POINT('',(10.547853656956,142.35981633972));
#6363 = CARTESIAN_POINT('',(10.343442158747,142.35981633976));
#6364 = CARTESIAN_POINT('',(10.139105350912,142.35981633971));
#6365 = CARTESIAN_POINT('',(9.934803043341,142.35981633977));
#6366 = CARTESIAN_POINT('',(9.730495160713,142.35981633972));
#6367 = CARTESIAN_POINT('',(9.526143041656,142.35981633975));
#6368 = CARTESIAN_POINT('',(9.321709237623,142.35981633974));
#6369 = CARTESIAN_POINT('',(8.912599332344,142.35981633974));
#6370 = CARTESIAN_POINT('',(8.707923282232,142.35981633972));
#6371 = CARTESIAN_POINT('',(8.503086964503,142.35981633978));
#6372 = CARTESIAN_POINT('',(8.298050943873,142.35981633968));
#6373 = CARTESIAN_POINT('',(8.09277551998,142.3598163398));
#6374 = CARTESIAN_POINT('',(7.8872207273,142.3598163397));
#6375 = CARTESIAN_POINT('',(7.681346335239,142.35981633976));
#6376 = CARTESIAN_POINT('',(7.475111848052,142.35981633973));
#6377 = CARTESIAN_POINT('',(7.268476504901,142.35981633974));
#6378 = CARTESIAN_POINT('',(6.85432205474,142.35981633974));
#6379 = CARTESIAN_POINT('',(6.64680390466,142.35981633971));
#6380 = CARTESIAN_POINT('',(6.438796465822,142.35981633981));
#6381 = CARTESIAN_POINT('',(6.230287346315,142.35981633963));
#6382 = CARTESIAN_POINT('',(6.021170650914,142.35981633986));
#6383 = CARTESIAN_POINT('',(5.811499095369,142.35981633965));
#6384 = CARTESIAN_POINT('',(5.601124640129,142.35981633978));
#6385 = CARTESIAN_POINT('',(5.390093112051,142.35981633973));
#6386 = CARTESIAN_POINT('',(5.178303908113,142.35981633974));
#6387 = CARTESIAN_POINT('',(4.753174243996,142.35981633975));
#6388 = CARTESIAN_POINT('',(4.539831905127,142.35981633969));
#6389 = CARTESIAN_POINT('',(4.325582379607,142.35981633986));
#6390 = CARTESIAN_POINT('',(4.110781077843,142.35981633956));
#6391 = CARTESIAN_POINT('',(3.894399747799,142.35981633993));
#6392 = CARTESIAN_POINT('',(3.677734664457,142.35981633959));
#6393 = CARTESIAN_POINT('',(3.459985241167,142.35981633983));
#6394 = CARTESIAN_POINT('',(3.240833644322,142.3598163397));
#6395 = CARTESIAN_POINT('',(3.019706783987,142.35981633975));
#6396 = CARTESIAN_POINT('',(2.79573121491,142.35981633974));
#6397 = ( GEOMETRIC_REPRESENTATION_CONTEXT(2) 
PARAMETRIC_REPRESENTATION_CONTEXT() REPRESENTATION_CONTEXT('2D SPACE',''
  ) );
#6398 = PCURVE('',#6399,#6541);
#6399 = ( BOUNDED_SURFACE() B_SPLINE_SURFACE(2,10,(
    (#6400,#6401,#6402,#6403,#6404,#6405,#6406,#6407,#6408,#6409,#6410
      ,#6411,#6412,#6413,#6414,#6415,#6416,#6417,#6418,#6419,#6420,#6421
      ,#6422,#6423,#6424,#6425,#6426,#6427,#6428,#6429,#6430,#6431,#6432
      ,#6433,#6434,#6435,#6436,#6437,#6438,#6439,#6440,#6441,#6442,#6443
      ,#6444,#6445,#6446)
    ,(#6447,#6448,#6449,#6450,#6451,#6452,#6453,#6454,#6455,#6456,#6457
      ,#6458,#6459,#6460,#6461,#6462,#6463,#6464,#6465,#6466,#6467,#6468
      ,#6469,#6470,#6471,#6472,#6473,#6474,#6475,#6476,#6477,#6478,#6479
      ,#6480,#6481,#6482,#6483,#6484,#6485,#6486,#6487,#6488,#6489,#6490
      ,#6491,#6492,#6493)
    ,(#6494,#6495,#6496,#6497,#6498,#6499,#6500,#6501,#6502,#6503,#6504
      ,#6505,#6506,#6507,#6508,#6509,#6510,#6511,#6512,#6513,#6514,#6515
      ,#6516,#6517,#6518,#6519,#6520,#6521,#6522,#6523,#6524,#6525,#6526
      ,#6527,#6528,#6529,#6530,#6531,#6532,#6533,#6534,#6535,#6536,#6537
      ,#6538,#6539,#6540
)),.UNSPECIFIED.,.F.,.F.,.F.) B_SPLINE_SURFACE_WITH_KNOTS((3,3),(11,9,9,
    9,9,11),(0.,68.167627011283),(782.5,821.79980741653,836.16872172139,
    842.03084636148,850.66762701128,854.34158341239),.UNSPECIFIED.) 
GEOMETRIC_REPRESENTATION_ITEM() RATIONAL_B_SPLINE_SURFACE((
    (1.,1.,1.,1.,1.,1.,1.,1.,1.,1.,1.,1.,1.,1.,1.,1.,1.,1.,1.,1.,1.,1.
      ,1.,1.,1.,1.,1.,1.,1.,1.,1.,1.,1.,1.,1.,1.,1.,1.,1.,1.,1.,1.,1.,1.
      ,1.,1.,1.)
    ,(0.707106781187,0.707106781187,0.707106781187,0.707106781187
      ,0.707106781187,0.707106781187,0.707106781187,0.707106781186
      ,0.707106781187,0.707106781187,0.707106781187,0.707106781187
      ,0.707106781187,0.707106781186,0.707106781187,0.707106781187
      ,0.707106781187,0.707106781187,0.707106781187,0.707106781187
      ,0.707106781187,0.707106781186,0.707106781187,0.707106781186
      ,0.707106781187,0.707106781186,0.707106781187,0.707106781187
      ,0.707106781187,0.707106781186,0.707106781187,0.707106781186
      ,0.707106781187,0.707106781186,0.707106781187,0.707106781186
      ,0.707106781187,0.707106781187,0.707106781187,0.707106781187
      ,0.707106781187,0.707106781187,0.707106781187,0.707106781187
      ,0.707106781187,0.707106781187,0.707106781187)
    ,(1.,1.,1.,1.,1.,1.,1.,1.,1.,1.,1.,1.,1.,1.,1.,1.,1.,1.,1.,1.,1.,1.
      ,1.,1.,1.,1.,1.,1.,1.,1.,1.,1.,1.,1.,1.,1.,1.,1.,1.,1.,1.,1.,1.,1.
,1.,1.,1.))) REPRESENTATION_ITEM('') SURFACE() );
#6400 = CARTESIAN_POINT('',(86.18,50.,100.));
#6401 = CARTESIAN_POINT('',(86.180000000002,46.099957101802,100.));
#6402 = CARTESIAN_POINT('',(86.179999999994,42.189694965413,
    99.661996238308));
#6403 = CARTESIAN_POINT('',(86.180000000013,38.304313349613,
    98.9829824287));
#6404 = CARTESIAN_POINT('',(86.179999999982,34.479100084182,
    97.964615807962));
#6405 = CARTESIAN_POINT('',(86.180000000017,30.748937216716,
    96.612972313511));
#6406 = CARTESIAN_POINT('',(86.179999999988,27.147718183356,
    94.938427345167));
#6407 = CARTESIAN_POINT('',(86.180000000005,23.707779703185,
    92.955470108299));
#6408 = CARTESIAN_POINT('',(86.179999999999,20.459360471301,
    90.682376889254));
#6409 = CARTESIAN_POINT('',(86.179999999999,17.430107104093,
    88.140785975124));
#6410 = CARTESIAN_POINT('',(86.180000000001,13.626231179372,
    84.33690902294));
#6411 = CARTESIAN_POINT('',(86.179999999993,12.640392148627,
    83.285875345476));
#6412 = CARTESIAN_POINT('',(86.180000000018,11.688357674262,
    82.203455182363));
#6413 = CARTESIAN_POINT('',(86.179999999972,10.771284379815,
    81.090914097198));
#6414 = CARTESIAN_POINT('',(86.18000000003,9.890266911737,
    79.949561287238));
#6415 = CARTESIAN_POINT('',(86.179999999976,9.046337939209,
    78.780749582766));
#6416 = CARTESIAN_POINT('',(86.180000000014,8.240468154372,
    77.585875447858));
#6417 = CARTESIAN_POINT('',(86.179999999994,7.473566272102,
    76.366378979651));
#6418 = CARTESIAN_POINT('',(86.180000000002,6.746479030185,
    75.123743908902));
#6419 = CARTESIAN_POINT('',(86.179999999999,5.779922897176,
    73.343719630386));
#6420 = CARTESIAN_POINT('',(86.180000000006,5.506611070958,
    72.824343132133));
#6421 = CARTESIAN_POINT('',(86.179999999986,5.240108670996,
    72.301471290162));
#6422 = CARTESIAN_POINT('',(86.180000000024,4.980466727854,
    71.775208207224));
#6423 = CARTESIAN_POINT('',(86.179999999971,4.727734342198,
    71.245658903237));
#6424 = CARTESIAN_POINT('',(86.180000000024,4.481958684834,
    70.712929315793));
#6425 = CARTESIAN_POINT('',(86.179999999985,4.243184996654,
    70.177126299508));
#6426 = CARTESIAN_POINT('',(86.180000000006,4.011456588693,
    69.63835762668));
#6427 = CARTESIAN_POINT('',(86.179999999999,3.786814842083,
    69.096731986762));
#6428 = CARTESIAN_POINT('',(86.180000000002,3.248829253222,
    67.750323806292));
#6429 = CARTESIAN_POINT('',(86.179999999994,2.943848403356,
    66.942391029623));
#6430 = CARTESIAN_POINT('',(86.180000000011,2.65430719653,
    66.128363910847));
#6431 = CARTESIAN_POINT('',(86.179999999986,2.380998896559,
    65.31065260351));
#6432 = CARTESIAN_POINT('',(86.180000000013,2.122480378032,
    64.485107103436));
#6433 = CARTESIAN_POINT('',(86.179999999991,1.88099282761,
    63.657806822235));
#6434 = CARTESIAN_POINT('',(86.180000000004,1.655134684308,
    62.826100561123));
#6435 = CARTESIAN_POINT('',(86.179999999999,1.445015438244,
    61.989294206338));
#6436 = CARTESIAN_POINT('',(86.18,1.250303997473,61.145724623606));
#6437 = CARTESIAN_POINT('',(86.18,0.994501608828,59.929685697023));
#6438 = CARTESIAN_POINT('',(86.18,0.918161189949,59.566776962977));
#6439 = CARTESIAN_POINT('',(86.18,0.841820771069,59.20386822893));
#6440 = CARTESIAN_POINT('',(86.18,0.76548035219,58.840959494884));
#6441 = CARTESIAN_POINT('',(86.18,0.68913993331,58.478050760838));
#6442 = CARTESIAN_POINT('',(86.18,0.612799514431,58.115142026791));
#6443 = CARTESIAN_POINT('',(86.18,0.536459095551,57.752233292744));
#6444 = CARTESIAN_POINT('',(86.18,0.460118676671,57.389324558698));
#6445 = CARTESIAN_POINT('',(86.18,0.383778257792,57.026415824651));
#6446 = CARTESIAN_POINT('',(86.18,0.307437838912,56.663507090605));
#6447 = CARTESIAN_POINT('',(80.18,50.,100.));
#6448 = CARTESIAN_POINT('',(80.18,46.099957101802,100.));
#6449 = CARTESIAN_POINT('',(80.18,42.189694965415,99.661996238315));
#6450 = CARTESIAN_POINT('',(80.18,38.304313349609,98.982982428686));
#6451 = CARTESIAN_POINT('',(80.180000000001,34.479100084187,
    97.964615807981));
#6452 = CARTESIAN_POINT('',(80.179999999999,30.748937216711,
    96.612972313493));
#6453 = CARTESIAN_POINT('',(80.180000000001,27.147718183359,
    94.938427345179));
#6454 = CARTESIAN_POINT('',(80.179999999999,23.707779703183,
    92.955470108293));
#6455 = CARTESIAN_POINT('',(80.18,20.459360471302,90.682376889256));
#6456 = CARTESIAN_POINT('',(80.18,17.430107104093,88.140785975125));
#6457 = CARTESIAN_POINT('',(80.18,13.626231179371,84.336909022939));
#6458 = CARTESIAN_POINT('',(80.18,12.640392148629,83.285875345483));
#6459 = CARTESIAN_POINT('',(80.18,11.688357674255,82.203455182346));
#6460 = CARTESIAN_POINT('',(80.180000000001,10.771284379826,
    81.090914097224));
#6461 = CARTESIAN_POINT('',(80.179999999999,9.890266911723,
    79.949561287209));
#6462 = CARTESIAN_POINT('',(80.180000000001,9.04633793922,
    78.780749582788));
#6463 = CARTESIAN_POINT('',(80.18,8.240468154365,77.585875447844));
#6464 = CARTESIAN_POINT('',(80.18,7.473566272105,76.366378979657));
#6465 = CARTESIAN_POINT('',(80.18,6.746479030184,75.123743908901));
#6466 = CARTESIAN_POINT('',(80.18,5.779922897177,73.343719630387));
#6467 = CARTESIAN_POINT('',(80.18,5.506611070958,72.824343132128));
#6468 = CARTESIAN_POINT('',(80.18,5.240108670997,72.301471290175));
#6469 = CARTESIAN_POINT('',(80.18,4.980466727853,71.775208207202));
#6470 = CARTESIAN_POINT('',(80.18,4.7277343422,71.245658903264));
#6471 = CARTESIAN_POINT('',(80.18,4.481958684833,70.712929315771));
#6472 = CARTESIAN_POINT('',(80.18,4.243184996655,70.177126299522));
#6473 = CARTESIAN_POINT('',(80.18,4.011456588693,69.638357626674));
#6474 = CARTESIAN_POINT('',(80.18,3.786814842083,69.096731986764));
#6475 = CARTESIAN_POINT('',(80.18,3.248829253222,67.75032380629));
#6476 = CARTESIAN_POINT('',(80.18,2.943848403356,66.942391029627));
#6477 = CARTESIAN_POINT('',(80.18,2.654307196529,66.128363910841));
#6478 = CARTESIAN_POINT('',(80.18,2.380998896561,65.310652603515));
#6479 = CARTESIAN_POINT('',(80.180000000001,2.12248037803,
    64.485107103433));
#6480 = CARTESIAN_POINT('',(80.179999999999,1.880992827612,
    63.657806822235));
#6481 = CARTESIAN_POINT('',(80.180000000001,1.655134684306,
    62.826100561124));
#6482 = CARTESIAN_POINT('',(80.18,1.445015438245,61.989294206337));
#6483 = CARTESIAN_POINT('',(80.18,1.250303997473,61.145724623606));
#6484 = CARTESIAN_POINT('',(80.18,0.994501608828,59.929685697023));
#6485 = CARTESIAN_POINT('',(80.18,0.918161189949,59.566776962977));
#6486 = CARTESIAN_POINT('',(80.18,0.841820771069,59.20386822893));
#6487 = CARTESIAN_POINT('',(80.18,0.76548035219,58.840959494883));
#6488 = CARTESIAN_POINT('',(80.18,0.68913993331,58.478050760837));
#6489 = CARTESIAN_POINT('',(80.18,0.612799514431,58.115142026791));
#6490 = CARTESIAN_POINT('',(80.18,0.536459095552,57.752233292744));
#6491 = CARTESIAN_POINT('',(80.18,0.460118676672,57.389324558698));
#6492 = CARTESIAN_POINT('',(80.18,0.383778257793,57.026415824651));
#6493 = CARTESIAN_POINT('',(80.18,0.307437838913,56.663507090605));
#6494 = CARTESIAN_POINT('',(80.18,50.,94.));
#6495 = CARTESIAN_POINT('',(80.180000000002,46.567962281529,
    94.000000000001));
#6496 = CARTESIAN_POINT('',(80.179999999994,43.126938817068,
    93.702560248038));
#6497 = CARTESIAN_POINT('',(80.180000000013,39.707764768,93.105009637522
    ));
#6498 = CARTESIAN_POINT('',(80.179999999982,36.341641551703,
    92.208873419264));
#6499 = CARTESIAN_POINT('',(80.180000000017,33.059127874962,
    91.019443286262));
#6500 = CARTESIAN_POINT('',(80.179999999989,29.889967861836,
    89.545809392077));
#6501 = CARTESIAN_POINT('',(80.180000000005,26.862769610339,
    87.800779235467));
#6502 = CARTESIAN_POINT('',(80.179999999999,24.004253651905,
    85.800488965789));
#6503 = CARTESIAN_POINT('',(80.179999999999,21.338496930283,
    83.563893292022));
#6504 = CARTESIAN_POINT('',(80.180000000001,17.991091513256,
    80.216488397605));
#6505 = CARTESIAN_POINT('',(80.179999999993,17.123551409777,
    79.291576938009));
#6506 = CARTESIAN_POINT('',(80.180000000017,16.285757930139,
    78.339043765334));
#6507 = CARTESIAN_POINT('',(80.179999999973,15.478730271055,
    77.360004123335));
#6508 = CARTESIAN_POINT('',(80.180000000029,14.703432641851,
    76.35561115662));
#6509 = CARTESIAN_POINT('',(80.179999999977,13.960774264334,
    75.327055910031));
#6510 = CARTESIAN_POINT('',(80.180000000014,13.251609372953,
    74.275567329394));
#6511 = CARTESIAN_POINT('',(80.179999999994,12.576737214647,
    73.202412260798));
#6512 = CARTESIAN_POINT('',(80.180000000002,11.936902048957,
    72.108895451148));
#6513 = CARTESIAN_POINT('',(80.179999999999,11.086333213782,
    70.542475281179));
#6514 = CARTESIAN_POINT('',(80.180000000005,10.845818781667,
    70.085424005344));
#6515 = CARTESIAN_POINT('',(80.179999999987,10.611296470409,
    69.625296482905));
#6516 = CARTESIAN_POINT('',(80.180000000022,10.382811210764,
    69.162184322128));
#6517 = CARTESIAN_POINT('',(80.179999999974,10.160406245396,
    68.696179976662));
#6518 = CARTESIAN_POINT('',(80.180000000022,9.944123128981,
    68.227376746043));
#6519 = CARTESIAN_POINT('',(80.179999999986,9.734001728068,
    67.755868775048));
#6520 = CARTESIAN_POINT('',(80.180000000006,9.53008022122,
    67.281751054343));
#6521 = CARTESIAN_POINT('',(80.179999999999,9.332395098903,
    66.805119419968));
#6522 = CARTESIAN_POINT('',(80.180000000002,8.858967341871,
    65.620278672247));
#6523 = CARTESIAN_POINT('',(80.179999999995,8.590597014108,
    64.909338732306));
#6524 = CARTESIAN_POINT('',(80.180000000008,8.335718888369,
    64.192736291566));
#6525 = CARTESIAN_POINT('',(80.179999999991,8.09545512842,
    63.473902498019));
#6526 = CARTESIAN_POINT('',(80.180000000008,7.867543157758,
    62.746240157123));
#6527 = CARTESIAN_POINT('',(80.179999999995,7.65537675479,
    62.019012745774));
#6528 = CARTESIAN_POINT('',(80.180000000003,7.456659410877,
    61.287513053111));
#6529 = CARTESIAN_POINT('',(80.179999999999,7.271610237649,
    60.550819257433));
#6530 = CARTESIAN_POINT('',(80.18,7.099657241026,59.806055403159));
#6531 = CARTESIAN_POINT('',(80.18,6.872871788081,58.726976388509));
#6532 = CARTESIAN_POINT('',(80.18,6.803281446705,58.395855163461));
#6533 = CARTESIAN_POINT('',(80.18,6.731781509879,58.055647798413));
#6534 = CARTESIAN_POINT('',(80.18,6.658371977604,57.706354293365));
#6535 = CARTESIAN_POINT('',(80.18,6.583052849881,57.347974648316));
#6536 = CARTESIAN_POINT('',(80.18,6.505824126708,56.980508863266));
#6537 = CARTESIAN_POINT('',(80.18,6.426685808086,56.603956938216));
#6538 = CARTESIAN_POINT('',(80.18,6.345637894015,56.218318873166));
#6539 = CARTESIAN_POINT('',(80.18,6.262680384495,55.823594668115));
#6540 = CARTESIAN_POINT('',(80.18,6.177813279526,55.419784323064));
#6541 = DEFINITIONAL_REPRESENTATION('',(#6542),#6546);
#6542 = LINE('',#6543,#6544);
#6543 = CARTESIAN_POINT('',(0.,0.));
#6544 = VECTOR('',#6545,1.);
#6545 = DIRECTION('',(0.,1.));
#6546 = ( GEOMETRIC_REPRESENTATION_CONTEXT(2) 
PARAMETRIC_REPRESENTATION_CONTEXT() REPRESENTATION_CONTEXT('2D SPACE',''
  ) );
#6547 = ADVANCED_FACE('',(#6548),#3777,.F.);
#6548 = FACE_BOUND('',#6549,.F.);
#6549 = EDGE_LOOP('',(#6550,#6573,#6601,#6664,#6685,#6686,#6687,#6688,
    #6735,#6761,#6790,#6816,#6888));
#6550 = ORIENTED_EDGE('',*,*,#6551,.T.);
#6551 = EDGE_CURVE('',#3725,#6552,#6554,.T.);
#6552 = VERTEX_POINT('',#6553);
#6553 = CARTESIAN_POINT('',(89.93,832.5,50.));
#6554 = SEAM_CURVE('',#6555,(#6559,#6566),.PCURVE_S1.);
#6555 = LINE('',#6556,#6557);
#6556 = CARTESIAN_POINT('',(89.93,0.,50.));
#6557 = VECTOR('',#6558,1.);
#6558 = DIRECTION('',(-0.,1.,-0.));
#6559 = PCURVE('',#3777,#6560);
#6560 = DEFINITIONAL_REPRESENTATION('',(#6561),#6565);
#6561 = LINE('',#6562,#6563);
#6562 = CARTESIAN_POINT('',(0.,0.));
#6563 = VECTOR('',#6564,1.);
#6564 = DIRECTION('',(0.,-1.));
#6565 = ( GEOMETRIC_REPRESENTATION_CONTEXT(2) 
PARAMETRIC_REPRESENTATION_CONTEXT() REPRESENTATION_CONTEXT('2D SPACE',''
  ) );
#6566 = PCURVE('',#3777,#6567);
#6567 = DEFINITIONAL_REPRESENTATION('',(#6568),#6572);
#6568 = LINE('',#6569,#6570);
#6569 = CARTESIAN_POINT('',(6.28318530718,0.));
#6570 = VECTOR('',#6571,1.);
#6571 = DIRECTION('',(0.,-1.));
#6572 = ( GEOMETRIC_REPRESENTATION_CONTEXT(2) 
PARAMETRIC_REPRESENTATION_CONTEXT() REPRESENTATION_CONTEXT('2D SPACE',''
  ) );
#6573 = ORIENTED_EDGE('',*,*,#6574,.T.);
#6574 = EDGE_CURVE('',#6552,#6575,#6577,.T.);
#6575 = VERTEX_POINT('',#6576);
#6576 = CARTESIAN_POINT('',(65.402980639661,832.5,36.461538461538));
#6577 = SURFACE_CURVE('',#6578,(#6583,#6590),.PCURVE_S1.);
#6578 = CIRCLE('',#6579,16.);
#6579 = AXIS2_PLACEMENT_3D('',#6580,#6581,#6582);
#6580 = CARTESIAN_POINT('',(73.93,832.5,50.));
#6581 = DIRECTION('',(0.,-1.,-0.));
#6582 = DIRECTION('',(1.,0.,0.));
#6583 = PCURVE('',#3777,#6584);
#6584 = DEFINITIONAL_REPRESENTATION('',(#6585),#6589);
#6585 = LINE('',#6586,#6587);
#6586 = CARTESIAN_POINT('',(0.,-832.5));
#6587 = VECTOR('',#6588,1.);
#6588 = DIRECTION('',(1.,0.));
#6589 = ( GEOMETRIC_REPRESENTATION_CONTEXT(2) 
PARAMETRIC_REPRESENTATION_CONTEXT() REPRESENTATION_CONTEXT('2D SPACE',''
  ) );
#6590 = PCURVE('',#6591,#6596);
#6591 = TOROIDAL_SURFACE('',#6592,26.,10.);
#6592 = AXIS2_PLACEMENT_3D('',#6593,#6594,#6595);
#6593 = CARTESIAN_POINT('',(73.93,832.5,50.));
#6594 = DIRECTION('',(-0.,1.,0.));
#6595 = DIRECTION('',(1.,0.,0.));
#6596 = DEFINITIONAL_REPRESENTATION('',(#6597),#6600);
#6597 = B_SPLINE_CURVE_WITH_KNOTS('',1,(#6598,#6599),.UNSPECIFIED.,.F.,
  .F.,(2,2),(0.,4.150319177379),.PIECEWISE_BEZIER_KNOTS.);
#6598 = CARTESIAN_POINT('',(-6.28318530718,3.14159265359));
#6599 = CARTESIAN_POINT('',(-10.43350448455,3.14159265359));
#6600 = ( GEOMETRIC_REPRESENTATION_CONTEXT(2) 
PARAMETRIC_REPRESENTATION_CONTEXT() REPRESENTATION_CONTEXT('2D SPACE',''
  ) );
#6601 = ORIENTED_EDGE('',*,*,#6602,.T.);
#6602 = EDGE_CURVE('',#6575,#6603,#6605,.T.);
#6603 = VERTEX_POINT('',#6604);
#6604 = CARTESIAN_POINT('',(82.457019360339,832.5,36.461538461538));
#6605 = SURFACE_CURVE('',#6606,(#6616,#6629),.PCURVE_S1.);
#6606 = ( BOUNDED_CURVE() B_SPLINE_CURVE(8,(#6607,#6608,#6609,#6610,
    #6611,#6612,#6613,#6614,#6615),.UNSPECIFIED.,.F.,.F.) 
B_SPLINE_CURVE_WITH_KNOTS((9,9),(66.405106838065,84.391340534245),
.PIECEWISE_BEZIER_KNOTS.) CURVE() GEOMETRIC_REPRESENTATION_ITEM() 
RATIONAL_B_SPLINE_CURVE((1.,1.,1.,1.,1.,1.,1.,1.,1.)) 
REPRESENTATION_ITEM('') );
#6607 = CARTESIAN_POINT('',(65.402980639661,832.5,36.461538461538));
#6608 = CARTESIAN_POINT('',(67.305369562369,832.5,35.26334418158));
#6609 = CARTESIAN_POINT('',(69.400181904167,832.78569178408,
    34.370654613138));
#6610 = CARTESIAN_POINT('',(71.630170458101,833.00767460594,
    33.819528342861));
#6611 = CARTESIAN_POINT('',(73.93,833.10514603707,33.633136907491));
#6612 = CARTESIAN_POINT('',(76.229829541899,833.00767460594,
    33.819528342861));
#6613 = CARTESIAN_POINT('',(78.459818095833,832.78569178408,
    34.370654613137));
#6614 = CARTESIAN_POINT('',(80.554630437631,832.5,35.26334418158));
#6615 = CARTESIAN_POINT('',(82.457019360339,832.5,36.461538461538));
#6616 = PCURVE('',#3777,#6617);
#6617 = DEFINITIONAL_REPRESENTATION('',(#6618),#6628);
#6618 = B_SPLINE_CURVE_WITH_KNOTS('',8,(#6619,#6620,#6621,#6622,#6623,
    #6624,#6625,#6626,#6627),.UNSPECIFIED.,.F.,.F.,(9,9),(
    66.405106838065,84.391340534245),.PIECEWISE_BEZIER_KNOTS.);
#6619 = CARTESIAN_POINT('',(4.150319177379,-832.4999999999));
#6620 = CARTESIAN_POINT('',(4.290836540988,-832.5));
#6621 = CARTESIAN_POINT('',(4.431354177822,-832.785691784));
#6622 = CARTESIAN_POINT('',(4.571871468184,-833.0076746059));
#6623 = CARTESIAN_POINT('',(4.712388980385,-833.105146037));
#6624 = CARTESIAN_POINT('',(4.852906492585,-833.0076746059));
#6625 = CARTESIAN_POINT('',(4.993423782947,-832.785691784));
#6626 = CARTESIAN_POINT('',(5.133941419781,-832.5));
#6627 = CARTESIAN_POINT('',(5.27445878339,-832.5));
#6628 = ( GEOMETRIC_REPRESENTATION_CONTEXT(2) 
PARAMETRIC_REPRESENTATION_CONTEXT() REPRESENTATION_CONTEXT('2D SPACE',''
  ) );
#6629 = PCURVE('',#6630,#6658);
#6630 = ( BOUNDED_SURFACE() B_SPLINE_SURFACE(2,8,(
    (#6631,#6632,#6633,#6634,#6635,#6636,#6637,#6638,#6639)
    ,(#6640,#6641,#6642,#6643,#6644,#6645,#6646,#6647,#6648)
    ,(#6649,#6650,#6651,#6652,#6653,#6654,#6655,#6656,#6657
)),.UNSPECIFIED.,.F.,.F.,.F.) B_SPLINE_SURFACE_WITH_KNOTS((3,3),(9,9),(
    0.,17.98623369618),(66.405106838065,84.391340534245),
.PIECEWISE_BEZIER_KNOTS.) GEOMETRIC_REPRESENTATION_ITEM() 
RATIONAL_B_SPLINE_SURFACE((
    (1.,1.,1.,1.,1.,1.,1.,1.,1.)
    ,(0.707106781187,0.745529892225,0.772222111933,0.786965749609
      ,0.791386276153,0.786965749609,0.772222111933,0.745529892225
      ,0.707106781187)
,(1.,1.,1.,1.,1.,1.,1.,1.,1.))) REPRESENTATION_ITEM('') SURFACE() );
#6631 = CARTESIAN_POINT('',(60.073593539449,842.5,28.));
#6632 = CARTESIAN_POINT('',(63.744157178082,842.5,26.972508652198));
#6633 = CARTESIAN_POINT('',(67.292047357388,842.6508761596,
    26.403683989224));
#6634 = CARTESIAN_POINT('',(70.64924880273,842.71649206211,
    26.125291973487));
#6635 = CARTESIAN_POINT('',(73.93,842.76445507898,26.009832400007));
#6636 = CARTESIAN_POINT('',(77.21075119727,842.71649206211,
    26.125291973487));
#6637 = CARTESIAN_POINT('',(80.567952642612,842.6508761596,
    26.403683989224));
#6638 = CARTESIAN_POINT('',(84.115842821918,842.5,26.972508652198));
#6639 = CARTESIAN_POINT('',(87.786406460551,842.5,28.));
#6640 = CARTESIAN_POINT('',(65.402980639661,842.5,36.461538461538));
#6641 = CARTESIAN_POINT('',(67.207324263879,841.46924022928,
    35.325096704644));
#6642 = CARTESIAN_POINT('',(69.279183834737,841.01346350016,
    34.410735408381));
#6643 = CARTESIAN_POINT('',(71.560777819294,840.85142488676,
    33.817279094351));
#6644 = CARTESIAN_POINT('',(73.930000000001,840.82398270271,
    33.621916821579));
#6645 = CARTESIAN_POINT('',(76.299222180705,840.85142488676,
    33.817279094351));
#6646 = CARTESIAN_POINT('',(78.580816165264,841.01346350016,
    34.410735408381));
#6647 = CARTESIAN_POINT('',(80.652675736121,841.46924022928,
    35.325096704644));
#6648 = CARTESIAN_POINT('',(82.457019360339,842.5,36.461538461538));
#6649 = CARTESIAN_POINT('',(65.402980639661,832.5,36.461538461538));
#6650 = CARTESIAN_POINT('',(67.305369562369,832.5,35.26334418158));
#6651 = CARTESIAN_POINT('',(69.400181904167,832.78569178408,
    34.370654613138));
#6652 = CARTESIAN_POINT('',(71.630170458101,833.00767460594,
    33.819528342861));
#6653 = CARTESIAN_POINT('',(73.93,833.10514603707,33.633136907491));
#6654 = CARTESIAN_POINT('',(76.229829541899,833.00767460594,
    33.819528342861));
#6655 = CARTESIAN_POINT('',(78.459818095833,832.78569178408,
    34.370654613137));
#6656 = CARTESIAN_POINT('',(80.554630437631,832.5,35.26334418158));
#6657 = CARTESIAN_POINT('',(82.457019360339,832.5,36.461538461538));
#6658 = DEFINITIONAL_REPRESENTATION('',(#6659),#6663);
#6659 = LINE('',#6660,#6661);
#6660 = CARTESIAN_POINT('',(17.98623369618,0.));
#6661 = VECTOR('',#6662,1.);
#6662 = DIRECTION('',(0.,1.));
#6663 = ( GEOMETRIC_REPRESENTATION_CONTEXT(2) 
PARAMETRIC_REPRESENTATION_CONTEXT() REPRESENTATION_CONTEXT('2D SPACE',''
  ) );
#6664 = ORIENTED_EDGE('',*,*,#6665,.T.);
#6665 = EDGE_CURVE('',#6603,#6552,#6666,.T.);
#6666 = SURFACE_CURVE('',#6667,(#6672,#6679),.PCURVE_S1.);
#6667 = CIRCLE('',#6668,16.);
#6668 = AXIS2_PLACEMENT_3D('',#6669,#6670,#6671);
#6669 = CARTESIAN_POINT('',(73.93,832.5,50.));
#6670 = DIRECTION('',(0.,-1.,-0.));
#6671 = DIRECTION('',(1.,0.,0.));
#6672 = PCURVE('',#3777,#6673);
#6673 = DEFINITIONAL_REPRESENTATION('',(#6674),#6678);
#6674 = LINE('',#6675,#6676);
#6675 = CARTESIAN_POINT('',(0.,-832.5));
#6676 = VECTOR('',#6677,1.);
#6677 = DIRECTION('',(1.,0.));
#6678 = ( GEOMETRIC_REPRESENTATION_CONTEXT(2) 
PARAMETRIC_REPRESENTATION_CONTEXT() REPRESENTATION_CONTEXT('2D SPACE',''
  ) );
#6679 = PCURVE('',#6591,#6680);
#6680 = DEFINITIONAL_REPRESENTATION('',(#6681),#6684);
#6681 = B_SPLINE_CURVE_WITH_KNOTS('',1,(#6682,#6683),.UNSPECIFIED.,.F.,
  .F.,(2,2),(5.27445878339,6.28318530718),.PIECEWISE_BEZIER_KNOTS.);
#6682 = CARTESIAN_POINT('',(-5.27445878339,3.14159265359));
#6683 = CARTESIAN_POINT('',(-6.28318530718,3.14159265359));
#6684 = ( GEOMETRIC_REPRESENTATION_CONTEXT(2) 
PARAMETRIC_REPRESENTATION_CONTEXT() REPRESENTATION_CONTEXT('2D SPACE',''
  ) );
#6685 = ORIENTED_EDGE('',*,*,#6551,.F.);
#6686 = ORIENTED_EDGE('',*,*,#3760,.F.);
#6687 = ORIENTED_EDGE('',*,*,#5675,.F.);
#6688 = ORIENTED_EDGE('',*,*,#6689,.F.);
#6689 = EDGE_CURVE('',#6690,#5676,#6692,.T.);
#6690 = VERTEX_POINT('',#6691);
#6691 = CARTESIAN_POINT('',(67.68,12.810451737081,64.728798321655));
#6692 = SURFACE_CURVE('',#6693,(#6699,#6705),.PCURVE_S1.);
#6693 = B_SPLINE_CURVE_WITH_KNOTS('',4,(#6694,#6695,#6696,#6697,#6698),
  .UNSPECIFIED.,.F.,.F.,(5,5),(0.,11.512612757713),
  .PIECEWISE_BEZIER_KNOTS.);
#6694 = CARTESIAN_POINT('',(67.68,12.810451737081,64.728798321655));
#6695 = CARTESIAN_POINT('',(66.275991966495,9.933877539179,
    64.133023295223));
#6696 = CARTESIAN_POINT('',(64.9476305865,7.057303341278,63.358753015627
    ));
#6697 = CARTESIAN_POINT('',(63.72939469444,4.180729143376,
    62.420701986621));
#6698 = CARTESIAN_POINT('',(62.647920134801,1.304154945474,
    61.345248957836));
#6699 = PCURVE('',#3777,#6700);
#6700 = DEFINITIONAL_REPRESENTATION('',(#6701),#6704);
#6701 = B_SPLINE_CURVE_WITH_KNOTS('',1,(#6702,#6703),.UNSPECIFIED.,.F.,
  .F.,(2,2),(0.,11.512612757713),.PIECEWISE_BEZIER_KNOTS.);
#6702 = CARTESIAN_POINT('',(1.972106763789,-12.81045173708));
#6703 = CARTESIAN_POINT('',(2.353402780706,-1.304154945474));
#6704 = ( GEOMETRIC_REPRESENTATION_CONTEXT(2) 
PARAMETRIC_REPRESENTATION_CONTEXT() REPRESENTATION_CONTEXT('2D SPACE',''
  ) );
#6705 = PCURVE('',#5788,#6706);
#6706 = DEFINITIONAL_REPRESENTATION('',(#6707),#6734);
#6707 = B_SPLINE_CURVE_WITH_KNOTS('',9,(#6708,#6709,#6710,#6711,#6712,
    #6713,#6714,#6715,#6716,#6717,#6718,#6719,#6720,#6721,#6722,#6723,
    #6724,#6725,#6726,#6727,#6728,#6729,#6730,#6731,#6732,#6733),
  .UNSPECIFIED.,.F.,.F.,(10,8,8,10),(0.,2.878153189428,5.756306378856,
    11.512612757713),.UNSPECIFIED.);
#6708 = CARTESIAN_POINT('',(8.468641545019,0.456362061899));
#6709 = CARTESIAN_POINT('',(8.137591000305,0.354888682348));
#6710 = CARTESIAN_POINT('',(7.808472542291,0.251929769102));
#6711 = CARTESIAN_POINT('',(7.472228844985,0.144691502958));
#6712 = CARTESIAN_POINT('',(7.151480665003,4.007945111697E-02));
#6713 = CARTESIAN_POINT('',(6.8166258714,-7.076642057068E-02));
#6714 = CARTESIAN_POINT('',(6.491537458813,-0.180904424536));
#6715 = CARTESIAN_POINT('',(6.163787511343,-0.293764989521));
#6716 = CARTESIAN_POINT('',(5.837793479006,-0.408189168099));
#6717 = CARTESIAN_POINT('',(5.186754499622,-0.640846377055));
#6718 = CARTESIAN_POINT('',(4.862035328892,-0.758979069114));
#6719 = CARTESIAN_POINT('',(4.538130226244,-0.878903735022));
#6720 = CARTESIAN_POINT('',(4.21505294079,-1.00060826105));
#6721 = CARTESIAN_POINT('',(3.892817221652,-1.124080533467));
#6722 = CARTESIAN_POINT('',(3.571436817941,-1.249308438543));
#6723 = CARTESIAN_POINT('',(3.250925478779,-1.376279862546));
#6724 = CARTESIAN_POINT('',(2.93129695328,-1.504982691746));
#6725 = CARTESIAN_POINT('',(1.975101065124,-1.896249053745));
#6726 = CARTESIAN_POINT('',(1.341265220636,-2.163945743067));
#6727 = CARTESIAN_POINT('',(0.711149273054,-2.438398031908));
#6728 = CARTESIAN_POINT('',(8.485345609409E-02,-2.719497418109));
#6729 = CARTESIAN_POINT('',(-0.537513578767,-3.007123745827));
#6730 = CARTESIAN_POINT('',(-1.155834762292,-3.301145205532));
#6731 = CARTESIAN_POINT('',(-1.769984607483,-3.60141833401));
#6732 = CARTESIAN_POINT('',(-2.37982920958,-3.907788014358));
#6733 = CARTESIAN_POINT('',(-2.985226246064,-4.220087475988));
#6734 = ( GEOMETRIC_REPRESENTATION_CONTEXT(2) 
PARAMETRIC_REPRESENTATION_CONTEXT() REPRESENTATION_CONTEXT('2D SPACE',''
  ) );
#6735 = ORIENTED_EDGE('',*,*,#6736,.F.);
#6736 = EDGE_CURVE('',#6737,#6690,#6739,.T.);
#6737 = VERTEX_POINT('',#6738);
#6738 = CARTESIAN_POINT('',(67.68,822.5,64.728798321655));
#6739 = SURFACE_CURVE('',#6740,(#6744,#6750),.PCURVE_S1.);
#6740 = LINE('',#6741,#6742);
#6741 = CARTESIAN_POINT('',(67.68,0.,64.728798321655));
#6742 = VECTOR('',#6743,1.);
#6743 = DIRECTION('',(0.,-1.,0.));
#6744 = PCURVE('',#3777,#6745);
#6745 = DEFINITIONAL_REPRESENTATION('',(#6746),#6749);
#6746 = B_SPLINE_CURVE_WITH_KNOTS('',1,(#6747,#6748),.UNSPECIFIED.,.F.,
  .F.,(2,2),(-842.5000006,6.E-07),.PIECEWISE_BEZIER_KNOTS.);
#6747 = CARTESIAN_POINT('',(1.972106763789,-842.5000006));
#6748 = CARTESIAN_POINT('',(1.972106763789,6.E-07));
#6749 = ( GEOMETRIC_REPRESENTATION_CONTEXT(2) 
PARAMETRIC_REPRESENTATION_CONTEXT() REPRESENTATION_CONTEXT('2D SPACE',''
  ) );
#6750 = PCURVE('',#6751,#6756);
#6751 = PLANE('',#6752);
#6752 = AXIS2_PLACEMENT_3D('',#6753,#6754,#6755);
#6753 = CARTESIAN_POINT('',(67.68,0.,62.67));
#6754 = DIRECTION('',(1.,0.,-0.));
#6755 = DIRECTION('',(0.,0.,1.));
#6756 = DEFINITIONAL_REPRESENTATION('',(#6757),#6760);
#6757 = B_SPLINE_CURVE_WITH_KNOTS('',1,(#6758,#6759),.UNSPECIFIED.,.F.,
  .F.,(2,2),(-842.5000006,6.E-07),.PIECEWISE_BEZIER_KNOTS.);
#6758 = CARTESIAN_POINT('',(2.058798321655,-842.5000006));
#6759 = CARTESIAN_POINT('',(2.058798321655,6.E-07));
#6760 = ( GEOMETRIC_REPRESENTATION_CONTEXT(2) 
PARAMETRIC_REPRESENTATION_CONTEXT() REPRESENTATION_CONTEXT('2D SPACE',''
  ) );
#6761 = ORIENTED_EDGE('',*,*,#6762,.F.);
#6762 = EDGE_CURVE('',#6763,#6737,#6765,.T.);
#6763 = VERTEX_POINT('',#6764);
#6764 = CARTESIAN_POINT('',(80.18,822.5,64.728798321655));
#6765 = SURFACE_CURVE('',#6766,(#6771,#6778),.PCURVE_S1.);
#6766 = CIRCLE('',#6767,16.);
#6767 = AXIS2_PLACEMENT_3D('',#6768,#6769,#6770);
#6768 = CARTESIAN_POINT('',(73.93,822.5,50.));
#6769 = DIRECTION('',(0.,-1.,0.));
#6770 = DIRECTION('',(1.,0.,0.));
#6771 = PCURVE('',#3777,#6772);
#6772 = DEFINITIONAL_REPRESENTATION('',(#6773),#6777);
#6773 = LINE('',#6774,#6775);
#6774 = CARTESIAN_POINT('',(0.,-822.5));
#6775 = VECTOR('',#6776,1.);
#6776 = DIRECTION('',(1.,0.));
#6777 = ( GEOMETRIC_REPRESENTATION_CONTEXT(2) 
PARAMETRIC_REPRESENTATION_CONTEXT() REPRESENTATION_CONTEXT('2D SPACE',''
  ) );
#6778 = PCURVE('',#6779,#6784);
#6779 = PLANE('',#6780);
#6780 = AXIS2_PLACEMENT_3D('',#6781,#6782,#6783);
#6781 = CARTESIAN_POINT('',(73.93,822.5,85.17));
#6782 = DIRECTION('',(0.,-1.,0.));
#6783 = DIRECTION('',(1.,0.,0.));
#6784 = DEFINITIONAL_REPRESENTATION('',(#6785),#6789);
#6785 = CIRCLE('',#6786,16.);
#6786 = AXIS2_PLACEMENT_2D('',#6787,#6788);
#6787 = CARTESIAN_POINT('',(0.,-35.17));
#6788 = DIRECTION('',(1.,0.));
#6789 = ( GEOMETRIC_REPRESENTATION_CONTEXT(2) 
PARAMETRIC_REPRESENTATION_CONTEXT() REPRESENTATION_CONTEXT('2D SPACE',''
  ) );
#6790 = ORIENTED_EDGE('',*,*,#6791,.T.);
#6791 = EDGE_CURVE('',#6763,#6792,#6794,.T.);
#6792 = VERTEX_POINT('',#6793);
#6793 = CARTESIAN_POINT('',(80.18,8.538421400044,64.728798321655));
#6794 = SURFACE_CURVE('',#6795,(#6799,#6805),.PCURVE_S1.);
#6795 = LINE('',#6796,#6797);
#6796 = CARTESIAN_POINT('',(80.18,0.,64.728798321655));
#6797 = VECTOR('',#6798,1.);
#6798 = DIRECTION('',(0.,-1.,0.));
#6799 = PCURVE('',#3777,#6800);
#6800 = DEFINITIONAL_REPRESENTATION('',(#6801),#6804);
#6801 = B_SPLINE_CURVE_WITH_KNOTS('',1,(#6802,#6803),.UNSPECIFIED.,.F.,
  .F.,(2,2),(-842.5000006,6.E-07),.PIECEWISE_BEZIER_KNOTS.);
#6802 = CARTESIAN_POINT('',(1.169485889801,-842.5000006));
#6803 = CARTESIAN_POINT('',(1.169485889801,6.E-07));
#6804 = ( GEOMETRIC_REPRESENTATION_CONTEXT(2) 
PARAMETRIC_REPRESENTATION_CONTEXT() REPRESENTATION_CONTEXT('2D SPACE',''
  ) );
#6805 = PCURVE('',#6806,#6811);
#6806 = PLANE('',#6807);
#6807 = AXIS2_PLACEMENT_3D('',#6808,#6809,#6810);
#6808 = CARTESIAN_POINT('',(80.18,0.,62.67));
#6809 = DIRECTION('',(1.,0.,-0.));
#6810 = DIRECTION('',(0.,0.,1.));
#6811 = DEFINITIONAL_REPRESENTATION('',(#6812),#6815);
#6812 = B_SPLINE_CURVE_WITH_KNOTS('',1,(#6813,#6814),.UNSPECIFIED.,.F.,
  .F.,(2,2),(-842.5000006,6.E-07),.PIECEWISE_BEZIER_KNOTS.);
#6813 = CARTESIAN_POINT('',(2.058798321655,-842.5000006));
#6814 = CARTESIAN_POINT('',(2.058798321655,6.E-07));
#6815 = ( GEOMETRIC_REPRESENTATION_CONTEXT(2) 
PARAMETRIC_REPRESENTATION_CONTEXT() REPRESENTATION_CONTEXT('2D SPACE',''
  ) );
#6816 = ORIENTED_EDGE('',*,*,#6817,.F.);
#6817 = EDGE_CURVE('',#6106,#6792,#6818,.T.);
#6818 = SURFACE_CURVE('',#6819,(#6840,#6864),.PCURVE_S1.);
#6819 = B_SPLINE_CURVE_WITH_KNOTS('',7,(#6820,#6821,#6822,#6823,#6824,
    #6825,#6826,#6827,#6828,#6829,#6830,#6831,#6832,#6833,#6834,#6835,
    #6836,#6837,#6838,#6839),.UNSPECIFIED.,.F.,.F.,(8,6,6,8),(0.,
    0.265664926394,0.633027719366,1.),.UNSPECIFIED.);
#6820 = CARTESIAN_POINT('',(86.18,1.070842026456,60.292594425119));
#6821 = CARTESIAN_POINT('',(85.859344137732,1.151122057379,
    60.674231372088));
#6822 = CARTESIAN_POINT('',(85.530134322049,1.251676799418,
    61.037885194675));
#6823 = CARTESIAN_POINT('',(85.194261470386,1.373895138448,
    61.382987027764));
#6824 = CARTESIAN_POINT('',(84.85411705082,1.51893289459,61.708688580503
    ));
#6825 = CARTESIAN_POINT('',(84.512605169788,1.68752893128,
    62.014171521161));
#6826 = CARTESIAN_POINT('',(84.173018888048,1.879860000022,
    62.298852865445));
#6827 = CARTESIAN_POINT('',(83.376594611464,2.393531573062,
    62.927040098543));
#6828 = CARTESIAN_POINT('',(82.924605864899,2.736094659456,
    63.251369676909));
#6829 = CARTESIAN_POINT('',(82.491891158135,3.121819581909,
    63.534796367666));
#6830 = CARTESIAN_POINT('',(82.08791611648,3.54708906003,63.777934617787
    ));
#6831 = CARTESIAN_POINT('',(81.721225621649,4.005604180902,
    63.983172153963));
#6832 = CARTESIAN_POINT('',(81.397737160734,4.48926952056,
    64.153765458541));
#6833 = CARTESIAN_POINT('',(80.843956536326,5.489121773128,
    64.432365558311));
#6834 = CARTESIAN_POINT('',(80.613557667575,6.005285538386,
    64.540443536248));
#6835 = CARTESIAN_POINT('',(80.432709340665,6.529410259898,
    64.620797904382));
#6836 = CARTESIAN_POINT('',(80.301965607334,7.052396945059,
    64.677041660207));
#6837 = CARTESIAN_POINT('',(80.21905169954,7.565802615655,
    64.712227659247));
#6838 = CARTESIAN_POINT('',(80.18,8.062835264851,64.728798321655));
#6839 = CARTESIAN_POINT('',(80.18,8.53842146184,64.728798321655));
#6840 = PCURVE('',#3777,#6841);
#6841 = DEFINITIONAL_REPRESENTATION('',(#6842),#6863);
#6842 = B_SPLINE_CURVE_WITH_KNOTS('',7,(#6843,#6844,#6845,#6846,#6847,
    #6848,#6849,#6850,#6851,#6852,#6853,#6854,#6855,#6856,#6857,#6858,
    #6859,#6860,#6861,#6862),.UNSPECIFIED.,.F.,.F.,(8,6,6,8),(0.,
    0.265664926394,0.633027719366,1.),.UNSPECIFIED.);
#6843 = CARTESIAN_POINT('',(0.698783984968,-1.070842026456));
#6844 = CARTESIAN_POINT('',(0.729938021455,-1.151122057379));
#6845 = CARTESIAN_POINT('',(0.760575494787,-1.251676799418));
#6846 = CARTESIAN_POINT('',(0.7906423144,-1.373895138448));
#6847 = CARTESIAN_POINT('',(0.820044307093,-1.51893289459));
#6848 = CARTESIAN_POINT('',(0.848657747932,-1.68752893128));
#6849 = CARTESIAN_POINT('',(0.87634096427,-1.879860000022));
#6850 = CARTESIAN_POINT('',(0.939737990403,-2.393531573062));
#6851 = CARTESIAN_POINT('',(0.974471680374,-2.736094659457));
#6852 = CARTESIAN_POINT('',(1.006757401732,-3.121819581906));
#6853 = CARTESIAN_POINT('',(1.036196118145,-3.547089060032));
#6854 = CARTESIAN_POINT('',(1.062446333488,-4.005604180901));
#6855 = CARTESIAN_POINT('',(1.085299229362,-4.48926952056));
#6856 = CARTESIAN_POINT('',(1.124043734797,-5.489121773128));
#6857 = CARTESIAN_POINT('',(1.139943239505,-6.005285538386));
#6858 = CARTESIAN_POINT('',(1.15230950577,-6.529410259898));
#6859 = CARTESIAN_POINT('',(1.161205165998,-7.052396945059));
#6860 = CARTESIAN_POINT('',(1.166834498667,-7.565802615655));
#6861 = CARTESIAN_POINT('',(1.169485889801,-8.062835264851));
#6862 = CARTESIAN_POINT('',(1.169485889801,-8.53842146184));
#6863 = ( GEOMETRIC_REPRESENTATION_CONTEXT(2) 
PARAMETRIC_REPRESENTATION_CONTEXT() REPRESENTATION_CONTEXT('2D SPACE',''
  ) );
#6864 = PCURVE('',#6399,#6865);
#6865 = DEFINITIONAL_REPRESENTATION('',(#6866),#6887);
#6866 = B_SPLINE_CURVE_WITH_KNOTS('',7,(#6867,#6868,#6869,#6870,#6871,
    #6872,#6873,#6874,#6875,#6876,#6877,#6878,#6879,#6880,#6881,#6882,
    #6883,#6884,#6885,#6886),.UNSPECIFIED.,.F.,.F.,(8,6,6,8),(0.,
    0.265664926394,0.633027719366,1.),.UNSPECIFIED.);
#6867 = CARTESIAN_POINT('',(0.,850.6676270173));
#6868 = CARTESIAN_POINT('',(2.576031159607,850.28127161368));
#6869 = CARTESIAN_POINT('',(5.154251941747,849.90689288148));
#6870 = CARTESIAN_POINT('',(7.734206385579,849.54458068982));
#6871 = CARTESIAN_POINT('',(10.315528460531,849.19452580701));
#6872 = CARTESIAN_POINT('',(12.897906271603,848.85688046406));
#6873 = CARTESIAN_POINT('',(15.481044672868,848.53168409255));
#6874 = CARTESIAN_POINT('',(21.637215909225,847.78627154238));
#6875 = CARTESIAN_POINT('',(25.210882499255,847.3773081374));
#6876 = CARTESIAN_POINT('',(28.78457764876,846.9917764472));
#6877 = CARTESIAN_POINT('',(32.358015901214,846.62895166772));
#6878 = CARTESIAN_POINT('',(35.93156484067,846.28756151355));
#6879 = CARTESIAN_POINT('',(39.505949792387,845.96654932764));
#6880 = CARTESIAN_POINT('',(46.654284369764,845.36444357112));
#6881 = CARTESIAN_POINT('',(50.228325784568,845.08329920728));
#6882 = CARTESIAN_POINT('',(53.805366070694,844.82129981661));
#6883 = CARTESIAN_POINT('',(57.38680095981,844.57830265169));
#6884 = CARTESIAN_POINT('',(60.973867042545,844.35497765748));
#6885 = CARTESIAN_POINT('',(64.567363794425,844.15235490384));
#6886 = CARTESIAN_POINT('',(68.167627011283,843.97135556418));
#6887 = ( GEOMETRIC_REPRESENTATION_CONTEXT(2) 
PARAMETRIC_REPRESENTATION_CONTEXT() REPRESENTATION_CONTEXT('2D SPACE',''
  ) );
#6888 = ORIENTED_EDGE('',*,*,#6105,.F.);
#6889 = ADVANCED_FACE('',(#6890),#3857,.T.);
#6890 = FACE_BOUND('',#6891,.F.);
#6891 = EDGE_LOOP('',(#6892,#6893,#6894));
#6892 = ORIENTED_EDGE('',*,*,#3843,.F.);
#6893 = ORIENTED_EDGE('',*,*,#6216,.T.);
#6894 = ORIENTED_EDGE('',*,*,#6895,.F.);
#6895 = EDGE_CURVE('',#3821,#6217,#6896,.T.);
#6896 = SURFACE_CURVE('',#6897,(#6902,#6909),.PCURVE_S1.);
#6897 = CIRCLE('',#6898,50.);
#6898 = AXIS2_PLACEMENT_3D('',#6899,#6900,#6901);
#6899 = CARTESIAN_POINT('',(100.,50.,50.));
#6900 = DIRECTION('',(0.,-1.,0.));
#6901 = DIRECTION('',(1.,0.,0.));
#6902 = PCURVE('',#3857,#6903);
#6903 = DEFINITIONAL_REPRESENTATION('',(#6904),#6908);
#6904 = LINE('',#6905,#6906);
#6905 = CARTESIAN_POINT('',(-0.,0.));
#6906 = VECTOR('',#6907,1.);
#6907 = DIRECTION('',(-1.,0.));
#6908 = ( GEOMETRIC_REPRESENTATION_CONTEXT(2) 
PARAMETRIC_REPRESENTATION_CONTEXT() REPRESENTATION_CONTEXT('2D SPACE',''
  ) );
#6909 = PCURVE('',#4089,#6910);
#6910 = DEFINITIONAL_REPRESENTATION('',(#6911),#6915);
#6911 = LINE('',#6912,#6913);
#6912 = CARTESIAN_POINT('',(1.570796326795,50.));
#6913 = VECTOR('',#6914,1.);
#6914 = DIRECTION('',(-1.,-0.));
#6915 = ( GEOMETRIC_REPRESENTATION_CONTEXT(2) 
PARAMETRIC_REPRESENTATION_CONTEXT() REPRESENTATION_CONTEXT('2D SPACE',''
  ) );
#6916 = ADVANCED_FACE('',(#6917),#4265,.F.);
#6917 = FACE_BOUND('',#6918,.F.);
#6918 = EDGE_LOOP('',(#6919,#6954,#6984));
#6919 = ORIENTED_EDGE('',*,*,#6920,.T.);
#6920 = EDGE_CURVE('',#3873,#6921,#6923,.T.);
#6921 = VERTEX_POINT('',#6922);
#6922 = CARTESIAN_POINT('',(147.33333333333,862.72876383367,28.));
#6923 = SURFACE_CURVE('',#6924,(#6928,#6934),.PCURVE_S1.);
#6924 = ( BOUNDED_CURVE() B_SPLINE_CURVE(2,(#6925,#6926,#6927),
.UNSPECIFIED.,.F.,.F.) B_SPLINE_CURVE_WITH_KNOTS((3,3),(0.,
4.923837669362),.PIECEWISE_BEZIER_KNOTS.) CURVE() 
GEOMETRIC_REPRESENTATION_ITEM() RATIONAL_B_SPLINE_CURVE((1.,
0.707106781187,1.)) REPRESENTATION_ITEM('') );
#6925 = CARTESIAN_POINT('',(150.,855.18629150101,20.));
#6926 = CARTESIAN_POINT('',(147.33333333333,862.72876383367,20.));
#6927 = CARTESIAN_POINT('',(147.33333333333,862.72876383367,28.));
#6928 = PCURVE('',#4265,#6929);
#6929 = DEFINITIONAL_REPRESENTATION('',(#6930),#6933);
#6930 = B_SPLINE_CURVE_WITH_KNOTS('',1,(#6931,#6932),.UNSPECIFIED.,.F.,
  .F.,(2,2),(0.,4.923837669362),.PIECEWISE_BEZIER_KNOTS.);
#6931 = CARTESIAN_POINT('',(0.,149.64253294499));
#6932 = CARTESIAN_POINT('',(4.923837669362,149.64253294499));
#6933 = ( GEOMETRIC_REPRESENTATION_CONTEXT(2) 
PARAMETRIC_REPRESENTATION_CONTEXT() REPRESENTATION_CONTEXT('2D SPACE',''
  ) );
#6934 = PCURVE('',#5171,#6935);
#6935 = DEFINITIONAL_REPRESENTATION('',(#6936),#6953);
#6936 = B_SPLINE_CURVE_WITH_KNOTS('',8,(#6937,#6938,#6939,#6940,#6941,
    #6942,#6943,#6944,#6945,#6946,#6947,#6948,#6949,#6950,#6951,#6952),
  .UNSPECIFIED.,.F.,.F.,(9,7,9),(0.,2.461918834681,4.923837669362),
  .UNSPECIFIED.);
#6937 = CARTESIAN_POINT('',(-0.339836909454,1.570796326795));
#6938 = CARTESIAN_POINT('',(-0.339836909454,1.659184674443));
#6939 = CARTESIAN_POINT('',(-0.339836909454,1.751271349778));
#6940 = CARTESIAN_POINT('',(-0.339836909454,1.846801111406));
#6941 = CARTESIAN_POINT('',(-0.339836909454,1.945365090168));
#6942 = CARTESIAN_POINT('',(-0.339836909454,2.046380355844));
#6943 = CARTESIAN_POINT('',(-0.339836909454,2.149087711605));
#6944 = CARTESIAN_POINT('',(-0.339836909454,2.252641099599));
#6945 = CARTESIAN_POINT('',(-0.339836909454,2.459747880786));
#6946 = CARTESIAN_POINT('',(-0.339836909454,2.563301268773));
#6947 = CARTESIAN_POINT('',(-0.339836909453,2.666008624548));
#6948 = CARTESIAN_POINT('',(-0.339836909454,2.767023890192));
#6949 = CARTESIAN_POINT('',(-0.339836909453,2.865587868983));
#6950 = CARTESIAN_POINT('',(-0.339836909454,2.961117630602));
#6951 = CARTESIAN_POINT('',(-0.339836909454,3.053204305941));
#6952 = CARTESIAN_POINT('',(-0.339836909454,3.14159265359));
#6953 = ( GEOMETRIC_REPRESENTATION_CONTEXT(2) 
PARAMETRIC_REPRESENTATION_CONTEXT() REPRESENTATION_CONTEXT('2D SPACE',''
  ) );
#6954 = ORIENTED_EDGE('',*,*,#6955,.T.);
#6955 = EDGE_CURVE('',#6921,#4128,#6956,.T.);
#6956 = SURFACE_CURVE('',#6957,(#6965,#6972),.PCURVE_S1.);
#6957 = ( BOUNDED_CURVE() B_SPLINE_CURVE(6,(#6958,#6959,#6960,#6961,
#6962,#6963,#6964),.UNSPECIFIED.,.F.,.F.) B_SPLINE_CURVE_WITH_KNOTS((7,7
),(149.64253294499,154.56637061435),.PIECEWISE_BEZIER_KNOTS.) CURVE() 
GEOMETRIC_REPRESENTATION_ITEM() RATIONAL_B_SPLINE_CURVE((1.,1.,1.,1.,1.,
1.,1.)) REPRESENTATION_ITEM('') );
#6958 = CARTESIAN_POINT('',(147.33333333333,862.72876383367,28.));
#6959 = CARTESIAN_POINT('',(148.10703895319,863.00231007889,28.));
#6960 = CARTESIAN_POINT('',(148.81338921549,863.46632045144,28.));
#6961 = CARTESIAN_POINT('',(149.39385317673,864.10018340433,28.));
#6962 = CARTESIAN_POINT('',(149.79797691282,864.85873772639,28.));
#6963 = CARTESIAN_POINT('',(150.,865.67936126429,28.));
#6964 = CARTESIAN_POINT('',(150.,866.5,28.));
#6965 = PCURVE('',#4265,#6966);
#6966 = DEFINITIONAL_REPRESENTATION('',(#6967),#6971);
#6967 = LINE('',#6968,#6969);
#6968 = CARTESIAN_POINT('',(4.923837669362,0.));
#6969 = VECTOR('',#6970,1.);
#6970 = DIRECTION('',(0.,1.));
#6971 = ( GEOMETRIC_REPRESENTATION_CONTEXT(2) 
PARAMETRIC_REPRESENTATION_CONTEXT() REPRESENTATION_CONTEXT('2D SPACE',''
  ) );
#6972 = PCURVE('',#4143,#6973);
#6973 = DEFINITIONAL_REPRESENTATION('',(#6974),#6983);
#6974 = B_SPLINE_CURVE_WITH_KNOTS('',7,(#6975,#6976,#6977,#6978,#6979,
    #6980,#6981,#6982),.UNSPECIFIED.,.F.,.F.,(8,8),(149.64253294499,
    154.56637061435),.PIECEWISE_BEZIER_KNOTS.);
#6975 = CARTESIAN_POINT('',(-0.339836909455,22.));
#6976 = CARTESIAN_POINT('',(-0.515688067099,22.));
#6977 = CARTESIAN_POINT('',(-0.691536180049,22.));
#6978 = CARTESIAN_POINT('',(-0.867400047262,22.));
#6979 = CARTESIAN_POINT('',(-1.043233188985,22.));
#6980 = CARTESIAN_POINT('',(-1.219097056206,22.));
#6981 = CARTESIAN_POINT('',(-1.394945169144,22.));
#6982 = CARTESIAN_POINT('',(-1.570796326795,22.));
#6983 = ( GEOMETRIC_REPRESENTATION_CONTEXT(2) 
PARAMETRIC_REPRESENTATION_CONTEXT() REPRESENTATION_CONTEXT('2D SPACE',''
  ) );
#6984 = ORIENTED_EDGE('',*,*,#4155,.F.);
#6985 = ADVANCED_FACE('',(#6986),#3983,.T.);
#6986 = FACE_BOUND('',#6987,.T.);
#6987 = EDGE_LOOP('',(#6988,#7023,#7053));
#6988 = ORIENTED_EDGE('',*,*,#6989,.T.);
#6989 = EDGE_CURVE('',#3875,#6990,#6992,.T.);
#6990 = VERTEX_POINT('',#6991);
#6991 = CARTESIAN_POINT('',(146.,841.42820323027,28.));
#6992 = SURFACE_CURVE('',#6993,(#6997,#7003),.PCURVE_S1.);
#6993 = ( BOUNDED_CURVE() B_SPLINE_CURVE(2,(#6994,#6995,#6996),
.UNSPECIFIED.,.F.,.F.) B_SPLINE_CURVE_WITH_KNOTS((3,3),(0.,
8.377580409574),.PIECEWISE_BEZIER_KNOTS.) CURVE() 
GEOMETRIC_REPRESENTATION_ITEM() RATIONAL_B_SPLINE_CURVE((1.,
0.707106781187,1.)) REPRESENTATION_ITEM('') );
#6994 = CARTESIAN_POINT('',(150.,848.35640646055,20.));
#6995 = CARTESIAN_POINT('',(146.,841.42820323027,20.));
#6996 = CARTESIAN_POINT('',(146.,841.42820323027,28.));
#6997 = PCURVE('',#3983,#6998);
#6998 = DEFINITIONAL_REPRESENTATION('',(#6999),#7002);
#6999 = B_SPLINE_CURVE_WITH_KNOTS('',1,(#7000,#7001),.UNSPECIFIED.,.F.,
  .F.,(2,2),(0.,8.377580409574),.PIECEWISE_BEZIER_KNOTS.);
#7000 = CARTESIAN_POINT('',(0.,150.75516081914));
#7001 = CARTESIAN_POINT('',(8.377580409574,150.75516081914));
#7002 = ( GEOMETRIC_REPRESENTATION_CONTEXT(2) 
PARAMETRIC_REPRESENTATION_CONTEXT() REPRESENTATION_CONTEXT('2D SPACE',''
  ) );
#7003 = PCURVE('',#5201,#7004);
#7004 = DEFINITIONAL_REPRESENTATION('',(#7005),#7022);
#7005 = B_SPLINE_CURVE_WITH_KNOTS('',8,(#7006,#7007,#7008,#7009,#7010,
    #7011,#7012,#7013,#7014,#7015,#7016,#7017,#7018,#7019,#7020,#7021),
  .UNSPECIFIED.,.F.,.F.,(9,7,9),(0.,4.188790204787,8.377580409574),
  .UNSPECIFIED.);
#7006 = CARTESIAN_POINT('',(0.523598775598,1.570796326795));
#7007 = CARTESIAN_POINT('',(0.523598775598,1.659184674443));
#7008 = CARTESIAN_POINT('',(0.523598775597,1.751271349777));
#7009 = CARTESIAN_POINT('',(0.5235987756,1.846801111412));
#7010 = CARTESIAN_POINT('',(0.523598775594,1.945365090159));
#7011 = CARTESIAN_POINT('',(0.5235987756,2.046380355847));
#7012 = CARTESIAN_POINT('',(0.523598775597,2.149087711605));
#7013 = CARTESIAN_POINT('',(0.523598775598,2.252641099599));
#7014 = CARTESIAN_POINT('',(0.523598775598,2.459747880786));
#7015 = CARTESIAN_POINT('',(0.523598775598,2.563301268775));
#7016 = CARTESIAN_POINT('',(0.5235987756,2.666008624545));
#7017 = CARTESIAN_POINT('',(0.523598775594,2.767023890196));
#7018 = CARTESIAN_POINT('',(0.5235987756,2.865587868979));
#7019 = CARTESIAN_POINT('',(0.523598775598,2.961117630604));
#7020 = CARTESIAN_POINT('',(0.523598775598,3.053204305941));
#7021 = CARTESIAN_POINT('',(0.523598775598,3.14159265359));
#7022 = ( GEOMETRIC_REPRESENTATION_CONTEXT(2) 
PARAMETRIC_REPRESENTATION_CONTEXT() REPRESENTATION_CONTEXT('2D SPACE',''
  ) );
#7023 = ORIENTED_EDGE('',*,*,#7024,.T.);
#7024 = EDGE_CURVE('',#6990,#3898,#7025,.T.);
#7025 = SURFACE_CURVE('',#7026,(#7034,#7041),.PCURVE_S1.);
#7026 = ( BOUNDED_CURVE() B_SPLINE_CURVE(6,(#7027,#7028,#7029,#7030,
#7031,#7032,#7033),.UNSPECIFIED.,.F.,.F.) B_SPLINE_CURVE_WITH_KNOTS((7,7
),(150.75516081914,159.13274122871),.PIECEWISE_BEZIER_KNOTS.) CURVE() 
GEOMETRIC_REPRESENTATION_ITEM() RATIONAL_B_SPLINE_CURVE((1.,1.,1.,1.,1.,
1.,1.)) REPRESENTATION_ITEM('') );
#7027 = CARTESIAN_POINT('',(146.,841.42820323027,28.));
#7028 = CARTESIAN_POINT('',(147.20919908553,840.73007181273,28.));
#7029 = CARTESIAN_POINT('',(148.27217544062,839.77870355719,28.));
#7030 = CARTESIAN_POINT('',(149.12268050583,838.61226228836,28.));
#7031 = CARTESIAN_POINT('',(149.70757002373,837.29253391886,28.));
#7032 = CARTESIAN_POINT('',(150.,835.89626283506,28.));
#7033 = CARTESIAN_POINT('',(150.,834.5,28.));
#7034 = PCURVE('',#3983,#7035);
#7035 = DEFINITIONAL_REPRESENTATION('',(#7036),#7040);
#7036 = LINE('',#7037,#7038);
#7037 = CARTESIAN_POINT('',(8.377580409574,0.));
#7038 = VECTOR('',#7039,1.);
#7039 = DIRECTION('',(0.,1.));
#7040 = ( GEOMETRIC_REPRESENTATION_CONTEXT(2) 
PARAMETRIC_REPRESENTATION_CONTEXT() REPRESENTATION_CONTEXT('2D SPACE',''
  ) );
#7041 = PCURVE('',#4063,#7042);
#7042 = DEFINITIONAL_REPRESENTATION('',(#7043),#7052);
#7043 = B_SPLINE_CURVE_WITH_KNOTS('',7,(#7044,#7045,#7046,#7047,#7048,
    #7049,#7050,#7051),.UNSPECIFIED.,.F.,.F.,(8,8),(150.75516081914,
    159.13274122871),.PIECEWISE_BEZIER_KNOTS.);
#7044 = CARTESIAN_POINT('',(0.523598775598,22.));
#7045 = CARTESIAN_POINT('',(0.673198365071,22.));
#7046 = CARTESIAN_POINT('',(0.822796527284,22.));
#7047 = CARTESIAN_POINT('',(0.972401376218,22.));
#7048 = CARTESIAN_POINT('',(1.121994831157,22.));
#7049 = CARTESIAN_POINT('',(1.271596399859,22.));
#7050 = CARTESIAN_POINT('',(1.421196737324,22.));
#7051 = CARTESIAN_POINT('',(1.570796326795,22.));
#7052 = ( GEOMETRIC_REPRESENTATION_CONTEXT(2) 
PARAMETRIC_REPRESENTATION_CONTEXT() REPRESENTATION_CONTEXT('2D SPACE',''
  ) );
#7053 = ORIENTED_EDGE('',*,*,#3897,.F.);
#7054 = ADVANCED_FACE('',(#7055),#4143,.T.);
#7055 = FACE_BOUND('',#7056,.F.);
#7056 = EDGE_LOOP('',(#7057,#7058,#7078,#7079,#7080));
#7057 = ORIENTED_EDGE('',*,*,#4931,.F.);
#7058 = ORIENTED_EDGE('',*,*,#7059,.T.);
#7059 = EDGE_CURVE('',#4908,#4105,#7060,.T.);
#7060 = SURFACE_CURVE('',#7061,(#7066,#7072),.PCURVE_S1.);
#7061 = CIRCLE('',#7062,4.);
#7062 = AXIS2_PLACEMENT_3D('',#7063,#7064,#7065);
#7063 = CARTESIAN_POINT('',(146.,866.5,50.));
#7064 = DIRECTION('',(-6.123233995737E-17,-0.,1.));
#7065 = DIRECTION('',(1.,0.,6.123233995737E-17));
#7066 = PCURVE('',#4143,#7067);
#7067 = DEFINITIONAL_REPRESENTATION('',(#7068),#7071);
#7068 = B_SPLINE_CURVE_WITH_KNOTS('',1,(#7069,#7070),.UNSPECIFIED.,.F.,
  .F.,(2,2),(4.712388980385,6.28318530718),.PIECEWISE_BEZIER_KNOTS.);
#7069 = CARTESIAN_POINT('',(0.,0.));
#7070 = CARTESIAN_POINT('',(-1.570796326795,0.));
#7071 = ( GEOMETRIC_REPRESENTATION_CONTEXT(2) 
PARAMETRIC_REPRESENTATION_CONTEXT() REPRESENTATION_CONTEXT('2D SPACE',''
  ) );
#7072 = PCURVE('',#4450,#7073);
#7073 = DEFINITIONAL_REPRESENTATION('',(#7074),#7077);
#7074 = B_SPLINE_CURVE_WITH_KNOTS('',1,(#7075,#7076),.UNSPECIFIED.,.F.,
  .F.,(2,2),(4.712388980385,6.28318530718),.PIECEWISE_BEZIER_KNOTS.);
#7075 = CARTESIAN_POINT('',(1.570796326795,4.712388980385));
#7076 = CARTESIAN_POINT('',(1.570796326795,6.28318530718));
#7077 = ( GEOMETRIC_REPRESENTATION_CONTEXT(2) 
PARAMETRIC_REPRESENTATION_CONTEXT() REPRESENTATION_CONTEXT('2D SPACE',''
  ) );
#7078 = ORIENTED_EDGE('',*,*,#4127,.T.);
#7079 = ORIENTED_EDGE('',*,*,#6955,.F.);
#7080 = ORIENTED_EDGE('',*,*,#7081,.F.);
#7081 = EDGE_CURVE('',#4932,#6921,#7082,.T.);
#7082 = SURFACE_CURVE('',#7083,(#7088,#7095),.PCURVE_S1.);
#7083 = CIRCLE('',#7084,4.);
#7084 = AXIS2_PLACEMENT_3D('',#7085,#7086,#7087);
#7085 = CARTESIAN_POINT('',(146.,866.5,28.));
#7086 = DIRECTION('',(-0.,0.,1.));
#7087 = DIRECTION('',(0.,-1.,0.));
#7088 = PCURVE('',#4143,#7089);
#7089 = DEFINITIONAL_REPRESENTATION('',(#7090),#7094);
#7090 = LINE('',#7091,#7092);
#7091 = CARTESIAN_POINT('',(-0.,22.));
#7092 = VECTOR('',#7093,1.);
#7093 = DIRECTION('',(-1.,0.));
#7094 = ( GEOMETRIC_REPRESENTATION_CONTEXT(2) 
PARAMETRIC_REPRESENTATION_CONTEXT() REPRESENTATION_CONTEXT('2D SPACE',''
  ) );
#7095 = PCURVE('',#5171,#7096);
#7096 = DEFINITIONAL_REPRESENTATION('',(#7097),#7101);
#7097 = LINE('',#7098,#7099);
#7098 = CARTESIAN_POINT('',(-0.,3.14159265359));
#7099 = VECTOR('',#7100,1.);
#7100 = DIRECTION('',(-1.,0.));
#7101 = ( GEOMETRIC_REPRESENTATION_CONTEXT(2) 
PARAMETRIC_REPRESENTATION_CONTEXT() REPRESENTATION_CONTEXT('2D SPACE',''
  ) );
#7102 = ADVANCED_FACE('',(#7103),#4063,.T.);
#7103 = FACE_BOUND('',#7104,.T.);
#7104 = EDGE_LOOP('',(#7105,#7130,#7155,#7156,#7157));
#7105 = ORIENTED_EDGE('',*,*,#7106,.F.);
#7106 = EDGE_CURVE('',#7107,#7109,#7111,.T.);
#7107 = VERTEX_POINT('',#7108);
#7108 = CARTESIAN_POINT('',(142.,842.5,50.));
#7109 = VERTEX_POINT('',#7110);
#7110 = CARTESIAN_POINT('',(142.,842.5,28.));
#7111 = SURFACE_CURVE('',#7112,(#7116,#7123),.PCURVE_S1.);
#7112 = LINE('',#7113,#7114);
#7113 = CARTESIAN_POINT('',(142.,842.5,50.));
#7114 = VECTOR('',#7115,1.);
#7115 = DIRECTION('',(0.,0.,-1.));
#7116 = PCURVE('',#4063,#7117);
#7117 = DEFINITIONAL_REPRESENTATION('',(#7118),#7122);
#7118 = LINE('',#7119,#7120);
#7119 = CARTESIAN_POINT('',(0.,0.));
#7120 = VECTOR('',#7121,1.);
#7121 = DIRECTION('',(0.,1.));
#7122 = ( GEOMETRIC_REPRESENTATION_CONTEXT(2) 
PARAMETRIC_REPRESENTATION_CONTEXT() REPRESENTATION_CONTEXT('2D SPACE',''
  ) );
#7123 = PCURVE('',#5475,#7124);
#7124 = DEFINITIONAL_REPRESENTATION('',(#7125),#7129);
#7125 = LINE('',#7126,#7127);
#7126 = CARTESIAN_POINT('',(67.,10.));
#7127 = VECTOR('',#7128,1.);
#7128 = DIRECTION('',(0.,1.));
#7129 = ( GEOMETRIC_REPRESENTATION_CONTEXT(2) 
PARAMETRIC_REPRESENTATION_CONTEXT() REPRESENTATION_CONTEXT('2D SPACE',''
  ) );
#7130 = ORIENTED_EDGE('',*,*,#7131,.T.);
#7131 = EDGE_CURVE('',#7107,#4048,#7132,.T.);
#7132 = SURFACE_CURVE('',#7133,(#7138,#7144),.PCURVE_S1.);
#7133 = CIRCLE('',#7134,8.);
#7134 = AXIS2_PLACEMENT_3D('',#7135,#7136,#7137);
#7135 = CARTESIAN_POINT('',(142.,834.5,50.));
#7136 = DIRECTION('',(6.123233995737E-17,0.,-1.));
#7137 = DIRECTION('',(1.,0.,6.123233995737E-17));
#7138 = PCURVE('',#4063,#7139);
#7139 = DEFINITIONAL_REPRESENTATION('',(#7140),#7143);
#7140 = B_SPLINE_CURVE_WITH_KNOTS('',1,(#7141,#7142),.UNSPECIFIED.,.F.,
  .F.,(2,2),(4.712388980385,6.28318530718),.PIECEWISE_BEZIER_KNOTS.);
#7141 = CARTESIAN_POINT('',(0.,0.));
#7142 = CARTESIAN_POINT('',(1.570796326795,0.));
#7143 = ( GEOMETRIC_REPRESENTATION_CONTEXT(2) 
PARAMETRIC_REPRESENTATION_CONTEXT() REPRESENTATION_CONTEXT('2D SPACE',''
  ) );
#7144 = PCURVE('',#7145,#7150);
#7145 = TOROIDAL_SURFACE('',#7146,42.,8.);
#7146 = AXIS2_PLACEMENT_3D('',#7147,#7148,#7149);
#7147 = CARTESIAN_POINT('',(100.,834.5,50.));
#7148 = DIRECTION('',(0.,-1.,-0.));
#7149 = DIRECTION('',(0.,0.,1.));
#7150 = DEFINITIONAL_REPRESENTATION('',(#7151),#7154);
#7151 = B_SPLINE_CURVE_WITH_KNOTS('',1,(#7152,#7153),.UNSPECIFIED.,.F.,
  .F.,(2,2),(4.712388980385,6.28318530718),.PIECEWISE_BEZIER_KNOTS.);
#7152 = CARTESIAN_POINT('',(-1.570796326795,4.712388980385));
#7153 = CARTESIAN_POINT('',(-1.570796326795,6.28318530718));
#7154 = ( GEOMETRIC_REPRESENTATION_CONTEXT(2) 
PARAMETRIC_REPRESENTATION_CONTEXT() REPRESENTATION_CONTEXT('2D SPACE',''
  ) );
#7155 = ORIENTED_EDGE('',*,*,#4047,.T.);
#7156 = ORIENTED_EDGE('',*,*,#7024,.F.);
#7157 = ORIENTED_EDGE('',*,*,#7158,.F.);
#7158 = EDGE_CURVE('',#7109,#6990,#7159,.T.);
#7159 = SURFACE_CURVE('',#7160,(#7165,#7172),.PCURVE_S1.);
#7160 = CIRCLE('',#7161,8.);
#7161 = AXIS2_PLACEMENT_3D('',#7162,#7163,#7164);
#7162 = CARTESIAN_POINT('',(142.,834.5,28.));
#7163 = DIRECTION('',(0.,0.,-1.));
#7164 = DIRECTION('',(0.,1.,0.));
#7165 = PCURVE('',#4063,#7166);
#7166 = DEFINITIONAL_REPRESENTATION('',(#7167),#7171);
#7167 = LINE('',#7168,#7169);
#7168 = CARTESIAN_POINT('',(0.,22.));
#7169 = VECTOR('',#7170,1.);
#7170 = DIRECTION('',(1.,0.));
#7171 = ( GEOMETRIC_REPRESENTATION_CONTEXT(2) 
PARAMETRIC_REPRESENTATION_CONTEXT() REPRESENTATION_CONTEXT('2D SPACE',''
  ) );
#7172 = PCURVE('',#5201,#7173);
#7173 = DEFINITIONAL_REPRESENTATION('',(#7174),#7178);
#7174 = LINE('',#7175,#7176);
#7175 = CARTESIAN_POINT('',(0.,3.14159265359));
#7176 = VECTOR('',#7177,1.);
#7177 = DIRECTION('',(1.,0.));
#7178 = ( GEOMETRIC_REPRESENTATION_CONTEXT(2) 
PARAMETRIC_REPRESENTATION_CONTEXT() REPRESENTATION_CONTEXT('2D SPACE',''
  ) );
#7179 = ADVANCED_FACE('',(#7180),#4089,.T.);
#7180 = FACE_BOUND('',#7181,.T.);
#7181 = EDGE_LOOP('',(#7182,#7205,#7206,#7207));
#7182 = ORIENTED_EDGE('',*,*,#7183,.F.);
#7183 = EDGE_CURVE('',#6217,#7184,#7186,.T.);
#7184 = VERTEX_POINT('',#7185);
#7185 = CARTESIAN_POINT('',(100.,834.5,100.));
#7186 = SURFACE_CURVE('',#7187,(#7191,#7198),.PCURVE_S1.);
#7187 = LINE('',#7188,#7189);
#7188 = CARTESIAN_POINT('',(100.,0.,100.));
#7189 = VECTOR('',#7190,1.);
#7190 = DIRECTION('',(-0.,1.,-0.));
#7191 = PCURVE('',#4089,#7192);
#7192 = DEFINITIONAL_REPRESENTATION('',(#7193),#7197);
#7193 = LINE('',#7194,#7195);
#7194 = CARTESIAN_POINT('',(0.,0.));
#7195 = VECTOR('',#7196,1.);
#7196 = DIRECTION('',(0.,1.));
#7197 = ( GEOMETRIC_REPRESENTATION_CONTEXT(2) 
PARAMETRIC_REPRESENTATION_CONTEXT() REPRESENTATION_CONTEXT('2D SPACE',''
  ) );
#7198 = PCURVE('',#5580,#7199);
#7199 = DEFINITIONAL_REPRESENTATION('',(#7200),#7204);
#7200 = LINE('',#7201,#7202);
#7201 = CARTESIAN_POINT('',(100.,0.));
#7202 = VECTOR('',#7203,1.);
#7203 = DIRECTION('',(0.,-1.));
#7204 = ( GEOMETRIC_REPRESENTATION_CONTEXT(2) 
PARAMETRIC_REPRESENTATION_CONTEXT() REPRESENTATION_CONTEXT('2D SPACE',''
  ) );
#7205 = ORIENTED_EDGE('',*,*,#6895,.F.);
#7206 = ORIENTED_EDGE('',*,*,#4075,.T.);
#7207 = ORIENTED_EDGE('',*,*,#7208,.F.);
#7208 = EDGE_CURVE('',#7184,#4048,#7209,.T.);
#7209 = SURFACE_CURVE('',#7210,(#7215,#7222),.PCURVE_S1.);
#7210 = CIRCLE('',#7211,50.);
#7211 = AXIS2_PLACEMENT_3D('',#7212,#7213,#7214);
#7212 = CARTESIAN_POINT('',(100.,834.5,50.));
#7213 = DIRECTION('',(-0.,1.,0.));
#7214 = DIRECTION('',(0.,0.,1.));
#7215 = PCURVE('',#4089,#7216);
#7216 = DEFINITIONAL_REPRESENTATION('',(#7217),#7221);
#7217 = LINE('',#7218,#7219);
#7218 = CARTESIAN_POINT('',(0.,834.5));
#7219 = VECTOR('',#7220,1.);
#7220 = DIRECTION('',(1.,0.));
#7221 = ( GEOMETRIC_REPRESENTATION_CONTEXT(2) 
PARAMETRIC_REPRESENTATION_CONTEXT() REPRESENTATION_CONTEXT('2D SPACE',''
  ) );
#7222 = PCURVE('',#7145,#7223);
#7223 = DEFINITIONAL_REPRESENTATION('',(#7224),#7228);
#7224 = LINE('',#7225,#7226);
#7225 = CARTESIAN_POINT('',(-0.,6.28318530718));
#7226 = VECTOR('',#7227,1.);
#7227 = DIRECTION('',(-1.,0.));
#7228 = ( GEOMETRIC_REPRESENTATION_CONTEXT(2) 
PARAMETRIC_REPRESENTATION_CONTEXT() REPRESENTATION_CONTEXT('2D SPACE',''
  ) );
#7229 = ADVANCED_FACE('',(#7230),#4450,.T.);
#7230 = FACE_BOUND('',#7231,.T.);
#7231 = EDGE_LOOP('',(#7232,#7233,#7234,#7235));
#7232 = ORIENTED_EDGE('',*,*,#4495,.F.);
#7233 = ORIENTED_EDGE('',*,*,#4907,.T.);
#7234 = ORIENTED_EDGE('',*,*,#7059,.T.);
#7235 = ORIENTED_EDGE('',*,*,#4435,.F.);
#7236 = ADVANCED_FACE('',(#7237),#4483,.T.);
#7237 = FACE_BOUND('',#7238,.T.);
#7238 = EDGE_LOOP('',(#7239,#7240,#7241,#7242));
#7239 = ORIENTED_EDGE('',*,*,#5434,.F.);
#7240 = ORIENTED_EDGE('',*,*,#4884,.T.);
#7241 = ORIENTED_EDGE('',*,*,#4467,.T.);
#7242 = ORIENTED_EDGE('',*,*,#4542,.F.);
#7243 = ADVANCED_FACE('',(#7244),#4968,.F.);
#7244 = FACE_BOUND('',#7245,.F.);
#7245 = EDGE_LOOP('',(#7246,#7266,#7267,#7287));
#7246 = ORIENTED_EDGE('',*,*,#7247,.T.);
#7247 = EDGE_CURVE('',#5097,#4860,#7248,.T.);
#7248 = SURFACE_CURVE('',#7249,(#7254,#7260),.PCURVE_S1.);
#7249 = CIRCLE('',#7250,8.);
#7250 = AXIS2_PLACEMENT_3D('',#7251,#7252,#7253);
#7251 = CARTESIAN_POINT('',(4.,854.5,28.));
#7252 = DIRECTION('',(1.,-6.123233995737E-17,0.));
#7253 = DIRECTION('',(-6.123233995737E-17,-1.,0.));
#7254 = PCURVE('',#4968,#7255);
#7255 = DEFINITIONAL_REPRESENTATION('',(#7256),#7259);
#7256 = B_SPLINE_CURVE_WITH_KNOTS('',1,(#7257,#7258),.UNSPECIFIED.,.F.,
  .F.,(2,2),(1.570796326795,3.14159265359),.PIECEWISE_BEZIER_KNOTS.);
#7257 = CARTESIAN_POINT('',(0.,0.));
#7258 = CARTESIAN_POINT('',(1.570796326795,0.));
#7259 = ( GEOMETRIC_REPRESENTATION_CONTEXT(2) 
PARAMETRIC_REPRESENTATION_CONTEXT() REPRESENTATION_CONTEXT('2D SPACE',''
  ) );
#7260 = PCURVE('',#5117,#7261);
#7261 = DEFINITIONAL_REPRESENTATION('',(#7262),#7265);
#7262 = B_SPLINE_CURVE_WITH_KNOTS('',1,(#7263,#7264),.UNSPECIFIED.,.F.,
  .F.,(2,2),(1.570796326795,3.14159265359),.PIECEWISE_BEZIER_KNOTS.);
#7263 = CARTESIAN_POINT('',(-1.570796326795,1.570796326795));
#7264 = CARTESIAN_POINT('',(-1.570796326795,3.14159265359));
#7265 = ( GEOMETRIC_REPRESENTATION_CONTEXT(2) 
PARAMETRIC_REPRESENTATION_CONTEXT() REPRESENTATION_CONTEXT('2D SPACE',''
  ) );
#7266 = ORIENTED_EDGE('',*,*,#4954,.T.);
#7267 = ORIENTED_EDGE('',*,*,#7268,.F.);
#7268 = EDGE_CURVE('',#5130,#4932,#7269,.T.);
#7269 = SURFACE_CURVE('',#7270,(#7275,#7281),.PCURVE_S1.);
#7270 = CIRCLE('',#7271,8.);
#7271 = AXIS2_PLACEMENT_3D('',#7272,#7273,#7274);
#7272 = CARTESIAN_POINT('',(146.,854.5,28.));
#7273 = DIRECTION('',(1.,0.,0.));
#7274 = DIRECTION('',(0.,0.,-1.));
#7275 = PCURVE('',#4968,#7276);
#7276 = DEFINITIONAL_REPRESENTATION('',(#7277),#7280);
#7277 = B_SPLINE_CURVE_WITH_KNOTS('',1,(#7278,#7279),.UNSPECIFIED.,.F.,
  .F.,(2,2),(0.,1.570796326795),.PIECEWISE_BEZIER_KNOTS.);
#7278 = CARTESIAN_POINT('',(0.,142.));
#7279 = CARTESIAN_POINT('',(1.570796326795,142.));
#7280 = ( GEOMETRIC_REPRESENTATION_CONTEXT(2) 
PARAMETRIC_REPRESENTATION_CONTEXT() REPRESENTATION_CONTEXT('2D SPACE',''
  ) );
#7281 = PCURVE('',#5171,#7282);
#7282 = DEFINITIONAL_REPRESENTATION('',(#7283),#7286);
#7283 = B_SPLINE_CURVE_WITH_KNOTS('',1,(#7284,#7285),.UNSPECIFIED.,.F.,
  .F.,(2,2),(0.,1.570796326795),.PIECEWISE_BEZIER_KNOTS.);
#7284 = CARTESIAN_POINT('',(0.,1.570796326795));
#7285 = CARTESIAN_POINT('',(0.,3.14159265359));
#7286 = ( GEOMETRIC_REPRESENTATION_CONTEXT(2) 
PARAMETRIC_REPRESENTATION_CONTEXT() REPRESENTATION_CONTEXT('2D SPACE',''
  ) );
#7287 = ORIENTED_EDGE('',*,*,#5129,.F.);
#7288 = ADVANCED_FACE('',(#7289),#5117,.F.);
#7289 = FACE_BOUND('',#7290,.T.);
#7290 = EDGE_LOOP('',(#7291,#7292,#7293,#7294));
#7291 = ORIENTED_EDGE('',*,*,#5271,.F.);
#7292 = ORIENTED_EDGE('',*,*,#5096,.T.);
#7293 = ORIENTED_EDGE('',*,*,#7247,.T.);
#7294 = ORIENTED_EDGE('',*,*,#5410,.F.);
#7295 = ADVANCED_FACE('',(#7296),#5256,.F.);
#7296 = FACE_BOUND('',#7297,.F.);
#7297 = EDGE_LOOP('',(#7298,#7299,#7300,#7320));
#7298 = ORIENTED_EDGE('',*,*,#5340,.F.);
#7299 = ORIENTED_EDGE('',*,*,#5241,.T.);
#7300 = ORIENTED_EDGE('',*,*,#7301,.T.);
#7301 = EDGE_CURVE('',#5214,#5458,#7302,.T.);
#7302 = SURFACE_CURVE('',#7303,(#7308,#7314),.PCURVE_S1.);
#7303 = CIRCLE('',#7304,8.);
#7304 = AXIS2_PLACEMENT_3D('',#7305,#7306,#7307);
#7305 = CARTESIAN_POINT('',(8.,850.5,28.));
#7306 = DIRECTION('',(-1.,-6.123233995737E-17,-0.));
#7307 = DIRECTION('',(-6.123233995737E-17,1.,0.));
#7308 = PCURVE('',#5256,#7309);
#7309 = DEFINITIONAL_REPRESENTATION('',(#7310),#7313);
#7310 = B_SPLINE_CURVE_WITH_KNOTS('',1,(#7311,#7312),.UNSPECIFIED.,.F.,
  .F.,(2,2),(1.570796326795,3.14159265359),.PIECEWISE_BEZIER_KNOTS.);
#7311 = CARTESIAN_POINT('',(1.570796326795,1.570796326795));
#7312 = CARTESIAN_POINT('',(1.570796326795,3.14159265359));
#7313 = ( GEOMETRIC_REPRESENTATION_CONTEXT(2) 
PARAMETRIC_REPRESENTATION_CONTEXT() REPRESENTATION_CONTEXT('2D SPACE',''
  ) );
#7314 = PCURVE('',#5229,#7315);
#7315 = DEFINITIONAL_REPRESENTATION('',(#7316),#7319);
#7316 = B_SPLINE_CURVE_WITH_KNOTS('',1,(#7317,#7318),.UNSPECIFIED.,.F.,
  .F.,(2,2),(1.570796326795,3.14159265359),.PIECEWISE_BEZIER_KNOTS.);
#7317 = CARTESIAN_POINT('',(0.,0.));
#7318 = CARTESIAN_POINT('',(-1.570796326795,0.));
#7319 = ( GEOMETRIC_REPRESENTATION_CONTEXT(2) 
PARAMETRIC_REPRESENTATION_CONTEXT() REPRESENTATION_CONTEXT('2D SPACE',''
  ) );
#7320 = ORIENTED_EDGE('',*,*,#5487,.F.);
#7321 = ADVANCED_FACE('',(#7322),#5229,.F.);
#7322 = FACE_BOUND('',#7323,.T.);
#7323 = EDGE_LOOP('',(#7324,#7347,#7382,#7403,#7423,#7424));
#7324 = ORIENTED_EDGE('',*,*,#7325,.T.);
#7325 = EDGE_CURVE('',#5458,#7326,#7328,.T.);
#7326 = VERTEX_POINT('',#7327);
#7327 = CARTESIAN_POINT('',(60.073593539449,842.5,28.));
#7328 = SURFACE_CURVE('',#7329,(#7333,#7340),.PCURVE_S1.);
#7329 = LINE('',#7330,#7331);
#7330 = CARTESIAN_POINT('',(8.,842.5,28.));
#7331 = VECTOR('',#7332,1.);
#7332 = DIRECTION('',(1.,0.,0.));
#7333 = PCURVE('',#5229,#7334);
#7334 = DEFINITIONAL_REPRESENTATION('',(#7335),#7339);
#7335 = LINE('',#7336,#7337);
#7336 = CARTESIAN_POINT('',(-1.570796326795,0.));
#7337 = VECTOR('',#7338,1.);
#7338 = DIRECTION('',(-0.,1.));
#7339 = ( GEOMETRIC_REPRESENTATION_CONTEXT(2) 
PARAMETRIC_REPRESENTATION_CONTEXT() REPRESENTATION_CONTEXT('2D SPACE',''
  ) );
#7340 = PCURVE('',#5475,#7341);
#7341 = DEFINITIONAL_REPRESENTATION('',(#7342),#7346);
#7342 = LINE('',#7343,#7344);
#7343 = CARTESIAN_POINT('',(-67.,32.));
#7344 = VECTOR('',#7345,1.);
#7345 = DIRECTION('',(1.,0.));
#7346 = ( GEOMETRIC_REPRESENTATION_CONTEXT(2) 
PARAMETRIC_REPRESENTATION_CONTEXT() REPRESENTATION_CONTEXT('2D SPACE',''
  ) );
#7347 = ORIENTED_EDGE('',*,*,#7348,.T.);
#7348 = EDGE_CURVE('',#7326,#7349,#7351,.T.);
#7349 = VERTEX_POINT('',#7350);
#7350 = CARTESIAN_POINT('',(87.786406460551,842.5,28.));
#7351 = SURFACE_CURVE('',#7352,(#7362,#7375),.PCURVE_S1.);
#7352 = ( BOUNDED_CURVE() B_SPLINE_CURVE(8,(#7353,#7354,#7355,#7356,
    #7357,#7358,#7359,#7360,#7361),.UNSPECIFIED.,.F.,.F.) 
B_SPLINE_CURVE_WITH_KNOTS((9,9),(66.405106838065,84.391340534245),
.PIECEWISE_BEZIER_KNOTS.) CURVE() GEOMETRIC_REPRESENTATION_ITEM() 
RATIONAL_B_SPLINE_CURVE((1.,1.,1.,1.,1.,1.,1.,1.,1.)) 
REPRESENTATION_ITEM('') );
#7353 = CARTESIAN_POINT('',(60.073593539449,842.5,28.));
#7354 = CARTESIAN_POINT('',(63.744157178082,842.5,26.972508652198));
#7355 = CARTESIAN_POINT('',(67.292047357388,842.6508761596,
    26.403683989224));
#7356 = CARTESIAN_POINT('',(70.64924880273,842.71649206211,
    26.125291973487));
#7357 = CARTESIAN_POINT('',(73.93,842.76445507898,26.009832400007));
#7358 = CARTESIAN_POINT('',(77.21075119727,842.71649206211,
    26.125291973487));
#7359 = CARTESIAN_POINT('',(80.567952642612,842.6508761596,
    26.403683989224));
#7360 = CARTESIAN_POINT('',(84.115842821918,842.5,26.972508652198));
#7361 = CARTESIAN_POINT('',(87.786406460551,842.5,28.));
#7362 = PCURVE('',#5229,#7363);
#7363 = DEFINITIONAL_REPRESENTATION('',(#7364),#7374);
#7364 = B_SPLINE_CURVE_WITH_KNOTS('',8,(#7365,#7366,#7367,#7368,#7369,
    #7370,#7371,#7372,#7373),.UNSPECIFIED.,.F.,.F.,(9,9),(
    66.405106838065,84.391340534245),.PIECEWISE_BEZIER_KNOTS.);
#7365 = CARTESIAN_POINT('',(-1.570796326795,52.073593539449));
#7366 = CARTESIAN_POINT('',(-1.44235990832,55.744157178082));
#7367 = CARTESIAN_POINT('',(-1.371214989627,59.292047137733));
#7368 = CARTESIAN_POINT('',(-1.333531330091,62.649249152447));
#7369 = CARTESIAN_POINT('',(-1.319901468613,65.930000000001));
#7370 = CARTESIAN_POINT('',(-1.333531330091,69.210750847552));
#7371 = CARTESIAN_POINT('',(-1.371214989627,72.567952862266));
#7372 = CARTESIAN_POINT('',(-1.44235990832,76.115842821918));
#7373 = CARTESIAN_POINT('',(-1.570796326795,79.786406460551));
#7374 = ( GEOMETRIC_REPRESENTATION_CONTEXT(2) 
PARAMETRIC_REPRESENTATION_CONTEXT() REPRESENTATION_CONTEXT('2D SPACE',''
  ) );
#7375 = PCURVE('',#6630,#7376);
#7376 = DEFINITIONAL_REPRESENTATION('',(#7377),#7381);
#7377 = LINE('',#7378,#7379);
#7378 = CARTESIAN_POINT('',(0.,0.));
#7379 = VECTOR('',#7380,1.);
#7380 = DIRECTION('',(0.,1.));
#7381 = ( GEOMETRIC_REPRESENTATION_CONTEXT(2) 
PARAMETRIC_REPRESENTATION_CONTEXT() REPRESENTATION_CONTEXT('2D SPACE',''
  ) );
#7382 = ORIENTED_EDGE('',*,*,#7383,.T.);
#7383 = EDGE_CURVE('',#7349,#7109,#7384,.T.);
#7384 = SURFACE_CURVE('',#7385,(#7389,#7396),.PCURVE_S1.);
#7385 = LINE('',#7386,#7387);
#7386 = CARTESIAN_POINT('',(8.,842.5,28.));
#7387 = VECTOR('',#7388,1.);
#7388 = DIRECTION('',(1.,0.,0.));
#7389 = PCURVE('',#5229,#7390);
#7390 = DEFINITIONAL_REPRESENTATION('',(#7391),#7395);
#7391 = LINE('',#7392,#7393);
#7392 = CARTESIAN_POINT('',(-1.570796326795,0.));
#7393 = VECTOR('',#7394,1.);
#7394 = DIRECTION('',(-0.,1.));
#7395 = ( GEOMETRIC_REPRESENTATION_CONTEXT(2) 
PARAMETRIC_REPRESENTATION_CONTEXT() REPRESENTATION_CONTEXT('2D SPACE',''
  ) );
#7396 = PCURVE('',#5475,#7397);
#7397 = DEFINITIONAL_REPRESENTATION('',(#7398),#7402);
#7398 = LINE('',#7399,#7400);
#7399 = CARTESIAN_POINT('',(-67.,32.));
#7400 = VECTOR('',#7401,1.);
#7401 = DIRECTION('',(1.,0.));
#7402 = ( GEOMETRIC_REPRESENTATION_CONTEXT(2) 
PARAMETRIC_REPRESENTATION_CONTEXT() REPRESENTATION_CONTEXT('2D SPACE',''
  ) );
#7403 = ORIENTED_EDGE('',*,*,#7404,.F.);
#7404 = EDGE_CURVE('',#5185,#7109,#7405,.T.);
#7405 = SURFACE_CURVE('',#7406,(#7411,#7417),.PCURVE_S1.);
#7406 = CIRCLE('',#7407,8.);
#7407 = AXIS2_PLACEMENT_3D('',#7408,#7409,#7410);
#7408 = CARTESIAN_POINT('',(142.,850.5,28.));
#7409 = DIRECTION('',(-1.,-0.,-0.));
#7410 = DIRECTION('',(0.,0.,-1.));
#7411 = PCURVE('',#5229,#7412);
#7412 = DEFINITIONAL_REPRESENTATION('',(#7413),#7416);
#7413 = B_SPLINE_CURVE_WITH_KNOTS('',1,(#7414,#7415),.UNSPECIFIED.,.F.,
  .F.,(2,2),(0.,1.570796326795),.PIECEWISE_BEZIER_KNOTS.);
#7414 = CARTESIAN_POINT('',(0.,134.));
#7415 = CARTESIAN_POINT('',(-1.570796326795,134.));
#7416 = ( GEOMETRIC_REPRESENTATION_CONTEXT(2) 
PARAMETRIC_REPRESENTATION_CONTEXT() REPRESENTATION_CONTEXT('2D SPACE',''
  ) );
#7417 = PCURVE('',#5201,#7418);
#7418 = DEFINITIONAL_REPRESENTATION('',(#7419),#7422);
#7419 = B_SPLINE_CURVE_WITH_KNOTS('',1,(#7420,#7421),.UNSPECIFIED.,.F.,
  .F.,(2,2),(0.,1.570796326795),.PIECEWISE_BEZIER_KNOTS.);
#7420 = CARTESIAN_POINT('',(0.,1.570796326795));
#7421 = CARTESIAN_POINT('',(0.,3.14159265359));
#7422 = ( GEOMETRIC_REPRESENTATION_CONTEXT(2) 
PARAMETRIC_REPRESENTATION_CONTEXT() REPRESENTATION_CONTEXT('2D SPACE',''
  ) );
#7423 = ORIENTED_EDGE('',*,*,#5213,.F.);
#7424 = ORIENTED_EDGE('',*,*,#7301,.T.);
#7425 = ADVANCED_FACE('',(#7426),#5171,.F.);
#7426 = FACE_BOUND('',#7427,.T.);
#7427 = EDGE_LOOP('',(#7428,#7429,#7430,#7431));
#7428 = ORIENTED_EDGE('',*,*,#6920,.T.);
#7429 = ORIENTED_EDGE('',*,*,#7081,.F.);
#7430 = ORIENTED_EDGE('',*,*,#7268,.F.);
#7431 = ORIENTED_EDGE('',*,*,#5152,.T.);
#7432 = ADVANCED_FACE('',(#7433),#5201,.F.);
#7433 = FACE_BOUND('',#7434,.F.);
#7434 = EDGE_LOOP('',(#7435,#7436,#7437,#7438));
#7435 = ORIENTED_EDGE('',*,*,#6989,.T.);
#7436 = ORIENTED_EDGE('',*,*,#7158,.F.);
#7437 = ORIENTED_EDGE('',*,*,#7404,.F.);
#7438 = ORIENTED_EDGE('',*,*,#5184,.T.);
#7439 = ADVANCED_FACE('',(#7440),#5475,.T.);
#7440 = FACE_BOUND('',#7441,.T.);
#7441 = EDGE_LOOP('',(#7442,#7443,#7444,#7468,#7496,#7518,#7519,#7520));
#7442 = ORIENTED_EDGE('',*,*,#7325,.F.);
#7443 = ORIENTED_EDGE('',*,*,#5457,.T.);
#7444 = ORIENTED_EDGE('',*,*,#7445,.T.);
#7445 = EDGE_CURVE('',#5460,#7446,#7448,.T.);
#7446 = VERTEX_POINT('',#7447);
#7447 = CARTESIAN_POINT('',(50.,842.5,92.));
#7448 = SURFACE_CURVE('',#7449,(#7454,#7461),.PCURVE_S1.);
#7449 = CIRCLE('',#7450,42.);
#7450 = AXIS2_PLACEMENT_3D('',#7451,#7452,#7453);
#7451 = CARTESIAN_POINT('',(50.,842.5,50.));
#7452 = DIRECTION('',(-0.,1.,0.));
#7453 = DIRECTION('',(-1.,-0.,0.));
#7454 = PCURVE('',#5475,#7455);
#7455 = DEFINITIONAL_REPRESENTATION('',(#7456),#7460);
#7456 = CIRCLE('',#7457,42.);
#7457 = AXIS2_PLACEMENT_2D('',#7458,#7459);
#7458 = CARTESIAN_POINT('',(-25.,10.));
#7459 = DIRECTION('',(-1.,0.));
#7460 = ( GEOMETRIC_REPRESENTATION_CONTEXT(2) 
PARAMETRIC_REPRESENTATION_CONTEXT() REPRESENTATION_CONTEXT('2D SPACE',''
  ) );
#7461 = PCURVE('',#5525,#7462);
#7462 = DEFINITIONAL_REPRESENTATION('',(#7463),#7467);
#7463 = LINE('',#7464,#7465);
#7464 = CARTESIAN_POINT('',(-0.,4.712388980385));
#7465 = VECTOR('',#7466,1.);
#7466 = DIRECTION('',(-1.,0.));
#7467 = ( GEOMETRIC_REPRESENTATION_CONTEXT(2) 
PARAMETRIC_REPRESENTATION_CONTEXT() REPRESENTATION_CONTEXT('2D SPACE',''
  ) );
#7468 = ORIENTED_EDGE('',*,*,#7469,.T.);
#7469 = EDGE_CURVE('',#7446,#7470,#7472,.T.);
#7470 = VERTEX_POINT('',#7471);
#7471 = CARTESIAN_POINT('',(100.,842.5,92.));
#7472 = SURFACE_CURVE('',#7473,(#7477,#7484),.PCURVE_S1.);
#7473 = LINE('',#7474,#7475);
#7474 = CARTESIAN_POINT('',(50.,842.5,92.));
#7475 = VECTOR('',#7476,1.);
#7476 = DIRECTION('',(1.,0.,0.));
#7477 = PCURVE('',#5475,#7478);
#7478 = DEFINITIONAL_REPRESENTATION('',(#7479),#7483);
#7479 = LINE('',#7480,#7481);
#7480 = CARTESIAN_POINT('',(-25.,-32.));
#7481 = VECTOR('',#7482,1.);
#7482 = DIRECTION('',(1.,0.));
#7483 = ( GEOMETRIC_REPRESENTATION_CONTEXT(2) 
PARAMETRIC_REPRESENTATION_CONTEXT() REPRESENTATION_CONTEXT('2D SPACE',''
  ) );
#7484 = PCURVE('',#7485,#7490);
#7485 = CYLINDRICAL_SURFACE('',#7486,8.);
#7486 = AXIS2_PLACEMENT_3D('',#7487,#7488,#7489);
#7487 = CARTESIAN_POINT('',(50.,834.5,92.));
#7488 = DIRECTION('',(1.,0.,0.));
#7489 = DIRECTION('',(-0.,1.,0.));
#7490 = DEFINITIONAL_REPRESENTATION('',(#7491),#7495);
#7491 = LINE('',#7492,#7493);
#7492 = CARTESIAN_POINT('',(0.,0.));
#7493 = VECTOR('',#7494,1.);
#7494 = DIRECTION('',(0.,1.));
#7495 = ( GEOMETRIC_REPRESENTATION_CONTEXT(2) 
PARAMETRIC_REPRESENTATION_CONTEXT() REPRESENTATION_CONTEXT('2D SPACE',''
  ) );
#7496 = ORIENTED_EDGE('',*,*,#7497,.T.);
#7497 = EDGE_CURVE('',#7470,#7107,#7498,.T.);
#7498 = SURFACE_CURVE('',#7499,(#7504,#7511),.PCURVE_S1.);
#7499 = CIRCLE('',#7500,42.);
#7500 = AXIS2_PLACEMENT_3D('',#7501,#7502,#7503);
#7501 = CARTESIAN_POINT('',(100.,842.5,50.));
#7502 = DIRECTION('',(-0.,1.,0.));
#7503 = DIRECTION('',(0.,0.,1.));
#7504 = PCURVE('',#5475,#7505);
#7505 = DEFINITIONAL_REPRESENTATION('',(#7506),#7510);
#7506 = CIRCLE('',#7507,42.);
#7507 = AXIS2_PLACEMENT_2D('',#7508,#7509);
#7508 = CARTESIAN_POINT('',(25.,10.));
#7509 = DIRECTION('',(0.,-1.));
#7510 = ( GEOMETRIC_REPRESENTATION_CONTEXT(2) 
PARAMETRIC_REPRESENTATION_CONTEXT() REPRESENTATION_CONTEXT('2D SPACE',''
  ) );
#7511 = PCURVE('',#7145,#7512);
#7512 = DEFINITIONAL_REPRESENTATION('',(#7513),#7517);
#7513 = LINE('',#7514,#7515);
#7514 = CARTESIAN_POINT('',(-0.,4.712388980385));
#7515 = VECTOR('',#7516,1.);
#7516 = DIRECTION('',(-1.,0.));
#7517 = ( GEOMETRIC_REPRESENTATION_CONTEXT(2) 
PARAMETRIC_REPRESENTATION_CONTEXT() REPRESENTATION_CONTEXT('2D SPACE',''
  ) );
#7518 = ORIENTED_EDGE('',*,*,#7106,.T.);
#7519 = ORIENTED_EDGE('',*,*,#7383,.F.);
#7520 = ORIENTED_EDGE('',*,*,#7521,.T.);
#7521 = EDGE_CURVE('',#7349,#7326,#7522,.T.);
#7522 = SURFACE_CURVE('',#7523,(#7528,#7539),.PCURVE_S1.);
#7523 = CIRCLE('',#7524,26.);
#7524 = AXIS2_PLACEMENT_3D('',#7525,#7526,#7527);
#7525 = CARTESIAN_POINT('',(73.93,842.5,50.));
#7526 = DIRECTION('',(0.,-1.,0.));
#7527 = DIRECTION('',(0.532938710021,0.,-0.846153846154));
#7528 = PCURVE('',#5475,#7529);
#7529 = DEFINITIONAL_REPRESENTATION('',(#7530),#7538);
#7530 = ( BOUNDED_CURVE() B_SPLINE_CURVE(2,(#7531,#7532,#7533,#7534,
#7535,#7536,#7537),.UNSPECIFIED.,.T.,.F.) B_SPLINE_CURVE_WITH_KNOTS((1,2
    ,2,2,2,1),(-2.094395102393,0.,2.094395102393,4.188790204786,
6.28318530718,8.377580409573),.UNSPECIFIED.) CURVE() 
GEOMETRIC_REPRESENTATION_ITEM() RATIONAL_B_SPLINE_CURVE((1.,0.5,1.,0.5,
1.,0.5,1.)) REPRESENTATION_ITEM('') );
#7531 = CARTESIAN_POINT('',(12.786406460551,32.));
#7532 = CARTESIAN_POINT('',(50.891524227066,8.));
#7533 = CARTESIAN_POINT('',(11.054355652982,-13.));
#7534 = CARTESIAN_POINT('',(-28.7828129211,-34.));
#7535 = CARTESIAN_POINT('',(-27.05076211353,11.));
#7536 = CARTESIAN_POINT('',(-25.31871130596,56.));
#7537 = CARTESIAN_POINT('',(12.786406460551,32.));
#7538 = ( GEOMETRIC_REPRESENTATION_CONTEXT(2) 
PARAMETRIC_REPRESENTATION_CONTEXT() REPRESENTATION_CONTEXT('2D SPACE',''
  ) );
#7539 = PCURVE('',#6591,#7540);
#7540 = DEFINITIONAL_REPRESENTATION('',(#7541),#7545);
#7541 = LINE('',#7542,#7543);
#7542 = CARTESIAN_POINT('',(-5.27445878339,1.570796326795));
#7543 = VECTOR('',#7544,1.);
#7544 = DIRECTION('',(-1.,0.));
#7545 = ( GEOMETRIC_REPRESENTATION_CONTEXT(2) 
PARAMETRIC_REPRESENTATION_CONTEXT() REPRESENTATION_CONTEXT('2D SPACE',''
  ) );
#7546 = ADVANCED_FACE('',(#7547),#5525,.T.);
#7547 = FACE_BOUND('',#7548,.F.);
#7548 = EDGE_LOOP('',(#7549,#7550,#7551,#7571));
#7549 = ORIENTED_EDGE('',*,*,#5511,.F.);
#7550 = ORIENTED_EDGE('',*,*,#7445,.T.);
#7551 = ORIENTED_EDGE('',*,*,#7552,.T.);
#7552 = EDGE_CURVE('',#7446,#5565,#7553,.T.);
#7553 = SURFACE_CURVE('',#7554,(#7559,#7565),.PCURVE_S1.);
#7554 = CIRCLE('',#7555,8.);
#7555 = AXIS2_PLACEMENT_3D('',#7556,#7557,#7558);
#7556 = CARTESIAN_POINT('',(50.,834.5,92.));
#7557 = DIRECTION('',(1.,0.,6.123233995737E-17));
#7558 = DIRECTION('',(-6.123233995737E-17,-0.,1.));
#7559 = PCURVE('',#5525,#7560);
#7560 = DEFINITIONAL_REPRESENTATION('',(#7561),#7564);
#7561 = B_SPLINE_CURVE_WITH_KNOTS('',1,(#7562,#7563),.UNSPECIFIED.,.F.,
  .F.,(2,2),(4.712388980385,6.28318530718),.PIECEWISE_BEZIER_KNOTS.);
#7562 = CARTESIAN_POINT('',(-1.570796326795,4.712388980385));
#7563 = CARTESIAN_POINT('',(-1.570796326795,6.28318530718));
#7564 = ( GEOMETRIC_REPRESENTATION_CONTEXT(2) 
PARAMETRIC_REPRESENTATION_CONTEXT() REPRESENTATION_CONTEXT('2D SPACE',''
  ) );
#7565 = PCURVE('',#7485,#7566);
#7566 = DEFINITIONAL_REPRESENTATION('',(#7567),#7570);
#7567 = B_SPLINE_CURVE_WITH_KNOTS('',1,(#7568,#7569),.UNSPECIFIED.,.F.,
  .F.,(2,2),(4.712388980385,6.28318530718),.PIECEWISE_BEZIER_KNOTS.);
#7568 = CARTESIAN_POINT('',(0.,0.));
#7569 = CARTESIAN_POINT('',(1.570796326795,0.));
#7570 = ( GEOMETRIC_REPRESENTATION_CONTEXT(2) 
PARAMETRIC_REPRESENTATION_CONTEXT() REPRESENTATION_CONTEXT('2D SPACE',''
  ) );
#7571 = ORIENTED_EDGE('',*,*,#5592,.F.);
#7572 = ADVANCED_FACE('',(#7573),#5580,.F.);
#7573 = FACE_BOUND('',#7574,.F.);
#7574 = EDGE_LOOP('',(#7575,#7576,#7597,#7598,#7599,#7627,#7655,#7681));
#7575 = ORIENTED_EDGE('',*,*,#5564,.T.);
#7576 = ORIENTED_EDGE('',*,*,#7577,.T.);
#7577 = EDGE_CURVE('',#5565,#7184,#7578,.T.);
#7578 = SURFACE_CURVE('',#7579,(#7583,#7590),.PCURVE_S1.);
#7579 = LINE('',#7580,#7581);
#7580 = CARTESIAN_POINT('',(50.,834.5,100.));
#7581 = VECTOR('',#7582,1.);
#7582 = DIRECTION('',(1.,0.,0.));
#7583 = PCURVE('',#5580,#7584);
#7584 = DEFINITIONAL_REPRESENTATION('',(#7585),#7589);
#7585 = LINE('',#7586,#7587);
#7586 = CARTESIAN_POINT('',(50.,-834.5));
#7587 = VECTOR('',#7588,1.);
#7588 = DIRECTION('',(1.,0.));
#7589 = ( GEOMETRIC_REPRESENTATION_CONTEXT(2) 
PARAMETRIC_REPRESENTATION_CONTEXT() REPRESENTATION_CONTEXT('2D SPACE',''
  ) );
#7590 = PCURVE('',#7485,#7591);
#7591 = DEFINITIONAL_REPRESENTATION('',(#7592),#7596);
#7592 = LINE('',#7593,#7594);
#7593 = CARTESIAN_POINT('',(1.570796326795,0.));
#7594 = VECTOR('',#7595,1.);
#7595 = DIRECTION('',(0.,1.));
#7596 = ( GEOMETRIC_REPRESENTATION_CONTEXT(2) 
PARAMETRIC_REPRESENTATION_CONTEXT() REPRESENTATION_CONTEXT('2D SPACE',''
  ) );
#7597 = ORIENTED_EDGE('',*,*,#7183,.F.);
#7598 = ORIENTED_EDGE('',*,*,#6274,.T.);
#7599 = ORIENTED_EDGE('',*,*,#7600,.F.);
#7600 = EDGE_CURVE('',#7601,#6275,#7603,.T.);
#7601 = VERTEX_POINT('',#7602);
#7602 = CARTESIAN_POINT('',(86.18,832.5,100.));
#7603 = SURFACE_CURVE('',#7604,(#7608,#7615),.PCURVE_S1.);
#7604 = LINE('',#7605,#7606);
#7605 = CARTESIAN_POINT('',(86.18,832.5,100.));
#7606 = VECTOR('',#7607,1.);
#7607 = DIRECTION('',(0.,-1.,0.));
#7608 = PCURVE('',#5580,#7609);
#7609 = DEFINITIONAL_REPRESENTATION('',(#7610),#7614);
#7610 = LINE('',#7611,#7612);
#7611 = CARTESIAN_POINT('',(86.18,-832.5));
#7612 = VECTOR('',#7613,1.);
#7613 = DIRECTION('',(0.,1.));
#7614 = ( GEOMETRIC_REPRESENTATION_CONTEXT(2) 
PARAMETRIC_REPRESENTATION_CONTEXT() REPRESENTATION_CONTEXT('2D SPACE',''
  ) );
#7615 = PCURVE('',#7616,#7621);
#7616 = CYLINDRICAL_SURFACE('',#7617,6.);
#7617 = AXIS2_PLACEMENT_3D('',#7618,#7619,#7620);
#7618 = CARTESIAN_POINT('',(86.18,832.5,94.));
#7619 = DIRECTION('',(0.,-1.,0.));
#7620 = DIRECTION('',(-0.,0.,1.));
#7621 = DEFINITIONAL_REPRESENTATION('',(#7622),#7626);
#7622 = LINE('',#7623,#7624);
#7623 = CARTESIAN_POINT('',(0.,0.));
#7624 = VECTOR('',#7625,1.);
#7625 = DIRECTION('',(0.,1.));
#7626 = ( GEOMETRIC_REPRESENTATION_CONTEXT(2) 
PARAMETRIC_REPRESENTATION_CONTEXT() REPRESENTATION_CONTEXT('2D SPACE',''
  ) );
#7627 = ORIENTED_EDGE('',*,*,#7628,.F.);
#7628 = EDGE_CURVE('',#7629,#7601,#7631,.T.);
#7629 = VERTEX_POINT('',#7630);
#7630 = CARTESIAN_POINT('',(57.68,832.5,100.));
#7631 = SURFACE_CURVE('',#7632,(#7636,#7643),.PCURVE_S1.);
#7632 = LINE('',#7633,#7634);
#7633 = CARTESIAN_POINT('',(57.68,832.5,100.));
#7634 = VECTOR('',#7635,1.);
#7635 = DIRECTION('',(1.,0.,4.986264812352E-16));
#7636 = PCURVE('',#5580,#7637);
#7637 = DEFINITIONAL_REPRESENTATION('',(#7638),#7642);
#7638 = LINE('',#7639,#7640);
#7639 = CARTESIAN_POINT('',(57.68,-832.5));
#7640 = VECTOR('',#7641,1.);
#7641 = DIRECTION('',(1.,0.));
#7642 = ( GEOMETRIC_REPRESENTATION_CONTEXT(2) 
PARAMETRIC_REPRESENTATION_CONTEXT() REPRESENTATION_CONTEXT('2D SPACE',''
  ) );
#7643 = PCURVE('',#7644,#7649);
#7644 = CYLINDRICAL_SURFACE('',#7645,10.);
#7645 = AXIS2_PLACEMENT_3D('',#7646,#7647,#7648);
#7646 = CARTESIAN_POINT('',(80.18,832.5,90.));
#7647 = DIRECTION('',(-1.,-0.,-0.));
#7648 = DIRECTION('',(-0.,0.,1.));
#7649 = DEFINITIONAL_REPRESENTATION('',(#7650),#7654);
#7650 = LINE('',#7651,#7652);
#7651 = CARTESIAN_POINT('',(-0.,22.5));
#7652 = VECTOR('',#7653,1.);
#7653 = DIRECTION('',(-0.,-1.));
#7654 = ( GEOMETRIC_REPRESENTATION_CONTEXT(2) 
PARAMETRIC_REPRESENTATION_CONTEXT() REPRESENTATION_CONTEXT('2D SPACE',''
  ) );
#7655 = ORIENTED_EDGE('',*,*,#7656,.F.);
#7656 = EDGE_CURVE('',#5651,#7629,#7657,.T.);
#7657 = SURFACE_CURVE('',#7658,(#7662,#7669),.PCURVE_S1.);
#7658 = LINE('',#7659,#7660);
#7659 = CARTESIAN_POINT('',(57.68,50.,100.));
#7660 = VECTOR('',#7661,1.);
#7661 = DIRECTION('',(0.,1.,-1.816083669674E-17));
#7662 = PCURVE('',#5580,#7663);
#7663 = DEFINITIONAL_REPRESENTATION('',(#7664),#7668);
#7664 = LINE('',#7665,#7666);
#7665 = CARTESIAN_POINT('',(57.68,-50.));
#7666 = VECTOR('',#7667,1.);
#7667 = DIRECTION('',(0.,-1.));
#7668 = ( GEOMETRIC_REPRESENTATION_CONTEXT(2) 
PARAMETRIC_REPRESENTATION_CONTEXT() REPRESENTATION_CONTEXT('2D SPACE',''
  ) );
#7669 = PCURVE('',#7670,#7675);
#7670 = CYLINDRICAL_SURFACE('',#7671,10.);
#7671 = AXIS2_PLACEMENT_3D('',#7672,#7673,#7674);
#7672 = CARTESIAN_POINT('',(57.68,50.,90.));
#7673 = DIRECTION('',(0.,1.,-1.816083669674E-17));
#7674 = DIRECTION('',(0.,1.816083669674E-17,1.));
#7675 = DEFINITIONAL_REPRESENTATION('',(#7676),#7680);
#7676 = LINE('',#7677,#7678);
#7677 = CARTESIAN_POINT('',(0.,0.));
#7678 = VECTOR('',#7679,1.);
#7679 = DIRECTION('',(0.,1.));
#7680 = ( GEOMETRIC_REPRESENTATION_CONTEXT(2) 
PARAMETRIC_REPRESENTATION_CONTEXT() REPRESENTATION_CONTEXT('2D SPACE',''
  ) );
#7681 = ORIENTED_EDGE('',*,*,#5650,.F.);
#7682 = ADVANCED_FACE('',(#7683),#6090,.T.);
#7683 = FACE_BOUND('',#7684,.F.);
#7684 = EDGE_LOOP('',(#7685,#7741,#7742,#7764));
#7685 = ORIENTED_EDGE('',*,*,#7686,.F.);
#7686 = EDGE_CURVE('',#5773,#6690,#7687,.T.);
#7687 = SURFACE_CURVE('',#7688,(#7696,#7708),.PCURVE_S1.);
#7688 = ( BOUNDED_CURVE() B_SPLINE_CURVE(6,(#7689,#7690,#7691,#7692,
#7693,#7694,#7695),.UNSPECIFIED.,.F.,.F.) B_SPLINE_CURVE_WITH_KNOTS((7,7
),(0.,1.570796326795),.PIECEWISE_BEZIER_KNOTS.) CURVE() 
GEOMETRIC_REPRESENTATION_ITEM() RATIONAL_B_SPLINE_CURVE((1.031393471788,
    1.010025407661,0.997924642725,0.993958444137,0.997924642725,
1.010025407661,1.031393471788)) REPRESENTATION_ITEM('') );
#7689 = CARTESIAN_POINT('',(57.68,3.513064671351,68.410997902069));
#7690 = CARTESIAN_POINT('',(60.353367831529,3.513064671351,
    68.410997902069));
#7691 = CARTESIAN_POINT('',(62.957085725822,4.303383021463,
    68.097994917833));
#7692 = CARTESIAN_POINT('',(65.199195132023,5.819564980564,
    67.497516037674));
#7693 = CARTESIAN_POINT('',(66.829956493663,7.90414087988,
    66.671926606198));
#7694 = CARTESIAN_POINT('',(67.68,10.324918187201,65.71318571241));
#7695 = CARTESIAN_POINT('',(67.68,12.810451737081,64.728798321655));
#7696 = PCURVE('',#6090,#7697);
#7697 = DEFINITIONAL_REPRESENTATION('',(#7698),#7707);
#7698 = B_SPLINE_CURVE_WITH_KNOTS('',7,(#7699,#7700,#7701,#7702,#7703,
    #7704,#7705,#7706),.UNSPECIFIED.,.F.,.F.,(8,8),(0.,1.570796326795),
  .PIECEWISE_BEZIER_KNOTS.);
#7699 = CARTESIAN_POINT('',(-7.808196566388E-02,0.));
#7700 = CARTESIAN_POINT('',(-7.808196566388E-02,0.224398447986));
#7701 = CARTESIAN_POINT('',(-7.808196566387E-02,0.448800639355));
#7702 = CARTESIAN_POINT('',(-7.808196566388E-02,0.673196425682));
#7703 = CARTESIAN_POINT('',(-7.808196566387E-02,0.897599901113));
#7704 = CARTESIAN_POINT('',(-7.808196566388E-02,1.12199568744));
#7705 = CARTESIAN_POINT('',(-7.808196566387E-02,1.346397878809));
#7706 = CARTESIAN_POINT('',(-7.808196566388E-02,1.570796326795));
#7707 = ( GEOMETRIC_REPRESENTATION_CONTEXT(2) 
PARAMETRIC_REPRESENTATION_CONTEXT() REPRESENTATION_CONTEXT('2D SPACE',''
  ) );
#7708 = PCURVE('',#5788,#7709);
#7709 = DEFINITIONAL_REPRESENTATION('',(#7710),#7740);
#7710 = B_SPLINE_CURVE_WITH_KNOTS('',10,(#7711,#7712,#7713,#7714,#7715,
    #7716,#7717,#7718,#7719,#7720,#7721,#7722,#7723,#7724,#7725,#7726,
    #7727,#7728,#7729,#7730,#7731,#7732,#7733,#7734,#7735,#7736,#7737,
    #7738,#7739),.UNSPECIFIED.,.F.,.F.,(11,9,9,11),(0.,0.785398163397,
    1.178097245096,1.570796326795),.UNSPECIFIED.);
#7711 = CARTESIAN_POINT('',(-5.376878978262,3.336794989833));
#7712 = CARTESIAN_POINT('',(-4.818844856745,3.295060979552));
#7713 = CARTESIAN_POINT('',(-4.220637767094,3.237596942545));
#7714 = CARTESIAN_POINT('',(-3.580714804744,3.165028465693));
#7715 = CARTESIAN_POINT('',(-2.879342976357,3.073680123409));
#7716 = CARTESIAN_POINT('',(-2.200759074434,2.974107573846));
#7717 = CARTESIAN_POINT('',(-1.437173884749,2.854318506425));
#7718 = CARTESIAN_POINT('',(-0.699021490083,2.726331573073));
#7719 = CARTESIAN_POINT('',(7.155854526793E-02,2.584883372366));
#7720 = CARTESIAN_POINT('',(0.84114979813,2.433806982259));
#7721 = CARTESIAN_POINT('',(1.994488804301,2.193865410215));
#7722 = CARTESIAN_POINT('',(2.378652440213,2.111659466899));
#7723 = CARTESIAN_POINT('',(2.761640258563,2.027414866258));
#7724 = CARTESIAN_POINT('',(3.142583220359,1.941319268658));
#7725 = CARTESIAN_POINT('',(3.520636365765,1.853561232885));
#7726 = CARTESIAN_POINT('',(3.894978814003,1.764330216092));
#7727 = CARTESIAN_POINT('',(4.264813763469,1.673816573864));
#7728 = CARTESIAN_POINT('',(4.629368491623,1.582211560158));
#7729 = CARTESIAN_POINT('',(4.987894355074,1.489707327347));
#7730 = CARTESIAN_POINT('',(5.691439223978,1.303286525042));
#7731 = CARTESIAN_POINT('',(6.035967415836,1.209540132289));
#7732 = CARTESIAN_POINT('',(6.375998882947,1.114251169229));
#7733 = CARTESIAN_POINT('',(6.700495309433,1.02115297923));
#7734 = CARTESIAN_POINT('',(7.024983337248,0.924903097107));
#7735 = CARTESIAN_POINT('',(7.337665078231,0.829495286819));
#7736 = CARTESIAN_POINT('',(7.632010170534,0.737106234486));
#7737 = CARTESIAN_POINT('',(7.927801046205,0.640952221983));
#7738 = CARTESIAN_POINT('',(8.202029089364,0.548981663368));
#7739 = CARTESIAN_POINT('',(8.468641545019,0.456362061899));
#7740 = ( GEOMETRIC_REPRESENTATION_CONTEXT(2) 
PARAMETRIC_REPRESENTATION_CONTEXT() REPRESENTATION_CONTEXT('2D SPACE',''
  ) );
#7741 = ORIENTED_EDGE('',*,*,#6075,.T.);
#7742 = ORIENTED_EDGE('',*,*,#7743,.T.);
#7743 = EDGE_CURVE('',#5651,#7744,#7746,.T.);
#7744 = VERTEX_POINT('',#7745);
#7745 = CARTESIAN_POINT('',(67.68,50.,90.));
#7746 = SURFACE_CURVE('',#7747,(#7752,#7758),.PCURVE_S1.);
#7747 = CIRCLE('',#7748,10.);
#7748 = AXIS2_PLACEMENT_3D('',#7749,#7750,#7751);
#7749 = CARTESIAN_POINT('',(57.68,50.,90.));
#7750 = DIRECTION('',(-0.,1.,-5.551115123126E-17));
#7751 = DIRECTION('',(0.,5.551115123126E-17,1.));
#7752 = PCURVE('',#6090,#7753);
#7753 = DEFINITIONAL_REPRESENTATION('',(#7754),#7757);
#7754 = B_SPLINE_CURVE_WITH_KNOTS('',1,(#7755,#7756),.UNSPECIFIED.,.F.,
  .F.,(2,2),(0.,1.570796326795),.PIECEWISE_BEZIER_KNOTS.);
#7755 = CARTESIAN_POINT('',(-1.271784560877,0.));
#7756 = CARTESIAN_POINT('',(-1.271784560877,1.570796326795));
#7757 = ( GEOMETRIC_REPRESENTATION_CONTEXT(2) 
PARAMETRIC_REPRESENTATION_CONTEXT() REPRESENTATION_CONTEXT('2D SPACE',''
  ) );
#7758 = PCURVE('',#7670,#7759);
#7759 = DEFINITIONAL_REPRESENTATION('',(#7760),#7763);
#7760 = B_SPLINE_CURVE_WITH_KNOTS('',1,(#7761,#7762),.UNSPECIFIED.,.F.,
  .F.,(2,2),(0.,1.570796326795),.PIECEWISE_BEZIER_KNOTS.);
#7761 = CARTESIAN_POINT('',(0.,0.));
#7762 = CARTESIAN_POINT('',(1.570796326795,0.));
#7763 = ( GEOMETRIC_REPRESENTATION_CONTEXT(2) 
PARAMETRIC_REPRESENTATION_CONTEXT() REPRESENTATION_CONTEXT('2D SPACE',''
  ) );
#7764 = ORIENTED_EDGE('',*,*,#7765,.F.);
#7765 = EDGE_CURVE('',#6690,#7744,#7766,.T.);
#7766 = SURFACE_CURVE('',#7767,(#7772,#7779),.PCURVE_S1.);
#7767 = CIRCLE('',#7768,40.);
#7768 = AXIS2_PLACEMENT_3D('',#7769,#7770,#7771);
#7769 = CARTESIAN_POINT('',(67.68,50.,50.));
#7770 = DIRECTION('',(-1.,0.,0.));
#7771 = DIRECTION('',(0.,-0.955628065724,0.294575966433));
#7772 = PCURVE('',#6090,#7773);
#7773 = DEFINITIONAL_REPRESENTATION('',(#7774),#7778);
#7774 = LINE('',#7775,#7776);
#7775 = CARTESIAN_POINT('',(-0.,1.570796326795));
#7776 = VECTOR('',#7777,1.);
#7777 = DIRECTION('',(-1.,0.));
#7778 = ( GEOMETRIC_REPRESENTATION_CONTEXT(2) 
PARAMETRIC_REPRESENTATION_CONTEXT() REPRESENTATION_CONTEXT('2D SPACE',''
  ) );
#7779 = PCURVE('',#6751,#7780);
#7780 = DEFINITIONAL_REPRESENTATION('',(#7781),#7789);
#7781 = ( BOUNDED_CURVE() B_SPLINE_CURVE(2,(#7782,#7783,#7784,#7785,
#7786,#7787,#7788),.UNSPECIFIED.,.T.,.F.) B_SPLINE_CURVE_WITH_KNOTS((1,2
    ,2,2,2,1),(-2.094395102393,0.,2.094395102393,4.188790204786,
6.28318530718,8.377580409573),.UNSPECIFIED.) CURVE() 
GEOMETRIC_REPRESENTATION_ITEM() RATIONAL_B_SPLINE_CURVE((1.,0.5,1.,0.5,
1.,0.5,1.)) REPRESENTATION_ITEM('') );
#7782 = CARTESIAN_POINT('',(-0.886961342676,-11.77487737102));
#7783 = CARTESIAN_POINT('',(65.320893176256,-32.18369899306));
#7784 = CARTESIAN_POINT('',(14.542407930804,-79.3169721255));
#7785 = CARTESIAN_POINT('',(-36.23607731464,-126.4502452579));
#7786 = CARTESIAN_POINT('',(-51.66544658812,-58.90815050346));
#7787 = CARTESIAN_POINT('',(-67.0948158616,8.633944251007));
#7788 = CARTESIAN_POINT('',(-0.886961342676,-11.77487737102));
#7789 = ( GEOMETRIC_REPRESENTATION_CONTEXT(2) 
PARAMETRIC_REPRESENTATION_CONTEXT() REPRESENTATION_CONTEXT('2D SPACE',''
  ) );
#7790 = ADVANCED_FACE('',(#7791),#5788,.T.);
#7791 = FACE_BOUND('',#7792,.T.);
#7792 = EDGE_LOOP('',(#7793,#7794,#7795));
#7793 = ORIENTED_EDGE('',*,*,#7686,.F.);
#7794 = ORIENTED_EDGE('',*,*,#5772,.F.);
#7795 = ORIENTED_EDGE('',*,*,#6689,.F.);
#7796 = ADVANCED_FACE('',(#7797),#6399,.T.);
#7797 = FACE_BOUND('',#7798,.T.);
#7798 = EDGE_LOOP('',(#7799,#7853,#7953,#7954));
#7799 = ORIENTED_EDGE('',*,*,#7800,.T.);
#7800 = EDGE_CURVE('',#6275,#7801,#7803,.T.);
#7801 = VERTEX_POINT('',#7802);
#7802 = CARTESIAN_POINT('',(80.18,50.,94.));
#7803 = SURFACE_CURVE('',#7804,(#7809,#7847),.PCURVE_S1.);
#7804 = CIRCLE('',#7805,6.);
#7805 = AXIS2_PLACEMENT_3D('',#7806,#7807,#7808);
#7806 = CARTESIAN_POINT('',(86.18,50.,94.));
#7807 = DIRECTION('',(0.,-1.,0.));
#7808 = DIRECTION('',(-0.,0.,1.));
#7809 = PCURVE('',#6399,#7810);
#7810 = DEFINITIONAL_REPRESENTATION('',(#7811),#7846);
#7811 = B_SPLINE_CURVE_WITH_KNOTS('',9,(#7812,#7813,#7814,#7815,#7816,
    #7817,#7818,#7819,#7820,#7821,#7822,#7823,#7824,#7825,#7826,#7827,
    #7828,#7829,#7830,#7831,#7832,#7833,#7834,#7835,#7836,#7837,#7838,
    #7839,#7840,#7841,#7842,#7843,#7844,#7845),.UNSPECIFIED.,.F.,.F.,(10
    ,8,8,8,10),(0.,0.392699081699,0.785398163397,1.178097245096,
    1.570796326795),.UNSPECIFIED.);
#7812 = CARTESIAN_POINT('',(1.7763568394E-15,782.5));
#7813 = CARTESIAN_POINT('',(2.103199909605,782.49999999999));
#7814 = CARTESIAN_POINT('',(4.163636905162,782.50000000003));
#7815 = CARTESIAN_POINT('',(6.185693844088,782.49999999992));
#7816 = CARTESIAN_POINT('',(8.17336860833,782.5000000001));
#7817 = CARTESIAN_POINT('',(10.130331572091,782.4999999999));
#7818 = CARTESIAN_POINT('',(12.059977613998,782.50000000005));
#7819 = CARTESIAN_POINT('',(13.965523388778,782.49999999997));
#7820 = CARTESIAN_POINT('',(15.849966828248,782.5));
#7821 = CARTESIAN_POINT('',(19.582411220598,782.49999999999));
#7822 = CARTESIAN_POINT('',(21.430410449533,782.49999999999));
#7823 = CARTESIAN_POINT('',(23.263071379255,782.50000000001));
#7824 = CARTESIAN_POINT('',(25.083095382705,782.49999999996));
#7825 = CARTESIAN_POINT('',(26.893156467321,782.50000000004));
#7826 = CARTESIAN_POINT('',(28.695760688535,782.49999999997));
#7827 = CARTESIAN_POINT('',(30.493426693081,782.5));
#7828 = CARTESIAN_POINT('',(32.288620085639,782.5));
#7829 = CARTESIAN_POINT('',(35.879006925644,782.49999999999));
#7830 = CARTESIAN_POINT('',(37.674200318203,782.50000000003));
#7831 = CARTESIAN_POINT('',(39.471866322745,782.49999999993));
#7832 = CARTESIAN_POINT('',(41.274470543969,782.50000000008));
#7833 = CARTESIAN_POINT('',(43.08453162857,782.49999999992));
#7834 = CARTESIAN_POINT('',(44.904555632034,782.50000000004));
#7835 = CARTESIAN_POINT('',(46.737216561748,782.49999999998));
#7836 = CARTESIAN_POINT('',(48.585215790685,782.5));
#7837 = CARTESIAN_POINT('',(52.317660183035,782.49999999999));
#7838 = CARTESIAN_POINT('',(54.202103622509,782.50000000004));
#7839 = CARTESIAN_POINT('',(56.107649397278,782.49999999991));
#7840 = CARTESIAN_POINT('',(58.037295439199,782.50000000012));
#7841 = CARTESIAN_POINT('',(59.994258402947,782.49999999987));
#7842 = CARTESIAN_POINT('',(61.9819331672,782.50000000008));
#7843 = CARTESIAN_POINT('',(64.003990106119,782.49999999995));
#7844 = CARTESIAN_POINT('',(66.064427101679,782.50000000001));
#7845 = CARTESIAN_POINT('',(68.167627011283,782.5));
#7846 = ( GEOMETRIC_REPRESENTATION_CONTEXT(2) 
PARAMETRIC_REPRESENTATION_CONTEXT() REPRESENTATION_CONTEXT('2D SPACE',''
  ) );
#7847 = PCURVE('',#7616,#7848);
#7848 = DEFINITIONAL_REPRESENTATION('',(#7849),#7852);
#7849 = B_SPLINE_CURVE_WITH_KNOTS('',1,(#7850,#7851),.UNSPECIFIED.,.F.,
  .F.,(2,2),(0.,1.570796326795),.PIECEWISE_BEZIER_KNOTS.);
#7850 = CARTESIAN_POINT('',(0.,782.5));
#7851 = CARTESIAN_POINT('',(1.570796326795,782.5));
#7852 = ( GEOMETRIC_REPRESENTATION_CONTEXT(2) 
PARAMETRIC_REPRESENTATION_CONTEXT() REPRESENTATION_CONTEXT('2D SPACE',''
  ) );
#7853 = ORIENTED_EDGE('',*,*,#7854,.T.);
#7854 = EDGE_CURVE('',#7801,#6792,#7855,.T.);
#7855 = SURFACE_CURVE('',#7856,(#7904,#7911),.PCURVE_S1.);
#7856 = B_SPLINE_CURVE_WITH_KNOTS('',10,(#7857,#7858,#7859,#7860,#7861,
    #7862,#7863,#7864,#7865,#7866,#7867,#7868,#7869,#7870,#7871,#7872,
    #7873,#7874,#7875,#7876,#7877,#7878,#7879,#7880,#7881,#7882,#7883,
    #7884,#7885,#7886,#7887,#7888,#7889,#7890,#7891,#7892,#7893,#7894,
    #7895,#7896,#7897,#7898,#7899,#7900,#7901,#7902,#7903),
  .UNSPECIFIED.,.F.,.F.,(11,9,9,9,9,11),(782.5,821.79980741653,
    836.16872172139,842.03084636148,850.66762701128,854.34158341239),
  .UNSPECIFIED.);
#7857 = CARTESIAN_POINT('',(80.18,50.,94.));
#7858 = CARTESIAN_POINT('',(80.180000000002,46.567962281529,
    94.000000000001));
#7859 = CARTESIAN_POINT('',(80.179999999994,43.126938817068,
    93.702560248038));
#7860 = CARTESIAN_POINT('',(80.180000000013,39.707764768,93.105009637522
    ));
#7861 = CARTESIAN_POINT('',(80.179999999982,36.341641551703,
    92.208873419264));
#7862 = CARTESIAN_POINT('',(80.180000000017,33.059127874962,
    91.019443286262));
#7863 = CARTESIAN_POINT('',(80.179999999989,29.889967861836,
    89.545809392077));
#7864 = CARTESIAN_POINT('',(80.180000000005,26.862769610339,
    87.800779235467));
#7865 = CARTESIAN_POINT('',(80.179999999999,24.004253651905,
    85.800488965789));
#7866 = CARTESIAN_POINT('',(80.179999999999,21.338496930283,
    83.563893292022));
#7867 = CARTESIAN_POINT('',(80.180000000001,17.991091513256,
    80.216488397605));
#7868 = CARTESIAN_POINT('',(80.179999999993,17.123551409777,
    79.291576938009));
#7869 = CARTESIAN_POINT('',(80.180000000017,16.285757930139,
    78.339043765334));
#7870 = CARTESIAN_POINT('',(80.179999999973,15.478730271055,
    77.360004123335));
#7871 = CARTESIAN_POINT('',(80.180000000029,14.703432641851,
    76.35561115662));
#7872 = CARTESIAN_POINT('',(80.179999999977,13.960774264334,
    75.327055910031));
#7873 = CARTESIAN_POINT('',(80.180000000014,13.251609372953,
    74.275567329394));
#7874 = CARTESIAN_POINT('',(80.179999999994,12.576737214647,
    73.202412260798));
#7875 = CARTESIAN_POINT('',(80.180000000002,11.936902048957,
    72.108895451148));
#7876 = CARTESIAN_POINT('',(80.179999999999,11.086333213782,
    70.542475281179));
#7877 = CARTESIAN_POINT('',(80.180000000005,10.845818781667,
    70.085424005344));
#7878 = CARTESIAN_POINT('',(80.179999999987,10.611296470409,
    69.625296482905));
#7879 = CARTESIAN_POINT('',(80.180000000022,10.382811210764,
    69.162184322128));
#7880 = CARTESIAN_POINT('',(80.179999999974,10.160406245396,
    68.696179976662));
#7881 = CARTESIAN_POINT('',(80.180000000022,9.944123128981,
    68.227376746043));
#7882 = CARTESIAN_POINT('',(80.179999999986,9.734001728068,
    67.755868775048));
#7883 = CARTESIAN_POINT('',(80.180000000006,9.53008022122,
    67.281751054343));
#7884 = CARTESIAN_POINT('',(80.179999999999,9.332395098903,
    66.805119419968));
#7885 = CARTESIAN_POINT('',(80.180000000002,8.858967341871,
    65.620278672247));
#7886 = CARTESIAN_POINT('',(80.179999999995,8.590597014108,
    64.909338732306));
#7887 = CARTESIAN_POINT('',(80.180000000008,8.335718888369,
    64.192736291566));
#7888 = CARTESIAN_POINT('',(80.179999999991,8.09545512842,
    63.473902498019));
#7889 = CARTESIAN_POINT('',(80.180000000008,7.867543157758,
    62.746240157123));
#7890 = CARTESIAN_POINT('',(80.179999999995,7.65537675479,
    62.019012745774));
#7891 = CARTESIAN_POINT('',(80.180000000003,7.456659410877,
    61.287513053111));
#7892 = CARTESIAN_POINT('',(80.179999999999,7.271610237649,
    60.550819257433));
#7893 = CARTESIAN_POINT('',(80.18,7.099657241026,59.806055403159));
#7894 = CARTESIAN_POINT('',(80.18,6.872871788081,58.726976388509));
#7895 = CARTESIAN_POINT('',(80.18,6.803281446705,58.395855163461));
#7896 = CARTESIAN_POINT('',(80.18,6.731781509879,58.055647798413));
#7897 = CARTESIAN_POINT('',(80.18,6.658371977604,57.706354293365));
#7898 = CARTESIAN_POINT('',(80.18,6.583052849881,57.347974648316));
#7899 = CARTESIAN_POINT('',(80.18,6.505824126708,56.980508863266));
#7900 = CARTESIAN_POINT('',(80.18,6.426685808086,56.603956938216));
#7901 = CARTESIAN_POINT('',(80.18,6.345637894015,56.218318873166));
#7902 = CARTESIAN_POINT('',(80.18,6.262680384495,55.823594668115));
#7903 = CARTESIAN_POINT('',(80.18,6.177813279526,55.419784323064));
#7904 = PCURVE('',#6399,#7905);
#7905 = DEFINITIONAL_REPRESENTATION('',(#7906),#7910);
#7906 = LINE('',#7907,#7908);
#7907 = CARTESIAN_POINT('',(68.167627011283,0.));
#7908 = VECTOR('',#7909,1.);
#7909 = DIRECTION('',(0.,1.));
#7910 = ( GEOMETRIC_REPRESENTATION_CONTEXT(2) 
PARAMETRIC_REPRESENTATION_CONTEXT() REPRESENTATION_CONTEXT('2D SPACE',''
  ) );
#7911 = PCURVE('',#6806,#7912);
#7912 = DEFINITIONAL_REPRESENTATION('',(#7913),#7952);
#7913 = B_SPLINE_CURVE_WITH_KNOTS('',10,(#7914,#7915,#7916,#7917,#7918,
    #7919,#7920,#7921,#7922,#7923,#7924,#7925,#7926,#7927,#7928,#7929,
    #7930,#7931,#7932,#7933,#7934,#7935,#7936,#7937,#7938,#7939,#7940,
    #7941,#7942,#7943,#7944,#7945,#7946,#7947,#7948,#7949,#7950,#7951),
  .UNSPECIFIED.,.F.,.F.,(11,9,9,9,11),(782.5,821.79980741653,
    836.16872172139,842.03084636148,850.66762701128),.UNSPECIFIED.);
#7914 = CARTESIAN_POINT('',(31.33,-50.));
#7915 = CARTESIAN_POINT('',(31.330000000001,-46.56796228152));
#7916 = CARTESIAN_POINT('',(31.03256024804,-43.12693881706));
#7917 = CARTESIAN_POINT('',(30.435009637517,-39.707764768));
#7918 = CARTESIAN_POINT('',(29.538873419271,-36.3416415517));
#7919 = CARTESIAN_POINT('',(28.349443286256,-33.05912787496));
#7920 = CARTESIAN_POINT('',(26.875809392079,-29.88996786183));
#7921 = CARTESIAN_POINT('',(25.130779235467,-26.86276961034));
#7922 = CARTESIAN_POINT('',(23.130488965788,-24.0042536519));
#7923 = CARTESIAN_POINT('',(20.893893292022,-21.33849693028));
#7924 = CARTESIAN_POINT('',(17.546488397604,-17.99109151325));
#7925 = CARTESIAN_POINT('',(16.621576938015,-17.12355140977));
#7926 = CARTESIAN_POINT('',(15.66904376532,-16.28575793013));
#7927 = CARTESIAN_POINT('',(14.690004123357,-15.47873027105));
#7928 = CARTESIAN_POINT('',(13.685611156596,-14.70343264184));
#7929 = CARTESIAN_POINT('',(12.657055910051,-13.96077426433));
#7930 = CARTESIAN_POINT('',(11.605567329382,-13.25160937295));
#7931 = CARTESIAN_POINT('',(10.532412260803,-12.57673721464));
#7932 = CARTESIAN_POINT('',(9.438895451147,-11.93690204895));
#7933 = CARTESIAN_POINT('',(7.87247528118,-11.08633321378));
#7934 = CARTESIAN_POINT('',(7.41542400534,-10.84581878166));
#7935 = CARTESIAN_POINT('',(6.955296482916,-10.61129647041));
#7936 = CARTESIAN_POINT('',(6.492184322108,-10.38281121076));
#7937 = CARTESIAN_POINT('',(6.026179976686,-10.1604062454));
#7938 = CARTESIAN_POINT('',(5.557376746023,-9.944123128977));
#7939 = CARTESIAN_POINT('',(5.08586877506,-9.73400172807));
#7940 = CARTESIAN_POINT('',(4.611751054337,-9.530080221219));
#7941 = CARTESIAN_POINT('',(4.13511941997,-9.332395098903));
#7942 = CARTESIAN_POINT('',(2.950278672246,-8.858967341871));
#7943 = CARTESIAN_POINT('',(2.23933873231,-8.590597014107));
#7944 = CARTESIAN_POINT('',(1.522736291562,-8.335718888371));
#7945 = CARTESIAN_POINT('',(0.803902498023,-8.095455128417));
#7946 = CARTESIAN_POINT('',(7.624015712159E-02,-7.867543157762));
#7947 = CARTESIAN_POINT('',(-0.650987254225,-7.655376754786));
#7948 = CARTESIAN_POINT('',(-1.382486946889,-7.456659410879));
#7949 = CARTESIAN_POINT('',(-2.119180742567,-7.271610237648));
#7950 = CARTESIAN_POINT('',(-2.863944596841,-7.099657241026));
#7951 = CARTESIAN_POINT('',(-3.620988526444,-6.940552534009));
#7952 = ( GEOMETRIC_REPRESENTATION_CONTEXT(2) 
PARAMETRIC_REPRESENTATION_CONTEXT() REPRESENTATION_CONTEXT('2D SPACE',''
  ) );
#7953 = ORIENTED_EDGE('',*,*,#6817,.F.);
#7954 = ORIENTED_EDGE('',*,*,#6297,.F.);
#7955 = ADVANCED_FACE('',(#7956),#6591,.T.);
#7956 = FACE_BOUND('',#7957,.F.);
#7957 = EDGE_LOOP('',(#7958,#8006,#8007,#8008,#8037));
#7958 = ORIENTED_EDGE('',*,*,#7959,.T.);
#7959 = EDGE_CURVE('',#7326,#6575,#7960,.T.);
#7960 = SURFACE_CURVE('',#7961,(#7966,#7972),.PCURVE_S1.);
#7961 = CIRCLE('',#7962,10.);
#7962 = AXIS2_PLACEMENT_3D('',#7963,#7964,#7965);
#7963 = CARTESIAN_POINT('',(60.073593539449,832.5,28.));
#7964 = DIRECTION('',(0.846153846154,0.,-0.532938710021));
#7965 = DIRECTION('',(-0.532938710021,0.,-0.846153846154));
#7966 = PCURVE('',#6591,#7967);
#7967 = DEFINITIONAL_REPRESENTATION('',(#7968),#7971);
#7968 = B_SPLINE_CURVE_WITH_KNOTS('',1,(#7969,#7970),.UNSPECIFIED.,.F.,
  .F.,(2,2),(1.570796326795,3.14159265359),.PIECEWISE_BEZIER_KNOTS.);
#7969 = CARTESIAN_POINT('',(-10.43350448455,1.570796326795));
#7970 = CARTESIAN_POINT('',(-10.43350448455,3.14159265359));
#7971 = ( GEOMETRIC_REPRESENTATION_CONTEXT(2) 
PARAMETRIC_REPRESENTATION_CONTEXT() REPRESENTATION_CONTEXT('2D SPACE',''
  ) );
#7972 = PCURVE('',#6630,#7973);
#7973 = DEFINITIONAL_REPRESENTATION('',(#7974),#8005);
#7974 = B_SPLINE_CURVE_WITH_KNOTS('',8,(#7975,#7976,#7977,#7978,#7979,
    #7980,#7981,#7982,#7983,#7984,#7985,#7986,#7987,#7988,#7989,#7990,
    #7991,#7992,#7993,#7994,#7995,#7996,#7997,#7998,#7999,#8000,#8001,
    #8002,#8003,#8004),.UNSPECIFIED.,.F.,.F.,(9,7,7,7,9),(1.570796326795
    ,1.963495408494,2.356194490192,2.748893571891,3.14159265359),
  .UNSPECIFIED.);
#7975 = CARTESIAN_POINT('',(1.7763568394E-15,66.405106838065));
#7976 = CARTESIAN_POINT('',(0.624302584457,66.405106838065));
#7977 = CARTESIAN_POINT('',(1.234098371115,66.405106838064));
#7978 = CARTESIAN_POINT('',(1.831121384241,66.405106838066));
#7979 = CARTESIAN_POINT('',(2.416925983731,66.405106838065));
#7980 = CARTESIAN_POINT('',(2.992907943904,66.405106838065));
#7981 = CARTESIAN_POINT('',(3.560369494571,66.405106838065));
#7982 = CARTESIAN_POINT('',(4.120510445126,66.405106838065));
#7983 = CARTESIAN_POINT('',(5.228429251755,66.405106838065));
#7984 = CARTESIAN_POINT('',(5.776207096266,66.405106838066));
#7985 = CARTESIAN_POINT('',(6.31894086695,66.405106838063));
#7986 = CARTESIAN_POINT('',(6.857701363047,66.405106838067));
#7987 = CARTESIAN_POINT('',(7.393511881684,66.405106838063));
#7988 = CARTESIAN_POINT('',(7.927365615062,66.405106838066));
#7989 = CARTESIAN_POINT('',(8.460241261173,66.405106838065));
#7990 = CARTESIAN_POINT('',(9.525992435007,66.405106838065));
#7991 = CARTESIAN_POINT('',(10.058868081119,66.405106838066));
#7992 = CARTESIAN_POINT('',(10.592721814495,66.405106838062));
#7993 = CARTESIAN_POINT('',(11.128532333134,66.405106838069));
#7994 = CARTESIAN_POINT('',(11.66729282923,66.405106838061));
#7995 = CARTESIAN_POINT('',(12.210026599914,66.405106838067));
#7996 = CARTESIAN_POINT('',(12.757804444425,66.405106838065));
#7997 = CARTESIAN_POINT('',(13.865723251054,66.405106838065));
#7998 = CARTESIAN_POINT('',(14.42586420161,66.405106838066));
#7999 = CARTESIAN_POINT('',(14.993325752276,66.405106838062));
#8000 = CARTESIAN_POINT('',(15.56930771245,66.405106838068));
#8001 = CARTESIAN_POINT('',(16.155112311937,66.405106838062));
#8002 = CARTESIAN_POINT('',(16.752135325067,66.405106838066));
#8003 = CARTESIAN_POINT('',(17.361931111723,66.405106838065));
#8004 = CARTESIAN_POINT('',(17.98623369618,66.405106838065));
#8005 = ( GEOMETRIC_REPRESENTATION_CONTEXT(2) 
PARAMETRIC_REPRESENTATION_CONTEXT() REPRESENTATION_CONTEXT('2D SPACE',''
  ) );
#8006 = ORIENTED_EDGE('',*,*,#6574,.F.);
#8007 = ORIENTED_EDGE('',*,*,#6665,.F.);
#8008 = ORIENTED_EDGE('',*,*,#8009,.F.);
#8009 = EDGE_CURVE('',#7349,#6603,#8010,.T.);
#8010 = SURFACE_CURVE('',#8011,(#8015,#8031),.PCURVE_S1.);
#8011 = ( BOUNDED_CURVE() B_SPLINE_CURVE(2,(#8012,#8013,#8014),
.UNSPECIFIED.,.F.,.F.) B_SPLINE_CURVE_WITH_KNOTS((3,3),(0.,
17.98623369618),.PIECEWISE_BEZIER_KNOTS.) CURVE() 
GEOMETRIC_REPRESENTATION_ITEM() RATIONAL_B_SPLINE_CURVE((1.,
0.707106781187,1.)) REPRESENTATION_ITEM('') );
#8012 = CARTESIAN_POINT('',(87.786406460551,842.5,28.));
#8013 = CARTESIAN_POINT('',(82.457019360339,842.5,36.461538461538));
#8014 = CARTESIAN_POINT('',(82.457019360339,832.5,36.461538461538));
#8015 = PCURVE('',#6591,#8016);
#8016 = DEFINITIONAL_REPRESENTATION('',(#8017),#8030);
#8017 = B_SPLINE_CURVE_WITH_KNOTS('',11,(#8018,#8019,#8020,#8021,#8022,
    #8023,#8024,#8025,#8026,#8027,#8028,#8029),.UNSPECIFIED.,.F.,.F.,(12
    ,12),(0.,17.98623369618),.PIECEWISE_BEZIER_KNOTS.);
#8018 = CARTESIAN_POINT('',(-5.27445878339,1.570796326795));
#8019 = CARTESIAN_POINT('',(-5.274458783391,1.699361196102));
#8020 = CARTESIAN_POINT('',(-5.274458783389,1.835457293884));
#8021 = CARTESIAN_POINT('',(-5.274458783395,1.97839073621));
#8022 = CARTESIAN_POINT('',(-5.274458783383,2.126951478684));
#8023 = CARTESIAN_POINT('',(-5.2744587834,2.279309209413));
#8024 = CARTESIAN_POINT('',(-5.27445878338,2.433079770974));
#8025 = CARTESIAN_POINT('',(-5.274458783398,2.585437501696));
#8026 = CARTESIAN_POINT('',(-5.274458783386,2.733998244177));
#8027 = CARTESIAN_POINT('',(-5.274458783392,2.8769316865));
#8028 = CARTESIAN_POINT('',(-5.27445878339,3.013027784283));
#8029 = CARTESIAN_POINT('',(-5.27445878339,3.14159265359));
#8030 = ( GEOMETRIC_REPRESENTATION_CONTEXT(2) 
PARAMETRIC_REPRESENTATION_CONTEXT() REPRESENTATION_CONTEXT('2D SPACE',''
  ) );
#8031 = PCURVE('',#6630,#8032);
#8032 = DEFINITIONAL_REPRESENTATION('',(#8033),#8036);
#8033 = B_SPLINE_CURVE_WITH_KNOTS('',1,(#8034,#8035),.UNSPECIFIED.,.F.,
  .F.,(2,2),(0.,17.98623369618),.PIECEWISE_BEZIER_KNOTS.);
#8034 = CARTESIAN_POINT('',(0.,84.391340534245));
#8035 = CARTESIAN_POINT('',(17.98623369618,84.391340534245));
#8036 = ( GEOMETRIC_REPRESENTATION_CONTEXT(2) 
PARAMETRIC_REPRESENTATION_CONTEXT() REPRESENTATION_CONTEXT('2D SPACE',''
  ) );
#8037 = ORIENTED_EDGE('',*,*,#7521,.T.);
#8038 = ADVANCED_FACE('',(#8039),#6630,.T.);
#8039 = FACE_BOUND('',#8040,.T.);
#8040 = EDGE_LOOP('',(#8041,#8042,#8043,#8044));
#8041 = ORIENTED_EDGE('',*,*,#7959,.T.);
#8042 = ORIENTED_EDGE('',*,*,#6602,.T.);
#8043 = ORIENTED_EDGE('',*,*,#8009,.F.);
#8044 = ORIENTED_EDGE('',*,*,#7348,.F.);
#8045 = ADVANCED_FACE('',(#8046),#6806,.F.);
#8046 = FACE_BOUND('',#8047,.F.);
#8047 = EDGE_LOOP('',(#8048,#8074,#8095,#8096,#8097));
#8048 = ORIENTED_EDGE('',*,*,#8049,.F.);
#8049 = EDGE_CURVE('',#8050,#8052,#8054,.T.);
#8050 = VERTEX_POINT('',#8051);
#8051 = CARTESIAN_POINT('',(80.18,823.33484861008,94.));
#8052 = VERTEX_POINT('',#8053);
#8053 = CARTESIAN_POINT('',(80.18,822.5,90.));
#8054 = SURFACE_CURVE('',#8055,(#8060,#8067),.PCURVE_S1.);
#8055 = CIRCLE('',#8056,10.);
#8056 = AXIS2_PLACEMENT_3D('',#8057,#8058,#8059);
#8057 = CARTESIAN_POINT('',(80.18,832.5,90.));
#8058 = DIRECTION('',(1.,0.,0.));
#8059 = DIRECTION('',(0.,0.,-1.));
#8060 = PCURVE('',#6806,#8061);
#8061 = DEFINITIONAL_REPRESENTATION('',(#8062),#8066);
#8062 = CIRCLE('',#8063,10.);
#8063 = AXIS2_PLACEMENT_2D('',#8064,#8065);
#8064 = CARTESIAN_POINT('',(27.33,-832.5));
#8065 = DIRECTION('',(-1.,0.));
#8066 = ( GEOMETRIC_REPRESENTATION_CONTEXT(2) 
PARAMETRIC_REPRESENTATION_CONTEXT() REPRESENTATION_CONTEXT('2D SPACE',''
  ) );
#8067 = PCURVE('',#7644,#8068);
#8068 = DEFINITIONAL_REPRESENTATION('',(#8069),#8073);
#8069 = LINE('',#8070,#8071);
#8070 = CARTESIAN_POINT('',(3.14159265359,-0.));
#8071 = VECTOR('',#8072,1.);
#8072 = DIRECTION('',(-1.,0.));
#8073 = ( GEOMETRIC_REPRESENTATION_CONTEXT(2) 
PARAMETRIC_REPRESENTATION_CONTEXT() REPRESENTATION_CONTEXT('2D SPACE',''
  ) );
#8074 = ORIENTED_EDGE('',*,*,#8075,.T.);
#8075 = EDGE_CURVE('',#8050,#7801,#8076,.T.);
#8076 = SURFACE_CURVE('',#8077,(#8081,#8088),.PCURVE_S1.);
#8077 = LINE('',#8078,#8079);
#8078 = CARTESIAN_POINT('',(80.18,832.5,94.));
#8079 = VECTOR('',#8080,1.);
#8080 = DIRECTION('',(0.,-1.,0.));
#8081 = PCURVE('',#6806,#8082);
#8082 = DEFINITIONAL_REPRESENTATION('',(#8083),#8087);
#8083 = LINE('',#8084,#8085);
#8084 = CARTESIAN_POINT('',(31.33,-832.5));
#8085 = VECTOR('',#8086,1.);
#8086 = DIRECTION('',(0.,1.));
#8087 = ( GEOMETRIC_REPRESENTATION_CONTEXT(2) 
PARAMETRIC_REPRESENTATION_CONTEXT() REPRESENTATION_CONTEXT('2D SPACE',''
  ) );
#8088 = PCURVE('',#7616,#8089);
#8089 = DEFINITIONAL_REPRESENTATION('',(#8090),#8094);
#8090 = LINE('',#8091,#8092);
#8091 = CARTESIAN_POINT('',(1.570796326795,0.));
#8092 = VECTOR('',#8093,1.);
#8093 = DIRECTION('',(0.,1.));
#8094 = ( GEOMETRIC_REPRESENTATION_CONTEXT(2) 
PARAMETRIC_REPRESENTATION_CONTEXT() REPRESENTATION_CONTEXT('2D SPACE',''
  ) );
#8095 = ORIENTED_EDGE('',*,*,#7854,.T.);
#8096 = ORIENTED_EDGE('',*,*,#6791,.F.);
#8097 = ORIENTED_EDGE('',*,*,#8098,.T.);
#8098 = EDGE_CURVE('',#6763,#8052,#8099,.T.);
#8099 = SURFACE_CURVE('',#8100,(#8104,#8111),.PCURVE_S1.);
#8100 = LINE('',#8101,#8102);
#8101 = CARTESIAN_POINT('',(80.18,822.5,85.17));
#8102 = VECTOR('',#8103,1.);
#8103 = DIRECTION('',(0.,0.,1.));
#8104 = PCURVE('',#6806,#8105);
#8105 = DEFINITIONAL_REPRESENTATION('',(#8106),#8110);
#8106 = LINE('',#8107,#8108);
#8107 = CARTESIAN_POINT('',(22.5,-822.5));
#8108 = VECTOR('',#8109,1.);
#8109 = DIRECTION('',(1.,0.));
#8110 = ( GEOMETRIC_REPRESENTATION_CONTEXT(2) 
PARAMETRIC_REPRESENTATION_CONTEXT() REPRESENTATION_CONTEXT('2D SPACE',''
  ) );
#8111 = PCURVE('',#6779,#8112);
#8112 = DEFINITIONAL_REPRESENTATION('',(#8113),#8117);
#8113 = LINE('',#8114,#8115);
#8114 = CARTESIAN_POINT('',(6.25,0.));
#8115 = VECTOR('',#8116,1.);
#8116 = DIRECTION('',(0.,1.));
#8117 = ( GEOMETRIC_REPRESENTATION_CONTEXT(2) 
PARAMETRIC_REPRESENTATION_CONTEXT() REPRESENTATION_CONTEXT('2D SPACE',''
  ) );
#8118 = ADVANCED_FACE('',(#8119),#6779,.T.);
#8119 = FACE_BOUND('',#8120,.T.);
#8120 = EDGE_LOOP('',(#8121,#8144,#8145,#8146));
#8121 = ORIENTED_EDGE('',*,*,#8122,.F.);
#8122 = EDGE_CURVE('',#6737,#8123,#8125,.T.);
#8123 = VERTEX_POINT('',#8124);
#8124 = CARTESIAN_POINT('',(67.68,822.5,90.));
#8125 = SURFACE_CURVE('',#8126,(#8130,#8137),.PCURVE_S1.);
#8126 = LINE('',#8127,#8128);
#8127 = CARTESIAN_POINT('',(67.68,822.5,85.17));
#8128 = VECTOR('',#8129,1.);
#8129 = DIRECTION('',(0.,0.,1.));
#8130 = PCURVE('',#6779,#8131);
#8131 = DEFINITIONAL_REPRESENTATION('',(#8132),#8136);
#8132 = LINE('',#8133,#8134);
#8133 = CARTESIAN_POINT('',(-6.25,0.));
#8134 = VECTOR('',#8135,1.);
#8135 = DIRECTION('',(0.,1.));
#8136 = ( GEOMETRIC_REPRESENTATION_CONTEXT(2) 
PARAMETRIC_REPRESENTATION_CONTEXT() REPRESENTATION_CONTEXT('2D SPACE',''
  ) );
#8137 = PCURVE('',#6751,#8138);
#8138 = DEFINITIONAL_REPRESENTATION('',(#8139),#8143);
#8139 = LINE('',#8140,#8141);
#8140 = CARTESIAN_POINT('',(22.5,-822.5));
#8141 = VECTOR('',#8142,1.);
#8142 = DIRECTION('',(1.,0.));
#8143 = ( GEOMETRIC_REPRESENTATION_CONTEXT(2) 
PARAMETRIC_REPRESENTATION_CONTEXT() REPRESENTATION_CONTEXT('2D SPACE',''
  ) );
#8144 = ORIENTED_EDGE('',*,*,#6762,.F.);
#8145 = ORIENTED_EDGE('',*,*,#8098,.T.);
#8146 = ORIENTED_EDGE('',*,*,#8147,.T.);
#8147 = EDGE_CURVE('',#8052,#8123,#8148,.T.);
#8148 = SURFACE_CURVE('',#8149,(#8153,#8160),.PCURVE_S1.);
#8149 = LINE('',#8150,#8151);
#8150 = CARTESIAN_POINT('',(80.18,822.5,90.));
#8151 = VECTOR('',#8152,1.);
#8152 = DIRECTION('',(-1.,-0.,-0.));
#8153 = PCURVE('',#6779,#8154);
#8154 = DEFINITIONAL_REPRESENTATION('',(#8155),#8159);
#8155 = LINE('',#8156,#8157);
#8156 = CARTESIAN_POINT('',(6.25,4.83));
#8157 = VECTOR('',#8158,1.);
#8158 = DIRECTION('',(-1.,-0.));
#8159 = ( GEOMETRIC_REPRESENTATION_CONTEXT(2) 
PARAMETRIC_REPRESENTATION_CONTEXT() REPRESENTATION_CONTEXT('2D SPACE',''
  ) );
#8160 = PCURVE('',#7644,#8161);
#8161 = DEFINITIONAL_REPRESENTATION('',(#8162),#8166);
#8162 = LINE('',#8163,#8164);
#8163 = CARTESIAN_POINT('',(-1.570796326795,0.));
#8164 = VECTOR('',#8165,1.);
#8165 = DIRECTION('',(-0.,1.));
#8166 = ( GEOMETRIC_REPRESENTATION_CONTEXT(2) 
PARAMETRIC_REPRESENTATION_CONTEXT() REPRESENTATION_CONTEXT('2D SPACE',''
  ) );
#8167 = ADVANCED_FACE('',(#8168),#6751,.T.);
#8168 = FACE_BOUND('',#8169,.T.);
#8169 = EDGE_LOOP('',(#8170,#8171,#8172,#8193));
#8170 = ORIENTED_EDGE('',*,*,#6736,.F.);
#8171 = ORIENTED_EDGE('',*,*,#8122,.T.);
#8172 = ORIENTED_EDGE('',*,*,#8173,.F.);
#8173 = EDGE_CURVE('',#7744,#8123,#8174,.T.);
#8174 = SURFACE_CURVE('',#8175,(#8179,#8186),.PCURVE_S1.);
#8175 = LINE('',#8176,#8177);
#8176 = CARTESIAN_POINT('',(67.68,50.,90.));
#8177 = VECTOR('',#8178,1.);
#8178 = DIRECTION('',(0.,1.,-1.816083669674E-17));
#8179 = PCURVE('',#6751,#8180);
#8180 = DEFINITIONAL_REPRESENTATION('',(#8181),#8185);
#8181 = LINE('',#8182,#8183);
#8182 = CARTESIAN_POINT('',(27.33,-50.));
#8183 = VECTOR('',#8184,1.);
#8184 = DIRECTION('',(-1.816083669674E-17,-1.));
#8185 = ( GEOMETRIC_REPRESENTATION_CONTEXT(2) 
PARAMETRIC_REPRESENTATION_CONTEXT() REPRESENTATION_CONTEXT('2D SPACE',''
  ) );
#8186 = PCURVE('',#7670,#8187);
#8187 = DEFINITIONAL_REPRESENTATION('',(#8188),#8192);
#8188 = LINE('',#8189,#8190);
#8189 = CARTESIAN_POINT('',(1.570796326795,0.));
#8190 = VECTOR('',#8191,1.);
#8191 = DIRECTION('',(0.,1.));
#8192 = ( GEOMETRIC_REPRESENTATION_CONTEXT(2) 
PARAMETRIC_REPRESENTATION_CONTEXT() REPRESENTATION_CONTEXT('2D SPACE',''
  ) );
#8193 = ORIENTED_EDGE('',*,*,#7765,.F.);
#8194 = ADVANCED_FACE('',(#8195),#7145,.T.);
#8195 = FACE_BOUND('',#8196,.F.);
#8196 = EDGE_LOOP('',(#8197,#8217,#8218,#8219));
#8197 = ORIENTED_EDGE('',*,*,#8198,.F.);
#8198 = EDGE_CURVE('',#7470,#7184,#8199,.T.);
#8199 = SURFACE_CURVE('',#8200,(#8205,#8211),.PCURVE_S1.);
#8200 = CIRCLE('',#8201,8.);
#8201 = AXIS2_PLACEMENT_3D('',#8202,#8203,#8204);
#8202 = CARTESIAN_POINT('',(100.,834.5,92.));
#8203 = DIRECTION('',(1.,0.,0.));
#8204 = DIRECTION('',(-0.,1.,0.));
#8205 = PCURVE('',#7145,#8206);
#8206 = DEFINITIONAL_REPRESENTATION('',(#8207),#8210);
#8207 = B_SPLINE_CURVE_WITH_KNOTS('',1,(#8208,#8209),.UNSPECIFIED.,.F.,
  .F.,(2,2),(0.,1.570796326795),.PIECEWISE_BEZIER_KNOTS.);
#8208 = CARTESIAN_POINT('',(0.,4.712388980385));
#8209 = CARTESIAN_POINT('',(0.,6.28318530718));
#8210 = ( GEOMETRIC_REPRESENTATION_CONTEXT(2) 
PARAMETRIC_REPRESENTATION_CONTEXT() REPRESENTATION_CONTEXT('2D SPACE',''
  ) );
#8211 = PCURVE('',#7485,#8212);
#8212 = DEFINITIONAL_REPRESENTATION('',(#8213),#8216);
#8213 = B_SPLINE_CURVE_WITH_KNOTS('',1,(#8214,#8215),.UNSPECIFIED.,.F.,
  .F.,(2,2),(0.,1.570796326795),.PIECEWISE_BEZIER_KNOTS.);
#8214 = CARTESIAN_POINT('',(0.,50.));
#8215 = CARTESIAN_POINT('',(1.570796326795,50.));
#8216 = ( GEOMETRIC_REPRESENTATION_CONTEXT(2) 
PARAMETRIC_REPRESENTATION_CONTEXT() REPRESENTATION_CONTEXT('2D SPACE',''
  ) );
#8217 = ORIENTED_EDGE('',*,*,#7497,.T.);
#8218 = ORIENTED_EDGE('',*,*,#7131,.T.);
#8219 = ORIENTED_EDGE('',*,*,#7208,.F.);
#8220 = ADVANCED_FACE('',(#8221),#7485,.T.);
#8221 = FACE_BOUND('',#8222,.T.);
#8222 = EDGE_LOOP('',(#8223,#8224,#8225,#8226));
#8223 = ORIENTED_EDGE('',*,*,#7552,.T.);
#8224 = ORIENTED_EDGE('',*,*,#7577,.T.);
#8225 = ORIENTED_EDGE('',*,*,#8198,.F.);
#8226 = ORIENTED_EDGE('',*,*,#7469,.F.);
#8227 = ADVANCED_FACE('',(#8228),#7670,.T.);
#8228 = FACE_BOUND('',#8229,.T.);
#8229 = EDGE_LOOP('',(#8230,#8231,#8232,#8266));
#8230 = ORIENTED_EDGE('',*,*,#7743,.T.);
#8231 = ORIENTED_EDGE('',*,*,#8173,.T.);
#8232 = ORIENTED_EDGE('',*,*,#8233,.F.);
#8233 = EDGE_CURVE('',#7629,#8123,#8234,.T.);
#8234 = SURFACE_CURVE('',#8235,(#8240,#8253),.PCURVE_S1.);
#8235 = ELLIPSE('',#8236,14.142135623731,10.);
#8236 = AXIS2_PLACEMENT_3D('',#8237,#8238,#8239);
#8237 = CARTESIAN_POINT('',(57.68,832.5,90.));
#8238 = DIRECTION('',(0.707106781187,0.707106781187,-1.284165078029E-17)
  );
#8239 = DIRECTION('',(-0.707106781187,0.707106781187,-1.284165078029E-17
    ));
#8240 = PCURVE('',#7670,#8241);
#8241 = DEFINITIONAL_REPRESENTATION('',(#8242),#8252);
#8242 = B_SPLINE_CURVE_WITH_KNOTS('',8,(#8243,#8244,#8245,#8246,#8247,
    #8248,#8249,#8250,#8251),.UNSPECIFIED.,.F.,.F.,(9,9),(1.570796326795
    ,3.14159265359),.PIECEWISE_BEZIER_KNOTS.);
#8243 = CARTESIAN_POINT('',(0.,782.5));
#8244 = CARTESIAN_POINT('',(0.196349540849,780.5365045915));
#8245 = CARTESIAN_POINT('',(0.392699081698,778.57300871532));
#8246 = CARTESIAN_POINT('',(0.589048622549,776.72486739052));
#8247 = CARTESIAN_POINT('',(0.785398163393,775.10741248685));
#8248 = CARTESIAN_POINT('',(0.981747704248,773.82181953967));
#8249 = CARTESIAN_POINT('',(1.178097245095,772.94060775871));
#8250 = CARTESIAN_POINT('',(1.374446785946,772.5));
#8251 = CARTESIAN_POINT('',(1.570796326795,772.5));
#8252 = ( GEOMETRIC_REPRESENTATION_CONTEXT(2) 
PARAMETRIC_REPRESENTATION_CONTEXT() REPRESENTATION_CONTEXT('2D SPACE',''
  ) );
#8253 = PCURVE('',#7644,#8254);
#8254 = DEFINITIONAL_REPRESENTATION('',(#8255),#8265);
#8255 = B_SPLINE_CURVE_WITH_KNOTS('',8,(#8256,#8257,#8258,#8259,#8260,
    #8261,#8262,#8263,#8264),.UNSPECIFIED.,.F.,.F.,(9,9),(1.570796326795
    ,3.14159265359),.PIECEWISE_BEZIER_KNOTS.);
#8256 = CARTESIAN_POINT('',(0.,22.5));
#8257 = CARTESIAN_POINT('',(-0.196349540849,20.536504591506));
#8258 = CARTESIAN_POINT('',(-0.392699081699,18.573008716818));
#8259 = CARTESIAN_POINT('',(-0.589048622547,16.724867387838));
#8260 = CARTESIAN_POINT('',(-0.785398163397,15.107412494253));
#8261 = CARTESIAN_POINT('',(-0.981747704245,13.821819536547));
#8262 = CARTESIAN_POINT('',(-1.178097245096,12.940607759868));
#8263 = CARTESIAN_POINT('',(-1.374446785946,12.5));
#8264 = CARTESIAN_POINT('',(-1.570796326795,12.5));
#8265 = ( GEOMETRIC_REPRESENTATION_CONTEXT(2) 
PARAMETRIC_REPRESENTATION_CONTEXT() REPRESENTATION_CONTEXT('2D SPACE',''
  ) );
#8266 = ORIENTED_EDGE('',*,*,#7656,.F.);
#8267 = ADVANCED_FACE('',(#8268),#7644,.T.);
#8268 = FACE_BOUND('',#8269,.F.);
#8269 = EDGE_LOOP('',(#8270,#8271,#8272,#8273,#8274));
#8270 = ORIENTED_EDGE('',*,*,#8049,.T.);
#8271 = ORIENTED_EDGE('',*,*,#8147,.T.);
#8272 = ORIENTED_EDGE('',*,*,#8233,.F.);
#8273 = ORIENTED_EDGE('',*,*,#7628,.T.);
#8274 = ORIENTED_EDGE('',*,*,#8275,.T.);
#8275 = EDGE_CURVE('',#7601,#8050,#8276,.T.);
#8276 = SURFACE_CURVE('',#8277,(#8343,#8412),.PCURVE_S1.);
#8277 = B_SPLINE_CURVE_WITH_KNOTS('',8,(#8278,#8279,#8280,#8281,#8282,
    #8283,#8284,#8285,#8286,#8287,#8288,#8289,#8290,#8291,#8292,#8293,
    #8294,#8295,#8296,#8297,#8298,#8299,#8300,#8301,#8302,#8303,#8304,
    #8305,#8306,#8307,#8308,#8309,#8310,#8311,#8312,#8313,#8314,#8315,
    #8316,#8317,#8318,#8319,#8320,#8321,#8322,#8323,#8324,#8325,#8326,
    #8327,#8328,#8329,#8330,#8331,#8332,#8333,#8334,#8335,#8336,#8337,
    #8338,#8339,#8340,#8341,#8342),.UNSPECIFIED.,.F.,.F.,(9,7,7,7,7,7,7,
    7,7,9),(0.,1.394761881163E-02,9.472964455146E-02,0.256345152973,
    0.405738939086,0.524086820008,0.9005919781,0.955851060327,
    0.98401373914,1.),.UNSPECIFIED.);
#8278 = CARTESIAN_POINT('',(86.18,832.49999945098,100.));
#8279 = CARTESIAN_POINT('',(86.165206423376,832.48090157286,
    99.999999621612));
#8280 = CARTESIAN_POINT('',(86.150373232545,832.46175215199,
    99.999958325907));
#8281 = CARTESIAN_POINT('',(86.13548560065,832.44253219847,
    99.999874812184));
#8282 = CARTESIAN_POINT('',(86.120540907798,832.42323842239,
    99.999748247374));
#8283 = CARTESIAN_POINT('',(86.105548741051,832.40388323385,
    99.999578266037));
#8284 = CARTESIAN_POINT('',(86.090530894431,832.38449474296,
    99.999364970367));
#8285 = CARTESIAN_POINT('',(86.075521368922,832.36511675982,
    99.999108930185));
#8286 = CARTESIAN_POINT('',(85.973949801903,832.2339806346,
    99.997086686054));
#8287 = CARTESIAN_POINT('',(85.890178701513,832.12581515536,
    99.993989603782));
#8288 = CARTESIAN_POINT('',(85.807600802598,832.01916976964,
    99.989646601962));
#8289 = CARTESIAN_POINT('',(85.725074799662,831.91256312952,
    99.984042338216));
#8290 = CARTESIAN_POINT('',(85.641971218236,831.80517276193,
    99.977093525453));
#8291 = CARTESIAN_POINT('',(85.558171695031,831.69683373286,
    99.968721367731));
#8292 = CARTESIAN_POINT('',(85.474066670419,831.58803834033,
    99.958922368438));
#8293 = CARTESIAN_POINT('',(85.223467940985,831.26366496878,
    99.925660734712));
#8294 = CARTESIAN_POINT('',(85.055588671139,831.04608450408,
    99.897919551811));
#8295 = CARTESIAN_POINT('',(84.887857956839,830.82833031911,
    99.864567504935));
#8296 = CARTESIAN_POINT('',(84.720937758285,830.61117210228,
    99.825658270318));
#8297 = CARTESIAN_POINT('',(84.555208838957,830.39502020391,
    99.781273990563));
#8298 = CARTESIAN_POINT('',(84.390776230595,830.17992915107,
    99.731447202865));
#8299 = CARTESIAN_POINT('',(84.227479046982,829.96559882677,
    99.676076362498));
#8300 = CARTESIAN_POINT('',(83.914624481871,829.55334800745,
    99.558224770863));
#8301 = CARTESIAN_POINT('',(83.778667688279,829.37347227954,
    99.501760939787));
#8302 = CARTESIAN_POINT('',(83.649268597974,829.20165642416,
    99.444058257915));
#8303 = CARTESIAN_POINT('',(83.521215238257,829.03099609618,
    99.383065802317));
#8304 = CARTESIAN_POINT('',(83.391686480401,828.85764689417,
    99.317189978383));
#8305 = CARTESIAN_POINT('',(83.260201121898,828.68078796419,
    99.245459000672));
#8306 = CARTESIAN_POINT('',(83.128469821267,828.502539163,
    99.168272702066));
#8307 = CARTESIAN_POINT('',(82.89858583624,828.18959051612,
    99.024607362736));
#8308 = CARTESIAN_POINT('',(82.789810601762,828.04083231546,
    98.953403242215));
#8309 = CARTESIAN_POINT('',(82.680111428285,827.88990717076,
    98.877442480467));
#8310 = CARTESIAN_POINT('',(82.573261072863,827.74188329441,
    98.799027075999));
#8311 = CARTESIAN_POINT('',(82.470586422588,827.59867425257,
    98.719673713806));
#8312 = CARTESIAN_POINT('',(82.371226373468,827.45914199694,
    98.639112705375));
#8313 = CARTESIAN_POINT('',(82.272204726451,827.31911488809,
    98.555049693833));
#8314 = CARTESIAN_POINT('',(81.839743104812,826.70172957829,
    98.166284364801));
#8315 = CARTESIAN_POINT('',(81.529019667628,826.24460379631,
    97.836816806464));
#8316 = CARTESIAN_POINT('',(81.239007806412,825.80095018305,
    97.472311926244));
#8317 = CARTESIAN_POINT('',(80.973454165764,825.37281817171,
    97.071276084395));
#8318 = CARTESIAN_POINT('',(80.737316284763,824.96326960078,
    96.632500069839));
#8319 = CARTESIAN_POINT('',(80.537134193495,824.57627078145,
    96.155080635235));
#8320 = CARTESIAN_POINT('',(80.380716731005,824.2164907251,
    95.639002813462));
#8321 = CARTESIAN_POINT('',(80.263841473841,823.84093663263,
    95.00295497609));
#8322 = CARTESIAN_POINT('',(80.250065541639,823.79359363996,
    94.92076485949));
#8323 = CARTESIAN_POINT('',(80.237505293429,823.74699290597,
    94.837800018652));
#8324 = CARTESIAN_POINT('',(80.226194966046,823.70115527392,
    94.754073816136));
#8325 = CARTESIAN_POINT('',(80.216169432266,823.65610209535,
    94.669601973745));
#8326 = CARTESIAN_POINT('',(80.207464007803,823.61185508572,
    94.584402768117));
#8327 = CARTESIAN_POINT('',(80.2001142583,823.56843617991,94.49849722631
    ));
#8328 = CARTESIAN_POINT('',(80.191119093402,823.50417228965,
    94.367779971855));
#8329 = CARTESIAN_POINT('',(80.188779781654,823.48684527007,
    94.332363714989));
#8330 = CARTESIAN_POINT('',(80.186847219408,823.46982647764,
    94.296893640253));
#8331 = CARTESIAN_POINT('',(80.18514181028,823.4509603458,
    94.256763624095));
#8332 = CARTESIAN_POINT('',(80.183595013171,823.42999559288,
    94.211528329955));
#8333 = CARTESIAN_POINT('',(80.182249342271,823.40858522217,
    94.164903208267));
#8334 = CARTESIAN_POINT('',(80.18125836706,823.39028652187,
    94.12476449646));
#8335 = CARTESIAN_POINT('',(80.180675746224,823.37504050758,
    94.090879524476));
#8336 = CARTESIAN_POINT('',(80.180488819937,823.36920426227,
    94.077842875634));
#8337 = CARTESIAN_POINT('',(80.18032897109,823.36339846505,
    94.064827008004));
#8338 = CARTESIAN_POINT('',(80.180198634387,823.35779650399,
    94.052224940974));
#8339 = CARTESIAN_POINT('',(80.180099641588,823.35239901937,
    94.040034977742));
#8340 = CARTESIAN_POINT('',(80.180033221503,823.34703390368,
    94.027860705319));
#8341 = CARTESIAN_POINT('',(80.18,823.34135630162,94.014910994527));
#8342 = CARTESIAN_POINT('',(80.18,823.33484861008,94.));
#8343 = PCURVE('',#7644,#8344);
#8344 = DEFINITIONAL_REPRESENTATION('',(#8345),#8411);
#8345 = B_SPLINE_CURVE_WITH_KNOTS('',8,(#8346,#8347,#8348,#8349,#8350,
    #8351,#8352,#8353,#8354,#8355,#8356,#8357,#8358,#8359,#8360,#8361,
    #8362,#8363,#8364,#8365,#8366,#8367,#8368,#8369,#8370,#8371,#8372,
    #8373,#8374,#8375,#8376,#8377,#8378,#8379,#8380,#8381,#8382,#8383,
    #8384,#8385,#8386,#8387,#8388,#8389,#8390,#8391,#8392,#8393,#8394,
    #8395,#8396,#8397,#8398,#8399,#8400,#8401,#8402,#8403,#8404,#8405,
    #8406,#8407,#8408,#8409,#8410),.UNSPECIFIED.,.F.,.F.,(9,7,7,7,7,7,7,
    7,7,9),(0.,1.394761881163E-02,9.472964455146E-02,0.256345152973,
    0.405738939086,0.524086820008,0.9005919781,0.955851060327,
    0.98401373914,1.),.UNSPECIFIED.);
#8346 = CARTESIAN_POINT('',(-5.490116272711E-08,-6.));
#8347 = CARTESIAN_POINT('',(-1.909843233604E-03,-5.985206423376));
#8348 = CARTESIAN_POINT('',(-3.824784841089E-03,-5.970373232545));
#8349 = CARTESIAN_POINT('',(-5.746790342365E-03,-5.95548560065));
#8350 = CARTESIAN_POINT('',(-7.676200123015E-03,-5.940540907798));
#8351 = CARTESIAN_POINT('',(-9.61178433546E-03,-5.925548741051));
#8352 = CARTESIAN_POINT('',(-1.155074289895E-02,-5.910530894431));
#8353 = CARTESIAN_POINT('',(-1.348870549958E-02,-5.895521368922));
#8354 = CARTESIAN_POINT('',(-2.660387717599E-02,-5.793949801903));
#8355 = CARTESIAN_POINT('',(-3.742391574153E-02,-5.710178701513));
#8356 = CARTESIAN_POINT('',(-4.809600857475E-02,-5.627600802598));
#8357 = CARTESIAN_POINT('',(-5.876987546031E-02,-5.545074799662));
#8358 = CARTESIAN_POINT('',(-6.952972531347E-02,-5.461971218236));
#8359 = CARTESIAN_POINT('',(-8.039446926481E-02,-5.378171695031));
#8360 = CARTESIAN_POINT('',(-9.131721619609E-02,-5.294066670419));
#8361 = CARTESIAN_POINT('',(-0.1239246418,-5.043467940985));
#8362 = CARTESIAN_POINT('',(-0.145852177636,-4.875588671139));
#8363 = CARTESIAN_POINT('',(-0.167869862537,-4.707857956839));
#8364 = CARTESIAN_POINT('',(-0.189917423525,-4.540937758285));
#8365 = CARTESIAN_POINT('',(-0.211969648191,-4.375208838957));
#8366 = CARTESIAN_POINT('',(-0.234036689807,-4.210776230595));
#8367 = CARTESIAN_POINT('',(-0.25616613967,-4.047479046982));
#8368 = CARTESIAN_POINT('',(-0.299042675874,-3.734624481871));
#8369 = CARTESIAN_POINT('',(-0.317889429337,-3.598667688279));
#8370 = CARTESIAN_POINT('',(-0.336008468471,-3.469268597974));
#8371 = CARTESIAN_POINT('',(-0.354124440583,-3.341215238257));
#8372 = CARTESIAN_POINT('',(-0.37266072649,-3.2116864804));
#8373 = CARTESIAN_POINT('',(-0.391737237683,-3.080201121898));
#8374 = CARTESIAN_POINT('',(-0.411156977517,-2.948469821267));
#8375 = CARTESIAN_POINT('',(-0.445591928555,-2.71858583624));
#8376 = CARTESIAN_POINT('',(-0.462081950962,-2.609810601762));
#8377 = CARTESIAN_POINT('',(-0.478972591743,-2.500111428286));
#8378 = CARTESIAN_POINT('',(-0.49571696194,-2.393261072862));
#8379 = CARTESIAN_POINT('',(-0.51208411231,-2.290586422589));
#8380 = CARTESIAN_POINT('',(-0.528192127834,-2.191226373468));
#8381 = CARTESIAN_POINT('',(-0.544520674509,-2.092204726451));
#8382 = CARTESIAN_POINT('',(-0.617479779617,-1.659743104812));
#8383 = CARTESIAN_POINT('',(-0.673717942212,-1.349019667628));
#8384 = CARTESIAN_POINT('',(-0.730943437011,-1.05900780641));
#8385 = CARTESIAN_POINT('',(-0.789352899012,-0.793454165766));
#8386 = CARTESIAN_POINT('',(-0.849091782479,-0.557316284761));
#8387 = CARTESIAN_POINT('',(-0.910285833065,-0.357134193495));
#8388 = CARTESIAN_POINT('',(-0.973017817486,-0.200716731005));
#8389 = CARTESIAN_POINT('',(-1.046882404927,-8.384147384093E-02));
#8390 = CARTESIAN_POINT('',(-1.056366882664,-7.006554163909E-02));
#8391 = CARTESIAN_POINT('',(-1.065881619322,-5.750529342914E-02));
#8392 = CARTESIAN_POINT('',(-1.075425728252,-4.619496604594E-02));
#8393 = CARTESIAN_POINT('',(-1.084998127096,-3.616943226623E-02));
#8394 = CARTESIAN_POINT('',(-1.094597523957,-2.7464007803E-02));
#8395 = CARTESIAN_POINT('',(-1.104222403574,-2.011425829991E-02));
#8396 = CARTESIAN_POINT('',(-1.118788407901,-1.111909340157E-02));
#8397 = CARTESIAN_POINT('',(-1.122730876282,-8.779781653657E-03));
#8398 = CARTESIAN_POINT('',(-1.126664851597,-6.847219408291E-03));
#8399 = CARTESIAN_POINT('',(-1.131099116453,-5.141810279844E-03));
#8400 = CARTESIAN_POINT('',(-1.136084803104,-3.59501317068E-03));
#8401 = CARTESIAN_POINT('',(-1.141215393454,-2.249342271161E-03));
#8402 = CARTESIAN_POINT('',(-1.145626719049,-1.258367059645E-03));
#8403 = CARTESIAN_POINT('',(-1.149342405093,-6.757462243909E-04));
#8404 = CARTESIAN_POINT('',(-1.150770747483,-4.888199369455E-04));
#8405 = CARTESIAN_POINT('',(-1.152195947717,-3.289710899349E-04));
#8406 = CARTESIAN_POINT('',(-1.153575052159,-1.986343873742E-04));
#8407 = CARTESIAN_POINT('',(-1.15490819407,-9.964158750897E-05));
#8408 = CARTESIAN_POINT('',(-1.156238593611,-3.322150281537E-05));
#8409 = CARTESIAN_POINT('',(-1.157652557844,0.));
#8410 = CARTESIAN_POINT('',(-1.159279480727,0.));
#8411 = ( GEOMETRIC_REPRESENTATION_CONTEXT(2) 
PARAMETRIC_REPRESENTATION_CONTEXT() REPRESENTATION_CONTEXT('2D SPACE',''
  ) );
#8412 = PCURVE('',#7616,#8413);
#8413 = DEFINITIONAL_REPRESENTATION('',(#8414),#8480);
#8414 = B_SPLINE_CURVE_WITH_KNOTS('',8,(#8415,#8416,#8417,#8418,#8419,
    #8420,#8421,#8422,#8423,#8424,#8425,#8426,#8427,#8428,#8429,#8430,
    #8431,#8432,#8433,#8434,#8435,#8436,#8437,#8438,#8439,#8440,#8441,
    #8442,#8443,#8444,#8445,#8446,#8447,#8448,#8449,#8450,#8451,#8452,
    #8453,#8454,#8455,#8456,#8457,#8458,#8459,#8460,#8461,#8462,#8463,
    #8464,#8465,#8466,#8467,#8468,#8469,#8470,#8471,#8472,#8473,#8474,
    #8475,#8476,#8477,#8478,#8479),.UNSPECIFIED.,.F.,.F.,(9,7,7,7,7,7,7,
    7,7,9),(0.,1.394761881163E-02,9.472964455146E-02,0.256345152973,
    0.405738939086,0.524086820008,0.9005919781,0.955851060327,
    0.98401373914,1.),.UNSPECIFIED.);
#8415 = CARTESIAN_POINT('',(0.,5.490116070582E-07));
#8416 = CARTESIAN_POINT('',(2.465597222283E-03,1.909842713691E-02));
#8417 = CARTESIAN_POINT('',(4.937794662878E-03,3.824784800676E-02));
#8418 = CARTESIAN_POINT('',(7.419088482714E-03,5.746780152927E-02));
#8419 = CARTESIAN_POINT('',(9.909939849353E-03,7.676157760862E-02));
#8420 = CARTESIAN_POINT('',(1.240877493699E-02,9.611676614509E-02));
#8421 = CARTESIAN_POINT('',(1.491198492645E-02,0.115505257035));
#8422 = CARTESIAN_POINT('',(1.741392600518E-02,0.134883240171));
#8423 = CARTESIAN_POINT('',(3.434587534008E-02,0.266019365395));
#8424 = CARTESIAN_POINT('',(4.831523617826E-02,0.374184844631));
#8425 = CARTESIAN_POINT('',(6.209447476425E-02,0.480830230359));
#8426 = CARTESIAN_POINT('',(7.587721995354E-02,0.587436870476));
#8427 = CARTESIAN_POINT('',(8.977260885437E-02,0.694827238061));
#8428 = CARTESIAN_POINT('',(0.103805579966,0.803166267133));
#8429 = CARTESIAN_POINT('',(0.117916107176,0.911961659662));
#8430 = CARTESIAN_POINT('',(0.16004885357,1.236335031215));
#8431 = CARTESIAN_POINT('',(0.18839384038,1.453915495916));
#8432 = CARTESIAN_POINT('',(0.216871039337,1.671669680886));
#8433 = CARTESIAN_POINT('',(0.245406380708,1.888827897715));
#8434 = CARTESIAN_POINT('',(0.273970941826,2.104979796088));
#8435 = CARTESIAN_POINT('',(0.302581509529,2.32007084893));
#8436 = CARTESIAN_POINT('',(0.331303783952,2.534401173226));
#8437 = CARTESIAN_POINT('',(0.387023064617,2.946651992547));
#8438 = CARTESIAN_POINT('',(0.411545365288,3.126527720451));
#8439 = CARTESIAN_POINT('',(0.435146589411,3.298343575835));
#8440 = CARTESIAN_POINT('',(0.458770106341,3.469003903812));
#8441 = CARTESIAN_POINT('',(0.482971685267,3.642353105823));
#8442 = CARTESIAN_POINT('',(0.507915380632,3.81921203581));
#8443 = CARTESIAN_POINT('',(0.533351542399,3.997460836998));
#8444 = CARTESIAN_POINT('',(0.578532160262,4.310409483871));
#8445 = CARTESIAN_POINT('',(0.600195410147,4.459167684532));
#8446 = CARTESIAN_POINT('',(0.622421204089,4.610092829232));
#8447 = CARTESIAN_POINT('',(0.644495182631,4.75811670558));
#8448 = CARTESIAN_POINT('',(0.666110399889,4.901325747427));
#8449 = CARTESIAN_POINT('',(0.687420752952,5.040858003058));
#8450 = CARTESIAN_POINT('',(0.709060723851,5.180885111903));
#8451 = CARTESIAN_POINT('',(0.8059801542,5.798270421704));
#8452 = CARTESIAN_POINT('',(0.881203699726,6.255396203691));
#8453 = CARTESIAN_POINT('',(0.95837336363,6.699049816938));
#8454 = CARTESIAN_POINT('',(1.03791263134,7.127181828292));
#8455 = CARTESIAN_POINT('',(1.12022137461,7.536730399207));
#8456 = CARTESIAN_POINT('',(1.205774678763,7.923729218547));
#8457 = CARTESIAN_POINT('',(1.295082957643,8.2835092749));
#8458 = CARTESIAN_POINT('',(1.402865748112,8.659063367363));
#8459 = CARTESIAN_POINT('',(1.416753482208,8.706406360034));
#8460 = CARTESIAN_POINT('',(1.430735591429,8.753007094022));
#8461 = CARTESIAN_POINT('',(1.444813082703,8.798844726077));
#8462 = CARTESIAN_POINT('',(1.458986795181,8.843897904643));
#8463 = CARTESIAN_POINT('',(1.473257381076,8.888144914279));
#8464 = CARTESIAN_POINT('',(1.487625286504,8.931563820083));
#8465 = CARTESIAN_POINT('',(1.509463017362,8.995827710347));
#8466 = CARTESIAN_POINT('',(1.515377573781,9.013154729927));
#8467 = CARTESIAN_POINT('',(1.521297369014,9.030173522353));
#8468 = CARTESIAN_POINT('',(1.527991444144,9.0490396542));
#8469 = CARTESIAN_POINT('',(1.535534913912,9.070004407116));
#8470 = CARTESIAN_POINT('',(1.543308966722,9.091414777824));
#8471 = CARTESIAN_POINT('',(1.550000864633,9.109713478122));
#8472 = CARTESIAN_POINT('',(1.555649194704,9.124959492413));
#8473 = CARTESIAN_POINT('',(1.557822195744,9.130795737722));
#8474 = CARTESIAN_POINT('',(1.559991664205,9.136601534942));
#8475 = CARTESIAN_POINT('',(1.562092106217,9.142203496002));
#8476 = CARTESIAN_POINT('',(1.564123816322,9.147600980622));
#8477 = CARTESIAN_POINT('',(1.566152877475,9.152966096313));
#8478 = CARTESIAN_POINT('',(1.56831116104,9.158643698378));
#8479 = CARTESIAN_POINT('',(1.570796326795,9.165151389912));
#8480 = ( GEOMETRIC_REPRESENTATION_CONTEXT(2) 
PARAMETRIC_REPRESENTATION_CONTEXT() REPRESENTATION_CONTEXT('2D SPACE',''
  ) );
#8481 = ADVANCED_FACE('',(#8482),#7616,.T.);
#8482 = FACE_BOUND('',#8483,.T.);
#8483 = EDGE_LOOP('',(#8484,#8485,#8486,#8487));
#8484 = ORIENTED_EDGE('',*,*,#8275,.T.);
#8485 = ORIENTED_EDGE('',*,*,#8075,.T.);
#8486 = ORIENTED_EDGE('',*,*,#7800,.F.);
#8487 = ORIENTED_EDGE('',*,*,#7600,.F.);
#8488 = ( GEOMETRIC_REPRESENTATION_CONTEXT(3) 
GLOBAL_UNCERTAINTY_ASSIGNED_CONTEXT((#8492)) 
GLOBAL_UNIT_ASSIGNED_CONTEXT((#8489,#8490,#8491)) REPRESENTATION_CONTEXT
('Context #1','3D Context with UNIT and UNCERTAINTY') );
#8489 = ( LENGTH_UNIT() NAMED_UNIT(*) SI_UNIT(.MILLI.,.METRE.) );
#8490 = ( NAMED_UNIT(*) PLANE_ANGLE_UNIT() SI_UNIT($,.RADIAN.) );
#8491 = ( NAMED_UNIT(*) SI_UNIT($,.STERADIAN.) SOLID_ANGLE_UNIT() );
#8492 = UNCERTAINTY_MEASURE_WITH_UNIT(LENGTH_MEASURE(1.E-03),#8489,
  'distance_accuracy_value','confusion accuracy');
#8493 = PRODUCT_RELATED_PRODUCT_CATEGORY('part',$,(#7));
ENDSEC;
END-ISO-10303-21;
