ISO-10303-21;
HEADER;
FILE_DESCRIPTION(('Open CASCADE Model'),'2;1');
FILE_NAME('Open CASCADE Shape Model','2026-05-22T12:59:53',('Author'),(
    'Open CASCADE'),'Open CASCADE STEP processor 7.8','build123d',
  'Unknown');
FILE_SCHEMA(('AUTOMOTIVE_DESIGN { 1 0 10303 214 1 1 1 1 }'));
ENDSEC;
DATA;
#1 = APPLICATION_PROTOCOL_DEFINITION('international standard',
  'automotive_design',2000,#2);
#2 = APPLICATION_CONTEXT(
  'core data for automotive mechanical design processes');
#3 = SHAPE_DEFINITION_REPRESENTATION(#4,#10);
#4 = PRODUCT_DEFINITION_SHAPE('','',#5);
#5 = PRODUCT_DEFINITION('design','',#6,#9);
#6 = PRODUCT_DEFINITION_FORMATION('','',#7);
#7 = PRODUCT('COMPOUND','COMPOUND','',(#8));
#8 = PRODUCT_CONTEXT('',#2,'mechanical');
#9 = PRODUCT_DEFINITION_CONTEXT('part definition',#2,'design');
#10 = SHAPE_REPRESENTATION('',(#11,#15,#3782,#8844),#9720);
#11 = AXIS2_PLACEMENT_3D('',#12,#13,#14);
#12 = CARTESIAN_POINT('',(0.,0.,0.));
#13 = DIRECTION('',(0.,0.,1.));
#14 = DIRECTION('',(1.,0.,-0.));
#15 = MANIFOLD_SOLID_BREP('',#16);
#16 = CLOSED_SHELL('',(#17,#173,#850,#1014,#1178,#1273,#1327,#1549,#1597
    ,#1654,#1707,#1905,#1945,#1985,#2061,#2110,#2163,#2217,#2376,#2931,
    #3095,#3127,#3177,#3203,#3345,#3408,#3456,#3505,#3532,#3618,#3645,
    #3672,#3710,#3743,#3749,#3755));
#17 = ADVANCED_FACE('',(#18,#142),#33,.T.);
#18 = FACE_BOUND('',#19,.T.);
#19 = EDGE_LOOP('',(#20,#60,#88,#116));
#20 = ORIENTED_EDGE('',*,*,#21,.F.);
#21 = EDGE_CURVE('',#22,#24,#26,.T.);
#22 = VERTEX_POINT('',#23);
#23 = CARTESIAN_POINT('',(19.148984791137,50.,20.000000000001));
#24 = VERTEX_POINT('',#25);
#25 = CARTESIAN_POINT('',(19.148984791137,50.,-20.));
#26 = SURFACE_CURVE('',#27,(#32,#48),.PCURVE_S1.);
#27 = CIRCLE('',#28,67.5);
#28 = AXIS2_PLACEMENT_3D('',#29,#30,#31);
#29 = CARTESIAN_POINT('',(-45.32,50.,0.));
#30 = DIRECTION('',(0.,-1.,0.));
#31 = DIRECTION('',(1.,0.,0.));
#32 = PCURVE('',#33,#38);
#33 = PLANE('',#34);
#34 = AXIS2_PLACEMENT_3D('',#35,#36,#37);
#35 = CARTESIAN_POINT('',(0.,50.,0.));
#36 = DIRECTION('',(0.,1.,0.));
#37 = DIRECTION('',(0.,-0.,1.));
#38 = DEFINITIONAL_REPRESENTATION('',(#39),#47);
#39 = ( BOUNDED_CURVE() B_SPLINE_CURVE(2,(#40,#41,#42,#43,#44,#45,#46),
.UNSPECIFIED.,.T.,.F.) B_SPLINE_CURVE_WITH_KNOTS((1,2,2,2,2,1),(
    -2.094395102393,0.,2.094395102393,4.188790204786,6.28318530718,
8.377580409573),.UNSPECIFIED.) CURVE() GEOMETRIC_REPRESENTATION_ITEM() 
RATIONAL_B_SPLINE_CURVE((1.,0.5,1.,0.5,1.,0.5,1.)) REPRESENTATION_ITEM(
  '') );
#40 = CARTESIAN_POINT('',(0.,22.18));
#41 = CARTESIAN_POINT('',(116.91342951089,22.18));
#42 = CARTESIAN_POINT('',(58.45671475545,-79.07));
#43 = CARTESIAN_POINT('',(1.653273178849E-14,-180.32));
#44 = CARTESIAN_POINT('',(-58.45671475545,-79.07));
#45 = CARTESIAN_POINT('',(-116.9134295108,22.18));
#46 = CARTESIAN_POINT('',(0.,22.18));
#47 = ( GEOMETRIC_REPRESENTATION_CONTEXT(2) 
PARAMETRIC_REPRESENTATION_CONTEXT() REPRESENTATION_CONTEXT('2D SPACE',''
  ) );
#48 = PCURVE('',#49,#54);
#49 = CYLINDRICAL_SURFACE('',#50,67.5);
#50 = AXIS2_PLACEMENT_3D('',#51,#52,#53);
#51 = CARTESIAN_POINT('',(-45.32,50.,0.));
#52 = DIRECTION('',(-0.,1.,-0.));
#53 = DIRECTION('',(1.,0.,0.));
#54 = DEFINITIONAL_REPRESENTATION('',(#55),#59);
#55 = LINE('',#56,#57);
#56 = CARTESIAN_POINT('',(-0.,0.));
#57 = VECTOR('',#58,1.);
#58 = DIRECTION('',(-1.,0.));
#59 = ( GEOMETRIC_REPRESENTATION_CONTEXT(2) 
PARAMETRIC_REPRESENTATION_CONTEXT() REPRESENTATION_CONTEXT('2D SPACE',''
  ) );
#60 = ORIENTED_EDGE('',*,*,#61,.T.);
#61 = EDGE_CURVE('',#22,#62,#64,.T.);
#62 = VERTEX_POINT('',#63);
#63 = CARTESIAN_POINT('',(454.75,50.,20.));
#64 = SURFACE_CURVE('',#65,(#69,#76),.PCURVE_S1.);
#65 = LINE('',#66,#67);
#66 = CARTESIAN_POINT('',(0.,50.,20.));
#67 = VECTOR('',#68,1.);
#68 = DIRECTION('',(1.,0.,-0.));
#69 = PCURVE('',#33,#70);
#70 = DEFINITIONAL_REPRESENTATION('',(#71),#75);
#71 = LINE('',#72,#73);
#72 = CARTESIAN_POINT('',(20.,0.));
#73 = VECTOR('',#74,1.);
#74 = DIRECTION('',(0.,1.));
#75 = ( GEOMETRIC_REPRESENTATION_CONTEXT(2) 
PARAMETRIC_REPRESENTATION_CONTEXT() REPRESENTATION_CONTEXT('2D SPACE',''
  ) );
#76 = PCURVE('',#77,#82);
#77 = CYLINDRICAL_SURFACE('',#78,30.);
#78 = AXIS2_PLACEMENT_3D('',#79,#80,#81);
#79 = CARTESIAN_POINT('',(0.,20.,20.));
#80 = DIRECTION('',(1.,0.,-0.));
#81 = DIRECTION('',(0.,0.,1.));
#82 = DEFINITIONAL_REPRESENTATION('',(#83),#87);
#83 = LINE('',#84,#85);
#84 = CARTESIAN_POINT('',(-1.570796326795,0.));
#85 = VECTOR('',#86,1.);
#86 = DIRECTION('',(-0.,1.));
#87 = ( GEOMETRIC_REPRESENTATION_CONTEXT(2) 
PARAMETRIC_REPRESENTATION_CONTEXT() REPRESENTATION_CONTEXT('2D SPACE',''
  ) );
#88 = ORIENTED_EDGE('',*,*,#89,.F.);
#89 = EDGE_CURVE('',#90,#62,#92,.T.);
#90 = VERTEX_POINT('',#91);
#91 = CARTESIAN_POINT('',(454.75,50.,-20.));
#92 = SURFACE_CURVE('',#93,(#97,#104),.PCURVE_S1.);
#93 = LINE('',#94,#95);
#94 = CARTESIAN_POINT('',(454.75,50.,-20.));
#95 = VECTOR('',#96,1.);
#96 = DIRECTION('',(1.224646799147E-16,-0.,1.));
#97 = PCURVE('',#33,#98);
#98 = DEFINITIONAL_REPRESENTATION('',(#99),#103);
#99 = LINE('',#100,#101);
#100 = CARTESIAN_POINT('',(-20.,454.75));
#101 = VECTOR('',#102,1.);
#102 = DIRECTION('',(1.,1.224646799147E-16));
#103 = ( GEOMETRIC_REPRESENTATION_CONTEXT(2) 
PARAMETRIC_REPRESENTATION_CONTEXT() REPRESENTATION_CONTEXT('2D SPACE',''
  ) );
#104 = PCURVE('',#105,#110);
#105 = CYLINDRICAL_SURFACE('',#106,49.9);
#106 = AXIS2_PLACEMENT_3D('',#107,#108,#109);
#107 = CARTESIAN_POINT('',(454.75,0.1,-20.));
#108 = DIRECTION('',(1.224646799147E-16,-0.,1.));
#109 = DIRECTION('',(0.,1.,0.));
#110 = DEFINITIONAL_REPRESENTATION('',(#111),#115);
#111 = LINE('',#112,#113);
#112 = CARTESIAN_POINT('',(-0.,0.));
#113 = VECTOR('',#114,1.);
#114 = DIRECTION('',(-0.,1.));
#115 = ( GEOMETRIC_REPRESENTATION_CONTEXT(2) 
PARAMETRIC_REPRESENTATION_CONTEXT() REPRESENTATION_CONTEXT('2D SPACE',''
  ) );
#116 = ORIENTED_EDGE('',*,*,#117,.F.);
#117 = EDGE_CURVE('',#24,#90,#118,.T.);
#118 = SURFACE_CURVE('',#119,(#123,#130),.PCURVE_S1.);
#119 = LINE('',#120,#121);
#120 = CARTESIAN_POINT('',(0.,50.,-20.));
#121 = VECTOR('',#122,1.);
#122 = DIRECTION('',(1.,-0.,0.));
#123 = PCURVE('',#33,#124);
#124 = DEFINITIONAL_REPRESENTATION('',(#125),#129);
#125 = LINE('',#126,#127);
#126 = CARTESIAN_POINT('',(-20.,0.));
#127 = VECTOR('',#128,1.);
#128 = DIRECTION('',(0.,1.));
#129 = ( GEOMETRIC_REPRESENTATION_CONTEXT(2) 
PARAMETRIC_REPRESENTATION_CONTEXT() REPRESENTATION_CONTEXT('2D SPACE',''
  ) );
#130 = PCURVE('',#131,#136);
#131 = CYLINDRICAL_SURFACE('',#132,30.);
#132 = AXIS2_PLACEMENT_3D('',#133,#134,#135);
#133 = CARTESIAN_POINT('',(0.,20.,-20.));
#134 = DIRECTION('',(1.,-0.,0.));
#135 = DIRECTION('',(0.,0.,-1.));
#136 = DEFINITIONAL_REPRESENTATION('',(#137),#141);
#137 = LINE('',#138,#139);
#138 = CARTESIAN_POINT('',(1.570796326795,0.));
#139 = VECTOR('',#140,1.);
#140 = DIRECTION('',(0.,1.));
#141 = ( GEOMETRIC_REPRESENTATION_CONTEXT(2) 
PARAMETRIC_REPRESENTATION_CONTEXT() REPRESENTATION_CONTEXT('2D SPACE',''
  ) );
#142 = FACE_BOUND('',#143,.T.);
#143 = EDGE_LOOP('',(#144));
#144 = ORIENTED_EDGE('',*,*,#145,.F.);
#145 = EDGE_CURVE('',#146,#146,#148,.T.);
#146 = VERTEX_POINT('',#147);
#147 = CARTESIAN_POINT('',(-30.345,50.,0.));
#148 = SURFACE_CURVE('',#149,(#154,#161),.PCURVE_S1.);
#149 = CIRCLE('',#150,14.975);
#150 = AXIS2_PLACEMENT_3D('',#151,#152,#153);
#151 = CARTESIAN_POINT('',(-45.32,50.,0.));
#152 = DIRECTION('',(-0.,1.,0.));
#153 = DIRECTION('',(1.,0.,0.));
#154 = PCURVE('',#33,#155);
#155 = DEFINITIONAL_REPRESENTATION('',(#156),#160);
#156 = CIRCLE('',#157,14.975);
#157 = AXIS2_PLACEMENT_2D('',#158,#159);
#158 = CARTESIAN_POINT('',(0.,-45.32));
#159 = DIRECTION('',(0.,1.));
#160 = ( GEOMETRIC_REPRESENTATION_CONTEXT(2) 
PARAMETRIC_REPRESENTATION_CONTEXT() REPRESENTATION_CONTEXT('2D SPACE',''
  ) );
#161 = PCURVE('',#162,#167);
#162 = CYLINDRICAL_SURFACE('',#163,14.975);
#163 = AXIS2_PLACEMENT_3D('',#164,#165,#166);
#164 = CARTESIAN_POINT('',(-45.32,-50.,0.));
#165 = DIRECTION('',(0.,-1.,-0.));
#166 = DIRECTION('',(1.,0.,0.));
#167 = DEFINITIONAL_REPRESENTATION('',(#168),#172);
#168 = LINE('',#169,#170);
#169 = CARTESIAN_POINT('',(-0.,-100.));
#170 = VECTOR('',#171,1.);
#171 = DIRECTION('',(-1.,0.));
#172 = ( GEOMETRIC_REPRESENTATION_CONTEXT(2) 
PARAMETRIC_REPRESENTATION_CONTEXT() REPRESENTATION_CONTEXT('2D SPACE',''
  ) );
#173 = ADVANCED_FACE('',(#174),#49,.T.);
#174 = FACE_BOUND('',#175,.F.);
#175 = EDGE_LOOP('',(#176,#177,#341,#367,#536,#565,#698,#724));
#176 = ORIENTED_EDGE('',*,*,#21,.F.);
#177 = ORIENTED_EDGE('',*,*,#178,.T.);
#178 = EDGE_CURVE('',#22,#179,#181,.T.);
#179 = VERTEX_POINT('',#180);
#180 = CARTESIAN_POINT('',(2.589286804263E-02,20.,50.));
#181 = SURFACE_CURVE('',#182,(#233,#287),.PCURVE_S1.);
#182 = B_SPLINE_CURVE_WITH_KNOTS('',7,(#183,#184,#185,#186,#187,#188,
    #189,#190,#191,#192,#193,#194,#195,#196,#197,#198,#199,#200,#201,
    #202,#203,#204,#205,#206,#207,#208,#209,#210,#211,#212,#213,#214,
    #215,#216,#217,#218,#219,#220,#221,#222,#223,#224,#225,#226,#227,
    #228,#229,#230,#231,#232),.UNSPECIFIED.,.F.,.F.,(8,6,6,6,6,6,6,6,8),
  (0.,0.161003910512,0.260119609046,0.332297421656,0.515639841754,
    0.784062711821,0.997343171688,0.997825792745,1.),.UNSPECIFIED.);
#183 = CARTESIAN_POINT('',(19.148984791138,50.,20.));
#184 = CARTESIAN_POINT('',(18.728965697612,50.,21.353910227625));
#185 = CARTESIAN_POINT('',(18.27962425778,49.928713985119,
    22.685119188461));
#186 = CARTESIAN_POINT('',(17.803672273094,49.790444053819,
    23.988754557435));
#187 = CARTESIAN_POINT('',(17.30440843503,49.589859199172,
    25.260323529034));
#188 = CARTESIAN_POINT('',(16.785651477122,49.332015691001,
    26.495725231615));
#189 = CARTESIAN_POINT('',(16.251657107686,49.022385706025,
    27.691254246153));
#190 = CARTESIAN_POINT('',(15.371733612707,48.448049904431,
    29.552988443154));
#191 = CARTESIAN_POINT('',(15.031947910356,48.211520830562,
    30.247001881708));
#192 = CARTESIAN_POINT('',(14.688316967001,47.958342868322,
    30.925618144269));
#193 = CARTESIAN_POINT('',(14.34147798853,47.689479942369,
    31.588857942713));
#194 = CARTESIAN_POINT('',(13.992046667243,47.405825759516,
    32.236777890066));
#195 = CARTESIAN_POINT('',(13.64061381323,47.108205550157,32.86946828898
    ));
#196 = CARTESIAN_POINT('',(13.03077445167,46.571027526776,
    33.936785564549));
#197 = CARTESIAN_POINT('',(12.773021789881,46.337653861997,
    34.378546979409));
#198 = CARTESIAN_POINT('',(12.514681002302,46.097529189101,
    34.812415195169));
#199 = CARTESIAN_POINT('',(12.255941972127,45.850904978282,
    35.238473224526));
#200 = CARTESIAN_POINT('',(11.996987463813,45.598011796193,
    35.656807062503));
#201 = CARTESIAN_POINT('',(11.737993123079,45.339059305943,
    36.06750568644));
#202 = CARTESIAN_POINT('',(10.82157008729,44.401546210654,
    37.494735885329));
#203 = CARTESIAN_POINT('',(10.164763356071,43.690896217181,
    38.470261866249));
#204 = CARTESIAN_POINT('',(9.511529941191,42.945425280219,
    39.398626779733));
#205 = CARTESIAN_POINT('',(8.864489999283,42.167519706752,
    40.281205286007));
#206 = CARTESIAN_POINT('',(8.22616032089,41.358920124549,41.11924131117)
  );
#207 = CARTESIAN_POINT('',(7.59907592236,40.520820465915,41.913749252319
    ));
#208 = CARTESIAN_POINT('',(6.088262463792,38.384828402176,
    43.765939697415));
#209 = CARTESIAN_POINT('',(5.219643156115,37.052871491081,
    44.775676632754));
#210 = CARTESIAN_POINT('',(4.389887754579,35.661964965566,45.69501650223
    ));
#211 = CARTESIAN_POINT('',(3.609670873178,34.214870964767,46.52331149125
    ));
#212 = CARTESIAN_POINT('',(2.890838306658,32.713606878363,
    47.258821621176));
#213 = CARTESIAN_POINT('',(2.246496188781,31.15959884814,47.898627485774
    ));
#214 = CARTESIAN_POINT('',(1.248919250663,28.277654565005,
    48.866804794364));
#215 = CARTESIAN_POINT('',(0.862354268782,26.966776045777,
    49.232853417298));
#216 = CARTESIAN_POINT('',(0.540650099953,25.628204946001,49.53126204922
    ));
#217 = CARTESIAN_POINT('',(0.291692491894,24.268540165756,
    49.758857676121));
#218 = CARTESIAN_POINT('',(0.121158007627,22.893778173699,
    49.913599019642));
#219 = CARTESIAN_POINT('',(3.234032510618E-02,21.509469840217,
    49.994152624073));
#220 = CARTESIAN_POINT('',(2.614825195735E-02,20.117926341932,
    49.999768386582));
#221 = CARTESIAN_POINT('',(2.613469511381E-02,20.11478459847,
    49.99978068165));
#222 = CARTESIAN_POINT('',(2.612156150829E-02,20.111642852448,
    49.999792592865));
#223 = CARTESIAN_POINT('',(2.610885114266E-02,20.10850110396,
    49.999804120225));
#224 = CARTESIAN_POINT('',(2.609656401871E-02,20.105359353105,
    49.99981526373));
#225 = CARTESIAN_POINT('',(2.608470013815E-02,20.102217599978,
    49.999826023379));
#226 = CARTESIAN_POINT('',(2.602171945368E-02,20.084922240987,
    49.9998831421));
#227 = CARTESIAN_POINT('',(2.59787691676E-02,20.070768593034,
    49.999922094651));
#228 = CARTESIAN_POINT('',(2.594440879144E-02,20.056614909824,
    49.999953256758));
#229 = CARTESIAN_POINT('',(2.591863843557E-02,20.042461200234,
    49.99997662837));
#230 = CARTESIAN_POINT('',(2.590145817366E-02,20.028307473009,
    49.999992209457));
#231 = CARTESIAN_POINT('',(2.589286804262E-02,20.014153736768,50.));
#232 = CARTESIAN_POINT('',(2.589286804262E-02,20.,50.));
#233 = PCURVE('',#49,#234);
#234 = DEFINITIONAL_REPRESENTATION('',(#235),#286);
#235 = B_SPLINE_CURVE_WITH_KNOTS('',7,(#236,#237,#238,#239,#240,#241,
    #242,#243,#244,#245,#246,#247,#248,#249,#250,#251,#252,#253,#254,
    #255,#256,#257,#258,#259,#260,#261,#262,#263,#264,#265,#266,#267,
    #268,#269,#270,#271,#272,#273,#274,#275,#276,#277,#278,#279,#280,
    #281,#282,#283,#284,#285),.UNSPECIFIED.,.F.,.F.,(8,6,6,6,6,6,6,6,8),
  (0.,0.161003910512,0.260119609046,0.332297421656,0.515639841754,
    0.784062711821,0.997343171688,0.997825792745,1.),.UNSPECIFIED.);
#236 = CARTESIAN_POINT('',(-0.300812475257,7.105427357601E-15));
#237 = CARTESIAN_POINT('',(-0.321813429933,7.105427357601E-15));
#238 = CARTESIAN_POINT('',(-0.342621885055,-7.128601488059E-02));
#239 = CARTESIAN_POINT('',(-0.363172118489,-0.209555946181));
#240 = CARTESIAN_POINT('',(-0.383399972424,-0.410140800828));
#241 = CARTESIAN_POINT('',(-0.403242120522,-0.667984308999));
#242 = CARTESIAN_POINT('',(-0.422635677255,-0.977614293975));
#243 = CARTESIAN_POINT('',(-0.453142397655,-1.551950095569));
#244 = CARTESIAN_POINT('',(-0.464589137935,-1.788479169438));
#245 = CARTESIAN_POINT('',(-0.475856555638,-2.041657131678));
#246 = CARTESIAN_POINT('',(-0.486943105083,-2.310520057631));
#247 = CARTESIAN_POINT('',(-0.497847522905,-2.594174240484));
#248 = CARTESIAN_POINT('',(-0.508568841424,-2.891794449843));
#249 = CARTESIAN_POINT('',(-0.526780040822,-3.428972473224));
#250 = CARTESIAN_POINT('',(-0.534356892078,-3.662346138003));
#251 = CARTESIAN_POINT('',(-0.541837268473,-3.902470810899));
#252 = CARTESIAN_POINT('',(-0.549221498255,-4.149095021718));
#253 = CARTESIAN_POINT('',(-0.556509925213,-4.401988203807));
#254 = CARTESIAN_POINT('',(-0.563702908675,-4.660940694057));
#255 = CARTESIAN_POINT('',(-0.588830586904,-5.598453789346));
#256 = CARTESIAN_POINT('',(-0.606249121701,-6.309103782819));
#257 = CARTESIAN_POINT('',(-0.623060708562,-7.054574719781));
#258 = CARTESIAN_POINT('',(-0.639268159051,-7.832480293248));
#259 = CARTESIAN_POINT('',(-0.654871113602,-8.641079875451));
#260 = CARTESIAN_POINT('',(-0.669864212397,-9.479179534085));
#261 = CARTESIAN_POINT('',(-0.705274925869,-11.61517159782));
#262 = CARTESIAN_POINT('',(-0.725000633289,-12.94712850891));
#263 = CARTESIAN_POINT('',(-0.743339862146,-14.33803503443));
#264 = CARTESIAN_POINT('',(-0.760191882824,-15.78512903523));
#265 = CARTESIAN_POINT('',(-0.775425232399,-17.28639312163));
#266 = CARTESIAN_POINT('',(-0.78887673076,-18.84040115186));
#267 = CARTESIAN_POINT('',(-0.809471598998,-21.72234543499));
#268 = CARTESIAN_POINT('',(-0.817358039654,-23.03322395422));
#269 = CARTESIAN_POINT('',(-0.823858336003,-24.37179505399));
#270 = CARTESIAN_POINT('',(-0.82885547089,-25.73145983424));
#271 = CARTESIAN_POINT('',(-0.832266999988,-27.1062218263));
#272 = CARTESIAN_POINT('',(-0.834043375018,-28.49053015978));
#273 = CARTESIAN_POINT('',(-0.834167217086,-29.88207365806));
#274 = CARTESIAN_POINT('',(-0.834167488224,-29.88521540153));
#275 = CARTESIAN_POINT('',(-0.834167750897,-29.88835714755));
#276 = CARTESIAN_POINT('',(-0.834168005105,-29.89149889604));
#277 = CARTESIAN_POINT('',(-0.834168250849,-29.89464064689));
#278 = CARTESIAN_POINT('',(-0.834168488127,-29.89778240002));
#279 = CARTESIAN_POINT('',(-0.834169747745,-29.91507775901));
#280 = CARTESIAN_POINT('',(-0.834170606752,-29.92923140696));
#281 = CARTESIAN_POINT('',(-0.834171293961,-29.94338509017));
#282 = CARTESIAN_POINT('',(-0.834171809368,-29.95753879976));
#283 = CARTESIAN_POINT('',(-0.834172152973,-29.97169252699));
#284 = CARTESIAN_POINT('',(-0.834172324776,-29.98584626323));
#285 = CARTESIAN_POINT('',(-0.834172324776,-30.));
#286 = ( GEOMETRIC_REPRESENTATION_CONTEXT(2) 
PARAMETRIC_REPRESENTATION_CONTEXT() REPRESENTATION_CONTEXT('2D SPACE',''
  ) );
#287 = PCURVE('',#77,#288);
#288 = DEFINITIONAL_REPRESENTATION('',(#289),#340);
#289 = B_SPLINE_CURVE_WITH_KNOTS('',7,(#290,#291,#292,#293,#294,#295,
    #296,#297,#298,#299,#300,#301,#302,#303,#304,#305,#306,#307,#308,
    #309,#310,#311,#312,#313,#314,#315,#316,#317,#318,#319,#320,#321,
    #322,#323,#324,#325,#326,#327,#328,#329,#330,#331,#332,#333,#334,
    #335,#336,#337,#338,#339),.UNSPECIFIED.,.F.,.F.,(8,6,6,6,6,6,6,6,8),
  (0.,0.161003910512,0.260119609046,0.332297421656,0.515639841754,
    0.784062711821,0.997343171688,0.997825792745,1.),.UNSPECIFIED.);
#290 = CARTESIAN_POINT('',(-1.570796326795,19.148984791138));
#291 = CARTESIAN_POINT('',(-1.525665985874,18.728965697612));
#292 = CARTESIAN_POINT('',(-1.481292351818,18.27962425778));
#293 = CARTESIAN_POINT('',(-1.437687712524,17.803672273094));
#294 = CARTESIAN_POINT('',(-1.394874319398,17.30440843503));
#295 = CARTESIAN_POINT('',(-1.352884467982,16.785651477122));
#296 = CARTESIAN_POINT('',(-1.311761858494,16.251657107686));
#297 = CARTESIAN_POINT('',(-1.246818157805,15.371733612707));
#298 = CARTESIAN_POINT('',(-1.222388177894,15.031947910356));
#299 = CARTESIAN_POINT('',(-1.198260299411,14.688316967001));
#300 = CARTESIAN_POINT('',(-1.174421400327,14.34147798853));
#301 = CARTESIAN_POINT('',(-1.150858937659,13.992046667243));
#302 = CARTESIAN_POINT('',(-1.127560651397,13.64061381323));
#303 = CARTESIAN_POINT('',(-1.087731482918,13.03077445167));
#304 = CARTESIAN_POINT('',(-1.071080812388,12.773021789881));
#305 = CARTESIAN_POINT('',(-1.054556324743,12.514681002302));
#306 = CARTESIAN_POINT('',(-1.038152118208,12.255941972127));
#307 = CARTESIAN_POINT('',(-1.021862321337,11.996987463813));
#308 = CARTESIAN_POINT('',(-1.005681093015,11.737993123079));
#309 = CARTESIAN_POINT('',(-0.948760906745,10.82157008729));
#310 = CARTESIAN_POINT('',(-0.908577073659,10.164763356071));
#311 = CARTESIAN_POINT('',(-0.8689586687,9.511529941191));
#312 = CARTESIAN_POINT('',(-0.829815835036,8.864489999283));
#313 = CARTESIAN_POINT('',(-0.791060052135,8.22616032089));
#314 = CARTESIAN_POINT('',(-0.752603246621,7.59907592236));
#315 = CARTESIAN_POINT('',(-0.658363177641,6.088262463792));
#316 = CARTESIAN_POINT('',(-0.602769060535,5.219643156115));
#317 = CARTESIAN_POINT('',(-0.547377656046,4.389887754579));
#318 = CARTESIAN_POINT('',(-0.492004472305,3.609670873178));
#319 = CARTESIAN_POINT('',(-0.436465953589,2.890838306658));
#320 = CARTESIAN_POINT('',(-0.380570858928,2.246496188781));
#321 = CARTESIAN_POINT('',(-0.279230014075,1.248919250663));
#322 = CARTESIAN_POINT('',(-0.233923353174,0.862354268782));
#323 = CARTESIAN_POINT('',(-0.188311877687,0.540650099953));
#324 = CARTESIAN_POINT('',(-0.142478003421,0.291692491894));
#325 = CARTESIAN_POINT('',(-9.647006904549E-02,0.121158007627));
#326 = CARTESIAN_POINT('',(-5.031604915986E-02,3.234032510618E-02));
#327 = CARTESIAN_POINT('',(-3.930888165718E-03,2.614825195735E-02));
#328 = CARTESIAN_POINT('',(-3.826162582512E-03,2.613469511381E-02));
#329 = CARTESIAN_POINT('',(-3.721436963698E-03,2.612156150829E-02));
#330 = CARTESIAN_POINT('',(-3.616711310617E-03,2.610885114266E-02));
#331 = CARTESIAN_POINT('',(-3.511985624611E-03,2.609656401871E-02));
#332 = CARTESIAN_POINT('',(-3.407259907023E-03,2.608470013815E-02));
#333 = CARTESIAN_POINT('',(-2.830744796693E-03,2.602171945368E-02));
#334 = CARTESIAN_POINT('',(-2.358954816376E-03,2.59787691676E-02));
#335 = CARTESIAN_POINT('',(-1.887164346907E-03,2.594440879144E-02));
#336 = CARTESIAN_POINT('',(-1.415373512645E-03,2.591863843557E-02));
#337 = CARTESIAN_POINT('',(-9.435824336346E-04,2.590145817366E-02));
#338 = CARTESIAN_POINT('',(-4.717912256112E-04,2.589286804262E-02));
#339 = CARTESIAN_POINT('',(0.,2.589286804262E-02));
#340 = ( GEOMETRIC_REPRESENTATION_CONTEXT(2) 
PARAMETRIC_REPRESENTATION_CONTEXT() REPRESENTATION_CONTEXT('2D SPACE',''
  ) );
#341 = ORIENTED_EDGE('',*,*,#342,.F.);
#342 = EDGE_CURVE('',#343,#179,#345,.T.);
#343 = VERTEX_POINT('',#344);
#344 = CARTESIAN_POINT('',(2.589286804263E-02,-20.,50.));
#345 = SURFACE_CURVE('',#346,(#350,#356),.PCURVE_S1.);
#346 = LINE('',#347,#348);
#347 = CARTESIAN_POINT('',(2.589286804263E-02,50.,50.));
#348 = VECTOR('',#349,1.);
#349 = DIRECTION('',(-0.,1.,-0.));
#350 = PCURVE('',#49,#351);
#351 = DEFINITIONAL_REPRESENTATION('',(#352),#355);
#352 = B_SPLINE_CURVE_WITH_KNOTS('',1,(#353,#354),.UNSPECIFIED.,.F.,.F.,
  (2,2),(-100.0000006,5.999999999062E-07),.PIECEWISE_BEZIER_KNOTS.);
#353 = CARTESIAN_POINT('',(-0.834172324776,-100.0000006));
#354 = CARTESIAN_POINT('',(-0.834172324776,5.999999999062E-07));
#355 = ( GEOMETRIC_REPRESENTATION_CONTEXT(2) 
PARAMETRIC_REPRESENTATION_CONTEXT() REPRESENTATION_CONTEXT('2D SPACE',''
  ) );
#356 = PCURVE('',#357,#362);
#357 = PLANE('',#358);
#358 = AXIS2_PLACEMENT_3D('',#359,#360,#361);
#359 = CARTESIAN_POINT('',(0.,0.,50.));
#360 = DIRECTION('',(-0.,0.,1.));
#361 = DIRECTION('',(0.,-1.,0.));
#362 = DEFINITIONAL_REPRESENTATION('',(#363),#366);
#363 = B_SPLINE_CURVE_WITH_KNOTS('',1,(#364,#365),.UNSPECIFIED.,.F.,.F.,
  (2,2),(-100.0000006,5.999999999062E-07),.PIECEWISE_BEZIER_KNOTS.);
#364 = CARTESIAN_POINT('',(50.0000006,2.589286804263E-02));
#365 = CARTESIAN_POINT('',(-50.0000006,2.589286804263E-02));
#366 = ( GEOMETRIC_REPRESENTATION_CONTEXT(2) 
PARAMETRIC_REPRESENTATION_CONTEXT() REPRESENTATION_CONTEXT('2D SPACE',''
  ) );
#367 = ORIENTED_EDGE('',*,*,#368,.F.);
#368 = EDGE_CURVE('',#369,#343,#371,.T.);
#369 = VERTEX_POINT('',#370);
#370 = CARTESIAN_POINT('',(19.148984791137,-50.,20.000000000001));
#371 = SURFACE_CURVE('',#372,(#423,#477),.PCURVE_S1.);
#372 = B_SPLINE_CURVE_WITH_KNOTS('',7,(#373,#374,#375,#376,#377,#378,
    #379,#380,#381,#382,#383,#384,#385,#386,#387,#388,#389,#390,#391,
    #392,#393,#394,#395,#396,#397,#398,#399,#400,#401,#402,#403,#404,
    #405,#406,#407,#408,#409,#410,#411,#412,#413,#414,#415,#416,#417,
    #418,#419,#420,#421,#422),.UNSPECIFIED.,.F.,.F.,(8,6,6,6,6,6,6,6,8),
  (0.,0.161003908913,0.260119606462,0.332297418912,0.515639839978,
    0.784062711478,0.997343171694,0.99782579275,1.),.UNSPECIFIED.);
#373 = CARTESIAN_POINT('',(19.148984791138,-50.,20.));
#374 = CARTESIAN_POINT('',(18.728965697612,-50.,21.353910227626));
#375 = CARTESIAN_POINT('',(18.279624257781,-49.92871398512,
    22.685119188459));
#376 = CARTESIAN_POINT('',(17.803672273093,-49.79044405381,
    23.988754557437));
#377 = CARTESIAN_POINT('',(17.304408435029,-49.58985919917,
    25.260323529035));
#378 = CARTESIAN_POINT('',(16.785651477124,-49.332015691,26.495725231612
    ));
#379 = CARTESIAN_POINT('',(16.251657107686,-49.02238570602,
    27.691254246153));
#380 = CARTESIAN_POINT('',(15.371733612707,-48.44804990443,
    29.552988443155));
#381 = CARTESIAN_POINT('',(15.031947910356,-48.21152083056,
    30.247001881707));
#382 = CARTESIAN_POINT('',(14.688316967001,-47.95834286832,
    30.925618144268));
#383 = CARTESIAN_POINT('',(14.34147798853,-47.68947994236,
    31.588857942713));
#384 = CARTESIAN_POINT('',(13.992046667244,-47.40582575951,
    32.236777890066));
#385 = CARTESIAN_POINT('',(13.64061381323,-47.10820555015,
    32.869468288979));
#386 = CARTESIAN_POINT('',(13.030774449692,-46.57102752503,
    33.936785568011));
#387 = CARTESIAN_POINT('',(12.773021789651,-46.33765386191,
    34.37854697998));
#388 = CARTESIAN_POINT('',(12.514681003872,-46.09752919065,
    34.812415192649));
#389 = CARTESIAN_POINT('',(12.255941973707,-45.85090497973,
    35.23847322184));
#390 = CARTESIAN_POINT('',(11.996987463607,-45.59801179585,
    35.656807062656));
#391 = CARTESIAN_POINT('',(11.737993121124,-45.33905930394,
    36.067505689486));
#392 = CARTESIAN_POINT('',(10.821570087317,-44.40154621068,
    37.494735885288));
#393 = CARTESIAN_POINT('',(10.164763356043,-43.69089621715,
    38.470261866295));
#394 = CARTESIAN_POINT('',(9.51152994117,-42.94542528018,39.398626779759
    ));
#395 = CARTESIAN_POINT('',(8.864489999308,-42.16751970677,40.28120528597
    ));
#396 = CARTESIAN_POINT('',(8.226160320917,-41.35892012459,
    41.119241311138));
#397 = CARTESIAN_POINT('',(7.599075922327,-40.52082046586,41.91374925236
    ));
#398 = CARTESIAN_POINT('',(6.088262463792,-38.38482840217,
    43.765939697415));
#399 = CARTESIAN_POINT('',(5.219643156116,-37.05287149108,44.77567663275
    ));
#400 = CARTESIAN_POINT('',(4.389887754573,-35.66196496555,
    45.695016502245));
#401 = CARTESIAN_POINT('',(3.609670873185,-34.21487096478,
    46.523311491234));
#402 = CARTESIAN_POINT('',(2.890838306657,-32.71360687836,47.25882162118
    ));
#403 = CARTESIAN_POINT('',(2.246496188779,-31.15959884813,
    47.898627485776));
#404 = CARTESIAN_POINT('',(1.248919252299,-28.27765456973,
    48.866804792777));
#405 = CARTESIAN_POINT('',(0.862354266094,-26.96677603425,
    49.232853419889));
#406 = CARTESIAN_POINT('',(0.540650100559,-25.62820495329,
    49.531262048647));
#407 = CARTESIAN_POINT('',(0.291692493679,-24.26854017264,
    49.758857674404));
#408 = CARTESIAN_POINT('',(0.121158006366,-22.89377816167,
    49.913599020849));
#409 = CARTESIAN_POINT('',(3.234032512968E-02,-21.50946984549,
    49.994152624052));
#410 = CARTESIAN_POINT('',(2.614825195735E-02,-20.11792634193,
    49.999768386582));
#411 = CARTESIAN_POINT('',(2.613469511381E-02,-20.11478459847,
    49.99978068165));
#412 = CARTESIAN_POINT('',(2.612156150829E-02,-20.11164285244,
    49.999792592865));
#413 = CARTESIAN_POINT('',(2.610885114266E-02,-20.10850110396,
    49.999804120225));
#414 = CARTESIAN_POINT('',(2.609656401871E-02,-20.1053593531,
    49.99981526373));
#415 = CARTESIAN_POINT('',(2.608470013815E-02,-20.10221759997,
    49.999826023379));
#416 = CARTESIAN_POINT('',(2.602171945368E-02,-20.08492224098,
    49.9998831421));
#417 = CARTESIAN_POINT('',(2.59787691676E-02,-20.07076859303,
    49.999922094651));
#418 = CARTESIAN_POINT('',(2.594440879144E-02,-20.05661490982,
    49.999953256758));
#419 = CARTESIAN_POINT('',(2.591863843557E-02,-20.04246120023,
    49.99997662837));
#420 = CARTESIAN_POINT('',(2.590145817366E-02,-20.028307473,
    49.999992209457));
#421 = CARTESIAN_POINT('',(2.589286804262E-02,-20.01415373676,50.));
#422 = CARTESIAN_POINT('',(2.589286804262E-02,-20.,50.));
#423 = PCURVE('',#49,#424);
#424 = DEFINITIONAL_REPRESENTATION('',(#425),#476);
#425 = B_SPLINE_CURVE_WITH_KNOTS('',7,(#426,#427,#428,#429,#430,#431,
    #432,#433,#434,#435,#436,#437,#438,#439,#440,#441,#442,#443,#444,
    #445,#446,#447,#448,#449,#450,#451,#452,#453,#454,#455,#456,#457,
    #458,#459,#460,#461,#462,#463,#464,#465,#466,#467,#468,#469,#470,
    #471,#472,#473,#474,#475),.UNSPECIFIED.,.F.,.F.,(8,6,6,6,6,6,6,6,8),
  (0.,0.161003908913,0.260119606462,0.332297418912,0.515639839978,
    0.784062711478,0.997343171694,0.99782579275,1.),.UNSPECIFIED.);
#426 = CARTESIAN_POINT('',(-0.300812475257,-100.));
#427 = CARTESIAN_POINT('',(-0.321813429933,-100.));
#428 = CARTESIAN_POINT('',(-0.342621885055,-99.92871398512));
#429 = CARTESIAN_POINT('',(-0.363172118489,-99.79044405381));
#430 = CARTESIAN_POINT('',(-0.383399972424,-99.58985919917));
#431 = CARTESIAN_POINT('',(-0.403242120522,-99.332015691));
#432 = CARTESIAN_POINT('',(-0.422635677255,-99.02238570602));
#433 = CARTESIAN_POINT('',(-0.453142397655,-98.44804990443));
#434 = CARTESIAN_POINT('',(-0.464589137935,-98.21152083056));
#435 = CARTESIAN_POINT('',(-0.475856555638,-97.95834286832));
#436 = CARTESIAN_POINT('',(-0.486943105083,-97.68947994236));
#437 = CARTESIAN_POINT('',(-0.497847522905,-97.40582575951));
#438 = CARTESIAN_POINT('',(-0.508568841424,-97.10820555015));
#439 = CARTESIAN_POINT('',(-0.526780040881,-96.57102752503));
#440 = CARTESIAN_POINT('',(-0.534356892087,-96.33765386191));
#441 = CARTESIAN_POINT('',(-0.541837268429,-96.09752919065));
#442 = CARTESIAN_POINT('',(-0.549221498209,-95.85090497973));
#443 = CARTESIAN_POINT('',(-0.556509925217,-95.59801179585));
#444 = CARTESIAN_POINT('',(-0.563702908729,-95.33905930394));
#445 = CARTESIAN_POINT('',(-0.588830586903,-94.40154621068));
#446 = CARTESIAN_POINT('',(-0.606249121702,-93.69089621715));
#447 = CARTESIAN_POINT('',(-0.623060708563,-92.94542528018));
#448 = CARTESIAN_POINT('',(-0.63926815905,-92.16751970677));
#449 = CARTESIAN_POINT('',(-0.654871113601,-91.35892012459));
#450 = CARTESIAN_POINT('',(-0.669864212398,-90.52082046586));
#451 = CARTESIAN_POINT('',(-0.705274925869,-88.38482840217));
#452 = CARTESIAN_POINT('',(-0.725000633289,-87.05287149108));
#453 = CARTESIAN_POINT('',(-0.743339862146,-85.66196496555));
#454 = CARTESIAN_POINT('',(-0.760191882823,-84.21487096478));
#455 = CARTESIAN_POINT('',(-0.775425232399,-82.71360687836));
#456 = CARTESIAN_POINT('',(-0.788876730761,-81.15959884813));
#457 = CARTESIAN_POINT('',(-0.809471598964,-78.27765456973));
#458 = CARTESIAN_POINT('',(-0.81735803971,-76.96677603425));
#459 = CARTESIAN_POINT('',(-0.82385833599,-75.62820495329));
#460 = CARTESIAN_POINT('',(-0.828855470853,-74.26854017264));
#461 = CARTESIAN_POINT('',(-0.832267000014,-72.89377816167));
#462 = CARTESIAN_POINT('',(-0.834043375017,-71.50946984549));
#463 = CARTESIAN_POINT('',(-0.834167217086,-70.11792634193));
#464 = CARTESIAN_POINT('',(-0.834167488224,-70.11478459847));
#465 = CARTESIAN_POINT('',(-0.834167750897,-70.11164285244));
#466 = CARTESIAN_POINT('',(-0.834168005105,-70.10850110396));
#467 = CARTESIAN_POINT('',(-0.834168250849,-70.1053593531));
#468 = CARTESIAN_POINT('',(-0.834168488127,-70.10221759997));
#469 = CARTESIAN_POINT('',(-0.834169747745,-70.08492224098));
#470 = CARTESIAN_POINT('',(-0.834170606752,-70.07076859303));
#471 = CARTESIAN_POINT('',(-0.834171293961,-70.05661490982));
#472 = CARTESIAN_POINT('',(-0.834171809368,-70.04246120023));
#473 = CARTESIAN_POINT('',(-0.834172152973,-70.028307473));
#474 = CARTESIAN_POINT('',(-0.834172324776,-70.01415373676));
#475 = CARTESIAN_POINT('',(-0.834172324776,-70.));
#476 = ( GEOMETRIC_REPRESENTATION_CONTEXT(2) 
PARAMETRIC_REPRESENTATION_CONTEXT() REPRESENTATION_CONTEXT('2D SPACE',''
  ) );
#477 = PCURVE('',#478,#483);
#478 = CYLINDRICAL_SURFACE('',#479,30.);
#479 = AXIS2_PLACEMENT_3D('',#480,#481,#482);
#480 = CARTESIAN_POINT('',(0.,-20.,20.));
#481 = DIRECTION('',(1.,0.,0.));
#482 = DIRECTION('',(0.,-1.,0.));
#483 = DEFINITIONAL_REPRESENTATION('',(#484),#535);
#484 = B_SPLINE_CURVE_WITH_KNOTS('',7,(#485,#486,#487,#488,#489,#490,
    #491,#492,#493,#494,#495,#496,#497,#498,#499,#500,#501,#502,#503,
    #504,#505,#506,#507,#508,#509,#510,#511,#512,#513,#514,#515,#516,
    #517,#518,#519,#520,#521,#522,#523,#524,#525,#526,#527,#528,#529,
    #530,#531,#532,#533,#534),.UNSPECIFIED.,.F.,.F.,(8,6,6,6,6,6,6,6,8),
  (0.,0.161003908913,0.260119606462,0.332297418912,0.515639839978,
    0.784062711478,0.997343171694,0.99782579275,1.),.UNSPECIFIED.);
#485 = CARTESIAN_POINT('',(0.,19.148984791138));
#486 = CARTESIAN_POINT('',(-4.513034092087E-02,18.728965697612));
#487 = CARTESIAN_POINT('',(-8.950397497719E-02,18.279624257781));
#488 = CARTESIAN_POINT('',(-0.133108614271,17.803672273093));
#489 = CARTESIAN_POINT('',(-0.175922007397,17.304408435029));
#490 = CARTESIAN_POINT('',(-0.217911858813,16.785651477124));
#491 = CARTESIAN_POINT('',(-0.259034468301,16.251657107686));
#492 = CARTESIAN_POINT('',(-0.32397816899,15.371733612707));
#493 = CARTESIAN_POINT('',(-0.348408148901,15.031947910356));
#494 = CARTESIAN_POINT('',(-0.372536027384,14.688316967001));
#495 = CARTESIAN_POINT('',(-0.396374926467,14.34147798853));
#496 = CARTESIAN_POINT('',(-0.419937389136,13.992046667244));
#497 = CARTESIAN_POINT('',(-0.443235675398,13.64061381323));
#498 = CARTESIAN_POINT('',(-0.483064844006,13.030774449692));
#499 = CARTESIAN_POINT('',(-0.499715514425,12.773021789651));
#500 = CARTESIAN_POINT('',(-0.516240001953,12.514681003872));
#501 = CARTESIAN_POINT('',(-0.532644208485,12.255941973707));
#502 = CARTESIAN_POINT('',(-0.548934005468,11.996987463607));
#503 = CARTESIAN_POINT('',(-0.565115233902,11.737993121124));
#504 = CARTESIAN_POINT('',(-0.622035420048,10.821570087317));
#505 = CARTESIAN_POINT('',(-0.662219253138,10.164763356043));
#506 = CARTESIAN_POINT('',(-0.701837658096,9.51152994117));
#507 = CARTESIAN_POINT('',(-0.740980491758,8.864489999308));
#508 = CARTESIAN_POINT('',(-0.779736274658,8.226160320917));
#509 = CARTESIAN_POINT('',(-0.818193080176,7.599075922327));
#510 = CARTESIAN_POINT('',(-0.912433149154,6.088262463792));
#511 = CARTESIAN_POINT('',(-0.96802726626,5.219643156116));
#512 = CARTESIAN_POINT('',(-1.02341867075,4.389887754573));
#513 = CARTESIAN_POINT('',(-1.078791854489,3.609670873185));
#514 = CARTESIAN_POINT('',(-1.134330373206,2.890838306657));
#515 = CARTESIAN_POINT('',(-1.190225467867,2.246496188779));
#516 = CARTESIAN_POINT('',(-1.291566312553,1.248919252299));
#517 = CARTESIAN_POINT('',(-1.336872974018,0.862354266094));
#518 = CARTESIAN_POINT('',(-1.382484448862,0.540650100559));
#519 = CARTESIAN_POINT('',(-1.428318323136,0.291692493679));
#520 = CARTESIAN_POINT('',(-1.474326258156,0.121158006366));
#521 = CARTESIAN_POINT('',(-1.520480277459,3.234032512968E-02));
#522 = CARTESIAN_POINT('',(-1.566865438629,2.614825195735E-02));
#523 = CARTESIAN_POINT('',(-1.566970164212,2.613469511381E-02));
#524 = CARTESIAN_POINT('',(-1.567074889831,2.612156150829E-02));
#525 = CARTESIAN_POINT('',(-1.567179615484,2.610885114266E-02));
#526 = CARTESIAN_POINT('',(-1.56728434117,2.609656401871E-02));
#527 = CARTESIAN_POINT('',(-1.567389066888,2.608470013815E-02));
#528 = CARTESIAN_POINT('',(-1.567965581998,2.602171945368E-02));
#529 = CARTESIAN_POINT('',(-1.568437371979,2.59787691676E-02));
#530 = CARTESIAN_POINT('',(-1.568909162448,2.594440879144E-02));
#531 = CARTESIAN_POINT('',(-1.569380953282,2.591863843557E-02));
#532 = CARTESIAN_POINT('',(-1.569852744361,2.590145817366E-02));
#533 = CARTESIAN_POINT('',(-1.570324535569,2.589286804262E-02));
#534 = CARTESIAN_POINT('',(-1.570796326795,2.589286804262E-02));
#535 = ( GEOMETRIC_REPRESENTATION_CONTEXT(2) 
PARAMETRIC_REPRESENTATION_CONTEXT() REPRESENTATION_CONTEXT('2D SPACE',''
  ) );
#536 = ORIENTED_EDGE('',*,*,#537,.T.);
#537 = EDGE_CURVE('',#369,#538,#540,.T.);
#538 = VERTEX_POINT('',#539);
#539 = CARTESIAN_POINT('',(19.148984791137,-50.,-20.));
#540 = SURFACE_CURVE('',#541,(#546,#553),.PCURVE_S1.);
#541 = CIRCLE('',#542,67.5);
#542 = AXIS2_PLACEMENT_3D('',#543,#544,#545);
#543 = CARTESIAN_POINT('',(-45.32,-50.,0.));
#544 = DIRECTION('',(0.,-1.,0.));
#545 = DIRECTION('',(1.,0.,0.));
#546 = PCURVE('',#49,#547);
#547 = DEFINITIONAL_REPRESENTATION('',(#548),#552);
#548 = LINE('',#549,#550);
#549 = CARTESIAN_POINT('',(-0.,-100.));
#550 = VECTOR('',#551,1.);
#551 = DIRECTION('',(-1.,0.));
#552 = ( GEOMETRIC_REPRESENTATION_CONTEXT(2) 
PARAMETRIC_REPRESENTATION_CONTEXT() REPRESENTATION_CONTEXT('2D SPACE',''
  ) );
#553 = PCURVE('',#554,#559);
#554 = PLANE('',#555);
#555 = AXIS2_PLACEMENT_3D('',#556,#557,#558);
#556 = CARTESIAN_POINT('',(-45.32,-50.,2.430688019401E-15));
#557 = DIRECTION('',(0.,-1.,0.));
#558 = DIRECTION('',(1.,0.,0.));
#559 = DEFINITIONAL_REPRESENTATION('',(#560),#564);
#560 = CIRCLE('',#561,67.5);
#561 = AXIS2_PLACEMENT_2D('',#562,#563);
#562 = CARTESIAN_POINT('',(0.,-2.430688019401E-15));
#563 = DIRECTION('',(1.,0.));
#564 = ( GEOMETRIC_REPRESENTATION_CONTEXT(2) 
PARAMETRIC_REPRESENTATION_CONTEXT() REPRESENTATION_CONTEXT('2D SPACE',''
  ) );
#565 = ORIENTED_EDGE('',*,*,#566,.F.);
#566 = EDGE_CURVE('',#567,#538,#569,.T.);
#567 = VERTEX_POINT('',#568);
#568 = CARTESIAN_POINT('',(2.589286804263E-02,-20.,-50.));
#569 = SURFACE_CURVE('',#570,(#609,#651),.PCURVE_S1.);
#570 = B_SPLINE_CURVE_WITH_KNOTS('',7,(#571,#572,#573,#574,#575,#576,
    #577,#578,#579,#580,#581,#582,#583,#584,#585,#586,#587,#588,#589,
    #590,#591,#592,#593,#594,#595,#596,#597,#598,#599,#600,#601,#602,
    #603,#604,#605,#606,#607,#608),.UNSPECIFIED.,.F.,.F.,(8,6,6,6,6,6,8)
  ,(0.,0.216054327535,0.48520198264,0.667468189487,0.740014242549,
    0.838998783913,1.),.UNSPECIFIED.);
#571 = CARTESIAN_POINT('',(2.58928680426E-02,-20.,-50.));
#572 = CARTESIAN_POINT('',(2.58928680426E-02,-21.40661141858,-50.));
#573 = CARTESIAN_POINT('',(0.110733780043,-22.80952702505,
    -49.92305543098));
#574 = CARTESIAN_POINT('',(0.279613231454,-24.20303026026,
    -49.76989836196));
#575 = CARTESIAN_POINT('',(0.52921347077,-25.58131526267,-49.54187550015
    ));
#576 = CARTESIAN_POINT('',(0.853682585543,-26.93811077649,
    -49.24108325099));
#577 = CARTESIAN_POINT('',(1.244818253062,-28.26650914685,
    -48.87081796679));
#578 = CARTESIAN_POINT('',(2.250092092825,-31.1691092795,-47.89509624994
    ));
#579 = CARTESIAN_POINT('',(2.896624176467,-32.72700099032,
    -47.25302431929));
#580 = CARTESIAN_POINT('',(3.617972324039,-34.2318493714,-46.5147589793)
  );
#581 = CARTESIAN_POINT('',(4.400931133891,-35.68222249708,
    -45.68323494801));
#582 = CARTESIAN_POINT('',(5.233573891825,-37.07609083687,
    -44.76019272978));
#583 = CARTESIAN_POINT('',(6.10515859636,-38.41066969628,-43.74626537145
    ));
#584 = CARTESIAN_POINT('',(7.615732381203,-40.5430099275,-41.89260571624
    ));
#585 = CARTESIAN_POINT('',(8.239368504811,-41.37553534291,
    -41.10182329273));
#586 = CARTESIAN_POINT('',(8.87407381789,-42.17888449154,-40.26800714928
    ));
#587 = CARTESIAN_POINT('',(9.517358454571,-42.95187843051,
    -39.39015734979));
#588 = CARTESIAN_POINT('',(10.166749327718,-43.69280315728,
    -38.46705053329));
#589 = CARTESIAN_POINT('',(10.819672069258,-44.39931352748,
    -37.49733598413));
#590 = CARTESIAN_POINT('',(11.733535146491,-45.33461276619,
    -36.07458795785));
#591 = CARTESIAN_POINT('',(11.993848285575,-45.59496873542,
    -35.66190724352));
#592 = CARTESIAN_POINT('',(12.25412312057,-45.84920590669,
    -35.24151438286));
#593 = CARTESIAN_POINT('',(12.514181361228,-46.09711155754,
    -34.81331901966));
#594 = CARTESIAN_POINT('',(12.773837456157,-46.33845163662,
    -34.37723383495));
#595 = CARTESIAN_POINT('',(13.032898592824,-46.5729707637,
    -33.93317454704));
#596 = CARTESIAN_POINT('',(13.643552606306,-47.11069456248,
    -32.86417783511));
#597 = CARTESIAN_POINT('',(13.994501726705,-47.40781963202,
    -32.23222713828));
#598 = CARTESIAN_POINT('',(14.343451513799,-47.69101150457,
    -31.58508680998));
#599 = CARTESIAN_POINT('',(14.689813337692,-47.95944788382,
    -30.9226671725));
#600 = CARTESIAN_POINT('',(15.032973832438,-48.21223837975,
    -30.24491207937));
#601 = CARTESIAN_POINT('',(15.372298244936,-48.44842277754,
    -29.55180111326));
#602 = CARTESIAN_POINT('',(16.251753460866,-49.02244154968,
    -27.6910384834));
#603 = CARTESIAN_POINT('',(16.785729422411,-49.33205442929,
    -26.49553960054));
#604 = CARTESIAN_POINT('',(17.304468548307,-49.58988337625,
    -25.26017047255));
#605 = CARTESIAN_POINT('',(17.80371541079,-49.79045662548,
    -23.98863647136));
#606 = CARTESIAN_POINT('',(18.279651551098,-49.92871834272,
    -22.68503837551));
#607 = CARTESIAN_POINT('',(18.728978535558,-50.,-21.35386884515));
#608 = CARTESIAN_POINT('',(19.148984791138,-50.,-20.));
#609 = PCURVE('',#49,#610);
#610 = DEFINITIONAL_REPRESENTATION('',(#611),#650);
#611 = B_SPLINE_CURVE_WITH_KNOTS('',7,(#612,#613,#614,#615,#616,#617,
    #618,#619,#620,#621,#622,#623,#624,#625,#626,#627,#628,#629,#630,
    #631,#632,#633,#634,#635,#636,#637,#638,#639,#640,#641,#642,#643,
    #644,#645,#646,#647,#648,#649),.UNSPECIFIED.,.F.,.F.,(8,6,6,6,6,6,8)
  ,(0.,0.216054327535,0.48520198264,0.667468189487,0.740014242549,
    0.838998783913,1.),.UNSPECIFIED.);
#612 = CARTESIAN_POINT('',(-5.449012982404,-70.));
#613 = CARTESIAN_POINT('',(-5.449012982404,-71.40661141858));
#614 = CARTESIAN_POINT('',(-5.45070979691,-72.80952702505));
#615 = CARTESIAN_POINT('',(-5.454087399505,-74.20303026026));
#616 = CARTESIAN_POINT('',(-5.459095834356,-75.58131526267));
#617 = CARTESIAN_POINT('',(-5.465650168702,-76.93811077649));
#618 = CARTESIAN_POINT('',(-5.473628702668,-78.26650914685));
#619 = CARTESIAN_POINT('',(-5.494383239675,-81.1691092795));
#620 = CARTESIAN_POINT('',(-5.507881406646,-82.72700099032));
#621 = CARTESIAN_POINT('',(-5.523169966657,-84.2318493714));
#622 = CARTESIAN_POINT('',(-5.540084597868,-85.68222249708));
#623 = CARTESIAN_POINT('',(-5.558493117437,-87.07609083687));
#624 = CARTESIAN_POINT('',(-5.578294459106,-88.41066969628));
#625 = CARTESIAN_POINT('',(-5.613719798674,-90.5430099275));
#626 = CARTESIAN_POINT('',(-5.62863795106,-91.37553534291));
#627 = CARTESIAN_POINT('',(-5.644158695603,-92.17888449154));
#628 = CARTESIAN_POINT('',(-5.660276838657,-92.95187843051));
#629 = CARTESIAN_POINT('',(-5.676992055642,-93.69280315728));
#630 = CARTESIAN_POINT('',(-5.694307113946,-94.39931352748));
#631 = CARTESIAN_POINT('',(-5.719358425547,-95.33461276619));
#632 = CARTESIAN_POINT('',(-5.726586665282,-95.59496873542));
#633 = CARTESIAN_POINT('',(-5.733911318361,-95.84920590669));
#634 = CARTESIAN_POINT('',(-5.741332749618,-96.09711155754));
#635 = CARTESIAN_POINT('',(-5.748851308122,-96.33845163662));
#636 = CARTESIAN_POINT('',(-5.75646732718,-96.5729707637));
#637 = CARTESIAN_POINT('',(-5.774706116965,-97.11069456248));
#638 = CARTESIAN_POINT('',(-5.785414378551,-97.40781963202));
#639 = CARTESIAN_POINT('',(-5.796305249366,-97.69101150457));
#640 = CARTESIAN_POINT('',(-5.807377762199,-97.95944788382));
#641 = CARTESIAN_POINT('',(-5.818630655616,-98.21223837975));
#642 = CARTESIAN_POINT('',(-5.830062387215,-98.44842277754));
#643 = CARTESIAN_POINT('',(-5.860553129848,-99.02244154968));
#644 = CARTESIAN_POINT('',(-5.879946168122,-99.33205442929));
#645 = CARTESIAN_POINT('',(-5.89978776965,-99.58988337625));
#646 = CARTESIAN_POINT('',(-5.920015050301,-99.79045662548));
#647 = CARTESIAN_POINT('',(-5.940564685399,-99.92871834272));
#648 = CARTESIAN_POINT('',(-5.961372519144,-100.));
#649 = CARTESIAN_POINT('',(-5.982372831923,-100.));
#650 = ( GEOMETRIC_REPRESENTATION_CONTEXT(2) 
PARAMETRIC_REPRESENTATION_CONTEXT() REPRESENTATION_CONTEXT('2D SPACE',''
  ) );
#651 = PCURVE('',#652,#657);
#652 = CYLINDRICAL_SURFACE('',#653,30.);
#653 = AXIS2_PLACEMENT_3D('',#654,#655,#656);
#654 = CARTESIAN_POINT('',(0.,-20.,-20.));
#655 = DIRECTION('',(1.,0.,0.));
#656 = DIRECTION('',(0.,-1.,0.));
#657 = DEFINITIONAL_REPRESENTATION('',(#658),#697);
#658 = B_SPLINE_CURVE_WITH_KNOTS('',7,(#659,#660,#661,#662,#663,#664,
    #665,#666,#667,#668,#669,#670,#671,#672,#673,#674,#675,#676,#677,
    #678,#679,#680,#681,#682,#683,#684,#685,#686,#687,#688,#689,#690,
    #691,#692,#693,#694,#695,#696),.UNSPECIFIED.,.F.,.F.,(8,6,6,6,6,6,8)
  ,(0.,0.216054327535,0.48520198264,0.667468189487,0.740014242549,
    0.838998783913,1.),.UNSPECIFIED.);
#659 = CARTESIAN_POINT('',(1.570796326795,2.58928680426E-02));
#660 = CARTESIAN_POINT('',(1.523909279509,2.58928680426E-02));
#661 = CARTESIAN_POINT('',(1.477145482952,0.110733780043));
#662 = CARTESIAN_POINT('',(1.430526812689,0.279613231454));
#663 = CARTESIAN_POINT('',(1.38408319409,0.52921347077));
#664 = CARTESIAN_POINT('',(1.337865641533,0.853682585543));
#665 = CARTESIAN_POINT('',(1.291961086189,1.244818253062));
#666 = CARTESIAN_POINT('',(1.189887472237,2.250092092825));
#667 = CARTESIAN_POINT('',(1.133844904841,2.896624176467));
#668 = CARTESIAN_POINT('',(1.078160146227,3.617972324039));
#669 = CARTESIAN_POINT('',(1.022640246274,4.400931133891));
#670 = CARTESIAN_POINT('',(0.96709990655,5.233573891825));
#671 = CARTESIAN_POINT('',(0.911352766936,6.10515859636));
#672 = CARTESIAN_POINT('',(0.817172508454,7.615732381203));
#673 = CARTESIAN_POINT('',(0.778935320049,8.239368504811));
#674 = CARTESIAN_POINT('',(0.740401222214,8.87407381789));
#675 = CARTESIAN_POINT('',(0.701483644596,9.517358454571));
#676 = CARTESIAN_POINT('',(0.662095580441,10.166749327718));
#677 = CARTESIAN_POINT('',(0.622148721844,10.819672069258));
#678 = CARTESIAN_POINT('',(0.565393921633,11.733535146491));
#679 = CARTESIAN_POINT('',(0.549131894301,11.993848285575));
#680 = CARTESIAN_POINT('',(0.532760255124,12.25412312057));
#681 = CARTESIAN_POINT('',(0.516273073589,12.514181361228));
#682 = CARTESIAN_POINT('',(0.499664388135,12.773837456157));
#683 = CARTESIAN_POINT('',(0.482928206146,13.032898592824));
#684 = CARTESIAN_POINT('',(0.443040852902,13.643552606306));
#685 = CARTESIAN_POINT('',(0.419771872337,13.994501726705));
#686 = CARTESIAN_POINT('',(0.396239343093,14.343451513799));
#687 = CARTESIAN_POINT('',(0.372431057909,14.689813337692));
#688 = CARTESIAN_POINT('',(0.348334527415,15.032973832438));
#689 = CARTESIAN_POINT('',(0.323936686103,15.372298244936));
#690 = CARTESIAN_POINT('',(0.25902704707,16.251753460866));
#691 = CARTESIAN_POINT('',(0.217905549411,16.785729422411));
#692 = CARTESIAN_POINT('',(0.175916853778,17.304468548307));
#693 = CARTESIAN_POINT('',(0.133104664305,17.80371541079));
#694 = CARTESIAN_POINT('',(8.950128121093E-02,18.279651551098));
#695 = CARTESIAN_POINT('',(4.512896150531E-02,18.728978535558));
#696 = CARTESIAN_POINT('',(0.,19.148984791138));
#697 = ( GEOMETRIC_REPRESENTATION_CONTEXT(2) 
PARAMETRIC_REPRESENTATION_CONTEXT() REPRESENTATION_CONTEXT('2D SPACE',''
  ) );
#698 = ORIENTED_EDGE('',*,*,#699,.T.);
#699 = EDGE_CURVE('',#567,#700,#702,.T.);
#700 = VERTEX_POINT('',#701);
#701 = CARTESIAN_POINT('',(2.589286804263E-02,20.,-50.));
#702 = SURFACE_CURVE('',#703,(#707,#713),.PCURVE_S1.);
#703 = LINE('',#704,#705);
#704 = CARTESIAN_POINT('',(2.589286804263E-02,50.,-50.));
#705 = VECTOR('',#706,1.);
#706 = DIRECTION('',(-0.,1.,-0.));
#707 = PCURVE('',#49,#708);
#708 = DEFINITIONAL_REPRESENTATION('',(#709),#712);
#709 = B_SPLINE_CURVE_WITH_KNOTS('',1,(#710,#711),.UNSPECIFIED.,.F.,.F.,
  (2,2),(-100.0000006,5.999999999062E-07),.PIECEWISE_BEZIER_KNOTS.);
#710 = CARTESIAN_POINT('',(-5.449012982404,-100.0000006));
#711 = CARTESIAN_POINT('',(-5.449012982404,5.999999999062E-07));
#712 = ( GEOMETRIC_REPRESENTATION_CONTEXT(2) 
PARAMETRIC_REPRESENTATION_CONTEXT() REPRESENTATION_CONTEXT('2D SPACE',''
  ) );
#713 = PCURVE('',#714,#719);
#714 = PLANE('',#715);
#715 = AXIS2_PLACEMENT_3D('',#716,#717,#718);
#716 = CARTESIAN_POINT('',(0.,0.,-50.));
#717 = DIRECTION('',(0.,0.,-1.));
#718 = DIRECTION('',(0.,1.,0.));
#719 = DEFINITIONAL_REPRESENTATION('',(#720),#723);
#720 = B_SPLINE_CURVE_WITH_KNOTS('',1,(#721,#722),.UNSPECIFIED.,.F.,.F.,
  (2,2),(-100.0000006,5.999999999062E-07),.PIECEWISE_BEZIER_KNOTS.);
#721 = CARTESIAN_POINT('',(-50.0000006,2.589286804263E-02));
#722 = CARTESIAN_POINT('',(50.0000006,2.589286804263E-02));
#723 = ( GEOMETRIC_REPRESENTATION_CONTEXT(2) 
PARAMETRIC_REPRESENTATION_CONTEXT() REPRESENTATION_CONTEXT('2D SPACE',''
  ) );
#724 = ORIENTED_EDGE('',*,*,#725,.T.);
#725 = EDGE_CURVE('',#700,#24,#726,.T.);
#726 = SURFACE_CURVE('',#727,(#766,#808),.PCURVE_S1.);
#727 = B_SPLINE_CURVE_WITH_KNOTS('',7,(#728,#729,#730,#731,#732,#733,
    #734,#735,#736,#737,#738,#739,#740,#741,#742,#743,#744,#745,#746,
    #747,#748,#749,#750,#751,#752,#753,#754,#755,#756,#757,#758,#759,
    #760,#761,#762,#763,#764,#765),.UNSPECIFIED.,.F.,.F.,(8,6,6,6,6,6,8)
  ,(0.,0.216054326868,0.485201982171,0.667468189143,0.740014242256,
    0.838998783692,1.),.UNSPECIFIED.);
#728 = CARTESIAN_POINT('',(2.58928680426E-02,20.,-50.));
#729 = CARTESIAN_POINT('',(2.58928680426E-02,21.406611423917,-50.));
#730 = CARTESIAN_POINT('',(0.110733778775,22.809527012702,
    -49.92305543219));
#731 = CARTESIAN_POINT('',(0.279613233307,24.203030267461,
    -49.76989836017));
#732 = CARTESIAN_POINT('',(0.529213471369,25.581315270179,
    -49.54187549958));
#733 = CARTESIAN_POINT('',(0.853682582755,26.938110764502,
    -49.24108325368));
#734 = CARTESIAN_POINT('',(1.244818254772,28.266509151794,
    -48.87081796513));
#735 = CARTESIAN_POINT('',(2.250092092825,31.169109279501,
    -47.89509624994));
#736 = CARTESIAN_POINT('',(2.896624176468,32.727000990331,
    -47.25302431928));
#737 = CARTESIAN_POINT('',(3.61797232404,34.231849371404,-46.5147589793)
  );
#738 = CARTESIAN_POINT('',(4.400931133889,35.682222497081,
    -45.68323494801));
#739 = CARTESIAN_POINT('',(5.233573891824,37.076090836876,
    -44.76019272978));
#740 = CARTESIAN_POINT('',(6.105158596361,38.410669696282,
    -43.74626537145));
#741 = CARTESIAN_POINT('',(7.615732381169,40.543009927456,
    -41.89260571628));
#742 = CARTESIAN_POINT('',(8.239368504834,41.375535342955,
    -41.10182329271));
#743 = CARTESIAN_POINT('',(8.874073817915,42.178884491572,
    -40.26800714924));
#744 = CARTESIAN_POINT('',(9.517358454553,42.951878430485,
    -39.39015734981));
#745 = CARTESIAN_POINT('',(10.166749327689,43.692803157255,
    -38.46705053334));
#746 = CARTESIAN_POINT('',(10.819672069284,44.399313527516,
    -37.49733598409));
#747 = CARTESIAN_POINT('',(11.733535146489,45.334612766193,
    -36.07458795785));
#748 = CARTESIAN_POINT('',(11.993848285573,45.594968735418,
    -35.66190724352));
#749 = CARTESIAN_POINT('',(12.254123120569,45.849205906694,
    -35.24151438286));
#750 = CARTESIAN_POINT('',(12.514181361228,46.097111557548,
    -34.81331901966));
#751 = CARTESIAN_POINT('',(12.773837456157,46.338451636629,
    -34.37723383495));
#752 = CARTESIAN_POINT('',(13.032898592824,46.572970763701,
    -33.93317454704));
#753 = CARTESIAN_POINT('',(13.643552606304,47.110694562488,
    -32.86417783511));
#754 = CARTESIAN_POINT('',(13.994501726706,47.407819632022,
    -32.23222713827));
#755 = CARTESIAN_POINT('',(14.343451513802,47.691011504576,
    -31.58508680997));
#756 = CARTESIAN_POINT('',(14.689813337694,47.959447883828,
    -30.9226671725));
#757 = CARTESIAN_POINT('',(15.032973832436,48.212238379749,
    -30.24491207938));
#758 = CARTESIAN_POINT('',(15.372298244931,48.448422777546,
    -29.55180111327));
#759 = CARTESIAN_POINT('',(16.251753461231,49.022441549924,
    -27.69103848263));
#760 = CARTESIAN_POINT('',(16.785729422386,49.332054429227,
    -26.4955396005));
#761 = CARTESIAN_POINT('',(17.304468548008,49.589883376086,
    -25.26017047323));
#762 = CARTESIAN_POINT('',(17.803715410581,49.790456625463,
    -23.98863647199));
#763 = CARTESIAN_POINT('',(18.279651551192,49.928718342816,
    -22.68503837536));
#764 = CARTESIAN_POINT('',(18.72897853583,50.,-21.35386884428));
#765 = CARTESIAN_POINT('',(19.148984791138,50.,-20.));
#766 = PCURVE('',#49,#767);
#767 = DEFINITIONAL_REPRESENTATION('',(#768),#807);
#768 = B_SPLINE_CURVE_WITH_KNOTS('',7,(#769,#770,#771,#772,#773,#774,
    #775,#776,#777,#778,#779,#780,#781,#782,#783,#784,#785,#786,#787,
    #788,#789,#790,#791,#792,#793,#794,#795,#796,#797,#798,#799,#800,
    #801,#802,#803,#804,#805,#806),.UNSPECIFIED.,.F.,.F.,(8,6,6,6,6,6,8)
  ,(0.,0.216054326868,0.485201982171,0.667468189143,0.740014242256,
    0.838998783692,1.),.UNSPECIFIED.);
#769 = CARTESIAN_POINT('',(-5.449012982404,-30.));
#770 = CARTESIAN_POINT('',(-5.449012982404,-28.59338857608));
#771 = CARTESIAN_POINT('',(-5.450709796884,-27.19047298729));
#772 = CARTESIAN_POINT('',(-5.454087399543,-25.79696973253));
#773 = CARTESIAN_POINT('',(-5.459095834368,-24.41868472982));
#774 = CARTESIAN_POINT('',(-5.465650168645,-23.06188923549));
#775 = CARTESIAN_POINT('',(-5.473628702703,-21.7334908482));
#776 = CARTESIAN_POINT('',(-5.494383239675,-18.83089072049));
#777 = CARTESIAN_POINT('',(-5.507881406646,-17.27299900966));
#778 = CARTESIAN_POINT('',(-5.523169966657,-15.76815062859));
#779 = CARTESIAN_POINT('',(-5.540084597868,-14.31777750291));
#780 = CARTESIAN_POINT('',(-5.558493117437,-12.92390916312));
#781 = CARTESIAN_POINT('',(-5.578294459106,-11.58933030371));
#782 = CARTESIAN_POINT('',(-5.613719798673,-9.456990072544));
#783 = CARTESIAN_POINT('',(-5.62863795106,-8.624464657045));
#784 = CARTESIAN_POINT('',(-5.644158695604,-7.821115508428));
#785 = CARTESIAN_POINT('',(-5.660276838657,-7.048121569515));
#786 = CARTESIAN_POINT('',(-5.676992055642,-6.307196842745));
#787 = CARTESIAN_POINT('',(-5.694307113947,-5.600686472484));
#788 = CARTESIAN_POINT('',(-5.719358425547,-4.665387233807));
#789 = CARTESIAN_POINT('',(-5.726586665282,-4.405031264582));
#790 = CARTESIAN_POINT('',(-5.733911318361,-4.150794093306));
#791 = CARTESIAN_POINT('',(-5.741332749618,-3.902888442452));
#792 = CARTESIAN_POINT('',(-5.748851308122,-3.661548363371));
#793 = CARTESIAN_POINT('',(-5.75646732718,-3.427029236299));
#794 = CARTESIAN_POINT('',(-5.774706116965,-2.889305437512));
#795 = CARTESIAN_POINT('',(-5.785414378551,-2.592180367978));
#796 = CARTESIAN_POINT('',(-5.796305249366,-2.308988495424));
#797 = CARTESIAN_POINT('',(-5.807377762199,-2.040552116173));
#798 = CARTESIAN_POINT('',(-5.818630655616,-1.787761620251));
#799 = CARTESIAN_POINT('',(-5.830062387215,-1.551577222454));
#800 = CARTESIAN_POINT('',(-5.860553129861,-0.977558450076));
#801 = CARTESIAN_POINT('',(-5.879946168122,-0.667945570773));
#802 = CARTESIAN_POINT('',(-5.899787769639,-0.410116623914));
#803 = CARTESIAN_POINT('',(-5.920015050291,-0.209543374537));
#804 = CARTESIAN_POINT('',(-5.940564685402,-7.128165718449E-02));
#805 = CARTESIAN_POINT('',(-5.961372519158,1.015061051086E-14));
#806 = CARTESIAN_POINT('',(-5.982372831923,7.105427357601E-15));
#807 = ( GEOMETRIC_REPRESENTATION_CONTEXT(2) 
PARAMETRIC_REPRESENTATION_CONTEXT() REPRESENTATION_CONTEXT('2D SPACE',''
  ) );
#808 = PCURVE('',#131,#809);
#809 = DEFINITIONAL_REPRESENTATION('',(#810),#849);
#810 = B_SPLINE_CURVE_WITH_KNOTS('',7,(#811,#812,#813,#814,#815,#816,
    #817,#818,#819,#820,#821,#822,#823,#824,#825,#826,#827,#828,#829,
    #830,#831,#832,#833,#834,#835,#836,#837,#838,#839,#840,#841,#842,
    #843,#844,#845,#846,#847,#848),.UNSPECIFIED.,.F.,.F.,(8,6,6,6,6,6,8)
  ,(0.,0.216054326868,0.485201982171,0.667468189143,0.740014242256,
    0.838998783692,1.),.UNSPECIFIED.);
#811 = CARTESIAN_POINT('',(0.,2.58928680426E-02));
#812 = CARTESIAN_POINT('',(4.68870474639E-02,2.58928680426E-02));
#813 = CARTESIAN_POINT('',(9.365084342556E-02,0.110733778775));
#814 = CARTESIAN_POINT('',(0.140269514355,0.279613233307));
#815 = CARTESIAN_POINT('',(0.186713132957,0.529213471369));
#816 = CARTESIAN_POINT('',(0.232930684848,0.853682582755));
#817 = CARTESIAN_POINT('',(0.27883524078,1.244818254772));
#818 = CARTESIAN_POINT('',(0.380908854558,2.250092092825));
#819 = CARTESIAN_POINT('',(0.436951421954,2.896624176468));
#820 = CARTESIAN_POINT('',(0.492636180568,3.61797232404));
#821 = CARTESIAN_POINT('',(0.548156080521,4.400931133889));
#822 = CARTESIAN_POINT('',(0.603696420245,5.233573891824));
#823 = CARTESIAN_POINT('',(0.659443559859,6.105158596361));
#824 = CARTESIAN_POINT('',(0.753623818339,7.615732381169));
#825 = CARTESIAN_POINT('',(0.791861006747,8.239368504834));
#826 = CARTESIAN_POINT('',(0.830395104582,8.874073817915));
#827 = CARTESIAN_POINT('',(0.869312682197,9.517358454553));
#828 = CARTESIAN_POINT('',(0.908700746353,10.166749327689));
#829 = CARTESIAN_POINT('',(0.948647604953,10.819672069284));
#830 = CARTESIAN_POINT('',(1.005402405161,11.733535146489));
#831 = CARTESIAN_POINT('',(1.021664432493,11.993848285573));
#832 = CARTESIAN_POINT('',(1.038036071671,12.254123120569));
#833 = CARTESIAN_POINT('',(1.054523253205,12.514181361228));
#834 = CARTESIAN_POINT('',(1.07113193866,12.773837456157));
#835 = CARTESIAN_POINT('',(1.087868120649,13.032898592824));
#836 = CARTESIAN_POINT('',(1.127755473893,13.643552606304));
#837 = CARTESIAN_POINT('',(1.151024454458,13.994501726706));
#838 = CARTESIAN_POINT('',(1.174556983702,14.343451513802));
#839 = CARTESIAN_POINT('',(1.198365268886,14.689813337694));
#840 = CARTESIAN_POINT('',(1.22246179938,15.032973832436));
#841 = CARTESIAN_POINT('',(1.246859640692,15.372298244931));
#842 = CARTESIAN_POINT('',(1.311769279752,16.251753461231));
#843 = CARTESIAN_POINT('',(1.352890777384,16.785729422386));
#844 = CARTESIAN_POINT('',(1.394879472993,17.304468548008));
#845 = CARTESIAN_POINT('',(1.437691662469,17.803715410581));
#846 = CARTESIAN_POINT('',(1.481295045589,18.279651551192));
#847 = CARTESIAN_POINT('',(1.525667365319,18.72897853583));
#848 = CARTESIAN_POINT('',(1.570796326795,19.148984791138));
#849 = ( GEOMETRIC_REPRESENTATION_CONTEXT(2) 
PARAMETRIC_REPRESENTATION_CONTEXT() REPRESENTATION_CONTEXT('2D SPACE',''
  ) );
#850 = ADVANCED_FACE('',(#851),#77,.T.);
#851 = FACE_BOUND('',#852,.F.);
#852 = EDGE_LOOP('',(#853,#876,#877,#878));
#853 = ORIENTED_EDGE('',*,*,#854,.F.);
#854 = EDGE_CURVE('',#179,#855,#857,.T.);
#855 = VERTEX_POINT('',#856);
#856 = CARTESIAN_POINT('',(454.75,20.,50.));
#857 = SURFACE_CURVE('',#858,(#862,#869),.PCURVE_S1.);
#858 = LINE('',#859,#860);
#859 = CARTESIAN_POINT('',(0.,20.,50.));
#860 = VECTOR('',#861,1.);
#861 = DIRECTION('',(1.,0.,-0.));
#862 = PCURVE('',#77,#863);
#863 = DEFINITIONAL_REPRESENTATION('',(#864),#868);
#864 = LINE('',#865,#866);
#865 = CARTESIAN_POINT('',(-0.,0.));
#866 = VECTOR('',#867,1.);
#867 = DIRECTION('',(-0.,1.));
#868 = ( GEOMETRIC_REPRESENTATION_CONTEXT(2) 
PARAMETRIC_REPRESENTATION_CONTEXT() REPRESENTATION_CONTEXT('2D SPACE',''
  ) );
#869 = PCURVE('',#357,#870);
#870 = DEFINITIONAL_REPRESENTATION('',(#871),#875);
#871 = LINE('',#872,#873);
#872 = CARTESIAN_POINT('',(-20.,0.));
#873 = VECTOR('',#874,1.);
#874 = DIRECTION('',(0.,1.));
#875 = ( GEOMETRIC_REPRESENTATION_CONTEXT(2) 
PARAMETRIC_REPRESENTATION_CONTEXT() REPRESENTATION_CONTEXT('2D SPACE',''
  ) );
#876 = ORIENTED_EDGE('',*,*,#178,.F.);
#877 = ORIENTED_EDGE('',*,*,#61,.T.);
#878 = ORIENTED_EDGE('',*,*,#879,.T.);
#879 = EDGE_CURVE('',#62,#855,#880,.T.);
#880 = SURFACE_CURVE('',#881,(#892,#906),.PCURVE_S1.);
#881 = B_SPLINE_CURVE_WITH_KNOTS('',9,(#882,#883,#884,#885,#886,#887,
    #888,#889,#890,#891),.UNSPECIFIED.,.F.,.F.,(10,10),(0.,1.),
  .PIECEWISE_BEZIER_KNOTS.);
#882 = CARTESIAN_POINT('',(454.75,50.,20.));
#883 = CARTESIAN_POINT('',(454.74999999999,50.,25.23598716194));
#884 = CARTESIAN_POINT('',(454.75000000003,48.971915991348,
    30.471977679261));
#885 = CARTESIAN_POINT('',(454.74999999995,46.915749573664,
    35.477257549472));
#886 = CARTESIAN_POINT('',(454.75000000007,43.891892938192,
    40.021150775925));
#887 = CARTESIAN_POINT('',(454.74999999993,40.021150775958,
    43.89189293821));
#888 = CARTESIAN_POINT('',(454.75000000004,35.477257549437,
    46.915749573661));
#889 = CARTESIAN_POINT('',(454.74999999997,30.471977679278,
    48.971915991348));
#890 = CARTESIAN_POINT('',(454.74999999999,25.235987161935,50.));
#891 = CARTESIAN_POINT('',(454.75,20.,50.));
#892 = PCURVE('',#77,#893);
#893 = DEFINITIONAL_REPRESENTATION('',(#894),#905);
#894 = B_SPLINE_CURVE_WITH_KNOTS('',9,(#895,#896,#897,#898,#899,#900,
    #901,#902,#903,#904),.UNSPECIFIED.,.F.,.F.,(10,10),(0.,1.),
  .PIECEWISE_BEZIER_KNOTS.);
#895 = CARTESIAN_POINT('',(-1.570796326795,454.75));
#896 = CARTESIAN_POINT('',(-1.396263421397,454.74999999999));
#897 = CARTESIAN_POINT('',(-1.221730405346,454.75000000002));
#898 = CARTESIAN_POINT('',(-1.047197684905,454.74999999994));
#899 = CARTESIAN_POINT('',(-0.872664457462,454.75000000007));
#900 = CARTESIAN_POINT('',(-0.698131869333,454.74999999993));
#901 = CARTESIAN_POINT('',(-0.523598641889,454.75000000004));
#902 = CARTESIAN_POINT('',(-0.349065921449,454.74999999998));
#903 = CARTESIAN_POINT('',(-0.174532905398,454.75));
#904 = CARTESIAN_POINT('',(2.997602166488E-15,454.75));
#905 = ( GEOMETRIC_REPRESENTATION_CONTEXT(2) 
PARAMETRIC_REPRESENTATION_CONTEXT() REPRESENTATION_CONTEXT('2D SPACE',''
  ) );
#906 = PCURVE('',#907,#1008);
#907 = B_SPLINE_SURFACE_WITH_KNOTS('',9,9,(
    (#908,#909,#910,#911,#912,#913,#914,#915,#916,#917)
    ,(#918,#919,#920,#921,#922,#923,#924,#925,#926,#927)
    ,(#928,#929,#930,#931,#932,#933,#934,#935,#936,#937)
    ,(#938,#939,#940,#941,#942,#943,#944,#945,#946,#947)
    ,(#948,#949,#950,#951,#952,#953,#954,#955,#956,#957)
    ,(#958,#959,#960,#961,#962,#963,#964,#965,#966,#967)
    ,(#968,#969,#970,#971,#972,#973,#974,#975,#976,#977)
    ,(#978,#979,#980,#981,#982,#983,#984,#985,#986,#987)
    ,(#988,#989,#990,#991,#992,#993,#994,#995,#996,#997)
    ,(#998,#999,#1000,#1001,#1002,#1003,#1004,#1005,#1006,#1007
  )),.UNSPECIFIED.,.F.,.F.,.F.,(10,10),(10,10),(0.,1.),(0.,1.),
  .PIECEWISE_BEZIER_KNOTS.);
#908 = CARTESIAN_POINT('',(454.75,50.,20.));
#909 = CARTESIAN_POINT('',(463.45919296745,50.,17.788888888889));
#910 = CARTESIAN_POINT('',(472.16838605974,48.289954097918,
    15.577777777778));
#911 = CARTESIAN_POINT('',(480.49384478667,44.869861097377,
    13.366666666666));
#912 = CARTESIAN_POINT('',(488.05184008966,39.840187316588,
    11.155555555556));
#913 = CARTESIAN_POINT('',(494.49018731651,33.401840089566,
    8.944444444444));
#914 = CARTESIAN_POINT('',(499.51986109742,25.843844786726,
    6.733333333334));
#915 = CARTESIAN_POINT('',(502.9399540979,17.518386059708,4.522222222222
    ));
#916 = CARTESIAN_POINT('',(504.65,8.809192967452,2.311111111111));
#917 = CARTESIAN_POINT('',(504.65,0.1,0.1));
#918 = CARTESIAN_POINT('',(454.74999999999,50.,25.23598716194));
#919 = CARTESIAN_POINT('',(463.45919296745,50.19295582319,
    23.059149082218));
#920 = CARTESIAN_POINT('',(472.41051622897,48.579260487623,
    20.692305902265));
#921 = CARTESIAN_POINT('',(481.09050924768,45.01775039051,
    18.135457489149));
#922 = CARTESIAN_POINT('',(488.88169764489,39.596769691519,
    15.399766767119));
#923 = CARTESIAN_POINT('',(495.21126238606,32.741078539926,
    12.507556773282));
#924 = CARTESIAN_POINT('',(499.93331336787,25.049636185341,
    9.490941437691));
#925 = CARTESIAN_POINT('',(503.0781992023,16.863162864587,6.3890523883)
  );
#926 = CARTESIAN_POINT('',(504.65,8.457554242673,3.244526187217));
#927 = CARTESIAN_POINT('',(504.65,0.1,0.1));
#928 = CARTESIAN_POINT('',(454.75000000003,48.971915991348,
    30.471977679261));
#929 = CARTESIAN_POINT('',(463.45919296748,49.440880838225,
    28.674669508577));
#930 = CARTESIAN_POINT('',(472.59211385591,47.09411019116,
    27.176498351003));
#931 = CARTESIAN_POINT('',(481.53800759346,43.234017717278,
    24.573630464281));
#932 = CARTESIAN_POINT('',(489.50409081133,37.513249234468,
    21.332971637274));
#933 = CARTESIAN_POINT('',(495.75206868824,30.500388936003,
    17.569629605062));
#934 = CARTESIAN_POINT('',(500.24340257071,22.964126584825,
    13.454500493992));
#935 = CARTESIAN_POINT('',(503.18188303062,15.241932812733,
    9.102692799587));
#936 = CARTESIAN_POINT('',(504.65,7.071070459012,5.067342234373));
#937 = CARTESIAN_POINT('',(504.65,0.1,0.1));
#938 = CARTESIAN_POINT('',(454.74999999995,46.915749573664,
    35.477257549472));
#939 = CARTESIAN_POINT('',(463.4591929674,47.491929672688,
    34.364860049286));
#940 = CARTESIAN_POINT('',(472.71317894046,45.371301063612,
    32.876529656557));
#941 = CARTESIAN_POINT('',(481.83633982391,41.615362701283,
    29.961837022371));
#942 = CARTESIAN_POINT('',(489.9190195889,35.989484102091,
    26.010391183318));
#943 = CARTESIAN_POINT('',(496.11260622298,29.106832847817,
    21.288502072371));
#944 = CARTESIAN_POINT('',(500.4501287059,21.783960590336,
    16.162925491786));
#945 = CARTESIAN_POINT('',(503.2510055828,14.367503573714,
    10.826135591602));
#946 = CARTESIAN_POINT('',(504.65,6.678084566107,5.751216302941));
#947 = CARTESIAN_POINT('',(504.65,0.1,0.1));
#948 = CARTESIAN_POINT('',(454.75000000007,43.891892938192,
    40.021150775925));
#949 = CARTESIAN_POINT('',(463.45919296752,44.216245700612,
    39.710971025376));
#950 = CARTESIAN_POINT('',(472.77371148286,42.392698065725,
    38.110608149128));
#951 = CARTESIAN_POINT('',(481.98550593925,38.864576616354,
    34.875745049837));
#952 = CARTESIAN_POINT('',(490.12648397777,33.60944239459,
    30.212994477321));
#953 = CARTESIAN_POINT('',(496.29287499042,27.18919249014,
    24.554364733937));
#954 = CARTESIAN_POINT('',(500.55349177355,20.348141648289,
    18.477244395063));
#955 = CARTESIAN_POINT('',(503.28556685893,13.41407164592,
    12.252762795426));
#956 = CARTESIAN_POINT('',(504.65,6.418903132999,6.155841823881));
#957 = CARTESIAN_POINT('',(504.65,0.1,0.1));
#958 = CARTESIAN_POINT('',(454.74999999993,40.021150775958,
    43.89189293821));
#959 = CARTESIAN_POINT('',(463.45919296738,39.710971025408,
    44.216245700631));
#960 = CARTESIAN_POINT('',(472.77371148275,38.110608149149,
    42.392698065741));
#961 = CARTESIAN_POINT('',(481.98550593915,34.875745049855,
    38.864576616367));
#962 = CARTESIAN_POINT('',(490.12648397769,30.212994477334,
    33.609442394604));
#963 = CARTESIAN_POINT('',(496.29287499036,24.554364733949,
    27.189192490147));
#964 = CARTESIAN_POINT('',(500.5534917735,18.477244395071,
    20.348141648297));
#965 = CARTESIAN_POINT('',(503.2855668589,12.252762795433,
    13.414071645924));
#966 = CARTESIAN_POINT('',(504.65,6.15584182388,6.418903132999));
#967 = CARTESIAN_POINT('',(504.65,0.1,0.1));
#968 = CARTESIAN_POINT('',(454.75000000004,35.477257549437,
    46.915749573661));
#969 = CARTESIAN_POINT('',(463.45919296749,34.364860049254,
    47.491929672684));
#970 = CARTESIAN_POINT('',(472.71317894053,32.876529656532,
    45.37130106361));
#971 = CARTESIAN_POINT('',(481.83633982398,29.961837022351,
    41.615362701278));
#972 = CARTESIAN_POINT('',(489.91901958894,26.0103911833,35.989484102091
    ));
#973 = CARTESIAN_POINT('',(496.11260622302,21.288502072359,
    29.106832847813));
#974 = CARTESIAN_POINT('',(500.45012870592,16.162925491775,
    21.783960590336));
#975 = CARTESIAN_POINT('',(503.25100558283,10.826135591596,
    14.367503573712));
#976 = CARTESIAN_POINT('',(504.65,5.75121630294,6.678084566108));
#977 = CARTESIAN_POINT('',(504.65,0.1,0.1));
#978 = CARTESIAN_POINT('',(454.74999999997,30.471977679278,
    48.971915991348));
#979 = CARTESIAN_POINT('',(463.45919296742,28.674669508593,
    49.440880838226));
#980 = CARTESIAN_POINT('',(472.59211385586,27.176498351013,
    47.094110191163));
#981 = CARTESIAN_POINT('',(481.53800759343,24.573630464288,
    43.234017717279));
#982 = CARTESIAN_POINT('',(489.50409081129,21.332971637279,
    37.513249234473));
#983 = CARTESIAN_POINT('',(495.75206868822,17.569629605067,
    30.500388936002));
#984 = CARTESIAN_POINT('',(500.24340257068,13.454500493995,
    22.964126584829));
#985 = CARTESIAN_POINT('',(503.18188303061,9.102692799591,
    15.241932812733));
#986 = CARTESIAN_POINT('',(504.65,5.067342234372,7.071070459013));
#987 = CARTESIAN_POINT('',(504.65,0.1,0.1));
#988 = CARTESIAN_POINT('',(454.74999999999,25.235987161935,50.));
#989 = CARTESIAN_POINT('',(463.45919296745,23.059149082214,
    50.19295582319));
#990 = CARTESIAN_POINT('',(472.41051622896,20.692305902262,
    48.579260487625));
#991 = CARTESIAN_POINT('',(481.09050924769,18.135457489146,
    45.017750390508));
#992 = CARTESIAN_POINT('',(488.88169764487,15.399766767117,
    39.596769691523));
#993 = CARTESIAN_POINT('',(495.21126238608,12.50755677328,
    32.741078539922));
#994 = CARTESIAN_POINT('',(499.93331336785,9.490941437689,
    25.049636185344));
#995 = CARTESIAN_POINT('',(503.07819920231,6.389052388298,
    16.863162864585));
#996 = CARTESIAN_POINT('',(504.65,3.244526187216,8.457554242674));
#997 = CARTESIAN_POINT('',(504.65,0.1,0.1));
#998 = CARTESIAN_POINT('',(454.75,20.,50.));
#999 = CARTESIAN_POINT('',(463.45919296745,17.788888888889,50.));
#1000 = CARTESIAN_POINT('',(472.16838605974,15.577777777778,
    48.28995409792));
#1001 = CARTESIAN_POINT('',(480.49384478668,13.366666666666,
    44.869861097374));
#1002 = CARTESIAN_POINT('',(488.05184008964,11.155555555556,
    39.840187316592));
#1003 = CARTESIAN_POINT('',(494.49018731653,8.944444444444,
    33.401840089562));
#1004 = CARTESIAN_POINT('',(499.51986109741,6.733333333334,
    25.843844786729));
#1005 = CARTESIAN_POINT('',(502.9399540979,4.522222222222,
    17.518386059706));
#1006 = CARTESIAN_POINT('',(504.65,2.311111111111,8.809192967452));
#1007 = CARTESIAN_POINT('',(504.65,0.1,0.1));
#1008 = DEFINITIONAL_REPRESENTATION('',(#1009),#1013);
#1009 = LINE('',#1010,#1011);
#1010 = CARTESIAN_POINT('',(0.,0.));
#1011 = VECTOR('',#1012,1.);
#1012 = DIRECTION('',(1.,0.));
#1013 = ( GEOMETRIC_REPRESENTATION_CONTEXT(2) 
PARAMETRIC_REPRESENTATION_CONTEXT() REPRESENTATION_CONTEXT('2D SPACE',''
  ) );
#1014 = ADVANCED_FACE('',(#1015),#131,.T.);
#1015 = FACE_BOUND('',#1016,.T.);
#1016 = EDGE_LOOP('',(#1017,#1040,#1041,#1042));
#1017 = ORIENTED_EDGE('',*,*,#1018,.F.);
#1018 = EDGE_CURVE('',#700,#1019,#1021,.T.);
#1019 = VERTEX_POINT('',#1020);
#1020 = CARTESIAN_POINT('',(454.75,20.,-50.));
#1021 = SURFACE_CURVE('',#1022,(#1026,#1033),.PCURVE_S1.);
#1022 = LINE('',#1023,#1024);
#1023 = CARTESIAN_POINT('',(0.,20.,-50.));
#1024 = VECTOR('',#1025,1.);
#1025 = DIRECTION('',(1.,-0.,0.));
#1026 = PCURVE('',#131,#1027);
#1027 = DEFINITIONAL_REPRESENTATION('',(#1028),#1032);
#1028 = LINE('',#1029,#1030);
#1029 = CARTESIAN_POINT('',(0.,0.));
#1030 = VECTOR('',#1031,1.);
#1031 = DIRECTION('',(0.,1.));
#1032 = ( GEOMETRIC_REPRESENTATION_CONTEXT(2) 
PARAMETRIC_REPRESENTATION_CONTEXT() REPRESENTATION_CONTEXT('2D SPACE',''
  ) );
#1033 = PCURVE('',#714,#1034);
#1034 = DEFINITIONAL_REPRESENTATION('',(#1035),#1039);
#1035 = LINE('',#1036,#1037);
#1036 = CARTESIAN_POINT('',(20.,0.));
#1037 = VECTOR('',#1038,1.);
#1038 = DIRECTION('',(0.,1.));
#1039 = ( GEOMETRIC_REPRESENTATION_CONTEXT(2) 
PARAMETRIC_REPRESENTATION_CONTEXT() REPRESENTATION_CONTEXT('2D SPACE',''
  ) );
#1040 = ORIENTED_EDGE('',*,*,#725,.T.);
#1041 = ORIENTED_EDGE('',*,*,#117,.T.);
#1042 = ORIENTED_EDGE('',*,*,#1043,.F.);
#1043 = EDGE_CURVE('',#1019,#90,#1044,.T.);
#1044 = SURFACE_CURVE('',#1045,(#1056,#1070),.PCURVE_S1.);
#1045 = B_SPLINE_CURVE_WITH_KNOTS('',9,(#1046,#1047,#1048,#1049,#1050,
    #1051,#1052,#1053,#1054,#1055),.UNSPECIFIED.,.F.,.F.,(10,10),(0.,1.)
  ,.PIECEWISE_BEZIER_KNOTS.);
#1046 = CARTESIAN_POINT('',(454.75,20.,-50.));
#1047 = CARTESIAN_POINT('',(454.74999999999,25.23598716194,-50.));
#1048 = CARTESIAN_POINT('',(454.75000000003,30.471977679269,
    -48.97191599134));
#1049 = CARTESIAN_POINT('',(454.74999999994,35.477257549451,
    -46.91574957367));
#1050 = CARTESIAN_POINT('',(454.75000000007,40.021150775953,
    -43.89189293817));
#1051 = CARTESIAN_POINT('',(454.74999999992,43.891892938188,
    -40.02115077596));
#1052 = CARTESIAN_POINT('',(454.75000000004,46.91574957367,
    -35.47725754943));
#1053 = CARTESIAN_POINT('',(454.74999999997,48.971915991344,
    -30.47197767927));
#1054 = CARTESIAN_POINT('',(454.75,50.,-25.23598716193));
#1055 = CARTESIAN_POINT('',(454.75,50.,-20.));
#1056 = PCURVE('',#131,#1057);
#1057 = DEFINITIONAL_REPRESENTATION('',(#1058),#1069);
#1058 = B_SPLINE_CURVE_WITH_KNOTS('',9,(#1059,#1060,#1061,#1062,#1063,
    #1064,#1065,#1066,#1067,#1068),.UNSPECIFIED.,.F.,.F.,(10,10),(0.,1.)
  ,.PIECEWISE_BEZIER_KNOTS.);
#1059 = CARTESIAN_POINT('',(1.887379141863E-15,454.75));
#1060 = CARTESIAN_POINT('',(0.174532905398,454.74999999999));
#1061 = CARTESIAN_POINT('',(0.349065921449,454.75000000002));
#1062 = CARTESIAN_POINT('',(0.523598641889,454.74999999994));
#1063 = CARTESIAN_POINT('',(0.698131869334,454.75000000007));
#1064 = CARTESIAN_POINT('',(0.872664457461,454.74999999992));
#1065 = CARTESIAN_POINT('',(1.047197684906,454.75000000004));
#1066 = CARTESIAN_POINT('',(1.221730405345,454.74999999997));
#1067 = CARTESIAN_POINT('',(1.396263421397,454.75));
#1068 = CARTESIAN_POINT('',(1.570796326795,454.75));
#1069 = ( GEOMETRIC_REPRESENTATION_CONTEXT(2) 
PARAMETRIC_REPRESENTATION_CONTEXT() REPRESENTATION_CONTEXT('2D SPACE',''
  ) );
#1070 = PCURVE('',#1071,#1172);
#1071 = B_SPLINE_SURFACE_WITH_KNOTS('',9,9,(
    (#1072,#1073,#1074,#1075,#1076,#1077,#1078,#1079,#1080,#1081)
    ,(#1082,#1083,#1084,#1085,#1086,#1087,#1088,#1089,#1090,#1091)
    ,(#1092,#1093,#1094,#1095,#1096,#1097,#1098,#1099,#1100,#1101)
    ,(#1102,#1103,#1104,#1105,#1106,#1107,#1108,#1109,#1110,#1111)
    ,(#1112,#1113,#1114,#1115,#1116,#1117,#1118,#1119,#1120,#1121)
    ,(#1122,#1123,#1124,#1125,#1126,#1127,#1128,#1129,#1130,#1131)
    ,(#1132,#1133,#1134,#1135,#1136,#1137,#1138,#1139,#1140,#1141)
    ,(#1142,#1143,#1144,#1145,#1146,#1147,#1148,#1149,#1150,#1151)
    ,(#1152,#1153,#1154,#1155,#1156,#1157,#1158,#1159,#1160,#1161)
    ,(#1162,#1163,#1164,#1165,#1166,#1167,#1168,#1169,#1170,#1171
  )),.UNSPECIFIED.,.F.,.F.,.F.,(10,10),(10,10),(0.,1.),(0.,1.),
  .PIECEWISE_BEZIER_KNOTS.);
#1072 = CARTESIAN_POINT('',(454.75,20.,-50.));
#1073 = CARTESIAN_POINT('',(463.45919296745,17.788888888889,-50.));
#1074 = CARTESIAN_POINT('',(472.16838605973,15.577777777779,
    -48.28995409792));
#1075 = CARTESIAN_POINT('',(480.49384478668,13.366666666663,
    -44.86986109737));
#1076 = CARTESIAN_POINT('',(488.05184008963,11.155555555563,
    -39.84018731659));
#1077 = CARTESIAN_POINT('',(494.49018731653,8.944444444437,
    -33.40184008956));
#1078 = CARTESIAN_POINT('',(499.51986109741,6.733333333338,
    -25.84384478672));
#1079 = CARTESIAN_POINT('',(502.9399540979,4.522222222221,-17.5183860597
    ));
#1080 = CARTESIAN_POINT('',(504.65,2.311111111111,-8.809192967453));
#1081 = CARTESIAN_POINT('',(504.65,9.999999999993E-02,
    -9.999999999999E-02));
#1082 = CARTESIAN_POINT('',(454.74999999999,25.23598716194,-50.));
#1083 = CARTESIAN_POINT('',(463.45919296745,23.059149082218,
    -50.19295582319));
#1084 = CARTESIAN_POINT('',(472.41051622896,20.692305902266,
    -48.57926048762));
#1085 = CARTESIAN_POINT('',(481.09050924769,18.135457489146,
    -45.0177503905));
#1086 = CARTESIAN_POINT('',(488.88169764487,15.399766767125,
    -39.59676969152));
#1087 = CARTESIAN_POINT('',(495.21126238608,12.507556773275,
    -32.74107853992));
#1088 = CARTESIAN_POINT('',(499.93331336786,9.490941437695,
    -25.04963618534));
#1089 = CARTESIAN_POINT('',(503.07819920231,6.389052388298,
    -16.86316286458));
#1090 = CARTESIAN_POINT('',(504.65,3.244526187216,-8.457554242674));
#1091 = CARTESIAN_POINT('',(504.65,9.999999999994E-02,
    -9.999999999999E-02));
#1092 = CARTESIAN_POINT('',(454.75000000003,30.471977679269,
    -48.97191599134));
#1093 = CARTESIAN_POINT('',(463.45919296748,28.674669508585,
    -49.44088083822));
#1094 = CARTESIAN_POINT('',(472.59211385591,27.17649835101,
    -47.09411019116));
#1095 = CARTESIAN_POINT('',(481.53800759347,24.573630464283,
    -43.23401771727));
#1096 = CARTESIAN_POINT('',(489.50409081131,21.332971637283,
    -37.51324923447));
#1097 = CARTESIAN_POINT('',(495.75206868826,17.56962960506,-30.500388936
    ));
#1098 = CARTESIAN_POINT('',(500.2434025707,13.454500493997,
    -22.96412658482));
#1099 = CARTESIAN_POINT('',(503.18188303062,9.102692799588,
    -15.24193281273));
#1100 = CARTESIAN_POINT('',(504.65,5.067342234373,-7.071070459013));
#1101 = CARTESIAN_POINT('',(504.65,9.999999999995E-02,
    -9.999999999999E-02));
#1102 = CARTESIAN_POINT('',(454.74999999994,35.477257549451,
    -46.91574957367));
#1103 = CARTESIAN_POINT('',(463.4591929674,34.364860049266,
    -47.49192967269));
#1104 = CARTESIAN_POINT('',(472.71317894045,32.876529656543,
    -45.37130106361));
#1105 = CARTESIAN_POINT('',(481.83633982392,29.961837022356,
    -41.61536270128));
#1106 = CARTESIAN_POINT('',(489.91901958888,26.010391183312,
    -35.98948410209));
#1107 = CARTESIAN_POINT('',(496.11260622299,21.288502072358,
    -29.10683284781));
#1108 = CARTESIAN_POINT('',(500.45012870589,16.162925491782,
    -21.78396059034));
#1109 = CARTESIAN_POINT('',(503.2510055828,10.826135591597,
    -14.36750357371));
#1110 = CARTESIAN_POINT('',(504.65,5.751216302941,-6.678084566107));
#1111 = CARTESIAN_POINT('',(504.65,9.999999999996E-02,
    -9.999999999999E-02));
#1112 = CARTESIAN_POINT('',(454.75000000007,40.021150775953,
    -43.89189293817));
#1113 = CARTESIAN_POINT('',(463.45919296753,39.710971025403,
    -44.2162457006));
#1114 = CARTESIAN_POINT('',(472.77371148286,38.110608149149,
    -42.39269806571));
#1115 = CARTESIAN_POINT('',(481.98550593926,34.875745049851,
    -38.86457661634));
#1116 = CARTESIAN_POINT('',(490.12648397776,30.212994477338,
    -33.60944239458));
#1117 = CARTESIAN_POINT('',(496.29287499044,24.554364733944,
    -27.18919249013));
#1118 = CARTESIAN_POINT('',(500.55349177355,18.477244395074,
    -20.34814164828));
#1119 = CARTESIAN_POINT('',(503.28556685894,12.252762795431,
    -13.41407164591));
#1120 = CARTESIAN_POINT('',(504.65,6.155841823881,-6.418903132999));
#1121 = CARTESIAN_POINT('',(504.65,9.999999999996E-02,
    -9.999999999999E-02));
#1122 = CARTESIAN_POINT('',(454.74999999992,43.891892938188,
    -40.02115077596));
#1123 = CARTESIAN_POINT('',(463.45919296737,44.21624570061,
    -39.71097102541));
#1124 = CARTESIAN_POINT('',(472.77371148274,42.392698065725,
    -38.11060814915));
#1125 = CARTESIAN_POINT('',(481.98550593916,38.864576616352,
    -34.87574504985));
#1126 = CARTESIAN_POINT('',(490.12648397767,33.609442394596,
    -30.21299447734));
#1127 = CARTESIAN_POINT('',(496.29287499037,27.189192490135,
    -24.55436473395));
#1128 = CARTESIAN_POINT('',(500.55349177349,20.348141648293,
    -18.47724439507));
#1129 = CARTESIAN_POINT('',(503.2855668589,13.414071645918,
    -12.25276279543));
#1130 = CARTESIAN_POINT('',(504.65,6.418903132999,-6.15584182388));
#1131 = CARTESIAN_POINT('',(504.65,9.999999999996E-02,
    -9.999999999999E-02));
#1132 = CARTESIAN_POINT('',(454.75000000004,46.91574957367,
    -35.47725754943));
#1133 = CARTESIAN_POINT('',(463.45919296749,47.491929672693,
    -34.36486004925));
#1134 = CARTESIAN_POINT('',(472.71317894053,45.371301063617,
    -32.87652965653));
#1135 = CARTESIAN_POINT('',(481.83633982398,41.615362701282,
    -29.96183702234));
#1136 = CARTESIAN_POINT('',(489.91901958893,35.989484102098,
    -26.0103911833));
#1137 = CARTESIAN_POINT('',(496.11260622303,29.106832847813,
    -21.28850207235));
#1138 = CARTESIAN_POINT('',(500.45012870592,21.783960590341,
    -16.16292549177));
#1139 = CARTESIAN_POINT('',(503.25100558283,14.367503573714,
    -10.82613559159));
#1140 = CARTESIAN_POINT('',(504.65,6.678084566107,-5.75121630294));
#1141 = CARTESIAN_POINT('',(504.65,9.999999999997E-02,
    -9.999999999999E-02));
#1142 = CARTESIAN_POINT('',(454.74999999997,48.971915991344,
    -30.47197767927));
#1143 = CARTESIAN_POINT('',(463.45919296742,49.440880838223,
    -28.67466950859));
#1144 = CARTESIAN_POINT('',(472.59211385586,47.094110191161,
    -27.17649835101));
#1145 = CARTESIAN_POINT('',(481.53800759343,43.234017717275,
    -24.57363046428));
#1146 = CARTESIAN_POINT('',(489.50409081127,37.513249234473,
    -21.33297163728));
#1147 = CARTESIAN_POINT('',(495.75206868823,30.500388935998,
    -17.56962960506));
#1148 = CARTESIAN_POINT('',(500.24340257067,22.964126584829,
    -13.45450049399));
#1149 = CARTESIAN_POINT('',(503.18188303061,15.241932812732,
    -9.10269279959));
#1150 = CARTESIAN_POINT('',(504.65,7.071070459013,-5.067342234372));
#1151 = CARTESIAN_POINT('',(504.65,9.999999999997E-02,
    -9.999999999999E-02));
#1152 = CARTESIAN_POINT('',(454.75,50.,-25.23598716193));
#1153 = CARTESIAN_POINT('',(463.45919296745,50.19295582319,
    -23.05914908221));
#1154 = CARTESIAN_POINT('',(472.41051622896,48.579260487624,
    -20.69230590226));
#1155 = CARTESIAN_POINT('',(481.09050924769,45.017750390507,
    -18.13545748914));
#1156 = CARTESIAN_POINT('',(488.88169764487,39.596769691523,
    -15.39976676711));
#1157 = CARTESIAN_POINT('',(495.21126238608,32.741078539922,
    -12.50755677327));
#1158 = CARTESIAN_POINT('',(499.93331336785,25.049636185344,
    -9.49094143769));
#1159 = CARTESIAN_POINT('',(503.07819920231,16.863162864585,
    -6.389052388298));
#1160 = CARTESIAN_POINT('',(504.65,8.457554242674,-3.244526187216));
#1161 = CARTESIAN_POINT('',(504.65,9.999999999998E-02,
    -9.999999999999E-02));
#1162 = CARTESIAN_POINT('',(454.75,50.,-20.));
#1163 = CARTESIAN_POINT('',(463.45919296745,50.,-17.78888888888));
#1164 = CARTESIAN_POINT('',(472.16838605974,48.28995409792,
    -15.57777777777));
#1165 = CARTESIAN_POINT('',(480.49384478668,44.869861097374,
    -13.36666666666));
#1166 = CARTESIAN_POINT('',(488.05184008963,39.840187316592,
    -11.15555555555));
#1167 = CARTESIAN_POINT('',(494.49018731654,33.401840089562,
    -8.944444444443));
#1168 = CARTESIAN_POINT('',(499.51986109741,25.843844786729,
    -6.733333333334));
#1169 = CARTESIAN_POINT('',(502.9399540979,17.518386059706,
    -4.522222222222));
#1170 = CARTESIAN_POINT('',(504.65,8.809192967452,-2.311111111111));
#1171 = CARTESIAN_POINT('',(504.65,9.999999999999E-02,
    -9.999999999999E-02));
#1172 = DEFINITIONAL_REPRESENTATION('',(#1173),#1177);
#1173 = LINE('',#1174,#1175);
#1174 = CARTESIAN_POINT('',(0.,0.));
#1175 = VECTOR('',#1176,1.);
#1176 = DIRECTION('',(1.,0.));
#1177 = ( GEOMETRIC_REPRESENTATION_CONTEXT(2) 
PARAMETRIC_REPRESENTATION_CONTEXT() REPRESENTATION_CONTEXT('2D SPACE',''
  ) );
#1178 = ADVANCED_FACE('',(#1179),#105,.T.);
#1179 = FACE_BOUND('',#1180,.F.);
#1180 = EDGE_LOOP('',(#1181,#1209,#1237,#1272));
#1181 = ORIENTED_EDGE('',*,*,#1182,.T.);
#1182 = EDGE_CURVE('',#90,#1183,#1185,.T.);
#1183 = VERTEX_POINT('',#1184);
#1184 = CARTESIAN_POINT('',(504.65,9.999999999993E-02,
    -9.999999999999E-02));
#1185 = SURFACE_CURVE('',#1186,(#1197,#1203),.PCURVE_S1.);
#1186 = B_SPLINE_CURVE_WITH_KNOTS('',9,(#1187,#1188,#1189,#1190,#1191,
    #1192,#1193,#1194,#1195,#1196),.UNSPECIFIED.,.F.,.F.,(10,10),(0.,1.)
  ,.PIECEWISE_BEZIER_KNOTS.);
#1187 = CARTESIAN_POINT('',(454.75,50.,-20.));
#1188 = CARTESIAN_POINT('',(463.45919296745,50.,-17.78888888888));
#1189 = CARTESIAN_POINT('',(472.16838605974,48.28995409792,
    -15.57777777777));
#1190 = CARTESIAN_POINT('',(480.49384478668,44.869861097374,
    -13.36666666666));
#1191 = CARTESIAN_POINT('',(488.05184008963,39.840187316592,
    -11.15555555555));
#1192 = CARTESIAN_POINT('',(494.49018731654,33.401840089562,
    -8.944444444443));
#1193 = CARTESIAN_POINT('',(499.51986109741,25.843844786729,
    -6.733333333334));
#1194 = CARTESIAN_POINT('',(502.9399540979,17.518386059706,
    -4.522222222222));
#1195 = CARTESIAN_POINT('',(504.65,8.809192967452,-2.311111111111));
#1196 = CARTESIAN_POINT('',(504.65,9.999999999999E-02,
    -9.999999999999E-02));
#1197 = PCURVE('',#105,#1198);
#1198 = DEFINITIONAL_REPRESENTATION('',(#1199),#1202);
#1199 = B_SPLINE_CURVE_WITH_KNOTS('',1,(#1200,#1201),.UNSPECIFIED.,.F.,
  .F.,(2,2),(0.,1.),.PIECEWISE_BEZIER_KNOTS.);
#1200 = CARTESIAN_POINT('',(0.,-7.105427357601E-15));
#1201 = CARTESIAN_POINT('',(-1.570796326795,19.9));
#1202 = ( GEOMETRIC_REPRESENTATION_CONTEXT(2) 
PARAMETRIC_REPRESENTATION_CONTEXT() REPRESENTATION_CONTEXT('2D SPACE',''
  ) );
#1203 = PCURVE('',#1071,#1204);
#1204 = DEFINITIONAL_REPRESENTATION('',(#1205),#1208);
#1205 = B_SPLINE_CURVE_WITH_KNOTS('',1,(#1206,#1207),.UNSPECIFIED.,.F.,
  .F.,(2,2),(0.,1.),.PIECEWISE_BEZIER_KNOTS.);
#1206 = CARTESIAN_POINT('',(1.,0.));
#1207 = CARTESIAN_POINT('',(1.,1.));
#1208 = ( GEOMETRIC_REPRESENTATION_CONTEXT(2) 
PARAMETRIC_REPRESENTATION_CONTEXT() REPRESENTATION_CONTEXT('2D SPACE',''
  ) );
#1209 = ORIENTED_EDGE('',*,*,#1210,.T.);
#1210 = EDGE_CURVE('',#1183,#1211,#1213,.T.);
#1211 = VERTEX_POINT('',#1212);
#1212 = CARTESIAN_POINT('',(504.65,0.1,0.1));
#1213 = SURFACE_CURVE('',#1214,(#1218,#1225),.PCURVE_S1.);
#1214 = LINE('',#1215,#1216);
#1215 = CARTESIAN_POINT('',(504.65,0.1,-20.));
#1216 = VECTOR('',#1217,1.);
#1217 = DIRECTION('',(1.224646799147E-16,-0.,1.));
#1218 = PCURVE('',#105,#1219);
#1219 = DEFINITIONAL_REPRESENTATION('',(#1220),#1224);
#1220 = LINE('',#1221,#1222);
#1221 = CARTESIAN_POINT('',(-1.570796326795,0.));
#1222 = VECTOR('',#1223,1.);
#1223 = DIRECTION('',(-0.,1.));
#1224 = ( GEOMETRIC_REPRESENTATION_CONTEXT(2) 
PARAMETRIC_REPRESENTATION_CONTEXT() REPRESENTATION_CONTEXT('2D SPACE',''
  ) );
#1225 = PCURVE('',#1226,#1231);
#1226 = PLANE('',#1227);
#1227 = AXIS2_PLACEMENT_3D('',#1228,#1229,#1230);
#1228 = CARTESIAN_POINT('',(504.65,0.,-6.123233995737E-15));
#1229 = DIRECTION('',(1.,0.,-1.224646799147E-16));
#1230 = DIRECTION('',(1.224646799147E-16,0.,1.));
#1231 = DEFINITIONAL_REPRESENTATION('',(#1232),#1236);
#1232 = LINE('',#1233,#1234);
#1233 = CARTESIAN_POINT('',(-20.,-0.1));
#1234 = VECTOR('',#1235,1.);
#1235 = DIRECTION('',(1.,0.));
#1236 = ( GEOMETRIC_REPRESENTATION_CONTEXT(2) 
PARAMETRIC_REPRESENTATION_CONTEXT() REPRESENTATION_CONTEXT('2D SPACE',''
  ) );
#1237 = ORIENTED_EDGE('',*,*,#1238,.F.);
#1238 = EDGE_CURVE('',#62,#1211,#1239,.T.);
#1239 = SURFACE_CURVE('',#1240,(#1248,#1260),.PCURVE_S1.);
#1240 = B_SPLINE_CURVE_WITH_KNOTS('',6,(#1241,#1242,#1243,#1244,#1245,
    #1246,#1247),.UNSPECIFIED.,.F.,.F.,(7,7),(0.,1.),
  .PIECEWISE_BEZIER_KNOTS.);
#1241 = CARTESIAN_POINT('',(454.75,50.,20.));
#1242 = CARTESIAN_POINT('',(467.81378945117,50.,16.683333333333));
#1243 = CARTESIAN_POINT('',(480.87646738518,45.896838467588,
    13.366666666667));
#1244 = CARTESIAN_POINT('',(492.33418846704,37.684188467046,10.05));
#1245 = CARTESIAN_POINT('',(500.54683846758,26.226467385187,
    6.733333333333));
#1246 = CARTESIAN_POINT('',(504.65,13.163789451178,3.416666666667));
#1247 = CARTESIAN_POINT('',(504.65,0.1,0.1));
#1248 = PCURVE('',#105,#1249);
#1249 = DEFINITIONAL_REPRESENTATION('',(#1250),#1259);
#1250 = B_SPLINE_CURVE_WITH_KNOTS('',7,(#1251,#1252,#1253,#1254,#1255,
    #1256,#1257,#1258),.UNSPECIFIED.,.F.,.F.,(8,8),(0.,1.),
  .PIECEWISE_BEZIER_KNOTS.);
#1251 = CARTESIAN_POINT('',(0.,40.));
#1252 = CARTESIAN_POINT('',(-0.224399475256,37.157142857143));
#1253 = CARTESIAN_POINT('',(-0.448781277025,34.314509614988));
#1254 = CARTESIAN_POINT('',(-0.673243531471,31.470857139314));
#1255 = CARTESIAN_POINT('',(-0.897552795324,28.629142860686));
#1256 = CARTESIAN_POINT('',(-1.12201504977,25.785490385013));
#1257 = CARTESIAN_POINT('',(-1.346396851538,22.942857142857));
#1258 = CARTESIAN_POINT('',(-1.570796326795,20.1));
#1259 = ( GEOMETRIC_REPRESENTATION_CONTEXT(2) 
PARAMETRIC_REPRESENTATION_CONTEXT() REPRESENTATION_CONTEXT('2D SPACE',''
  ) );
#1260 = PCURVE('',#907,#1261);
#1261 = DEFINITIONAL_REPRESENTATION('',(#1262),#1271);
#1262 = B_SPLINE_CURVE_WITH_KNOTS('',7,(#1263,#1264,#1265,#1266,#1267,
    #1268,#1269,#1270),.UNSPECIFIED.,.F.,.F.,(8,8),(0.,1.),
  .PIECEWISE_BEZIER_KNOTS.);
#1263 = CARTESIAN_POINT('',(0.,0.));
#1264 = CARTESIAN_POINT('',(0.,0.142857142857));
#1265 = CARTESIAN_POINT('',(0.,0.285703034428));
#1266 = CARTESIAN_POINT('',(0.,0.42860014374));
#1267 = CARTESIAN_POINT('',(0.,0.57139985626));
#1268 = CARTESIAN_POINT('',(0.,0.714296965572));
#1269 = CARTESIAN_POINT('',(0.,0.857142857143));
#1270 = CARTESIAN_POINT('',(0.,1.));
#1271 = ( GEOMETRIC_REPRESENTATION_CONTEXT(2) 
PARAMETRIC_REPRESENTATION_CONTEXT() REPRESENTATION_CONTEXT('2D SPACE',''
  ) );
#1272 = ORIENTED_EDGE('',*,*,#89,.F.);
#1273 = ADVANCED_FACE('',(#1274),#162,.F.);
#1274 = FACE_BOUND('',#1275,.T.);
#1275 = EDGE_LOOP('',(#1276,#1299,#1300,#1301));
#1276 = ORIENTED_EDGE('',*,*,#1277,.T.);
#1277 = EDGE_CURVE('',#1278,#146,#1280,.T.);
#1278 = VERTEX_POINT('',#1279);
#1279 = CARTESIAN_POINT('',(-30.345,-50.,0.));
#1280 = SEAM_CURVE('',#1281,(#1285,#1292),.PCURVE_S1.);
#1281 = LINE('',#1282,#1283);
#1282 = CARTESIAN_POINT('',(-30.345,-50.,0.));
#1283 = VECTOR('',#1284,1.);
#1284 = DIRECTION('',(0.,1.,0.));
#1285 = PCURVE('',#162,#1286);
#1286 = DEFINITIONAL_REPRESENTATION('',(#1287),#1291);
#1287 = LINE('',#1288,#1289);
#1288 = CARTESIAN_POINT('',(-0.,0.));
#1289 = VECTOR('',#1290,1.);
#1290 = DIRECTION('',(-0.,-1.));
#1291 = ( GEOMETRIC_REPRESENTATION_CONTEXT(2) 
PARAMETRIC_REPRESENTATION_CONTEXT() REPRESENTATION_CONTEXT('2D SPACE',''
  ) );
#1292 = PCURVE('',#162,#1293);
#1293 = DEFINITIONAL_REPRESENTATION('',(#1294),#1298);
#1294 = LINE('',#1295,#1296);
#1295 = CARTESIAN_POINT('',(-6.28318530718,0.));
#1296 = VECTOR('',#1297,1.);
#1297 = DIRECTION('',(-0.,-1.));
#1298 = ( GEOMETRIC_REPRESENTATION_CONTEXT(2) 
PARAMETRIC_REPRESENTATION_CONTEXT() REPRESENTATION_CONTEXT('2D SPACE',''
  ) );
#1299 = ORIENTED_EDGE('',*,*,#145,.T.);
#1300 = ORIENTED_EDGE('',*,*,#1277,.F.);
#1301 = ORIENTED_EDGE('',*,*,#1302,.F.);
#1302 = EDGE_CURVE('',#1278,#1278,#1303,.T.);
#1303 = SURFACE_CURVE('',#1304,(#1309,#1316),.PCURVE_S1.);
#1304 = CIRCLE('',#1305,14.975);
#1305 = AXIS2_PLACEMENT_3D('',#1306,#1307,#1308);
#1306 = CARTESIAN_POINT('',(-45.32,-50.,0.));
#1307 = DIRECTION('',(-0.,1.,0.));
#1308 = DIRECTION('',(1.,0.,0.));
#1309 = PCURVE('',#162,#1310);
#1310 = DEFINITIONAL_REPRESENTATION('',(#1311),#1315);
#1311 = LINE('',#1312,#1313);
#1312 = CARTESIAN_POINT('',(-0.,0.));
#1313 = VECTOR('',#1314,1.);
#1314 = DIRECTION('',(-1.,0.));
#1315 = ( GEOMETRIC_REPRESENTATION_CONTEXT(2) 
PARAMETRIC_REPRESENTATION_CONTEXT() REPRESENTATION_CONTEXT('2D SPACE',''
  ) );
#1316 = PCURVE('',#554,#1317);
#1317 = DEFINITIONAL_REPRESENTATION('',(#1318),#1326);
#1318 = ( BOUNDED_CURVE() B_SPLINE_CURVE(2,(#1319,#1320,#1321,#1322,
#1323,#1324,#1325),.UNSPECIFIED.,.T.,.F.) B_SPLINE_CURVE_WITH_KNOTS((1,2
    ,2,2,2,1),(-2.094395102393,0.,2.094395102393,4.188790204786,
6.28318530718,8.377580409573),.UNSPECIFIED.) CURVE() 
GEOMETRIC_REPRESENTATION_ITEM() RATIONAL_B_SPLINE_CURVE((1.,0.5,1.,0.5,
1.,0.5,1.)) REPRESENTATION_ITEM('') );
#1319 = CARTESIAN_POINT('',(14.975,-2.430688019401E-15));
#1320 = CARTESIAN_POINT('',(14.975,-25.93746084334));
#1321 = CARTESIAN_POINT('',(-7.4875,-12.96873042167));
#1322 = CARTESIAN_POINT('',(-29.95,-6.098505182848E-15));
#1323 = CARTESIAN_POINT('',(-7.4875,12.968730421672));
#1324 = CARTESIAN_POINT('',(14.975,25.937460843344));
#1325 = CARTESIAN_POINT('',(14.975,-2.430688019401E-15));
#1326 = ( GEOMETRIC_REPRESENTATION_CONTEXT(2) 
PARAMETRIC_REPRESENTATION_CONTEXT() REPRESENTATION_CONTEXT('2D SPACE',''
  ) );
#1327 = ADVANCED_FACE('',(#1328),#714,.T.);
#1328 = FACE_BOUND('',#1329,.T.);
#1329 = EDGE_LOOP('',(#1330,#1353,#1354,#1355,#1383,#1411,#1437,#1465,
    #1494,#1522));
#1330 = ORIENTED_EDGE('',*,*,#1331,.F.);
#1331 = EDGE_CURVE('',#567,#1332,#1334,.T.);
#1332 = VERTEX_POINT('',#1333);
#1333 = CARTESIAN_POINT('',(354.65,-20.,-50.));
#1334 = SURFACE_CURVE('',#1335,(#1339,#1346),.PCURVE_S1.);
#1335 = LINE('',#1336,#1337);
#1336 = CARTESIAN_POINT('',(0.,-20.,-50.));
#1337 = VECTOR('',#1338,1.);
#1338 = DIRECTION('',(1.,0.,0.));
#1339 = PCURVE('',#714,#1340);
#1340 = DEFINITIONAL_REPRESENTATION('',(#1341),#1345);
#1341 = LINE('',#1342,#1343);
#1342 = CARTESIAN_POINT('',(-20.,0.));
#1343 = VECTOR('',#1344,1.);
#1344 = DIRECTION('',(0.,1.));
#1345 = ( GEOMETRIC_REPRESENTATION_CONTEXT(2) 
PARAMETRIC_REPRESENTATION_CONTEXT() REPRESENTATION_CONTEXT('2D SPACE',''
  ) );
#1346 = PCURVE('',#652,#1347);
#1347 = DEFINITIONAL_REPRESENTATION('',(#1348),#1352);
#1348 = LINE('',#1349,#1350);
#1349 = CARTESIAN_POINT('',(1.570796326795,0.));
#1350 = VECTOR('',#1351,1.);
#1351 = DIRECTION('',(0.,1.));
#1352 = ( GEOMETRIC_REPRESENTATION_CONTEXT(2) 
PARAMETRIC_REPRESENTATION_CONTEXT() REPRESENTATION_CONTEXT('2D SPACE',''
  ) );
#1353 = ORIENTED_EDGE('',*,*,#699,.T.);
#1354 = ORIENTED_EDGE('',*,*,#1018,.T.);
#1355 = ORIENTED_EDGE('',*,*,#1356,.F.);
#1356 = EDGE_CURVE('',#1357,#1019,#1359,.T.);
#1357 = VERTEX_POINT('',#1358);
#1358 = CARTESIAN_POINT('',(454.75,-1.22E+03,-50.));
#1359 = SURFACE_CURVE('',#1360,(#1364,#1371),.PCURVE_S1.);
#1360 = LINE('',#1361,#1362);
#1361 = CARTESIAN_POINT('',(454.75,-1.22E+03,-50.));
#1362 = VECTOR('',#1363,1.);
#1363 = DIRECTION('',(-0.,1.,-0.));
#1364 = PCURVE('',#714,#1365);
#1365 = DEFINITIONAL_REPRESENTATION('',(#1366),#1370);
#1366 = LINE('',#1367,#1368);
#1367 = CARTESIAN_POINT('',(-1.22E+03,454.75));
#1368 = VECTOR('',#1369,1.);
#1369 = DIRECTION('',(1.,-0.));
#1370 = ( GEOMETRIC_REPRESENTATION_CONTEXT(2) 
PARAMETRIC_REPRESENTATION_CONTEXT() REPRESENTATION_CONTEXT('2D SPACE',''
  ) );
#1371 = PCURVE('',#1372,#1377);
#1372 = CYLINDRICAL_SURFACE('',#1373,49.9);
#1373 = AXIS2_PLACEMENT_3D('',#1374,#1375,#1376);
#1374 = CARTESIAN_POINT('',(454.75,-1.22E+03,-9.999999999999E-02));
#1375 = DIRECTION('',(-0.,1.,-0.));
#1376 = DIRECTION('',(0.,0.,-1.));
#1377 = DEFINITIONAL_REPRESENTATION('',(#1378),#1382);
#1378 = LINE('',#1379,#1380);
#1379 = CARTESIAN_POINT('',(-0.,0.));
#1380 = VECTOR('',#1381,1.);
#1381 = DIRECTION('',(-0.,1.));
#1382 = ( GEOMETRIC_REPRESENTATION_CONTEXT(2) 
PARAMETRIC_REPRESENTATION_CONTEXT() REPRESENTATION_CONTEXT('2D SPACE',''
  ) );
#1383 = ORIENTED_EDGE('',*,*,#1384,.T.);
#1384 = EDGE_CURVE('',#1357,#1385,#1387,.T.);
#1385 = VERTEX_POINT('',#1386);
#1386 = CARTESIAN_POINT('',(2.589286804312E-02,-1.22E+03,-50.));
#1387 = SURFACE_CURVE('',#1388,(#1392,#1399),.PCURVE_S1.);
#1388 = LINE('',#1389,#1390);
#1389 = CARTESIAN_POINT('',(504.65,-1.22E+03,-50.));
#1390 = VECTOR('',#1391,1.);
#1391 = DIRECTION('',(-1.,0.,-0.));
#1392 = PCURVE('',#714,#1393);
#1393 = DEFINITIONAL_REPRESENTATION('',(#1394),#1398);
#1394 = LINE('',#1395,#1396);
#1395 = CARTESIAN_POINT('',(-1.22E+03,504.65));
#1396 = VECTOR('',#1397,1.);
#1397 = DIRECTION('',(0.,-1.));
#1398 = ( GEOMETRIC_REPRESENTATION_CONTEXT(2) 
PARAMETRIC_REPRESENTATION_CONTEXT() REPRESENTATION_CONTEXT('2D SPACE',''
  ) );
#1399 = PCURVE('',#1400,#1405);
#1400 = CYLINDRICAL_SURFACE('',#1401,30.);
#1401 = AXIS2_PLACEMENT_3D('',#1402,#1403,#1404);
#1402 = CARTESIAN_POINT('',(504.65,-1.22E+03,-20.));
#1403 = DIRECTION('',(-1.,0.,-0.));
#1404 = DIRECTION('',(0.,0.,-1.));
#1405 = DEFINITIONAL_REPRESENTATION('',(#1406),#1410);
#1406 = LINE('',#1407,#1408);
#1407 = CARTESIAN_POINT('',(0.,0.));
#1408 = VECTOR('',#1409,1.);
#1409 = DIRECTION('',(0.,1.));
#1410 = ( GEOMETRIC_REPRESENTATION_CONTEXT(2) 
PARAMETRIC_REPRESENTATION_CONTEXT() REPRESENTATION_CONTEXT('2D SPACE',''
  ) );
#1411 = ORIENTED_EDGE('',*,*,#1412,.F.);
#1412 = EDGE_CURVE('',#1413,#1385,#1415,.T.);
#1413 = VERTEX_POINT('',#1414);
#1414 = CARTESIAN_POINT('',(2.589286804255E-02,-1.18E+03,-50.));
#1415 = SURFACE_CURVE('',#1416,(#1420,#1426),.PCURVE_S1.);
#1416 = LINE('',#1417,#1418);
#1417 = CARTESIAN_POINT('',(2.589286804263E-02,-1.25E+03,-50.));
#1418 = VECTOR('',#1419,1.);
#1419 = DIRECTION('',(-0.,-1.,-0.));
#1420 = PCURVE('',#714,#1421);
#1421 = DEFINITIONAL_REPRESENTATION('',(#1422),#1425);
#1422 = B_SPLINE_CURVE_WITH_KNOTS('',1,(#1423,#1424),.UNSPECIFIED.,.F.,
  .F.,(2,2),(-100.0000006,6.000000212225E-07),.PIECEWISE_BEZIER_KNOTS.);
#1423 = CARTESIAN_POINT('',(-1.1499999994E+03,2.589286804263E-02));
#1424 = CARTESIAN_POINT('',(-1.2500000006E+03,2.589286804263E-02));
#1425 = ( GEOMETRIC_REPRESENTATION_CONTEXT(2) 
PARAMETRIC_REPRESENTATION_CONTEXT() REPRESENTATION_CONTEXT('2D SPACE',''
  ) );
#1426 = PCURVE('',#1427,#1432);
#1427 = CYLINDRICAL_SURFACE('',#1428,67.5);
#1428 = AXIS2_PLACEMENT_3D('',#1429,#1430,#1431);
#1429 = CARTESIAN_POINT('',(-45.32,-1.25E+03,0.));
#1430 = DIRECTION('',(-0.,-1.,-0.));
#1431 = DIRECTION('',(1.,-0.,-0.));
#1432 = DEFINITIONAL_REPRESENTATION('',(#1433),#1436);
#1433 = B_SPLINE_CURVE_WITH_KNOTS('',1,(#1434,#1435),.UNSPECIFIED.,.F.,
  .F.,(2,2),(-100.0000006,6.000000212225E-07),.PIECEWISE_BEZIER_KNOTS.);
#1434 = CARTESIAN_POINT('',(5.449012982404,-100.0000006));
#1435 = CARTESIAN_POINT('',(5.449012982404,6.000000212225E-07));
#1436 = ( GEOMETRIC_REPRESENTATION_CONTEXT(2) 
PARAMETRIC_REPRESENTATION_CONTEXT() REPRESENTATION_CONTEXT('2D SPACE',''
  ) );
#1437 = ORIENTED_EDGE('',*,*,#1438,.F.);
#1438 = EDGE_CURVE('',#1439,#1413,#1441,.T.);
#1439 = VERTEX_POINT('',#1440);
#1440 = CARTESIAN_POINT('',(354.65,-1.18E+03,-50.));
#1441 = SURFACE_CURVE('',#1442,(#1446,#1453),.PCURVE_S1.);
#1442 = LINE('',#1443,#1444);
#1443 = CARTESIAN_POINT('',(354.65,-1.18E+03,-50.));
#1444 = VECTOR('',#1445,1.);
#1445 = DIRECTION('',(-1.,0.,0.));
#1446 = PCURVE('',#714,#1447);
#1447 = DEFINITIONAL_REPRESENTATION('',(#1448),#1452);
#1448 = LINE('',#1449,#1450);
#1449 = CARTESIAN_POINT('',(-1.18E+03,354.65));
#1450 = VECTOR('',#1451,1.);
#1451 = DIRECTION('',(0.,-1.));
#1452 = ( GEOMETRIC_REPRESENTATION_CONTEXT(2) 
PARAMETRIC_REPRESENTATION_CONTEXT() REPRESENTATION_CONTEXT('2D SPACE',''
  ) );
#1453 = PCURVE('',#1454,#1459);
#1454 = CYLINDRICAL_SURFACE('',#1455,30.);
#1455 = AXIS2_PLACEMENT_3D('',#1456,#1457,#1458);
#1456 = CARTESIAN_POINT('',(354.65,-1.18E+03,-20.));
#1457 = DIRECTION('',(-1.,0.,0.));
#1458 = DIRECTION('',(0.,1.,1.224646799147E-16));
#1459 = DEFINITIONAL_REPRESENTATION('',(#1460),#1464);
#1460 = LINE('',#1461,#1462);
#1461 = CARTESIAN_POINT('',(1.570796326795,0.));
#1462 = VECTOR('',#1463,1.);
#1463 = DIRECTION('',(0.,1.));
#1464 = ( GEOMETRIC_REPRESENTATION_CONTEXT(2) 
PARAMETRIC_REPRESENTATION_CONTEXT() REPRESENTATION_CONTEXT('2D SPACE',''
  ) );
#1465 = ORIENTED_EDGE('',*,*,#1466,.F.);
#1466 = EDGE_CURVE('',#1467,#1439,#1469,.T.);
#1467 = VERTEX_POINT('',#1468);
#1468 = CARTESIAN_POINT('',(434.65,-1.1E+03,-50.));
#1469 = SURFACE_CURVE('',#1470,(#1475,#1482),.PCURVE_S1.);
#1470 = CIRCLE('',#1471,80.);
#1471 = AXIS2_PLACEMENT_3D('',#1472,#1473,#1474);
#1472 = CARTESIAN_POINT('',(354.65,-1.1E+03,-50.));
#1473 = DIRECTION('',(0.,0.,-1.));
#1474 = DIRECTION('',(1.,0.,0.));
#1475 = PCURVE('',#714,#1476);
#1476 = DEFINITIONAL_REPRESENTATION('',(#1477),#1481);
#1477 = CIRCLE('',#1478,80.);
#1478 = AXIS2_PLACEMENT_2D('',#1479,#1480);
#1479 = CARTESIAN_POINT('',(-1.1E+03,354.65));
#1480 = DIRECTION('',(0.,1.));
#1481 = ( GEOMETRIC_REPRESENTATION_CONTEXT(2) 
PARAMETRIC_REPRESENTATION_CONTEXT() REPRESENTATION_CONTEXT('2D SPACE',''
  ) );
#1482 = PCURVE('',#1483,#1488);
#1483 = TOROIDAL_SURFACE('',#1484,80.,30.);
#1484 = AXIS2_PLACEMENT_3D('',#1485,#1486,#1487);
#1485 = CARTESIAN_POINT('',(354.65,-1.1E+03,-20.));
#1486 = DIRECTION('',(-0.,-0.,1.));
#1487 = DIRECTION('',(1.,0.,0.));
#1488 = DEFINITIONAL_REPRESENTATION('',(#1489),#1493);
#1489 = LINE('',#1490,#1491);
#1490 = CARTESIAN_POINT('',(-0.,4.712388980385));
#1491 = VECTOR('',#1492,1.);
#1492 = DIRECTION('',(-1.,0.));
#1493 = ( GEOMETRIC_REPRESENTATION_CONTEXT(2) 
PARAMETRIC_REPRESENTATION_CONTEXT() REPRESENTATION_CONTEXT('2D SPACE',''
  ) );
#1494 = ORIENTED_EDGE('',*,*,#1495,.F.);
#1495 = EDGE_CURVE('',#1496,#1467,#1498,.T.);
#1496 = VERTEX_POINT('',#1497);
#1497 = CARTESIAN_POINT('',(434.65,-100.,-50.));
#1498 = SURFACE_CURVE('',#1499,(#1503,#1510),.PCURVE_S1.);
#1499 = LINE('',#1500,#1501);
#1500 = CARTESIAN_POINT('',(434.65,-100.,-50.));
#1501 = VECTOR('',#1502,1.);
#1502 = DIRECTION('',(-0.,-1.,0.));
#1503 = PCURVE('',#714,#1504);
#1504 = DEFINITIONAL_REPRESENTATION('',(#1505),#1509);
#1505 = LINE('',#1506,#1507);
#1506 = CARTESIAN_POINT('',(-100.,434.65));
#1507 = VECTOR('',#1508,1.);
#1508 = DIRECTION('',(-1.,0.));
#1509 = ( GEOMETRIC_REPRESENTATION_CONTEXT(2) 
PARAMETRIC_REPRESENTATION_CONTEXT() REPRESENTATION_CONTEXT('2D SPACE',''
  ) );
#1510 = PCURVE('',#1511,#1516);
#1511 = CYLINDRICAL_SURFACE('',#1512,30.);
#1512 = AXIS2_PLACEMENT_3D('',#1513,#1514,#1515);
#1513 = CARTESIAN_POINT('',(434.65,-100.,-20.));
#1514 = DIRECTION('',(-0.,-1.,0.));
#1515 = DIRECTION('',(-1.,0.,1.224646799147E-16));
#1516 = DEFINITIONAL_REPRESENTATION('',(#1517),#1521);
#1517 = LINE('',#1518,#1519);
#1518 = CARTESIAN_POINT('',(1.570796326795,0.));
#1519 = VECTOR('',#1520,1.);
#1520 = DIRECTION('',(0.,1.));
#1521 = ( GEOMETRIC_REPRESENTATION_CONTEXT(2) 
PARAMETRIC_REPRESENTATION_CONTEXT() REPRESENTATION_CONTEXT('2D SPACE',''
  ) );
#1522 = ORIENTED_EDGE('',*,*,#1523,.F.);
#1523 = EDGE_CURVE('',#1332,#1496,#1524,.T.);
#1524 = SURFACE_CURVE('',#1525,(#1530,#1537),.PCURVE_S1.);
#1525 = CIRCLE('',#1526,80.);
#1526 = AXIS2_PLACEMENT_3D('',#1527,#1528,#1529);
#1527 = CARTESIAN_POINT('',(354.65,-100.,-50.));
#1528 = DIRECTION('',(0.,0.,-1.));
#1529 = DIRECTION('',(0.,1.,0.));
#1530 = PCURVE('',#714,#1531);
#1531 = DEFINITIONAL_REPRESENTATION('',(#1532),#1536);
#1532 = CIRCLE('',#1533,80.);
#1533 = AXIS2_PLACEMENT_2D('',#1534,#1535);
#1534 = CARTESIAN_POINT('',(-100.,354.65));
#1535 = DIRECTION('',(1.,0.));
#1536 = ( GEOMETRIC_REPRESENTATION_CONTEXT(2) 
PARAMETRIC_REPRESENTATION_CONTEXT() REPRESENTATION_CONTEXT('2D SPACE',''
  ) );
#1537 = PCURVE('',#1538,#1543);
#1538 = TOROIDAL_SURFACE('',#1539,80.,30.);
#1539 = AXIS2_PLACEMENT_3D('',#1540,#1541,#1542);
#1540 = CARTESIAN_POINT('',(354.65,-100.,-20.));
#1541 = DIRECTION('',(-0.,-0.,1.));
#1542 = DIRECTION('',(-0.,1.,0.));
#1543 = DEFINITIONAL_REPRESENTATION('',(#1544),#1548);
#1544 = LINE('',#1545,#1546);
#1545 = CARTESIAN_POINT('',(-0.,4.712388980385));
#1546 = VECTOR('',#1547,1.);
#1547 = DIRECTION('',(-1.,0.));
#1548 = ( GEOMETRIC_REPRESENTATION_CONTEXT(2) 
PARAMETRIC_REPRESENTATION_CONTEXT() REPRESENTATION_CONTEXT('2D SPACE',''
  ) );
#1549 = ADVANCED_FACE('',(#1550),#652,.T.);
#1550 = FACE_BOUND('',#1551,.T.);
#1551 = EDGE_LOOP('',(#1552,#1575,#1576,#1577));
#1552 = ORIENTED_EDGE('',*,*,#1553,.F.);
#1553 = EDGE_CURVE('',#538,#1554,#1556,.T.);
#1554 = VERTEX_POINT('',#1555);
#1555 = CARTESIAN_POINT('',(354.65,-50.,-20.));
#1556 = SURFACE_CURVE('',#1557,(#1561,#1568),.PCURVE_S1.);
#1557 = LINE('',#1558,#1559);
#1558 = CARTESIAN_POINT('',(0.,-50.,-20.));
#1559 = VECTOR('',#1560,1.);
#1560 = DIRECTION('',(1.,0.,0.));
#1561 = PCURVE('',#652,#1562);
#1562 = DEFINITIONAL_REPRESENTATION('',(#1563),#1567);
#1563 = LINE('',#1564,#1565);
#1564 = CARTESIAN_POINT('',(0.,0.));
#1565 = VECTOR('',#1566,1.);
#1566 = DIRECTION('',(0.,1.));
#1567 = ( GEOMETRIC_REPRESENTATION_CONTEXT(2) 
PARAMETRIC_REPRESENTATION_CONTEXT() REPRESENTATION_CONTEXT('2D SPACE',''
  ) );
#1568 = PCURVE('',#554,#1569);
#1569 = DEFINITIONAL_REPRESENTATION('',(#1570),#1574);
#1570 = LINE('',#1571,#1572);
#1571 = CARTESIAN_POINT('',(45.32,-20.));
#1572 = VECTOR('',#1573,1.);
#1573 = DIRECTION('',(1.,0.));
#1574 = ( GEOMETRIC_REPRESENTATION_CONTEXT(2) 
PARAMETRIC_REPRESENTATION_CONTEXT() REPRESENTATION_CONTEXT('2D SPACE',''
  ) );
#1575 = ORIENTED_EDGE('',*,*,#566,.F.);
#1576 = ORIENTED_EDGE('',*,*,#1331,.T.);
#1577 = ORIENTED_EDGE('',*,*,#1578,.F.);
#1578 = EDGE_CURVE('',#1554,#1332,#1579,.T.);
#1579 = SURFACE_CURVE('',#1580,(#1585,#1591),.PCURVE_S1.);
#1580 = CIRCLE('',#1581,30.);
#1581 = AXIS2_PLACEMENT_3D('',#1582,#1583,#1584);
#1582 = CARTESIAN_POINT('',(354.65,-20.,-20.));
#1583 = DIRECTION('',(1.,0.,0.));
#1584 = DIRECTION('',(0.,-1.,0.));
#1585 = PCURVE('',#652,#1586);
#1586 = DEFINITIONAL_REPRESENTATION('',(#1587),#1590);
#1587 = B_SPLINE_CURVE_WITH_KNOTS('',1,(#1588,#1589),.UNSPECIFIED.,.F.,
  .F.,(2,2),(0.,1.570796326795),.PIECEWISE_BEZIER_KNOTS.);
#1588 = CARTESIAN_POINT('',(0.,354.65));
#1589 = CARTESIAN_POINT('',(1.570796326795,354.65));
#1590 = ( GEOMETRIC_REPRESENTATION_CONTEXT(2) 
PARAMETRIC_REPRESENTATION_CONTEXT() REPRESENTATION_CONTEXT('2D SPACE',''
  ) );
#1591 = PCURVE('',#1538,#1592);
#1592 = DEFINITIONAL_REPRESENTATION('',(#1593),#1596);
#1593 = B_SPLINE_CURVE_WITH_KNOTS('',1,(#1594,#1595),.UNSPECIFIED.,.F.,
  .F.,(2,2),(0.,1.570796326795),.PIECEWISE_BEZIER_KNOTS.);
#1594 = CARTESIAN_POINT('',(0.,3.14159265359));
#1595 = CARTESIAN_POINT('',(0.,4.712388980385));
#1596 = ( GEOMETRIC_REPRESENTATION_CONTEXT(2) 
PARAMETRIC_REPRESENTATION_CONTEXT() REPRESENTATION_CONTEXT('2D SPACE',''
  ) );
#1597 = ADVANCED_FACE('',(#1598,#1651),#554,.T.);
#1598 = FACE_BOUND('',#1599,.T.);
#1599 = EDGE_LOOP('',(#1600,#1601,#1602,#1630));
#1600 = ORIENTED_EDGE('',*,*,#537,.T.);
#1601 = ORIENTED_EDGE('',*,*,#1553,.T.);
#1602 = ORIENTED_EDGE('',*,*,#1603,.F.);
#1603 = EDGE_CURVE('',#1604,#1554,#1606,.T.);
#1604 = VERTEX_POINT('',#1605);
#1605 = CARTESIAN_POINT('',(354.65,-50.,20.));
#1606 = SURFACE_CURVE('',#1607,(#1611,#1618),.PCURVE_S1.);
#1607 = LINE('',#1608,#1609);
#1608 = CARTESIAN_POINT('',(354.65,-50.,50.));
#1609 = VECTOR('',#1610,1.);
#1610 = DIRECTION('',(-1.224646799147E-16,-0.,-1.));
#1611 = PCURVE('',#554,#1612);
#1612 = DEFINITIONAL_REPRESENTATION('',(#1613),#1617);
#1613 = LINE('',#1614,#1615);
#1614 = CARTESIAN_POINT('',(399.97,50.));
#1615 = VECTOR('',#1616,1.);
#1616 = DIRECTION('',(-1.224646799147E-16,-1.));
#1617 = ( GEOMETRIC_REPRESENTATION_CONTEXT(2) 
PARAMETRIC_REPRESENTATION_CONTEXT() REPRESENTATION_CONTEXT('2D SPACE',''
  ) );
#1618 = PCURVE('',#1619,#1624);
#1619 = CYLINDRICAL_SURFACE('',#1620,50.);
#1620 = AXIS2_PLACEMENT_3D('',#1621,#1622,#1623);
#1621 = CARTESIAN_POINT('',(354.65,-100.,50.));
#1622 = DIRECTION('',(-1.224646799147E-16,-0.,-1.));
#1623 = DIRECTION('',(0.,1.,-0.));
#1624 = DEFINITIONAL_REPRESENTATION('',(#1625),#1629);
#1625 = LINE('',#1626,#1627);
#1626 = CARTESIAN_POINT('',(0.,0.));
#1627 = VECTOR('',#1628,1.);
#1628 = DIRECTION('',(0.,1.));
#1629 = ( GEOMETRIC_REPRESENTATION_CONTEXT(2) 
PARAMETRIC_REPRESENTATION_CONTEXT() REPRESENTATION_CONTEXT('2D SPACE',''
  ) );
#1630 = ORIENTED_EDGE('',*,*,#1631,.F.);
#1631 = EDGE_CURVE('',#369,#1604,#1632,.T.);
#1632 = SURFACE_CURVE('',#1633,(#1637,#1644),.PCURVE_S1.);
#1633 = LINE('',#1634,#1635);
#1634 = CARTESIAN_POINT('',(0.,-50.,20.));
#1635 = VECTOR('',#1636,1.);
#1636 = DIRECTION('',(1.,0.,0.));
#1637 = PCURVE('',#554,#1638);
#1638 = DEFINITIONAL_REPRESENTATION('',(#1639),#1643);
#1639 = LINE('',#1640,#1641);
#1640 = CARTESIAN_POINT('',(45.32,20.));
#1641 = VECTOR('',#1642,1.);
#1642 = DIRECTION('',(1.,0.));
#1643 = ( GEOMETRIC_REPRESENTATION_CONTEXT(2) 
PARAMETRIC_REPRESENTATION_CONTEXT() REPRESENTATION_CONTEXT('2D SPACE',''
  ) );
#1644 = PCURVE('',#478,#1645);
#1645 = DEFINITIONAL_REPRESENTATION('',(#1646),#1650);
#1646 = LINE('',#1647,#1648);
#1647 = CARTESIAN_POINT('',(-0.,0.));
#1648 = VECTOR('',#1649,1.);
#1649 = DIRECTION('',(-0.,1.));
#1650 = ( GEOMETRIC_REPRESENTATION_CONTEXT(2) 
PARAMETRIC_REPRESENTATION_CONTEXT() REPRESENTATION_CONTEXT('2D SPACE',''
  ) );
#1651 = FACE_BOUND('',#1652,.T.);
#1652 = EDGE_LOOP('',(#1653));
#1653 = ORIENTED_EDGE('',*,*,#1302,.T.);
#1654 = ADVANCED_FACE('',(#1655),#478,.T.);
#1655 = FACE_BOUND('',#1656,.F.);
#1656 = EDGE_LOOP('',(#1657,#1658,#1659,#1682));
#1657 = ORIENTED_EDGE('',*,*,#1631,.F.);
#1658 = ORIENTED_EDGE('',*,*,#368,.T.);
#1659 = ORIENTED_EDGE('',*,*,#1660,.T.);
#1660 = EDGE_CURVE('',#343,#1661,#1663,.T.);
#1661 = VERTEX_POINT('',#1662);
#1662 = CARTESIAN_POINT('',(354.65,-20.,50.));
#1663 = SURFACE_CURVE('',#1664,(#1668,#1675),.PCURVE_S1.);
#1664 = LINE('',#1665,#1666);
#1665 = CARTESIAN_POINT('',(0.,-20.,50.));
#1666 = VECTOR('',#1667,1.);
#1667 = DIRECTION('',(1.,0.,0.));
#1668 = PCURVE('',#478,#1669);
#1669 = DEFINITIONAL_REPRESENTATION('',(#1670),#1674);
#1670 = LINE('',#1671,#1672);
#1671 = CARTESIAN_POINT('',(-1.570796326795,0.));
#1672 = VECTOR('',#1673,1.);
#1673 = DIRECTION('',(-0.,1.));
#1674 = ( GEOMETRIC_REPRESENTATION_CONTEXT(2) 
PARAMETRIC_REPRESENTATION_CONTEXT() REPRESENTATION_CONTEXT('2D SPACE',''
  ) );
#1675 = PCURVE('',#357,#1676);
#1676 = DEFINITIONAL_REPRESENTATION('',(#1677),#1681);
#1677 = LINE('',#1678,#1679);
#1678 = CARTESIAN_POINT('',(20.,0.));
#1679 = VECTOR('',#1680,1.);
#1680 = DIRECTION('',(0.,1.));
#1681 = ( GEOMETRIC_REPRESENTATION_CONTEXT(2) 
PARAMETRIC_REPRESENTATION_CONTEXT() REPRESENTATION_CONTEXT('2D SPACE',''
  ) );
#1682 = ORIENTED_EDGE('',*,*,#1683,.F.);
#1683 = EDGE_CURVE('',#1604,#1661,#1684,.T.);
#1684 = SURFACE_CURVE('',#1685,(#1690,#1696),.PCURVE_S1.);
#1685 = CIRCLE('',#1686,30.);
#1686 = AXIS2_PLACEMENT_3D('',#1687,#1688,#1689);
#1687 = CARTESIAN_POINT('',(354.65,-20.,20.));
#1688 = DIRECTION('',(-1.,-0.,0.));
#1689 = DIRECTION('',(0.,-1.,0.));
#1690 = PCURVE('',#478,#1691);
#1691 = DEFINITIONAL_REPRESENTATION('',(#1692),#1695);
#1692 = B_SPLINE_CURVE_WITH_KNOTS('',1,(#1693,#1694),.UNSPECIFIED.,.F.,
  .F.,(2,2),(0.,1.570796326795),.PIECEWISE_BEZIER_KNOTS.);
#1693 = CARTESIAN_POINT('',(0.,354.65));
#1694 = CARTESIAN_POINT('',(-1.570796326795,354.65));
#1695 = ( GEOMETRIC_REPRESENTATION_CONTEXT(2) 
PARAMETRIC_REPRESENTATION_CONTEXT() REPRESENTATION_CONTEXT('2D SPACE',''
  ) );
#1696 = PCURVE('',#1697,#1702);
#1697 = TOROIDAL_SURFACE('',#1698,80.,30.);
#1698 = AXIS2_PLACEMENT_3D('',#1699,#1700,#1701);
#1699 = CARTESIAN_POINT('',(354.65,-100.,20.));
#1700 = DIRECTION('',(0.,-0.,-1.));
#1701 = DIRECTION('',(0.,1.,0.));
#1702 = DEFINITIONAL_REPRESENTATION('',(#1703),#1706);
#1703 = B_SPLINE_CURVE_WITH_KNOTS('',1,(#1704,#1705),.UNSPECIFIED.,.F.,
  .F.,(2,2),(0.,1.570796326795),.PIECEWISE_BEZIER_KNOTS.);
#1704 = CARTESIAN_POINT('',(0.,3.14159265359));
#1705 = CARTESIAN_POINT('',(0.,4.712388980385));
#1706 = ( GEOMETRIC_REPRESENTATION_CONTEXT(2) 
PARAMETRIC_REPRESENTATION_CONTEXT() REPRESENTATION_CONTEXT('2D SPACE',''
  ) );
#1707 = ADVANCED_FACE('',(#1708),#357,.T.);
#1708 = FACE_BOUND('',#1709,.T.);
#1709 = EDGE_LOOP('',(#1710,#1711,#1712,#1713,#1741,#1769,#1802,#1830,
    #1851,#1879));
#1710 = ORIENTED_EDGE('',*,*,#854,.F.);
#1711 = ORIENTED_EDGE('',*,*,#342,.F.);
#1712 = ORIENTED_EDGE('',*,*,#1660,.T.);
#1713 = ORIENTED_EDGE('',*,*,#1714,.T.);
#1714 = EDGE_CURVE('',#1661,#1715,#1717,.T.);
#1715 = VERTEX_POINT('',#1716);
#1716 = CARTESIAN_POINT('',(434.65,-100.,50.));
#1717 = SURFACE_CURVE('',#1718,(#1723,#1734),.PCURVE_S1.);
#1718 = CIRCLE('',#1719,80.);
#1719 = AXIS2_PLACEMENT_3D('',#1720,#1721,#1722);
#1720 = CARTESIAN_POINT('',(354.65,-100.,50.));
#1721 = DIRECTION('',(0.,0.,-1.));
#1722 = DIRECTION('',(0.,1.,0.));
#1723 = PCURVE('',#357,#1724);
#1724 = DEFINITIONAL_REPRESENTATION('',(#1725),#1733);
#1725 = ( BOUNDED_CURVE() B_SPLINE_CURVE(2,(#1726,#1727,#1728,#1729,
#1730,#1731,#1732),.UNSPECIFIED.,.T.,.F.) B_SPLINE_CURVE_WITH_KNOTS((1,2
    ,2,2,2,1),(-2.094395102393,0.,2.094395102393,4.188790204786,
6.28318530718,8.377580409573),.UNSPECIFIED.) CURVE() 
GEOMETRIC_REPRESENTATION_ITEM() RATIONAL_B_SPLINE_CURVE((1.,0.5,1.,0.5,
1.,0.5,1.)) REPRESENTATION_ITEM('') );
#1726 = CARTESIAN_POINT('',(20.,354.65));
#1727 = CARTESIAN_POINT('',(20.,493.21406460551));
#1728 = CARTESIAN_POINT('',(140.,423.93203230275));
#1729 = CARTESIAN_POINT('',(260.,354.65));
#1730 = CARTESIAN_POINT('',(140.,285.36796769724));
#1731 = CARTESIAN_POINT('',(20.,216.08593539449));
#1732 = CARTESIAN_POINT('',(20.,354.65));
#1733 = ( GEOMETRIC_REPRESENTATION_CONTEXT(2) 
PARAMETRIC_REPRESENTATION_CONTEXT() REPRESENTATION_CONTEXT('2D SPACE',''
  ) );
#1734 = PCURVE('',#1697,#1735);
#1735 = DEFINITIONAL_REPRESENTATION('',(#1736),#1740);
#1736 = LINE('',#1737,#1738);
#1737 = CARTESIAN_POINT('',(0.,4.712388980385));
#1738 = VECTOR('',#1739,1.);
#1739 = DIRECTION('',(1.,0.));
#1740 = ( GEOMETRIC_REPRESENTATION_CONTEXT(2) 
PARAMETRIC_REPRESENTATION_CONTEXT() REPRESENTATION_CONTEXT('2D SPACE',''
  ) );
#1741 = ORIENTED_EDGE('',*,*,#1742,.T.);
#1742 = EDGE_CURVE('',#1715,#1743,#1745,.T.);
#1743 = VERTEX_POINT('',#1744);
#1744 = CARTESIAN_POINT('',(434.65,-1.1E+03,50.));
#1745 = SURFACE_CURVE('',#1746,(#1750,#1757),.PCURVE_S1.);
#1746 = LINE('',#1747,#1748);
#1747 = CARTESIAN_POINT('',(434.65,-100.,50.));
#1748 = VECTOR('',#1749,1.);
#1749 = DIRECTION('',(-0.,-1.,0.));
#1750 = PCURVE('',#357,#1751);
#1751 = DEFINITIONAL_REPRESENTATION('',(#1752),#1756);
#1752 = LINE('',#1753,#1754);
#1753 = CARTESIAN_POINT('',(100.,434.65));
#1754 = VECTOR('',#1755,1.);
#1755 = DIRECTION('',(1.,0.));
#1756 = ( GEOMETRIC_REPRESENTATION_CONTEXT(2) 
PARAMETRIC_REPRESENTATION_CONTEXT() REPRESENTATION_CONTEXT('2D SPACE',''
  ) );
#1757 = PCURVE('',#1758,#1763);
#1758 = CYLINDRICAL_SURFACE('',#1759,30.);
#1759 = AXIS2_PLACEMENT_3D('',#1760,#1761,#1762);
#1760 = CARTESIAN_POINT('',(434.65,-100.,20.));
#1761 = DIRECTION('',(-0.,-1.,0.));
#1762 = DIRECTION('',(-1.,0.,1.224646799147E-16));
#1763 = DEFINITIONAL_REPRESENTATION('',(#1764),#1768);
#1764 = LINE('',#1765,#1766);
#1765 = CARTESIAN_POINT('',(-1.570796326795,0.));
#1766 = VECTOR('',#1767,1.);
#1767 = DIRECTION('',(-0.,1.));
#1768 = ( GEOMETRIC_REPRESENTATION_CONTEXT(2) 
PARAMETRIC_REPRESENTATION_CONTEXT() REPRESENTATION_CONTEXT('2D SPACE',''
  ) );
#1769 = ORIENTED_EDGE('',*,*,#1770,.T.);
#1770 = EDGE_CURVE('',#1743,#1771,#1773,.T.);
#1771 = VERTEX_POINT('',#1772);
#1772 = CARTESIAN_POINT('',(354.65,-1.18E+03,50.));
#1773 = SURFACE_CURVE('',#1774,(#1779,#1790),.PCURVE_S1.);
#1774 = CIRCLE('',#1775,80.);
#1775 = AXIS2_PLACEMENT_3D('',#1776,#1777,#1778);
#1776 = CARTESIAN_POINT('',(354.65,-1.1E+03,50.));
#1777 = DIRECTION('',(0.,0.,-1.));
#1778 = DIRECTION('',(1.,0.,0.));
#1779 = PCURVE('',#357,#1780);
#1780 = DEFINITIONAL_REPRESENTATION('',(#1781),#1789);
#1781 = ( BOUNDED_CURVE() B_SPLINE_CURVE(2,(#1782,#1783,#1784,#1785,
#1786,#1787,#1788),.UNSPECIFIED.,.T.,.F.) B_SPLINE_CURVE_WITH_KNOTS((1,2
    ,2,2,2,1),(-2.094395102393,0.,2.094395102393,4.188790204786,
6.28318530718,8.377580409573),.UNSPECIFIED.) CURVE() 
GEOMETRIC_REPRESENTATION_ITEM() RATIONAL_B_SPLINE_CURVE((1.,0.5,1.,0.5,
1.,0.5,1.)) REPRESENTATION_ITEM('') );
#1782 = CARTESIAN_POINT('',(1.1E+03,434.65));
#1783 = CARTESIAN_POINT('',(1.238564064606E+03,434.65));
#1784 = CARTESIAN_POINT('',(1.169282032303E+03,314.65));
#1785 = CARTESIAN_POINT('',(1.1E+03,194.65));
#1786 = CARTESIAN_POINT('',(1.030717967697E+03,314.65));
#1787 = CARTESIAN_POINT('',(961.43593539449,434.65));
#1788 = CARTESIAN_POINT('',(1.1E+03,434.65));
#1789 = ( GEOMETRIC_REPRESENTATION_CONTEXT(2) 
PARAMETRIC_REPRESENTATION_CONTEXT() REPRESENTATION_CONTEXT('2D SPACE',''
  ) );
#1790 = PCURVE('',#1791,#1796);
#1791 = TOROIDAL_SURFACE('',#1792,80.,30.);
#1792 = AXIS2_PLACEMENT_3D('',#1793,#1794,#1795);
#1793 = CARTESIAN_POINT('',(354.65,-1.1E+03,20.));
#1794 = DIRECTION('',(0.,-0.,-1.));
#1795 = DIRECTION('',(1.,0.,0.));
#1796 = DEFINITIONAL_REPRESENTATION('',(#1797),#1801);
#1797 = LINE('',#1798,#1799);
#1798 = CARTESIAN_POINT('',(0.,4.712388980385));
#1799 = VECTOR('',#1800,1.);
#1800 = DIRECTION('',(1.,0.));
#1801 = ( GEOMETRIC_REPRESENTATION_CONTEXT(2) 
PARAMETRIC_REPRESENTATION_CONTEXT() REPRESENTATION_CONTEXT('2D SPACE',''
  ) );
#1802 = ORIENTED_EDGE('',*,*,#1803,.T.);
#1803 = EDGE_CURVE('',#1771,#1804,#1806,.T.);
#1804 = VERTEX_POINT('',#1805);
#1805 = CARTESIAN_POINT('',(2.589286804255E-02,-1.18E+03,50.));
#1806 = SURFACE_CURVE('',#1807,(#1811,#1818),.PCURVE_S1.);
#1807 = LINE('',#1808,#1809);
#1808 = CARTESIAN_POINT('',(354.65,-1.18E+03,50.));
#1809 = VECTOR('',#1810,1.);
#1810 = DIRECTION('',(-1.,0.,0.));
#1811 = PCURVE('',#357,#1812);
#1812 = DEFINITIONAL_REPRESENTATION('',(#1813),#1817);
#1813 = LINE('',#1814,#1815);
#1814 = CARTESIAN_POINT('',(1.18E+03,354.65));
#1815 = VECTOR('',#1816,1.);
#1816 = DIRECTION('',(0.,-1.));
#1817 = ( GEOMETRIC_REPRESENTATION_CONTEXT(2) 
PARAMETRIC_REPRESENTATION_CONTEXT() REPRESENTATION_CONTEXT('2D SPACE',''
  ) );
#1818 = PCURVE('',#1819,#1824);
#1819 = CYLINDRICAL_SURFACE('',#1820,30.);
#1820 = AXIS2_PLACEMENT_3D('',#1821,#1822,#1823);
#1821 = CARTESIAN_POINT('',(354.65,-1.18E+03,20.));
#1822 = DIRECTION('',(-1.,0.,0.));
#1823 = DIRECTION('',(0.,1.,1.224646799147E-16));
#1824 = DEFINITIONAL_REPRESENTATION('',(#1825),#1829);
#1825 = LINE('',#1826,#1827);
#1826 = CARTESIAN_POINT('',(-1.570796326795,0.));
#1827 = VECTOR('',#1828,1.);
#1828 = DIRECTION('',(-0.,1.));
#1829 = ( GEOMETRIC_REPRESENTATION_CONTEXT(2) 
PARAMETRIC_REPRESENTATION_CONTEXT() REPRESENTATION_CONTEXT('2D SPACE',''
  ) );
#1830 = ORIENTED_EDGE('',*,*,#1831,.T.);
#1831 = EDGE_CURVE('',#1804,#1832,#1834,.T.);
#1832 = VERTEX_POINT('',#1833);
#1833 = CARTESIAN_POINT('',(2.589286804312E-02,-1.22E+03,50.));
#1834 = SURFACE_CURVE('',#1835,(#1839,#1845),.PCURVE_S1.);
#1835 = LINE('',#1836,#1837);
#1836 = CARTESIAN_POINT('',(2.589286804263E-02,-1.25E+03,50.));
#1837 = VECTOR('',#1838,1.);
#1838 = DIRECTION('',(-0.,-1.,-0.));
#1839 = PCURVE('',#357,#1840);
#1840 = DEFINITIONAL_REPRESENTATION('',(#1841),#1844);
#1841 = B_SPLINE_CURVE_WITH_KNOTS('',1,(#1842,#1843),.UNSPECIFIED.,.F.,
  .F.,(2,2),(-100.0000006,6.000000212225E-07),.PIECEWISE_BEZIER_KNOTS.);
#1842 = CARTESIAN_POINT('',(1.1499999994E+03,2.589286804263E-02));
#1843 = CARTESIAN_POINT('',(1.2500000006E+03,2.589286804263E-02));
#1844 = ( GEOMETRIC_REPRESENTATION_CONTEXT(2) 
PARAMETRIC_REPRESENTATION_CONTEXT() REPRESENTATION_CONTEXT('2D SPACE',''
  ) );
#1845 = PCURVE('',#1427,#1846);
#1846 = DEFINITIONAL_REPRESENTATION('',(#1847),#1850);
#1847 = B_SPLINE_CURVE_WITH_KNOTS('',1,(#1848,#1849),.UNSPECIFIED.,.F.,
  .F.,(2,2),(-100.0000006,6.000000212225E-07),.PIECEWISE_BEZIER_KNOTS.);
#1848 = CARTESIAN_POINT('',(0.834172324776,-100.0000006));
#1849 = CARTESIAN_POINT('',(0.834172324776,6.000000212225E-07));
#1850 = ( GEOMETRIC_REPRESENTATION_CONTEXT(2) 
PARAMETRIC_REPRESENTATION_CONTEXT() REPRESENTATION_CONTEXT('2D SPACE',''
  ) );
#1851 = ORIENTED_EDGE('',*,*,#1852,.F.);
#1852 = EDGE_CURVE('',#1853,#1832,#1855,.T.);
#1853 = VERTEX_POINT('',#1854);
#1854 = CARTESIAN_POINT('',(454.75,-1.22E+03,50.));
#1855 = SURFACE_CURVE('',#1856,(#1860,#1867),.PCURVE_S1.);
#1856 = LINE('',#1857,#1858);
#1857 = CARTESIAN_POINT('',(504.65,-1.22E+03,50.));
#1858 = VECTOR('',#1859,1.);
#1859 = DIRECTION('',(-1.,0.,0.));
#1860 = PCURVE('',#357,#1861);
#1861 = DEFINITIONAL_REPRESENTATION('',(#1862),#1866);
#1862 = LINE('',#1863,#1864);
#1863 = CARTESIAN_POINT('',(1.22E+03,504.65));
#1864 = VECTOR('',#1865,1.);
#1865 = DIRECTION('',(0.,-1.));
#1866 = ( GEOMETRIC_REPRESENTATION_CONTEXT(2) 
PARAMETRIC_REPRESENTATION_CONTEXT() REPRESENTATION_CONTEXT('2D SPACE',''
  ) );
#1867 = PCURVE('',#1868,#1873);
#1868 = CYLINDRICAL_SURFACE('',#1869,30.);
#1869 = AXIS2_PLACEMENT_3D('',#1870,#1871,#1872);
#1870 = CARTESIAN_POINT('',(504.65,-1.22E+03,20.));
#1871 = DIRECTION('',(-1.,0.,0.));
#1872 = DIRECTION('',(0.,0.,1.));
#1873 = DEFINITIONAL_REPRESENTATION('',(#1874),#1878);
#1874 = LINE('',#1875,#1876);
#1875 = CARTESIAN_POINT('',(-0.,0.));
#1876 = VECTOR('',#1877,1.);
#1877 = DIRECTION('',(-0.,1.));
#1878 = ( GEOMETRIC_REPRESENTATION_CONTEXT(2) 
PARAMETRIC_REPRESENTATION_CONTEXT() REPRESENTATION_CONTEXT('2D SPACE',''
  ) );
#1879 = ORIENTED_EDGE('',*,*,#1880,.F.);
#1880 = EDGE_CURVE('',#855,#1853,#1881,.T.);
#1881 = SURFACE_CURVE('',#1882,(#1886,#1893),.PCURVE_S1.);
#1882 = LINE('',#1883,#1884);
#1883 = CARTESIAN_POINT('',(454.75,20.,50.));
#1884 = VECTOR('',#1885,1.);
#1885 = DIRECTION('',(0.,-1.,0.));
#1886 = PCURVE('',#357,#1887);
#1887 = DEFINITIONAL_REPRESENTATION('',(#1888),#1892);
#1888 = LINE('',#1889,#1890);
#1889 = CARTESIAN_POINT('',(-20.,454.75));
#1890 = VECTOR('',#1891,1.);
#1891 = DIRECTION('',(1.,0.));
#1892 = ( GEOMETRIC_REPRESENTATION_CONTEXT(2) 
PARAMETRIC_REPRESENTATION_CONTEXT() REPRESENTATION_CONTEXT('2D SPACE',''
  ) );
#1893 = PCURVE('',#1894,#1899);
#1894 = CYLINDRICAL_SURFACE('',#1895,49.9);
#1895 = AXIS2_PLACEMENT_3D('',#1896,#1897,#1898);
#1896 = CARTESIAN_POINT('',(454.75,20.,0.1));
#1897 = DIRECTION('',(0.,-1.,0.));
#1898 = DIRECTION('',(-0.,0.,1.));
#1899 = DEFINITIONAL_REPRESENTATION('',(#1900),#1904);
#1900 = LINE('',#1901,#1902);
#1901 = CARTESIAN_POINT('',(-0.,0.));
#1902 = VECTOR('',#1903,1.);
#1903 = DIRECTION('',(-0.,1.));
#1904 = ( GEOMETRIC_REPRESENTATION_CONTEXT(2) 
PARAMETRIC_REPRESENTATION_CONTEXT() REPRESENTATION_CONTEXT('2D SPACE',''
  ) );
#1905 = ADVANCED_FACE('',(#1906),#907,.T.);
#1906 = FACE_BOUND('',#1907,.T.);
#1907 = EDGE_LOOP('',(#1908,#1909,#1910));
#1908 = ORIENTED_EDGE('',*,*,#1238,.F.);
#1909 = ORIENTED_EDGE('',*,*,#879,.T.);
#1910 = ORIENTED_EDGE('',*,*,#1911,.T.);
#1911 = EDGE_CURVE('',#855,#1211,#1912,.T.);
#1912 = SURFACE_CURVE('',#1913,(#1921,#1933),.PCURVE_S1.);
#1913 = B_SPLINE_CURVE_WITH_KNOTS('',6,(#1914,#1915,#1916,#1917,#1918,
    #1919,#1920),.UNSPECIFIED.,.F.,.F.,(7,7),(0.,1.),
  .PIECEWISE_BEZIER_KNOTS.);
#1914 = CARTESIAN_POINT('',(454.75,20.,50.));
#1915 = CARTESIAN_POINT('',(467.81378945117,16.683333333333,50.));
#1916 = CARTESIAN_POINT('',(480.87646738518,13.366666666667,
    45.896838467588));
#1917 = CARTESIAN_POINT('',(492.33418846704,10.05,37.684188467046));
#1918 = CARTESIAN_POINT('',(500.54683846758,6.733333333333,
    26.226467385187));
#1919 = CARTESIAN_POINT('',(504.65,3.416666666667,13.163789451178));
#1920 = CARTESIAN_POINT('',(504.65,0.1,0.1));
#1921 = PCURVE('',#907,#1922);
#1922 = DEFINITIONAL_REPRESENTATION('',(#1923),#1932);
#1923 = B_SPLINE_CURVE_WITH_KNOTS('',7,(#1924,#1925,#1926,#1927,#1928,
    #1929,#1930,#1931),.UNSPECIFIED.,.F.,.F.,(8,8),(0.,1.),
  .PIECEWISE_BEZIER_KNOTS.);
#1924 = CARTESIAN_POINT('',(1.,-1.110223024625E-16));
#1925 = CARTESIAN_POINT('',(1.,0.142857142857));
#1926 = CARTESIAN_POINT('',(1.,0.285703034428));
#1927 = CARTESIAN_POINT('',(1.,0.42860014374));
#1928 = CARTESIAN_POINT('',(1.,0.57139985626));
#1929 = CARTESIAN_POINT('',(1.,0.714296965572));
#1930 = CARTESIAN_POINT('',(1.,0.857142857143));
#1931 = CARTESIAN_POINT('',(1.,1.));
#1932 = ( GEOMETRIC_REPRESENTATION_CONTEXT(2) 
PARAMETRIC_REPRESENTATION_CONTEXT() REPRESENTATION_CONTEXT('2D SPACE',''
  ) );
#1933 = PCURVE('',#1894,#1934);
#1934 = DEFINITIONAL_REPRESENTATION('',(#1935),#1944);
#1935 = B_SPLINE_CURVE_WITH_KNOTS('',7,(#1936,#1937,#1938,#1939,#1940,
    #1941,#1942,#1943),.UNSPECIFIED.,.F.,.F.,(8,8),(0.,1.),
  .PIECEWISE_BEZIER_KNOTS.);
#1936 = CARTESIAN_POINT('',(0.,0.));
#1937 = CARTESIAN_POINT('',(-0.224399475256,2.842857142857));
#1938 = CARTESIAN_POINT('',(-0.448781277025,5.685490385012));
#1939 = CARTESIAN_POINT('',(-0.673243531471,8.529142860687));
#1940 = CARTESIAN_POINT('',(-0.897552795324,11.370857139313));
#1941 = CARTESIAN_POINT('',(-1.12201504977,14.214509614988));
#1942 = CARTESIAN_POINT('',(-1.346396851538,17.057142857143));
#1943 = CARTESIAN_POINT('',(-1.570796326795,19.9));
#1944 = ( GEOMETRIC_REPRESENTATION_CONTEXT(2) 
PARAMETRIC_REPRESENTATION_CONTEXT() REPRESENTATION_CONTEXT('2D SPACE',''
  ) );
#1945 = ADVANCED_FACE('',(#1946),#1071,.T.);
#1946 = FACE_BOUND('',#1947,.T.);
#1947 = EDGE_LOOP('',(#1948,#1983,#1984));
#1948 = ORIENTED_EDGE('',*,*,#1949,.F.);
#1949 = EDGE_CURVE('',#1019,#1183,#1950,.T.);
#1950 = SURFACE_CURVE('',#1951,(#1959,#1971),.PCURVE_S1.);
#1951 = B_SPLINE_CURVE_WITH_KNOTS('',6,(#1952,#1953,#1954,#1955,#1956,
    #1957,#1958),.UNSPECIFIED.,.F.,.F.,(7,7),(0.,1.),
  .PIECEWISE_BEZIER_KNOTS.);
#1952 = CARTESIAN_POINT('',(454.75,20.,-50.));
#1953 = CARTESIAN_POINT('',(467.81378945117,16.683333333333,-50.));
#1954 = CARTESIAN_POINT('',(480.87646738518,13.366666666667,
    -45.89683846758));
#1955 = CARTESIAN_POINT('',(492.33418846704,10.05,-37.68418846704));
#1956 = CARTESIAN_POINT('',(500.54683846758,6.733333333333,
    -26.22646738518));
#1957 = CARTESIAN_POINT('',(504.65,3.416666666667,-13.16378945117));
#1958 = CARTESIAN_POINT('',(504.65,9.999999999991E-02,
    -9.999999999999E-02));
#1959 = PCURVE('',#1071,#1960);
#1960 = DEFINITIONAL_REPRESENTATION('',(#1961),#1970);
#1961 = B_SPLINE_CURVE_WITH_KNOTS('',7,(#1962,#1963,#1964,#1965,#1966,
    #1967,#1968,#1969),.UNSPECIFIED.,.F.,.F.,(8,8),(0.,1.),
  .PIECEWISE_BEZIER_KNOTS.);
#1962 = CARTESIAN_POINT('',(0.,0.));
#1963 = CARTESIAN_POINT('',(0.,0.142857142857));
#1964 = CARTESIAN_POINT('',(0.,0.285703034428));
#1965 = CARTESIAN_POINT('',(0.,0.42860014374));
#1966 = CARTESIAN_POINT('',(0.,0.57139985626));
#1967 = CARTESIAN_POINT('',(0.,0.714296965572));
#1968 = CARTESIAN_POINT('',(0.,0.857142857143));
#1969 = CARTESIAN_POINT('',(0.,1.));
#1970 = ( GEOMETRIC_REPRESENTATION_CONTEXT(2) 
PARAMETRIC_REPRESENTATION_CONTEXT() REPRESENTATION_CONTEXT('2D SPACE',''
  ) );
#1971 = PCURVE('',#1372,#1972);
#1972 = DEFINITIONAL_REPRESENTATION('',(#1973),#1982);
#1973 = B_SPLINE_CURVE_WITH_KNOTS('',7,(#1974,#1975,#1976,#1977,#1978,
    #1979,#1980,#1981),.UNSPECIFIED.,.F.,.F.,(8,8),(0.,1.),
  .PIECEWISE_BEZIER_KNOTS.);
#1974 = CARTESIAN_POINT('',(-2.22044604925E-16,1.24E+03));
#1975 = CARTESIAN_POINT('',(-0.224399475256,1.237157142857E+03));
#1976 = CARTESIAN_POINT('',(-0.448781277025,1.234314509615E+03));
#1977 = CARTESIAN_POINT('',(-0.673243531471,1.231470857139E+03));
#1978 = CARTESIAN_POINT('',(-0.897552795324,1.228629142861E+03));
#1979 = CARTESIAN_POINT('',(-1.12201504977,1.225785490385E+03));
#1980 = CARTESIAN_POINT('',(-1.346396851538,1.222942857143E+03));
#1981 = CARTESIAN_POINT('',(-1.570796326795,1.2201E+03));
#1982 = ( GEOMETRIC_REPRESENTATION_CONTEXT(2) 
PARAMETRIC_REPRESENTATION_CONTEXT() REPRESENTATION_CONTEXT('2D SPACE',''
  ) );
#1983 = ORIENTED_EDGE('',*,*,#1043,.T.);
#1984 = ORIENTED_EDGE('',*,*,#1182,.T.);
#1985 = ADVANCED_FACE('',(#1986),#1226,.T.);
#1986 = FACE_BOUND('',#1987,.T.);
#1987 = EDGE_LOOP('',(#1988,#2011,#2039,#2060));
#1988 = ORIENTED_EDGE('',*,*,#1989,.T.);
#1989 = EDGE_CURVE('',#1211,#1990,#1992,.T.);
#1990 = VERTEX_POINT('',#1991);
#1991 = CARTESIAN_POINT('',(504.65,-1.2001E+03,0.1));
#1992 = SURFACE_CURVE('',#1993,(#1997,#2004),.PCURVE_S1.);
#1993 = LINE('',#1994,#1995);
#1994 = CARTESIAN_POINT('',(504.65,20.,0.1));
#1995 = VECTOR('',#1996,1.);
#1996 = DIRECTION('',(0.,-1.,0.));
#1997 = PCURVE('',#1226,#1998);
#1998 = DEFINITIONAL_REPRESENTATION('',(#1999),#2003);
#1999 = LINE('',#2000,#2001);
#2000 = CARTESIAN_POINT('',(0.1,-20.));
#2001 = VECTOR('',#2002,1.);
#2002 = DIRECTION('',(0.,1.));
#2003 = ( GEOMETRIC_REPRESENTATION_CONTEXT(2) 
PARAMETRIC_REPRESENTATION_CONTEXT() REPRESENTATION_CONTEXT('2D SPACE',''
  ) );
#2004 = PCURVE('',#1894,#2005);
#2005 = DEFINITIONAL_REPRESENTATION('',(#2006),#2010);
#2006 = LINE('',#2007,#2008);
#2007 = CARTESIAN_POINT('',(-1.570796326795,0.));
#2008 = VECTOR('',#2009,1.);
#2009 = DIRECTION('',(-0.,1.));
#2010 = ( GEOMETRIC_REPRESENTATION_CONTEXT(2) 
PARAMETRIC_REPRESENTATION_CONTEXT() REPRESENTATION_CONTEXT('2D SPACE',''
  ) );
#2011 = ORIENTED_EDGE('',*,*,#2012,.T.);
#2012 = EDGE_CURVE('',#1990,#2013,#2015,.T.);
#2013 = VERTEX_POINT('',#2014);
#2014 = CARTESIAN_POINT('',(504.65,-1.2001E+03,-9.999999999999E-02));
#2015 = SURFACE_CURVE('',#2016,(#2020,#2027),.PCURVE_S1.);
#2016 = LINE('',#2017,#2018);
#2017 = CARTESIAN_POINT('',(504.65,-1.2001E+03,20.));
#2018 = VECTOR('',#2019,1.);
#2019 = DIRECTION('',(-1.224646799147E-16,1.224646799147E-16,-1.));
#2020 = PCURVE('',#1226,#2021);
#2021 = DEFINITIONAL_REPRESENTATION('',(#2022),#2026);
#2022 = LINE('',#2023,#2024);
#2023 = CARTESIAN_POINT('',(20.,1.2001E+03));
#2024 = VECTOR('',#2025,1.);
#2025 = DIRECTION('',(-1.,-1.224646799147E-16));
#2026 = ( GEOMETRIC_REPRESENTATION_CONTEXT(2) 
PARAMETRIC_REPRESENTATION_CONTEXT() REPRESENTATION_CONTEXT('2D SPACE',''
  ) );
#2027 = PCURVE('',#2028,#2033);
#2028 = CYLINDRICAL_SURFACE('',#2029,49.9);
#2029 = AXIS2_PLACEMENT_3D('',#2030,#2031,#2032);
#2030 = CARTESIAN_POINT('',(454.75,-1.2001E+03,20.));
#2031 = DIRECTION('',(-1.224646799147E-16,1.224646799147E-16,-1.));
#2032 = DIRECTION('',(-6.016155777704E-49,-1.,-1.224646799147E-16));
#2033 = DEFINITIONAL_REPRESENTATION('',(#2034),#2038);
#2034 = LINE('',#2035,#2036);
#2035 = CARTESIAN_POINT('',(-1.570796326795,0.));
#2036 = VECTOR('',#2037,1.);
#2037 = DIRECTION('',(-0.,1.));
#2038 = ( GEOMETRIC_REPRESENTATION_CONTEXT(2) 
PARAMETRIC_REPRESENTATION_CONTEXT() REPRESENTATION_CONTEXT('2D SPACE',''
  ) );
#2039 = ORIENTED_EDGE('',*,*,#2040,.T.);
#2040 = EDGE_CURVE('',#2013,#1183,#2041,.T.);
#2041 = SURFACE_CURVE('',#2042,(#2046,#2053),.PCURVE_S1.);
#2042 = LINE('',#2043,#2044);
#2043 = CARTESIAN_POINT('',(504.65,-1.22E+03,-9.999999999999E-02));
#2044 = VECTOR('',#2045,1.);
#2045 = DIRECTION('',(-0.,1.,-0.));
#2046 = PCURVE('',#1226,#2047);
#2047 = DEFINITIONAL_REPRESENTATION('',(#2048),#2052);
#2048 = LINE('',#2049,#2050);
#2049 = CARTESIAN_POINT('',(-9.999999999999E-02,1.22E+03));
#2050 = VECTOR('',#2051,1.);
#2051 = DIRECTION('',(0.,-1.));
#2052 = ( GEOMETRIC_REPRESENTATION_CONTEXT(2) 
PARAMETRIC_REPRESENTATION_CONTEXT() REPRESENTATION_CONTEXT('2D SPACE',''
  ) );
#2053 = PCURVE('',#1372,#2054);
#2054 = DEFINITIONAL_REPRESENTATION('',(#2055),#2059);
#2055 = LINE('',#2056,#2057);
#2056 = CARTESIAN_POINT('',(-1.570796326795,0.));
#2057 = VECTOR('',#2058,1.);
#2058 = DIRECTION('',(-0.,1.));
#2059 = ( GEOMETRIC_REPRESENTATION_CONTEXT(2) 
PARAMETRIC_REPRESENTATION_CONTEXT() REPRESENTATION_CONTEXT('2D SPACE',''
  ) );
#2060 = ORIENTED_EDGE('',*,*,#1210,.T.);
#2061 = ADVANCED_FACE('',(#2062),#1538,.T.);
#2062 = FACE_BOUND('',#2063,.F.);
#2063 = EDGE_LOOP('',(#2064,#2065,#2089,#2109));
#2064 = ORIENTED_EDGE('',*,*,#1578,.F.);
#2065 = ORIENTED_EDGE('',*,*,#2066,.T.);
#2066 = EDGE_CURVE('',#1554,#2067,#2069,.T.);
#2067 = VERTEX_POINT('',#2068);
#2068 = CARTESIAN_POINT('',(404.65,-100.,-20.));
#2069 = SURFACE_CURVE('',#2070,(#2075,#2082),.PCURVE_S1.);
#2070 = CIRCLE('',#2071,50.);
#2071 = AXIS2_PLACEMENT_3D('',#2072,#2073,#2074);
#2072 = CARTESIAN_POINT('',(354.65,-100.,-20.));
#2073 = DIRECTION('',(0.,0.,-1.));
#2074 = DIRECTION('',(0.,1.,0.));
#2075 = PCURVE('',#1538,#2076);
#2076 = DEFINITIONAL_REPRESENTATION('',(#2077),#2081);
#2077 = LINE('',#2078,#2079);
#2078 = CARTESIAN_POINT('',(-0.,3.14159265359));
#2079 = VECTOR('',#2080,1.);
#2080 = DIRECTION('',(-1.,0.));
#2081 = ( GEOMETRIC_REPRESENTATION_CONTEXT(2) 
PARAMETRIC_REPRESENTATION_CONTEXT() REPRESENTATION_CONTEXT('2D SPACE',''
  ) );
#2082 = PCURVE('',#1619,#2083);
#2083 = DEFINITIONAL_REPRESENTATION('',(#2084),#2088);
#2084 = LINE('',#2085,#2086);
#2085 = CARTESIAN_POINT('',(0.,70.));
#2086 = VECTOR('',#2087,1.);
#2087 = DIRECTION('',(1.,0.));
#2088 = ( GEOMETRIC_REPRESENTATION_CONTEXT(2) 
PARAMETRIC_REPRESENTATION_CONTEXT() REPRESENTATION_CONTEXT('2D SPACE',''
  ) );
#2089 = ORIENTED_EDGE('',*,*,#2090,.T.);
#2090 = EDGE_CURVE('',#2067,#1496,#2091,.T.);
#2091 = SURFACE_CURVE('',#2092,(#2097,#2103),.PCURVE_S1.);
#2092 = CIRCLE('',#2093,30.);
#2093 = AXIS2_PLACEMENT_3D('',#2094,#2095,#2096);
#2094 = CARTESIAN_POINT('',(434.65,-100.,-20.));
#2095 = DIRECTION('',(6.123233995737E-17,-1.,0.));
#2096 = DIRECTION('',(1.,6.123233995737E-17,0.));
#2097 = PCURVE('',#1538,#2098);
#2098 = DEFINITIONAL_REPRESENTATION('',(#2099),#2102);
#2099 = B_SPLINE_CURVE_WITH_KNOTS('',1,(#2100,#2101),.UNSPECIFIED.,.F.,
  .F.,(2,2),(3.14159265359,4.712388980385),.PIECEWISE_BEZIER_KNOTS.);
#2100 = CARTESIAN_POINT('',(-1.570796326795,3.14159265359));
#2101 = CARTESIAN_POINT('',(-1.570796326795,4.712388980385));
#2102 = ( GEOMETRIC_REPRESENTATION_CONTEXT(2) 
PARAMETRIC_REPRESENTATION_CONTEXT() REPRESENTATION_CONTEXT('2D SPACE',''
  ) );
#2103 = PCURVE('',#1511,#2104);
#2104 = DEFINITIONAL_REPRESENTATION('',(#2105),#2108);
#2105 = B_SPLINE_CURVE_WITH_KNOTS('',1,(#2106,#2107),.UNSPECIFIED.,.F.,
  .F.,(2,2),(3.14159265359,4.712388980385),.PIECEWISE_BEZIER_KNOTS.);
#2106 = CARTESIAN_POINT('',(0.,0.));
#2107 = CARTESIAN_POINT('',(1.570796326795,0.));
#2108 = ( GEOMETRIC_REPRESENTATION_CONTEXT(2) 
PARAMETRIC_REPRESENTATION_CONTEXT() REPRESENTATION_CONTEXT('2D SPACE',''
  ) );
#2109 = ORIENTED_EDGE('',*,*,#1523,.F.);
#2110 = ADVANCED_FACE('',(#2111),#1511,.T.);
#2111 = FACE_BOUND('',#2112,.T.);
#2112 = EDGE_LOOP('',(#2113,#2114,#2115,#2137));
#2113 = ORIENTED_EDGE('',*,*,#2090,.T.);
#2114 = ORIENTED_EDGE('',*,*,#1495,.T.);
#2115 = ORIENTED_EDGE('',*,*,#2116,.F.);
#2116 = EDGE_CURVE('',#2117,#1467,#2119,.T.);
#2117 = VERTEX_POINT('',#2118);
#2118 = CARTESIAN_POINT('',(404.65,-1.1E+03,-20.));
#2119 = SURFACE_CURVE('',#2120,(#2125,#2131),.PCURVE_S1.);
#2120 = CIRCLE('',#2121,30.);
#2121 = AXIS2_PLACEMENT_3D('',#2122,#2123,#2124);
#2122 = CARTESIAN_POINT('',(434.65,-1.1E+03,-20.));
#2123 = DIRECTION('',(-0.,-1.,0.));
#2124 = DIRECTION('',(-1.,0.,1.224646799147E-16));
#2125 = PCURVE('',#1511,#2126);
#2126 = DEFINITIONAL_REPRESENTATION('',(#2127),#2130);
#2127 = B_SPLINE_CURVE_WITH_KNOTS('',1,(#2128,#2129),.UNSPECIFIED.,.F.,
  .F.,(2,2),(0.,1.570796326795),.PIECEWISE_BEZIER_KNOTS.);
#2128 = CARTESIAN_POINT('',(0.,1.E+03));
#2129 = CARTESIAN_POINT('',(1.570796326795,1.E+03));
#2130 = ( GEOMETRIC_REPRESENTATION_CONTEXT(2) 
PARAMETRIC_REPRESENTATION_CONTEXT() REPRESENTATION_CONTEXT('2D SPACE',''
  ) );
#2131 = PCURVE('',#1483,#2132);
#2132 = DEFINITIONAL_REPRESENTATION('',(#2133),#2136);
#2133 = B_SPLINE_CURVE_WITH_KNOTS('',1,(#2134,#2135),.UNSPECIFIED.,.F.,
  .F.,(2,2),(0.,1.570796326795),.PIECEWISE_BEZIER_KNOTS.);
#2134 = CARTESIAN_POINT('',(0.,3.14159265359));
#2135 = CARTESIAN_POINT('',(0.,4.712388980385));
#2136 = ( GEOMETRIC_REPRESENTATION_CONTEXT(2) 
PARAMETRIC_REPRESENTATION_CONTEXT() REPRESENTATION_CONTEXT('2D SPACE',''
  ) );
#2137 = ORIENTED_EDGE('',*,*,#2138,.F.);
#2138 = EDGE_CURVE('',#2067,#2117,#2139,.T.);
#2139 = SURFACE_CURVE('',#2140,(#2144,#2151),.PCURVE_S1.);
#2140 = LINE('',#2141,#2142);
#2141 = CARTESIAN_POINT('',(404.65,-100.,-20.));
#2142 = VECTOR('',#2143,1.);
#2143 = DIRECTION('',(-0.,-1.,0.));
#2144 = PCURVE('',#1511,#2145);
#2145 = DEFINITIONAL_REPRESENTATION('',(#2146),#2150);
#2146 = LINE('',#2147,#2148);
#2147 = CARTESIAN_POINT('',(0.,0.));
#2148 = VECTOR('',#2149,1.);
#2149 = DIRECTION('',(0.,1.));
#2150 = ( GEOMETRIC_REPRESENTATION_CONTEXT(2) 
PARAMETRIC_REPRESENTATION_CONTEXT() REPRESENTATION_CONTEXT('2D SPACE',''
  ) );
#2151 = PCURVE('',#2152,#2157);
#2152 = PLANE('',#2153);
#2153 = AXIS2_PLACEMENT_3D('',#2154,#2155,#2156);
#2154 = CARTESIAN_POINT('',(404.65,0.,6.123233995737E-15));
#2155 = DIRECTION('',(-1.,0.,1.224646799147E-16));
#2156 = DIRECTION('',(-1.224646799147E-16,0.,-1.));
#2157 = DEFINITIONAL_REPRESENTATION('',(#2158),#2162);
#2158 = LINE('',#2159,#2160);
#2159 = CARTESIAN_POINT('',(20.,100.));
#2160 = VECTOR('',#2161,1.);
#2161 = DIRECTION('',(0.,1.));
#2162 = ( GEOMETRIC_REPRESENTATION_CONTEXT(2) 
PARAMETRIC_REPRESENTATION_CONTEXT() REPRESENTATION_CONTEXT('2D SPACE',''
  ) );
#2163 = ADVANCED_FACE('',(#2164),#1483,.T.);
#2164 = FACE_BOUND('',#2165,.F.);
#2165 = EDGE_LOOP('',(#2166,#2167,#2196,#2216));
#2166 = ORIENTED_EDGE('',*,*,#2116,.F.);
#2167 = ORIENTED_EDGE('',*,*,#2168,.T.);
#2168 = EDGE_CURVE('',#2117,#2169,#2171,.T.);
#2169 = VERTEX_POINT('',#2170);
#2170 = CARTESIAN_POINT('',(354.65,-1.15E+03,-20.));
#2171 = SURFACE_CURVE('',#2172,(#2177,#2184),.PCURVE_S1.);
#2172 = CIRCLE('',#2173,50.);
#2173 = AXIS2_PLACEMENT_3D('',#2174,#2175,#2176);
#2174 = CARTESIAN_POINT('',(354.65,-1.1E+03,-20.));
#2175 = DIRECTION('',(0.,0.,-1.));
#2176 = DIRECTION('',(1.,0.,0.));
#2177 = PCURVE('',#1483,#2178);
#2178 = DEFINITIONAL_REPRESENTATION('',(#2179),#2183);
#2179 = LINE('',#2180,#2181);
#2180 = CARTESIAN_POINT('',(-0.,3.14159265359));
#2181 = VECTOR('',#2182,1.);
#2182 = DIRECTION('',(-1.,0.));
#2183 = ( GEOMETRIC_REPRESENTATION_CONTEXT(2) 
PARAMETRIC_REPRESENTATION_CONTEXT() REPRESENTATION_CONTEXT('2D SPACE',''
  ) );
#2184 = PCURVE('',#2185,#2190);
#2185 = CYLINDRICAL_SURFACE('',#2186,50.);
#2186 = AXIS2_PLACEMENT_3D('',#2187,#2188,#2189);
#2187 = CARTESIAN_POINT('',(354.65,-1.1E+03,50.));
#2188 = DIRECTION('',(-1.224646799147E-16,1.224646799147E-16,-1.));
#2189 = DIRECTION('',(1.,0.,-1.224646799147E-16));
#2190 = DEFINITIONAL_REPRESENTATION('',(#2191),#2195);
#2191 = LINE('',#2192,#2193);
#2192 = CARTESIAN_POINT('',(0.,70.));
#2193 = VECTOR('',#2194,1.);
#2194 = DIRECTION('',(1.,0.));
#2195 = ( GEOMETRIC_REPRESENTATION_CONTEXT(2) 
PARAMETRIC_REPRESENTATION_CONTEXT() REPRESENTATION_CONTEXT('2D SPACE',''
  ) );
#2196 = ORIENTED_EDGE('',*,*,#2197,.T.);
#2197 = EDGE_CURVE('',#2169,#1439,#2198,.T.);
#2198 = SURFACE_CURVE('',#2199,(#2204,#2210),.PCURVE_S1.);
#2199 = CIRCLE('',#2200,30.);
#2200 = AXIS2_PLACEMENT_3D('',#2201,#2202,#2203);
#2201 = CARTESIAN_POINT('',(354.65,-1.18E+03,-20.));
#2202 = DIRECTION('',(-1.,-6.123233995737E-17,0.));
#2203 = DIRECTION('',(6.123233995737E-17,-1.,0.));
#2204 = PCURVE('',#1483,#2205);
#2205 = DEFINITIONAL_REPRESENTATION('',(#2206),#2209);
#2206 = B_SPLINE_CURVE_WITH_KNOTS('',1,(#2207,#2208),.UNSPECIFIED.,.F.,
  .F.,(2,2),(3.14159265359,4.712388980385),.PIECEWISE_BEZIER_KNOTS.);
#2207 = CARTESIAN_POINT('',(-1.570796326795,3.14159265359));
#2208 = CARTESIAN_POINT('',(-1.570796326795,4.712388980385));
#2209 = ( GEOMETRIC_REPRESENTATION_CONTEXT(2) 
PARAMETRIC_REPRESENTATION_CONTEXT() REPRESENTATION_CONTEXT('2D SPACE',''
  ) );
#2210 = PCURVE('',#1454,#2211);
#2211 = DEFINITIONAL_REPRESENTATION('',(#2212),#2215);
#2212 = B_SPLINE_CURVE_WITH_KNOTS('',1,(#2213,#2214),.UNSPECIFIED.,.F.,
  .F.,(2,2),(3.14159265359,4.712388980385),.PIECEWISE_BEZIER_KNOTS.);
#2213 = CARTESIAN_POINT('',(0.,8.572527594031E-15));
#2214 = CARTESIAN_POINT('',(1.570796326795,8.572527594031E-15));
#2215 = ( GEOMETRIC_REPRESENTATION_CONTEXT(2) 
PARAMETRIC_REPRESENTATION_CONTEXT() REPRESENTATION_CONTEXT('2D SPACE',''
  ) );
#2216 = ORIENTED_EDGE('',*,*,#1466,.F.);
#2217 = ADVANCED_FACE('',(#2218),#1454,.T.);
#2218 = FACE_BOUND('',#2219,.T.);
#2219 = EDGE_LOOP('',(#2220,#2248,#2249,#2250));
#2220 = ORIENTED_EDGE('',*,*,#2221,.F.);
#2221 = EDGE_CURVE('',#2169,#2222,#2224,.T.);
#2222 = VERTEX_POINT('',#2223);
#2223 = CARTESIAN_POINT('',(19.148984791137,-1.15E+03,-20.));
#2224 = SURFACE_CURVE('',#2225,(#2229,#2236),.PCURVE_S1.);
#2225 = LINE('',#2226,#2227);
#2226 = CARTESIAN_POINT('',(354.65,-1.15E+03,-20.));
#2227 = VECTOR('',#2228,1.);
#2228 = DIRECTION('',(-1.,0.,0.));
#2229 = PCURVE('',#1454,#2230);
#2230 = DEFINITIONAL_REPRESENTATION('',(#2231),#2235);
#2231 = LINE('',#2232,#2233);
#2232 = CARTESIAN_POINT('',(0.,0.));
#2233 = VECTOR('',#2234,1.);
#2234 = DIRECTION('',(0.,1.));
#2235 = ( GEOMETRIC_REPRESENTATION_CONTEXT(2) 
PARAMETRIC_REPRESENTATION_CONTEXT() REPRESENTATION_CONTEXT('2D SPACE',''
  ) );
#2236 = PCURVE('',#2237,#2242);
#2237 = PLANE('',#2238);
#2238 = AXIS2_PLACEMENT_3D('',#2239,#2240,#2241);
#2239 = CARTESIAN_POINT('',(454.65,-1.15E+03,6.123233995737E-15));
#2240 = DIRECTION('',(0.,1.,1.224646799147E-16));
#2241 = DIRECTION('',(0.,1.224646799147E-16,-1.));
#2242 = DEFINITIONAL_REPRESENTATION('',(#2243),#2247);
#2243 = LINE('',#2244,#2245);
#2244 = CARTESIAN_POINT('',(20.,100.));
#2245 = VECTOR('',#2246,1.);
#2246 = DIRECTION('',(0.,1.));
#2247 = ( GEOMETRIC_REPRESENTATION_CONTEXT(2) 
PARAMETRIC_REPRESENTATION_CONTEXT() REPRESENTATION_CONTEXT('2D SPACE',''
  ) );
#2248 = ORIENTED_EDGE('',*,*,#2197,.T.);
#2249 = ORIENTED_EDGE('',*,*,#1438,.T.);
#2250 = ORIENTED_EDGE('',*,*,#2251,.T.);
#2251 = EDGE_CURVE('',#1413,#2222,#2252,.T.);
#2252 = SURFACE_CURVE('',#2253,(#2292,#2334),.PCURVE_S1.);
#2253 = B_SPLINE_CURVE_WITH_KNOTS('',7,(#2254,#2255,#2256,#2257,#2258,
    #2259,#2260,#2261,#2262,#2263,#2264,#2265,#2266,#2267,#2268,#2269,
    #2270,#2271,#2272,#2273,#2274,#2275,#2276,#2277,#2278,#2279,#2280,
    #2281,#2282,#2283,#2284,#2285,#2286,#2287,#2288,#2289,#2290,#2291),
  .UNSPECIFIED.,.F.,.F.,(8,6,6,6,6,6,8),(0.,0.21605432588,0.485201979951
    ,0.667468186089,0.740014239427,0.83899878194,1.),.UNSPECIFIED.);
#2254 = CARTESIAN_POINT('',(2.58928680426E-02,-1.18E+03,-50.));
#2255 = CARTESIAN_POINT('',(2.58928680426E-02,-1.178593388576E+03,-50.)
  );
#2256 = CARTESIAN_POINT('',(0.110733778775,-1.177190472987E+03,
    -49.92305543219));
#2257 = CARTESIAN_POINT('',(0.279613233307,-1.175796969733E+03,
    -49.76989836017));
#2258 = CARTESIAN_POINT('',(0.529213471369,-1.17441868473E+03,
    -49.54187549958));
#2259 = CARTESIAN_POINT('',(0.853682582755,-1.173061889235E+03,
    -49.24108325368));
#2260 = CARTESIAN_POINT('',(1.244818254772,-1.171733490848E+03,
    -48.87081796513));
#2261 = CARTESIAN_POINT('',(2.250092092823,-1.168830890721E+03,
    -47.89509624994));
#2262 = CARTESIAN_POINT('',(2.896624176472,-1.16727299901E+03,
    -47.25302431928));
#2263 = CARTESIAN_POINT('',(3.617972324038,-1.165768150629E+03,
    -46.51475897931));
#2264 = CARTESIAN_POINT('',(4.400931133896,-1.164317777503E+03,
    -45.683234948));
#2265 = CARTESIAN_POINT('',(5.233573891822,-1.162923909163E+03,
    -44.76019272979));
#2266 = CARTESIAN_POINT('',(6.105158596367,-1.161589330304E+03,
    -43.74626537144));
#2267 = CARTESIAN_POINT('',(7.615732381177,-1.159456990073E+03,
    -41.89260571627));
#2268 = CARTESIAN_POINT('',(8.239368504839,-1.158624464657E+03,
    -41.1018232927));
#2269 = CARTESIAN_POINT('',(8.87407381792,-1.157821115508E+03,
    -40.26800714924));
#2270 = CARTESIAN_POINT('',(9.517358454558,-1.15704812157E+03,
    -39.3901573498));
#2271 = CARTESIAN_POINT('',(10.166749327694,-1.156307196843E+03,
    -38.46705053333));
#2272 = CARTESIAN_POINT('',(10.819672069292,-1.155600686472E+03,
    -37.49733598407));
#2273 = CARTESIAN_POINT('',(11.733535148489,-1.154665387232E+03,
    -36.07458795473));
#2274 = CARTESIAN_POINT('',(11.993848285792,-1.154405031264E+03,
    -35.66190724335));
#2275 = CARTESIAN_POINT('',(12.254123118969,-1.154150794095E+03,
    -35.24151438559));
#2276 = CARTESIAN_POINT('',(12.514181359636,-1.153902888444E+03,
    -34.81331902221));
#2277 = CARTESIAN_POINT('',(12.773837456399,-1.153661548363E+03,
    -34.37723383436));
#2278 = CARTESIAN_POINT('',(13.032898594847,-1.153427029235E+03,
    -33.9331745435));
#2279 = CARTESIAN_POINT('',(13.643552606312,-1.152889305438E+03,
    -32.8641778351));
#2280 = CARTESIAN_POINT('',(13.994501726714,-1.152592180368E+03,
    -32.23222713826));
#2281 = CARTESIAN_POINT('',(14.343451513811,-1.152308988495E+03,
    -31.58508680995));
#2282 = CARTESIAN_POINT('',(14.689813337704,-1.152040552116E+03,
    -30.92266717248));
#2283 = CARTESIAN_POINT('',(15.032973832447,-1.15178776162E+03,
    -30.24491207935));
#2284 = CARTESIAN_POINT('',(15.372298244942,-1.151551577222E+03,
    -29.55180111325));
#2285 = CARTESIAN_POINT('',(16.251753461241,-1.15097755845E+03,
    -27.69103848261));
#2286 = CARTESIAN_POINT('',(16.785729422392,-1.150667945571E+03,
    -26.49553960049));
#2287 = CARTESIAN_POINT('',(17.304468548014,-1.150410116624E+03,
    -25.26017047322));
#2288 = CARTESIAN_POINT('',(17.803715410585,-1.150209543375E+03,
    -23.98863647198));
#2289 = CARTESIAN_POINT('',(18.279651551193,-1.150071281657E+03,
    -22.68503837535));
#2290 = CARTESIAN_POINT('',(18.72897853583,-1.15E+03,-21.35386884428));
#2291 = CARTESIAN_POINT('',(19.148984791138,-1.15E+03,-20.));
#2292 = PCURVE('',#1454,#2293);
#2293 = DEFINITIONAL_REPRESENTATION('',(#2294),#2333);
#2294 = B_SPLINE_CURVE_WITH_KNOTS('',7,(#2295,#2296,#2297,#2298,#2299,
    #2300,#2301,#2302,#2303,#2304,#2305,#2306,#2307,#2308,#2309,#2310,
    #2311,#2312,#2313,#2314,#2315,#2316,#2317,#2318,#2319,#2320,#2321,
    #2322,#2323,#2324,#2325,#2326,#2327,#2328,#2329,#2330,#2331,#2332),
  .UNSPECIFIED.,.F.,.F.,(8,6,6,6,6,6,8),(0.,0.21605432588,0.485201979951
    ,0.667468186089,0.740014239427,0.83899878194,1.),.UNSPECIFIED.);
#2295 = CARTESIAN_POINT('',(1.570796326795,354.62410713195));
#2296 = CARTESIAN_POINT('',(1.523909279331,354.62410713195));
#2297 = CARTESIAN_POINT('',(1.477145483369,354.53926622122));
#2298 = CARTESIAN_POINT('',(1.43052681244,354.37038676669));
#2299 = CARTESIAN_POINT('',(1.384083193838,354.12078652863));
#2300 = CARTESIAN_POINT('',(1.337865641947,353.79631741724));
#2301 = CARTESIAN_POINT('',(1.291961086015,353.40518174522));
#2302 = CARTESIAN_POINT('',(1.189887472237,352.39990790717));
#2303 = CARTESIAN_POINT('',(1.133844904841,351.75337582352));
#2304 = CARTESIAN_POINT('',(1.078160146226,351.03202767596));
#2305 = CARTESIAN_POINT('',(1.022640246274,350.2490688661));
#2306 = CARTESIAN_POINT('',(0.96709990655,349.41642610817));
#2307 = CARTESIAN_POINT('',(0.911352766936,348.54484140363));
#2308 = CARTESIAN_POINT('',(0.817172508455,347.03426761882));
#2309 = CARTESIAN_POINT('',(0.778935320047,346.41063149516));
#2310 = CARTESIAN_POINT('',(0.740401222212,345.77592618208));
#2311 = CARTESIAN_POINT('',(0.701483644597,345.13264154544));
#2312 = CARTESIAN_POINT('',(0.662095580442,344.4832506723));
#2313 = CARTESIAN_POINT('',(0.622148721842,343.8303279307));
#2314 = CARTESIAN_POINT('',(0.565393921509,342.91646485151));
#2315 = CARTESIAN_POINT('',(0.549131894291,342.6561517142));
#2316 = CARTESIAN_POINT('',(0.532760255227,342.39587688103));
#2317 = CARTESIAN_POINT('',(0.516273073689,342.13581864036));
#2318 = CARTESIAN_POINT('',(0.499664388117,341.8761625436));
#2319 = CARTESIAN_POINT('',(0.482928206013,341.61710140515));
#2320 = CARTESIAN_POINT('',(0.443040852902,341.00644739368));
#2321 = CARTESIAN_POINT('',(0.419771872337,340.65549827328));
#2322 = CARTESIAN_POINT('',(0.396239343092,340.30654848618));
#2323 = CARTESIAN_POINT('',(0.372431057908,339.96018666229));
#2324 = CARTESIAN_POINT('',(0.348334527415,339.61702616755));
#2325 = CARTESIAN_POINT('',(0.323936686102,339.27770175505));
#2326 = CARTESIAN_POINT('',(0.259027047042,338.39824653875));
#2327 = CARTESIAN_POINT('',(0.21790554941,337.8642705776));
#2328 = CARTESIAN_POINT('',(0.175916853801,337.34553145198));
#2329 = CARTESIAN_POINT('',(0.133104664326,336.84628458941));
#2330 = CARTESIAN_POINT('',(8.950128120578E-02,336.3703484488));
#2331 = CARTESIAN_POINT('',(4.512896147602E-02,335.92102146417));
#2332 = CARTESIAN_POINT('',(0.,335.50101520886));
#2333 = ( GEOMETRIC_REPRESENTATION_CONTEXT(2) 
PARAMETRIC_REPRESENTATION_CONTEXT() REPRESENTATION_CONTEXT('2D SPACE',''
  ) );
#2334 = PCURVE('',#1427,#2335);
#2335 = DEFINITIONAL_REPRESENTATION('',(#2336),#2375);
#2336 = B_SPLINE_CURVE_WITH_KNOTS('',7,(#2337,#2338,#2339,#2340,#2341,
    #2342,#2343,#2344,#2345,#2346,#2347,#2348,#2349,#2350,#2351,#2352,
    #2353,#2354,#2355,#2356,#2357,#2358,#2359,#2360,#2361,#2362,#2363,
    #2364,#2365,#2366,#2367,#2368,#2369,#2370,#2371,#2372,#2373,#2374),
  .UNSPECIFIED.,.F.,.F.,(8,6,6,6,6,6,8),(0.,0.21605432588,0.485201979951
    ,0.667468186089,0.740014239427,0.83899878194,1.),.UNSPECIFIED.);
#2337 = CARTESIAN_POINT('',(5.449012982404,-70.));
#2338 = CARTESIAN_POINT('',(5.449012982404,-71.40661142391));
#2339 = CARTESIAN_POINT('',(5.450709796884,-72.8095270127));
#2340 = CARTESIAN_POINT('',(5.454087399543,-74.20303026746));
#2341 = CARTESIAN_POINT('',(5.459095834368,-75.58131527017));
#2342 = CARTESIAN_POINT('',(5.465650168645,-76.9381107645));
#2343 = CARTESIAN_POINT('',(5.473628702703,-78.26650915179));
#2344 = CARTESIAN_POINT('',(5.494383239675,-81.16910927949));
#2345 = CARTESIAN_POINT('',(5.507881406646,-82.72700099034));
#2346 = CARTESIAN_POINT('',(5.523169966657,-84.23184937139));
#2347 = CARTESIAN_POINT('',(5.540084597868,-85.68222249709));
#2348 = CARTESIAN_POINT('',(5.558493117437,-87.07609083687));
#2349 = CARTESIAN_POINT('',(5.578294459106,-88.41066969629));
#2350 = CARTESIAN_POINT('',(5.613719798673,-90.54300992746));
#2351 = CARTESIAN_POINT('',(5.62863795106,-91.37553534296));
#2352 = CARTESIAN_POINT('',(5.644158695604,-92.17888449157));
#2353 = CARTESIAN_POINT('',(5.660276838657,-92.95187843049));
#2354 = CARTESIAN_POINT('',(5.676992055642,-93.69280315726));
#2355 = CARTESIAN_POINT('',(5.694307113947,-94.39931352752));
#2356 = CARTESIAN_POINT('',(5.719358425602,-95.33461276824));
#2357 = CARTESIAN_POINT('',(5.726586665286,-95.59496873576));
#2358 = CARTESIAN_POINT('',(5.733911318314,-95.84920590522));
#2359 = CARTESIAN_POINT('',(5.741332749573,-96.09711155597));
#2360 = CARTESIAN_POINT('',(5.748851308131,-96.33845163671));
#2361 = CARTESIAN_POINT('',(5.756467327241,-96.57297076548));
#2362 = CARTESIAN_POINT('',(5.774706116965,-97.11069456249));
#2363 = CARTESIAN_POINT('',(5.785414378551,-97.40781963202));
#2364 = CARTESIAN_POINT('',(5.796305249366,-97.69101150458));
#2365 = CARTESIAN_POINT('',(5.807377762199,-97.95944788383));
#2366 = CARTESIAN_POINT('',(5.818630655617,-98.21223837975));
#2367 = CARTESIAN_POINT('',(5.830062387215,-98.44842277755));
#2368 = CARTESIAN_POINT('',(5.860553129861,-99.02244154992));
#2369 = CARTESIAN_POINT('',(5.879946168122,-99.33205442923));
#2370 = CARTESIAN_POINT('',(5.899787769639,-99.58988337608));
#2371 = CARTESIAN_POINT('',(5.920015050291,-99.79045662546));
#2372 = CARTESIAN_POINT('',(5.940564685402,-99.92871834281));
#2373 = CARTESIAN_POINT('',(5.961372519158,-100.));
#2374 = CARTESIAN_POINT('',(5.982372831923,-100.));
#2375 = ( GEOMETRIC_REPRESENTATION_CONTEXT(2) 
PARAMETRIC_REPRESENTATION_CONTEXT() REPRESENTATION_CONTEXT('2D SPACE',''
  ) );
#2376 = ADVANCED_FACE('',(#2377),#1427,.T.);
#2377 = FACE_BOUND('',#2378,.T.);
#2378 = EDGE_LOOP('',(#2379,#2414,#2594,#2595,#2777,#2803,#2804,#2805));
#2379 = ORIENTED_EDGE('',*,*,#2380,.F.);
#2380 = EDGE_CURVE('',#2381,#2383,#2385,.T.);
#2381 = VERTEX_POINT('',#2382);
#2382 = CARTESIAN_POINT('',(19.148984791137,-1.25E+03,20.000000000001));
#2383 = VERTEX_POINT('',#2384);
#2384 = CARTESIAN_POINT('',(19.148984791137,-1.25E+03,-20.));
#2385 = SURFACE_CURVE('',#2386,(#2391,#2398),.PCURVE_S1.);
#2386 = CIRCLE('',#2387,67.5);
#2387 = AXIS2_PLACEMENT_3D('',#2388,#2389,#2390);
#2388 = CARTESIAN_POINT('',(-45.32,-1.25E+03,0.));
#2389 = DIRECTION('',(0.,-1.,0.));
#2390 = DIRECTION('',(1.,0.,0.));
#2391 = PCURVE('',#1427,#2392);
#2392 = DEFINITIONAL_REPRESENTATION('',(#2393),#2397);
#2393 = LINE('',#2394,#2395);
#2394 = CARTESIAN_POINT('',(0.,0.));
#2395 = VECTOR('',#2396,1.);
#2396 = DIRECTION('',(1.,0.));
#2397 = ( GEOMETRIC_REPRESENTATION_CONTEXT(2) 
PARAMETRIC_REPRESENTATION_CONTEXT() REPRESENTATION_CONTEXT('2D SPACE',''
  ) );
#2398 = PCURVE('',#2399,#2404);
#2399 = PLANE('',#2400);
#2400 = AXIS2_PLACEMENT_3D('',#2401,#2402,#2403);
#2401 = CARTESIAN_POINT('',(-45.32,-1.25E+03,2.430688019401E-15));
#2402 = DIRECTION('',(-0.,1.,-0.));
#2403 = DIRECTION('',(-1.,-0.,-0.));
#2404 = DEFINITIONAL_REPRESENTATION('',(#2405),#2413);
#2405 = ( BOUNDED_CURVE() B_SPLINE_CURVE(2,(#2406,#2407,#2408,#2409,
#2410,#2411,#2412),.UNSPECIFIED.,.T.,.F.) B_SPLINE_CURVE_WITH_KNOTS((1,2
    ,2,2,2,1),(-2.094395102393,0.,2.094395102393,4.188790204786,
6.28318530718,8.377580409573),.UNSPECIFIED.) CURVE() 
GEOMETRIC_REPRESENTATION_ITEM() RATIONAL_B_SPLINE_CURVE((1.,0.5,1.,0.5,
1.,0.5,1.)) REPRESENTATION_ITEM('') );
#2406 = CARTESIAN_POINT('',(-67.5,-2.430688019401E-15));
#2407 = CARTESIAN_POINT('',(-67.5,116.91342951089));
#2408 = CARTESIAN_POINT('',(33.75,58.45671475545));
#2409 = CARTESIAN_POINT('',(135.,1.410204376909E-14));
#2410 = CARTESIAN_POINT('',(33.75,-58.45671475545));
#2411 = CARTESIAN_POINT('',(-67.5,-116.9134295108));
#2412 = CARTESIAN_POINT('',(-67.5,-2.430688019401E-15));
#2413 = ( GEOMETRIC_REPRESENTATION_CONTEXT(2) 
PARAMETRIC_REPRESENTATION_CONTEXT() REPRESENTATION_CONTEXT('2D SPACE',''
  ) );
#2414 = ORIENTED_EDGE('',*,*,#2415,.T.);
#2415 = EDGE_CURVE('',#2381,#1832,#2416,.T.);
#2416 = SURFACE_CURVE('',#2417,(#2474,#2534),.PCURVE_S1.);
#2417 = B_SPLINE_CURVE_WITH_KNOTS('',7,(#2418,#2419,#2420,#2421,#2422,
    #2423,#2424,#2425,#2426,#2427,#2428,#2429,#2430,#2431,#2432,#2433,
    #2434,#2435,#2436,#2437,#2438,#2439,#2440,#2441,#2442,#2443,#2444,
    #2445,#2446,#2447,#2448,#2449,#2450,#2451,#2452,#2453,#2454,#2455,
    #2456,#2457,#2458,#2459,#2460,#2461,#2462,#2463,#2464,#2465,#2466,
    #2467,#2468,#2469,#2470,#2471,#2472,#2473),.UNSPECIFIED.,.F.,.F.,(8,
    6,6,6,6,6,6,6,6,8),(0.,0.161003908458,0.260119605765,0.332297418038,
    0.515639838662,0.784062709498,0.997343171638,0.99785147701,
    0.99834811992,1.),.UNSPECIFIED.);
#2418 = CARTESIAN_POINT('',(19.148984791138,-1.25E+03,20.));
#2419 = CARTESIAN_POINT('',(18.728965697454,-1.25E+03,21.353910228135));
#2420 = CARTESIAN_POINT('',(18.279624257726,-1.249928713985E+03,
    22.685119188549));
#2421 = CARTESIAN_POINT('',(17.803672273214,-1.249790444054E+03,
    23.988754557073));
#2422 = CARTESIAN_POINT('',(17.304408435201,-1.249589859199E+03,
    25.260323528644));
#2423 = CARTESIAN_POINT('',(16.785651477136,-1.249332015691E+03,
    26.495725231639));
#2424 = CARTESIAN_POINT('',(16.251657107472,-1.249022385706E+03,
    27.691254246607));
#2425 = CARTESIAN_POINT('',(15.371733612707,-1.248448049904E+03,
    29.552988443155));
#2426 = CARTESIAN_POINT('',(15.031947910353,-1.248211520831E+03,
    30.247001881714));
#2427 = CARTESIAN_POINT('',(14.688316966995,-1.247958342868E+03,
    30.92561814428));
#2428 = CARTESIAN_POINT('',(14.341477988524,-1.247689479942E+03,
    31.588857942725));
#2429 = CARTESIAN_POINT('',(13.992046667239,-1.24740582576E+03,
    32.236777890073));
#2430 = CARTESIAN_POINT('',(13.640613813228,-1.24710820555E+03,
    32.869468288982));
#2431 = CARTESIAN_POINT('',(13.030774449686,-1.246571027525E+03,
    33.936785568021));
#2432 = CARTESIAN_POINT('',(12.773021789646,-1.246337653862E+03,
    34.378546979989));
#2433 = CARTESIAN_POINT('',(12.514681003867,-1.246097529191E+03,
    34.812415192658));
#2434 = CARTESIAN_POINT('',(12.255941973701,-1.24585090498E+03,
    35.238473221849));
#2435 = CARTESIAN_POINT('',(11.996987463601,-1.245598011796E+03,
    35.656807062666));
#2436 = CARTESIAN_POINT('',(11.737993121117,-1.245339059304E+03,
    36.067505689496));
#2437 = CARTESIAN_POINT('',(10.821570087283,-1.244401546211E+03,
    37.494735885339));
#2438 = CARTESIAN_POINT('',(10.164763356064,-1.243690896217E+03,
    38.470261866258));
#2439 = CARTESIAN_POINT('',(9.511529941181,-1.24294542528E+03,
    39.398626779747));
#2440 = CARTESIAN_POINT('',(8.864489999273,-1.242167519707E+03,
    40.281205286021));
#2441 = CARTESIAN_POINT('',(8.226160320882,-1.241358920125E+03,
    41.119241311179));
#2442 = CARTESIAN_POINT('',(7.599075922351,-1.240520820466E+03,
    41.913749252332));
#2443 = CARTESIAN_POINT('',(6.088262463785,-1.238384828402E+03,
    43.765939697422));
#2444 = CARTESIAN_POINT('',(5.219643156095,-1.237052871491E+03,
    44.775676632776));
#2445 = CARTESIAN_POINT('',(4.389887754566,-1.235661964966E+03,
    45.69501650225));
#2446 = CARTESIAN_POINT('',(3.609670873165,-1.234214870965E+03,
    46.523311491258));
#2447 = CARTESIAN_POINT('',(2.890838306647,-1.232713606878E+03,
    47.25882162119));
#2448 = CARTESIAN_POINT('',(2.246496188763,-1.231159598848E+03,
    47.898627485792));
#2449 = CARTESIAN_POINT('',(1.248919247212,-1.228277654555E+03,
    48.866804797714));
#2450 = CARTESIAN_POINT('',(0.862354274409,-1.22696677607E+03,
    49.232853411874));
#2451 = CARTESIAN_POINT('',(0.54065009868,-1.225628204931E+03,
    49.531262050423));
#2452 = CARTESIAN_POINT('',(0.291692488147,-1.224268540151E+03,
    49.758857679726));
#2453 = CARTESIAN_POINT('',(0.121158010262,-1.222893778199E+03,
    49.913599017123));
#2454 = CARTESIAN_POINT('',(3.234032505401E-02,-1.221509469829E+03,
    49.994152624121));
#2455 = CARTESIAN_POINT('',(2.614750796004E-02,-1.220117759144E+03,
    49.999769061334));
#2456 = CARTESIAN_POINT('',(2.613325336601E-02,-1.220114450201E+03,
    49.999781989211));
#2457 = CARTESIAN_POINT('',(2.611946825687E-02,-1.220111141257E+03,
    49.99979449129));
#2458 = CARTESIAN_POINT('',(2.610615263482E-02,-1.220107832309E+03,
    49.999806567572));
#2459 = CARTESIAN_POINT('',(2.609330650193E-02,-1.220104523359E+03,
    49.999818218054));
#2460 = CARTESIAN_POINT('',(2.608092986018E-02,-1.220101214406E+03,
    49.999829442737));
#2461 = CARTESIAN_POINT('',(2.605738875807E-02,-1.220094672416E+03,
    49.999850792734));
#2462 = CARTESIAN_POINT('',(2.604620300093E-02,-1.220091439378E+03,
    49.999860937363));
#2463 = CARTESIAN_POINT('',(2.603546544175E-02,-1.220088206339E+03,
    49.999870675506));
#2464 = CARTESIAN_POINT('',(2.602517608217E-02,-1.220084973297E+03,
    49.999880007161));
#2465 = CARTESIAN_POINT('',(2.601533492371E-02,-1.220081740254E+03,
    49.999888932328));
#2466 = CARTESIAN_POINT('',(2.600594196781E-02,-1.220078507208E+03,
    49.999897451006));
#2467 = CARTESIAN_POINT('',(2.596724614631E-02,-1.220064520748E+03,
    49.999932545085));
#2468 = CARTESIAN_POINT('',(2.594245350663E-02,-1.220053767316E+03,
    49.999955030029));
#2469 = CARTESIAN_POINT('',(2.592261934575E-02,-1.220043013869E+03,
    49.999973018006));
#2470 = CARTESIAN_POINT('',(2.590774370043E-02,-1.220032260409E+03,
    49.999986509));
#2471 = CARTESIAN_POINT('',(2.589782659525E-02,-1.220021506942E+03,
    49.999995503));
#2472 = CARTESIAN_POINT('',(2.589286804258E-02,-1.220010753471E+03,50.)
  );
#2473 = CARTESIAN_POINT('',(2.589286804258E-02,-1.22E+03,50.));
#2474 = PCURVE('',#1427,#2475);
#2475 = DEFINITIONAL_REPRESENTATION('',(#2476),#2533);
#2476 = B_SPLINE_CURVE_WITH_KNOTS('',7,(#2477,#2478,#2479,#2480,#2481,
    #2482,#2483,#2484,#2485,#2486,#2487,#2488,#2489,#2490,#2491,#2492,
    #2493,#2494,#2495,#2496,#2497,#2498,#2499,#2500,#2501,#2502,#2503,
    #2504,#2505,#2506,#2507,#2508,#2509,#2510,#2511,#2512,#2513,#2514,
    #2515,#2516,#2517,#2518,#2519,#2520,#2521,#2522,#2523,#2524,#2525,
    #2526,#2527,#2528,#2529,#2530,#2531,#2532),.UNSPECIFIED.,.F.,.F.,(8,
    6,6,6,6,6,6,6,6,8),(0.,0.161003908458,0.260119605765,0.332297418038,
    0.515639838662,0.784062709498,0.997343171638,0.99785147701,
    0.99834811992,1.),.UNSPECIFIED.);
#2477 = CARTESIAN_POINT('',(0.300812475257,0.));
#2478 = CARTESIAN_POINT('',(0.321813429941,3.045183153258E-15));
#2479 = CARTESIAN_POINT('',(0.342621885056,-7.128601493356E-02));
#2480 = CARTESIAN_POINT('',(0.363172118484,-0.209555946166));
#2481 = CARTESIAN_POINT('',(0.383399972418,-0.41014080073));
#2482 = CARTESIAN_POINT('',(0.403242120522,-0.66798430896));
#2483 = CARTESIAN_POINT('',(0.422635677263,-0.977614294114));
#2484 = CARTESIAN_POINT('',(0.453142397655,-1.551950095569));
#2485 = CARTESIAN_POINT('',(0.464589137935,-1.78847916944));
#2486 = CARTESIAN_POINT('',(0.475856555638,-2.041657131682));
#2487 = CARTESIAN_POINT('',(0.486943105083,-2.310520057636));
#2488 = CARTESIAN_POINT('',(0.497847522906,-2.594174240488));
#2489 = CARTESIAN_POINT('',(0.508568841424,-2.891794449844));
#2490 = CARTESIAN_POINT('',(0.526780040881,-3.428972474972));
#2491 = CARTESIAN_POINT('',(0.534356892087,-3.662346138086));
#2492 = CARTESIAN_POINT('',(0.541837268429,-3.902470809354));
#2493 = CARTESIAN_POINT('',(0.549221498209,-4.149095020276));
#2494 = CARTESIAN_POINT('',(0.556509925217,-4.401988204149));
#2495 = CARTESIAN_POINT('',(0.563702908729,-4.660940696064));
#2496 = CARTESIAN_POINT('',(0.588830586904,-5.598453789353));
#2497 = CARTESIAN_POINT('',(0.606249121701,-6.309103782827));
#2498 = CARTESIAN_POINT('',(0.623060708562,-7.054574719793));
#2499 = CARTESIAN_POINT('',(0.639268159051,-7.83248029326));
#2500 = CARTESIAN_POINT('',(0.654871113602,-8.641079875461));
#2501 = CARTESIAN_POINT('',(0.669864212397,-9.479179534098));
#2502 = CARTESIAN_POINT('',(0.705274925869,-11.61517159783));
#2503 = CARTESIAN_POINT('',(0.725000633289,-12.94712850895));
#2504 = CARTESIAN_POINT('',(0.743339862146,-14.33803503445));
#2505 = CARTESIAN_POINT('',(0.760191882824,-15.78512903526));
#2506 = CARTESIAN_POINT('',(0.7754252324,-17.28639312165));
#2507 = CARTESIAN_POINT('',(0.788876730761,-18.8404011519));
#2508 = CARTESIAN_POINT('',(0.809471599069,-21.72234544497));
#2509 = CARTESIAN_POINT('',(0.817358039539,-23.03322393011));
#2510 = CARTESIAN_POINT('',(0.823858336029,-24.3717950693));
#2511 = CARTESIAN_POINT('',(0.828855470967,-25.73145984869));
#2512 = CARTESIAN_POINT('',(0.832266999934,-27.10622180116));
#2513 = CARTESIAN_POINT('',(0.834043375019,-28.49053017092));
#2514 = CARTESIAN_POINT('',(0.834167231966,-29.88224085644));
#2515 = CARTESIAN_POINT('',(0.834167517059,-29.88554979852));
#2516 = CARTESIAN_POINT('',(0.834167792762,-29.88885874343));
#2517 = CARTESIAN_POINT('',(0.834168059076,-29.89216769107));
#2518 = CARTESIAN_POINT('',(0.834168315999,-29.89547664132));
#2519 = CARTESIAN_POINT('',(0.834168563533,-29.89878559406));
#2520 = CARTESIAN_POINT('',(0.834169034357,-29.90532758427));
#2521 = CARTESIAN_POINT('',(0.834169258072,-29.90856062162));
#2522 = CARTESIAN_POINT('',(0.834169472824,-29.91179366115));
#2523 = CARTESIAN_POINT('',(0.834169678612,-29.91502670274));
#2524 = CARTESIAN_POINT('',(0.834169875435,-29.91825974629));
#2525 = CARTESIAN_POINT('',(0.834170063295,-29.9214927917));
#2526 = CARTESIAN_POINT('',(0.834170837213,-29.93547925162));
#2527 = CARTESIAN_POINT('',(0.834171333066,-29.94623268383));
#2528 = CARTESIAN_POINT('',(0.83417172975,-29.95698613148));
#2529 = CARTESIAN_POINT('',(0.834172027263,-29.96773959067));
#2530 = CARTESIAN_POINT('',(0.834172225605,-29.9784930576));
#2531 = CARTESIAN_POINT('',(0.834172324776,-29.98924652857));
#2532 = CARTESIAN_POINT('',(0.834172324776,-30.));
#2533 = ( GEOMETRIC_REPRESENTATION_CONTEXT(2) 
PARAMETRIC_REPRESENTATION_CONTEXT() REPRESENTATION_CONTEXT('2D SPACE',''
  ) );
#2534 = PCURVE('',#1868,#2535);
#2535 = DEFINITIONAL_REPRESENTATION('',(#2536),#2593);
#2536 = B_SPLINE_CURVE_WITH_KNOTS('',7,(#2537,#2538,#2539,#2540,#2541,
    #2542,#2543,#2544,#2545,#2546,#2547,#2548,#2549,#2550,#2551,#2552,
    #2553,#2554,#2555,#2556,#2557,#2558,#2559,#2560,#2561,#2562,#2563,
    #2564,#2565,#2566,#2567,#2568,#2569,#2570,#2571,#2572,#2573,#2574,
    #2575,#2576,#2577,#2578,#2579,#2580,#2581,#2582,#2583,#2584,#2585,
    #2586,#2587,#2588,#2589,#2590,#2591,#2592),.UNSPECIFIED.,.F.,.F.,(8,
    6,6,6,6,6,6,6,6,8),(0.,0.161003908458,0.260119605765,0.332297418038,
    0.515639838662,0.784062709498,0.997343171638,0.99785147701,
    0.99834811992,1.),.UNSPECIFIED.);
#2537 = CARTESIAN_POINT('',(-1.570796326795,485.50101520886));
#2538 = CARTESIAN_POINT('',(-1.525665985857,485.92103430254));
#2539 = CARTESIAN_POINT('',(-1.481292351815,486.37037574227));
#2540 = CARTESIAN_POINT('',(-1.437687712536,486.84632772678));
#2541 = CARTESIAN_POINT('',(-1.394874319411,487.34559156479));
#2542 = CARTESIAN_POINT('',(-1.352884467982,487.86434852286));
#2543 = CARTESIAN_POINT('',(-1.311761858478,488.39834289252));
#2544 = CARTESIAN_POINT('',(-1.246818157805,489.27826638729));
#2545 = CARTESIAN_POINT('',(-1.222388177893,489.61805208964));
#2546 = CARTESIAN_POINT('',(-1.19826029941,489.961683033));
#2547 = CARTESIAN_POINT('',(-1.174421400327,490.30852201147));
#2548 = CARTESIAN_POINT('',(-1.150858937659,490.65795333276));
#2549 = CARTESIAN_POINT('',(-1.127560651397,491.00938618677));
#2550 = CARTESIAN_POINT('',(-1.087731482789,491.61922555031));
#2551 = CARTESIAN_POINT('',(-1.07108081237,491.87697821035));
#2552 = CARTESIAN_POINT('',(-1.054556324841,492.13531899613));
#2553 = CARTESIAN_POINT('',(-1.038152118309,492.39405802629));
#2554 = CARTESIAN_POINT('',(-1.021862321326,492.65301253639));
#2555 = CARTESIAN_POINT('',(-1.005681092893,492.91200687888));
#2556 = CARTESIAN_POINT('',(-0.948760906745,493.82842991271));
#2557 = CARTESIAN_POINT('',(-0.908577073658,494.48523664393));
#2558 = CARTESIAN_POINT('',(-0.868958668699,495.13847005881));
#2559 = CARTESIAN_POINT('',(-0.829815835035,495.78551000072));
#2560 = CARTESIAN_POINT('',(-0.791060052134,496.42383967911));
#2561 = CARTESIAN_POINT('',(-0.752603246621,497.05092407764));
#2562 = CARTESIAN_POINT('',(-0.65836317764,498.56173753621));
#2563 = CARTESIAN_POINT('',(-0.602769060533,499.4303568439));
#2564 = CARTESIAN_POINT('',(-0.547377656045,500.26011224543));
#2565 = CARTESIAN_POINT('',(-0.492004472304,501.04032912683));
#2566 = CARTESIAN_POINT('',(-0.436465953589,501.75916169335));
#2567 = CARTESIAN_POINT('',(-0.380570858927,502.40350381123));
#2568 = CARTESIAN_POINT('',(-0.279230013725,503.40108075278));
#2569 = CARTESIAN_POINT('',(-0.233923354005,503.78764572559));
#2570 = CARTESIAN_POINT('',(-0.188311877172,504.10934990132));
#2571 = CARTESIAN_POINT('',(-0.142478002921,504.35830751185));
#2572 = CARTESIAN_POINT('',(-9.647006989501E-02,504.52884198973));
#2573 = CARTESIAN_POINT('',(-5.031604878845E-02,504.61765967494));
#2574 = CARTESIAN_POINT('',(-3.925314841092E-03,504.62385249204));
#2575 = CARTESIAN_POINT('',(-3.815015930901E-03,504.62386674663));
#2576 = CARTESIAN_POINT('',(-3.704716981289E-03,504.62388053174));
#2577 = CARTESIAN_POINT('',(-3.594417993824E-03,504.62389384736));
#2578 = CARTESIAN_POINT('',(-3.484118970074E-03,504.62390669349));
#2579 = CARTESIAN_POINT('',(-3.373819911608E-03,504.62391907014));
#2580 = CARTESIAN_POINT('',(-3.155752410095E-03,504.62394261124));
#2581 = CARTESIAN_POINT('',(-3.047983968554E-03,504.62395379699));
#2582 = CARTESIAN_POINT('',(-2.94021549683E-03,504.62396453455));
#2583 = CARTESIAN_POINT('',(-2.832446996386E-03,504.62397482391));
#2584 = CARTESIAN_POINT('',(-2.724678468685E-03,504.62398466507));
#2585 = CARTESIAN_POINT('',(-2.616909915189E-03,504.62399405803));
#2586 = CARTESIAN_POINT('',(-2.150693116951E-03,504.62403275385));
#2587 = CARTESIAN_POINT('',(-1.792244624388E-03,504.62405754649));
#2588 = CARTESIAN_POINT('',(-1.433795918028E-03,504.62407738065));
#2589 = CARTESIAN_POINT('',(-1.075347052751E-03,504.6240922563));
#2590 = CARTESIAN_POINT('',(-7.168980799545E-04,504.6241021734));
#2591 = CARTESIAN_POINT('',(-3.58449047558E-04,504.62410713195));
#2592 = CARTESIAN_POINT('',(0.,504.62410713195));
#2593 = ( GEOMETRIC_REPRESENTATION_CONTEXT(2) 
PARAMETRIC_REPRESENTATION_CONTEXT() REPRESENTATION_CONTEXT('2D SPACE',''
  ) );
#2594 = ORIENTED_EDGE('',*,*,#1831,.F.);
#2595 = ORIENTED_EDGE('',*,*,#2596,.F.);
#2596 = EDGE_CURVE('',#2597,#1804,#2599,.T.);
#2597 = VERTEX_POINT('',#2598);
#2598 = CARTESIAN_POINT('',(19.148984791137,-1.15E+03,20.000000000001));
#2599 = SURFACE_CURVE('',#2600,(#2657,#2717),.PCURVE_S1.);
#2600 = B_SPLINE_CURVE_WITH_KNOTS('',7,(#2601,#2602,#2603,#2604,#2605,
    #2606,#2607,#2608,#2609,#2610,#2611,#2612,#2613,#2614,#2615,#2616,
    #2617,#2618,#2619,#2620,#2621,#2622,#2623,#2624,#2625,#2626,#2627,
    #2628,#2629,#2630,#2631,#2632,#2633,#2634,#2635,#2636,#2637,#2638,
    #2639,#2640,#2641,#2642,#2643,#2644,#2645,#2646,#2647,#2648,#2649,
    #2650,#2651,#2652,#2653,#2654,#2655,#2656),.UNSPECIFIED.,.F.,.F.,(8,
    6,6,6,6,6,6,6,6,8),(0.,0.161003922164,0.26011962787,0.332297445704,
    0.515639879063,0.784062768534,0.997364151037,0.997851478596,
    0.998452218715,1.),.UNSPECIFIED.);
#2601 = CARTESIAN_POINT('',(19.148984791138,-1.15E+03,20.));
#2602 = CARTESIAN_POINT('',(18.728965697612,-1.15E+03,21.353910227626));
#2603 = CARTESIAN_POINT('',(18.27962425778,-1.150071286015E+03,
    22.685119188461));
#2604 = CARTESIAN_POINT('',(17.803672273092,-1.150209555946E+03,
    23.988754557441));
#2605 = CARTESIAN_POINT('',(17.304408435027,-1.150410140801E+03,
    25.260323529039));
#2606 = CARTESIAN_POINT('',(16.785651477122,-1.150667984309E+03,
    26.495725231616));
#2607 = CARTESIAN_POINT('',(16.251657107684,-1.150977614294E+03,
    27.691254246158));
#2608 = CARTESIAN_POINT('',(15.371733612704,-1.151551950096E+03,
    29.552988443161));
#2609 = CARTESIAN_POINT('',(15.031947910353,-1.151788479169E+03,
    30.247001881714));
#2610 = CARTESIAN_POINT('',(14.688316966998,-1.152041657132E+03,
    30.925618144276));
#2611 = CARTESIAN_POINT('',(14.341477988526,-1.152310520058E+03,
    31.588857942721));
#2612 = CARTESIAN_POINT('',(13.992046667239,-1.15259417424E+03,
    32.236777890074));
#2613 = CARTESIAN_POINT('',(13.640613813225,-1.15289179445E+03,
    32.869468288987));
#2614 = CARTESIAN_POINT('',(13.030774451665,-1.153428972473E+03,
    33.936785564559));
#2615 = CARTESIAN_POINT('',(12.773021789875,-1.153662346138E+03,
    34.378546979419));
#2616 = CARTESIAN_POINT('',(12.514681002296,-1.153902470811E+03,
    34.812415195178));
#2617 = CARTESIAN_POINT('',(12.255941972121,-1.154149095022E+03,
    35.238473224536));
#2618 = CARTESIAN_POINT('',(11.996987463807,-1.154401988204E+03,
    35.656807062513));
#2619 = CARTESIAN_POINT('',(11.737993123072,-1.154660940694E+03,
    36.067505686452));
#2620 = CARTESIAN_POINT('',(10.82157008731,-1.155598453789E+03,
    37.494735885298));
#2621 = CARTESIAN_POINT('',(10.164763356035,-1.156309103783E+03,
    38.470261866307));
#2622 = CARTESIAN_POINT('',(9.511529941161,-1.15705457472E+03,
    39.398626779771));
#2623 = CARTESIAN_POINT('',(8.864489999298,-1.157832480293E+03,
    40.281205285982));
#2624 = CARTESIAN_POINT('',(8.226160320908,-1.158641079875E+03,
    41.119241311151));
#2625 = CARTESIAN_POINT('',(7.599075922317,-1.159479179534E+03,
    41.913749252373));
#2626 = CARTESIAN_POINT('',(6.088262463873,-1.161615171598E+03,
    43.765939697315));
#2627 = CARTESIAN_POINT('',(5.219643156093,-1.162947128509E+03,
    44.775676632792));
#2628 = CARTESIAN_POINT('',(4.389887754485,-1.164338035035E+03,
    45.695016502332));
#2629 = CARTESIAN_POINT('',(3.609670873119,-1.165785129035E+03,
    46.523311491307));
#2630 = CARTESIAN_POINT('',(2.890838306678,-1.167286393122E+03,
    47.258821621154));
#2631 = CARTESIAN_POINT('',(2.24649618882,-1.168840401152E+03,
    47.898627485737));
#2632 = CARTESIAN_POINT('',(1.248875953089,-1.171722470519E+03,
    48.866846815913));
#2633 = CARTESIAN_POINT('',(0.862278197684,-1.173033481784E+03,
    49.232925458056));
#2634 = CARTESIAN_POINT('',(0.540554949786,-1.174372190716E+03,
    49.53135031077));
#2635 = CARTESIAN_POINT('',(0.291594260059,-1.175731996201E+03,
    49.758947476884));
#2636 = CARTESIAN_POINT('',(0.12107396494,-1.17710689975E+03,
    49.913675279717));
#2637 = CARTESIAN_POINT('',(3.228791585155E-02,-1.17849134856E+03,
    49.994200156423));
#2638 = CARTESIAN_POINT('',(2.614399028365E-02,-1.179883060205E+03,
    49.999772251609));
#2639 = CARTESIAN_POINT('',(2.613041684681E-02,-1.179886232589E+03,
    49.999784561725));
#2640 = CARTESIAN_POINT('',(2.61172749441E-02,-1.179889404976E+03,
    49.999796480462));
#2641 = CARTESIAN_POINT('',(2.610456457743E-02,-1.179892577366E+03,
    49.999808007821));
#2642 = CARTESIAN_POINT('',(2.609228574862E-02,-1.179895749758E+03,
    49.999819143801));
#2643 = CARTESIAN_POINT('',(2.608043845942E-02,-1.179898922153E+03,
    49.999829888401));
#2644 = CARTESIAN_POINT('',(2.605495025104E-02,-1.179906005237E+03,
    49.999853004276));
#2645 = CARTESIAN_POINT('',(2.604153356377E-02,-1.179909915928E+03,
    49.999865172187));
#2646 = CARTESIAN_POINT('',(2.602877265272E-02,-1.179913826622E+03,
    49.999876745351));
#2647 = CARTESIAN_POINT('',(2.601666752074E-02,-1.179917737319E+03,
    49.999887723768));
#2648 = CARTESIAN_POINT('',(2.600521817046E-02,-1.179921648019E+03,
    49.999898107436));
#2649 = CARTESIAN_POINT('',(2.599442460431E-02,-1.179925558722E+03,
    49.999907896355));
#2650 = CARTESIAN_POINT('',(2.595816726727E-02,-1.179939545191E+03,
    49.999940778902));
#2651 = CARTESIAN_POINT('',(2.593640090654E-02,-1.179949620971E+03,
    49.999960519247));
#2652 = CARTESIAN_POINT('',(2.591898778007E-02,-1.179959696764E+03,
    49.999976311539));
#2653 = CARTESIAN_POINT('',(2.59059279162E-02,-1.179969772566E+03,
    49.999988155767));
#2654 = CARTESIAN_POINT('',(2.589722133388E-02,-1.179979848375E+03,
    49.999996051922));
#2655 = CARTESIAN_POINT('',(2.589286804266E-02,-1.179989924187E+03,50.)
  );
#2656 = CARTESIAN_POINT('',(2.589286804266E-02,-1.18E+03,50.));
#2657 = PCURVE('',#1427,#2658);
#2658 = DEFINITIONAL_REPRESENTATION('',(#2659),#2716);
#2659 = B_SPLINE_CURVE_WITH_KNOTS('',7,(#2660,#2661,#2662,#2663,#2664,
    #2665,#2666,#2667,#2668,#2669,#2670,#2671,#2672,#2673,#2674,#2675,
    #2676,#2677,#2678,#2679,#2680,#2681,#2682,#2683,#2684,#2685,#2686,
    #2687,#2688,#2689,#2690,#2691,#2692,#2693,#2694,#2695,#2696,#2697,
    #2698,#2699,#2700,#2701,#2702,#2703,#2704,#2705,#2706,#2707,#2708,
    #2709,#2710,#2711,#2712,#2713,#2714,#2715),.UNSPECIFIED.,.F.,.F.,(8,
    6,6,6,6,6,6,6,6,8),(0.,0.161003922164,0.26011962787,0.332297445704,
    0.515639879063,0.784062768534,0.997364151037,0.997851478596,
    0.998452218715,1.),.UNSPECIFIED.);
#2660 = CARTESIAN_POINT('',(0.300812475257,-100.));
#2661 = CARTESIAN_POINT('',(0.321813429933,-100.));
#2662 = CARTESIAN_POINT('',(0.342621885055,-99.92871398512));
#2663 = CARTESIAN_POINT('',(0.363172118489,-99.79044405381));
#2664 = CARTESIAN_POINT('',(0.383399972424,-99.58985919917));
#2665 = CARTESIAN_POINT('',(0.403242120522,-99.332015691));
#2666 = CARTESIAN_POINT('',(0.422635677256,-99.02238570602));
#2667 = CARTESIAN_POINT('',(0.453142397655,-98.44804990442));
#2668 = CARTESIAN_POINT('',(0.464589137935,-98.21152083055));
#2669 = CARTESIAN_POINT('',(0.475856555638,-97.95834286831));
#2670 = CARTESIAN_POINT('',(0.486943105083,-97.68947994236));
#2671 = CARTESIAN_POINT('',(0.497847522906,-97.40582575951));
#2672 = CARTESIAN_POINT('',(0.508568841424,-97.10820555015));
#2673 = CARTESIAN_POINT('',(0.526780040822,-96.57102752677));
#2674 = CARTESIAN_POINT('',(0.534356892078,-96.33765386199));
#2675 = CARTESIAN_POINT('',(0.541837268473,-96.09752918909));
#2676 = CARTESIAN_POINT('',(0.549221498256,-95.85090497827));
#2677 = CARTESIAN_POINT('',(0.556509925213,-95.59801179618));
#2678 = CARTESIAN_POINT('',(0.563702908675,-95.33905930593));
#2679 = CARTESIAN_POINT('',(0.588830586903,-94.40154621067));
#2680 = CARTESIAN_POINT('',(0.606249121702,-93.69089621714));
#2681 = CARTESIAN_POINT('',(0.623060708563,-92.94542528017));
#2682 = CARTESIAN_POINT('',(0.639268159051,-92.16751970676));
#2683 = CARTESIAN_POINT('',(0.654871113601,-91.35892012458));
#2684 = CARTESIAN_POINT('',(0.669864212398,-90.52082046585));
#2685 = CARTESIAN_POINT('',(0.705274925867,-88.38482840229));
#2686 = CARTESIAN_POINT('',(0.725000633289,-87.05287149106));
#2687 = CARTESIAN_POINT('',(0.743339862148,-85.66196496542));
#2688 = CARTESIAN_POINT('',(0.760191882825,-84.21487096462));
#2689 = CARTESIAN_POINT('',(0.775425232399,-82.71360687837));
#2690 = CARTESIAN_POINT('',(0.78887673076,-81.15959884825));
#2691 = CARTESIAN_POINT('',(0.809472492872,-78.27752948071));
#2692 = CARTESIAN_POINT('',(0.817359591672,-76.96651821598));
#2693 = CARTESIAN_POINT('',(0.823860258613,-75.62780928423));
#2694 = CARTESIAN_POINT('',(0.828857442602,-74.26800379919));
#2695 = CARTESIAN_POINT('',(0.832268681249,-72.89310025005));
#2696 = CARTESIAN_POINT('',(0.834044423217,-71.50865144043));
#2697 = CARTESIAN_POINT('',(0.83416730232,-70.11693979531));
#2698 = CARTESIAN_POINT('',(0.83416757379,-70.1137674107));
#2699 = CARTESIAN_POINT('',(0.834167836629,-70.1105950235));
#2700 = CARTESIAN_POINT('',(0.834168090837,-70.10742263381));
#2701 = CARTESIAN_POINT('',(0.834168336414,-70.10425024173));
#2702 = CARTESIAN_POINT('',(0.834168573361,-70.10107784736));
#2703 = CARTESIAN_POINT('',(0.834169083127,-70.09399476311));
#2704 = CARTESIAN_POINT('',(0.834169351461,-70.09008407209));
#2705 = CARTESIAN_POINT('',(0.83416960668,-70.08617337793));
#2706 = CARTESIAN_POINT('',(0.834169848783,-70.08226268081));
#2707 = CARTESIAN_POINT('',(0.834170077771,-70.07835198092));
#2708 = CARTESIAN_POINT('',(0.834170293643,-70.07444127844));
#2709 = CARTESIAN_POINT('',(0.834171018791,-70.0604548093));
#2710 = CARTESIAN_POINT('',(0.834171454118,-70.05037902903));
#2711 = CARTESIAN_POINT('',(0.834171802381,-70.04030323606));
#2712 = CARTESIAN_POINT('',(0.834172063578,-70.0302274336));
#2713 = CARTESIAN_POINT('',(0.83417223771,-70.02015162478));
#2714 = CARTESIAN_POINT('',(0.834172324776,-70.01007581261));
#2715 = CARTESIAN_POINT('',(0.834172324776,-70.));
#2716 = ( GEOMETRIC_REPRESENTATION_CONTEXT(2) 
PARAMETRIC_REPRESENTATION_CONTEXT() REPRESENTATION_CONTEXT('2D SPACE',''
  ) );
#2717 = PCURVE('',#1819,#2718);
#2718 = DEFINITIONAL_REPRESENTATION('',(#2719),#2776);
#2719 = B_SPLINE_CURVE_WITH_KNOTS('',7,(#2720,#2721,#2722,#2723,#2724,
    #2725,#2726,#2727,#2728,#2729,#2730,#2731,#2732,#2733,#2734,#2735,
    #2736,#2737,#2738,#2739,#2740,#2741,#2742,#2743,#2744,#2745,#2746,
    #2747,#2748,#2749,#2750,#2751,#2752,#2753,#2754,#2755,#2756,#2757,
    #2758,#2759,#2760,#2761,#2762,#2763,#2764,#2765,#2766,#2767,#2768,
    #2769,#2770,#2771,#2772,#2773,#2774,#2775),.UNSPECIFIED.,.F.,.F.,(8,
    6,6,6,6,6,6,6,6,8),(0.,0.161003922164,0.26011962787,0.332297445704,
    0.515639879063,0.784062768534,0.997364151037,0.997851478596,
    0.998452218715,1.),.UNSPECIFIED.);
#2720 = CARTESIAN_POINT('',(0.,335.50101520886));
#2721 = CARTESIAN_POINT('',(-4.513034092088E-02,335.92103430238));
#2722 = CARTESIAN_POINT('',(-8.950397497724E-02,336.37037574222));
#2723 = CARTESIAN_POINT('',(-0.133108614271,336.8463277269));
#2724 = CARTESIAN_POINT('',(-0.175922007397,337.34559156497));
#2725 = CARTESIAN_POINT('',(-0.217911858813,337.86434852287));
#2726 = CARTESIAN_POINT('',(-0.259034468301,338.39834289231));
#2727 = CARTESIAN_POINT('',(-0.32397816899,339.27826638729));
#2728 = CARTESIAN_POINT('',(-0.348408148901,339.61805208964));
#2729 = CARTESIAN_POINT('',(-0.372536027385,339.961683033));
#2730 = CARTESIAN_POINT('',(-0.396374926468,340.30852201147));
#2731 = CARTESIAN_POINT('',(-0.419937389136,340.65795333276));
#2732 = CARTESIAN_POINT('',(-0.443235675398,341.00938618677));
#2733 = CARTESIAN_POINT('',(-0.483064843877,341.61922554833));
#2734 = CARTESIAN_POINT('',(-0.499715514407,341.87697821012));
#2735 = CARTESIAN_POINT('',(-0.516240002052,342.1353189977));
#2736 = CARTESIAN_POINT('',(-0.532644208588,342.39405802787));
#2737 = CARTESIAN_POINT('',(-0.548934005459,342.65301253619));
#2738 = CARTESIAN_POINT('',(-0.565115233781,342.91200687692));
#2739 = CARTESIAN_POINT('',(-0.622035420048,343.82842991269));
#2740 = CARTESIAN_POINT('',(-0.662219253138,344.48523664396));
#2741 = CARTESIAN_POINT('',(-0.701837658097,345.13847005883));
#2742 = CARTESIAN_POINT('',(-0.740980491758,345.7855100007));
#2743 = CARTESIAN_POINT('',(-0.779736274659,346.42383967909));
#2744 = CARTESIAN_POINT('',(-0.818193080176,347.05092407768));
#2745 = CARTESIAN_POINT('',(-0.912433149149,348.56173753612));
#2746 = CARTESIAN_POINT('',(-0.968027266261,349.4303568439));
#2747 = CARTESIAN_POINT('',(-1.023418670755,350.26011224551));
#2748 = CARTESIAN_POINT('',(-1.078791854495,351.04032912688));
#2749 = CARTESIAN_POINT('',(-1.134330373205,351.75916169332));
#2750 = CARTESIAN_POINT('',(-1.190225467862,352.40350381118));
#2751 = CARTESIAN_POINT('',(-1.29157071119,353.40112404691));
#2752 = CARTESIAN_POINT('',(-1.336881885195,353.78772180231));
#2753 = CARTESIAN_POINT('',(-1.38249793161,354.10944505021));
#2754 = CARTESIAN_POINT('',(-1.428336404093,354.35840573994));
#2755 = CARTESIAN_POINT('',(-1.474348944919,354.52892603506));
#2756 = CARTESIAN_POINT('',(-1.520507563776,354.61771208414));
#2757 = CARTESIAN_POINT('',(-1.566898323769,354.62385600971));
#2758 = CARTESIAN_POINT('',(-1.567004070718,354.62386958315));
#2759 = CARTESIAN_POINT('',(-1.567109817703,354.62388272505));
#2760 = CARTESIAN_POINT('',(-1.567215564722,354.62389543542));
#2761 = CARTESIAN_POINT('',(-1.567321311775,354.62390771425));
#2762 = CARTESIAN_POINT('',(-1.56742705886,354.62391956154));
#2763 = CARTESIAN_POINT('',(-1.567663162926,354.62394504974));
#2764 = CARTESIAN_POINT('',(-1.567793519922,354.62395846643));
#2765 = CARTESIAN_POINT('',(-1.567923876963,354.62397122734));
#2766 = CARTESIAN_POINT('',(-1.568054234044,354.62398333247));
#2767 = CARTESIAN_POINT('',(-1.568184591165,354.62399478183));
#2768 = CARTESIAN_POINT('',(-1.568314948321,354.62400557539));
#2769 = CARTESIAN_POINT('',(-1.568781165247,354.62404183273));
#2770 = CARTESIAN_POINT('',(-1.569117025208,354.62406359909));
#2771 = CARTESIAN_POINT('',(-1.569452885345,354.62408101222));
#2772 = CARTESIAN_POINT('',(-1.569788745613,354.62409407208));
#2773 = CARTESIAN_POINT('',(-1.570124605969,354.62410277866));
#2774 = CARTESIAN_POINT('',(-1.570460466374,354.62410713195));
#2775 = CARTESIAN_POINT('',(-1.570796326795,354.62410713195));
#2776 = ( GEOMETRIC_REPRESENTATION_CONTEXT(2) 
PARAMETRIC_REPRESENTATION_CONTEXT() REPRESENTATION_CONTEXT('2D SPACE',''
  ) );
#2777 = ORIENTED_EDGE('',*,*,#2778,.T.);
#2778 = EDGE_CURVE('',#2597,#2222,#2779,.T.);
#2779 = SURFACE_CURVE('',#2780,(#2785,#2792),.PCURVE_S1.);
#2780 = CIRCLE('',#2781,67.5);
#2781 = AXIS2_PLACEMENT_3D('',#2782,#2783,#2784);
#2782 = CARTESIAN_POINT('',(-45.32,-1.15E+03,0.));
#2783 = DIRECTION('',(0.,-1.,0.));
#2784 = DIRECTION('',(1.,0.,0.));
#2785 = PCURVE('',#1427,#2786);
#2786 = DEFINITIONAL_REPRESENTATION('',(#2787),#2791);
#2787 = LINE('',#2788,#2789);
#2788 = CARTESIAN_POINT('',(0.,-100.));
#2789 = VECTOR('',#2790,1.);
#2790 = DIRECTION('',(1.,0.));
#2791 = ( GEOMETRIC_REPRESENTATION_CONTEXT(2) 
PARAMETRIC_REPRESENTATION_CONTEXT() REPRESENTATION_CONTEXT('2D SPACE',''
  ) );
#2792 = PCURVE('',#2237,#2793);
#2793 = DEFINITIONAL_REPRESENTATION('',(#2794),#2802);
#2794 = ( BOUNDED_CURVE() B_SPLINE_CURVE(2,(#2795,#2796,#2797,#2798,
#2799,#2800,#2801),.UNSPECIFIED.,.T.,.F.) B_SPLINE_CURVE_WITH_KNOTS((1,2
    ,2,2,2,1),(-2.094395102393,0.,2.094395102393,4.188790204786,
6.28318530718,8.377580409573),.UNSPECIFIED.) CURVE() 
GEOMETRIC_REPRESENTATION_ITEM() RATIONAL_B_SPLINE_CURVE((1.,0.5,1.,0.5,
1.,0.5,1.)) REPRESENTATION_ITEM('') );
#2795 = CARTESIAN_POINT('',(6.123233995737E-15,432.47));
#2796 = CARTESIAN_POINT('',(-116.9134295108,432.47));
#2797 = CARTESIAN_POINT('',(-58.45671475545,533.72));
#2798 = CARTESIAN_POINT('',(-1.040949779275E-14,634.97));
#2799 = CARTESIAN_POINT('',(58.45671475545,533.72));
#2800 = CARTESIAN_POINT('',(116.91342951089,432.47));
#2801 = CARTESIAN_POINT('',(6.123233995737E-15,432.47));
#2802 = ( GEOMETRIC_REPRESENTATION_CONTEXT(2) 
PARAMETRIC_REPRESENTATION_CONTEXT() REPRESENTATION_CONTEXT('2D SPACE',''
  ) );
#2803 = ORIENTED_EDGE('',*,*,#2251,.F.);
#2804 = ORIENTED_EDGE('',*,*,#1412,.T.);
#2805 = ORIENTED_EDGE('',*,*,#2806,.T.);
#2806 = EDGE_CURVE('',#1385,#2383,#2807,.T.);
#2807 = SURFACE_CURVE('',#2808,(#2847,#2889),.PCURVE_S1.);
#2808 = B_SPLINE_CURVE_WITH_KNOTS('',7,(#2809,#2810,#2811,#2812,#2813,
    #2814,#2815,#2816,#2817,#2818,#2819,#2820,#2821,#2822,#2823,#2824,
    #2825,#2826,#2827,#2828,#2829,#2830,#2831,#2832,#2833,#2834,#2835,
    #2836,#2837,#2838,#2839,#2840,#2841,#2842,#2843,#2844,#2845,#2846),
  .UNSPECIFIED.,.F.,.F.,(8,6,6,6,6,6,8),(0.,0.216054325883,
    0.485201979926,0.667468186081,0.740014239426,0.838998781951,1.),
  .UNSPECIFIED.);
#2809 = CARTESIAN_POINT('',(2.589286804262E-02,-1.22E+03,-50.));
#2810 = CARTESIAN_POINT('',(2.589286804262E-02,-1.221406611424E+03,-50.)
  );
#2811 = CARTESIAN_POINT('',(0.110733778812,-1.222809527013E+03,
    -49.92305543216));
#2812 = CARTESIAN_POINT('',(0.279613233418,-1.224203030268E+03,
    -49.76989836007));
#2813 = CARTESIAN_POINT('',(0.529213471585,-1.225581315271E+03,
    -49.54187549938));
#2814 = CARTESIAN_POINT('',(0.853682583105,-1.226938110766E+03,
    -49.24108325336));
#2815 = CARTESIAN_POINT('',(1.244818255282,-1.228266509154E+03,
    -48.87081796465));
#2816 = CARTESIAN_POINT('',(2.25009209365,-1.231169109282E+03,
    -47.89509624912));
#2817 = CARTESIAN_POINT('',(2.896624177297,-1.232727000992E+03,
    -47.25302431844));
#2818 = CARTESIAN_POINT('',(3.617972324772,-1.234231849373E+03,
    -46.51475897852));
#2819 = CARTESIAN_POINT('',(4.400931134571,-1.235682222498E+03,
    -45.68323494727));
#2820 = CARTESIAN_POINT('',(5.233573892605,-1.237076090838E+03,
    -44.76019272892));
#2821 = CARTESIAN_POINT('',(6.10515859726,-1.238410669698E+03,
    -43.74626537038));
#2822 = CARTESIAN_POINT('',(7.615732381915,-1.240543009928E+03,
    -41.89260571534));
#2823 = CARTESIAN_POINT('',(8.239368505582,-1.241375535344E+03,
    -41.10182329174));
#2824 = CARTESIAN_POINT('',(8.874073818664,-1.242178884492E+03,
    -40.26800714824));
#2825 = CARTESIAN_POINT('',(9.517358455303,-1.242951878431E+03,
    -39.39015734877));
#2826 = CARTESIAN_POINT('',(10.166749328437,-1.243692803158E+03,
    -38.46705053226));
#2827 = CARTESIAN_POINT('',(10.81967207003,-1.244399313528E+03,
    -37.49733598297));
#2828 = CARTESIAN_POINT('',(11.733535149222,-1.245334612769E+03,
    -36.07458795358));
#2829 = CARTESIAN_POINT('',(11.993848286525,-1.245594968736E+03,
    -35.66190724217));
#2830 = CARTESIAN_POINT('',(12.254123119702,-1.245849205906E+03,
    -35.24151438439));
#2831 = CARTESIAN_POINT('',(12.514181360369,-1.246097111557E+03,
    -34.813319021));
#2832 = CARTESIAN_POINT('',(12.773837457131,-1.246338451637E+03,
    -34.37723383312));
#2833 = CARTESIAN_POINT('',(13.032898595579,-1.246572970766E+03,
    -33.93317454224));
#2834 = CARTESIAN_POINT('',(13.643552607049,-1.247110694563E+03,
    -32.86417783377));
#2835 = CARTESIAN_POINT('',(13.99450172745,-1.247407819633E+03,
    -32.23222713691));
#2836 = CARTESIAN_POINT('',(14.343451514546,-1.247691011505E+03,
    -31.58508680857));
#2837 = CARTESIAN_POINT('',(14.689813338439,-1.247959447884E+03,
    -30.92266717105));
#2838 = CARTESIAN_POINT('',(15.032973833184,-1.24821223838E+03,
    -30.24491207788));
#2839 = CARTESIAN_POINT('',(15.372298245679,-1.248448422778E+03,
    -29.55180111174));
#2840 = CARTESIAN_POINT('',(16.251753461854,-1.24902244155E+03,
    -27.69103848123));
#2841 = CARTESIAN_POINT('',(16.78572942289,-1.249332054429E+03,
    -26.4955395993));
#2842 = CARTESIAN_POINT('',(17.304468548395,-1.249589883376E+03,
    -25.26017047225));
#2843 = CARTESIAN_POINT('',(17.803715410858,-1.249790456626E+03,
    -23.98863647123));
#2844 = CARTESIAN_POINT('',(18.279651551366,-1.249928718343E+03,
    -22.68503837484));
#2845 = CARTESIAN_POINT('',(18.728978535911,-1.25E+03,-21.35386884402));
#2846 = CARTESIAN_POINT('',(19.148984791138,-1.25E+03,-20.));
#2847 = PCURVE('',#1427,#2848);
#2848 = DEFINITIONAL_REPRESENTATION('',(#2849),#2888);
#2849 = B_SPLINE_CURVE_WITH_KNOTS('',7,(#2850,#2851,#2852,#2853,#2854,
    #2855,#2856,#2857,#2858,#2859,#2860,#2861,#2862,#2863,#2864,#2865,
    #2866,#2867,#2868,#2869,#2870,#2871,#2872,#2873,#2874,#2875,#2876,
    #2877,#2878,#2879,#2880,#2881,#2882,#2883,#2884,#2885,#2886,#2887),
  .UNSPECIFIED.,.F.,.F.,(8,6,6,6,6,6,8),(0.,0.216054325883,
    0.485201979926,0.667468186081,0.740014239426,0.838998781951,1.),
  .UNSPECIFIED.);
#2850 = CARTESIAN_POINT('',(5.449012982404,-30.));
#2851 = CARTESIAN_POINT('',(5.449012982404,-28.59338857577));
#2852 = CARTESIAN_POINT('',(5.450709796885,-27.19047298668));
#2853 = CARTESIAN_POINT('',(5.454087399545,-25.79696973163));
#2854 = CARTESIAN_POINT('',(5.459095834373,-24.41868472862));
#2855 = CARTESIAN_POINT('',(5.465650168652,-23.06188923403));
#2856 = CARTESIAN_POINT('',(5.473628702713,-21.73349084647));
#2857 = CARTESIAN_POINT('',(5.494383239692,-18.83089071843));
#2858 = CARTESIAN_POINT('',(5.507881406664,-17.27299900794));
#2859 = CARTESIAN_POINT('',(5.523169966673,-15.76815062722));
#2860 = CARTESIAN_POINT('',(5.540084597883,-14.31777750169));
#2861 = CARTESIAN_POINT('',(5.558493117455,-12.92390916182));
#2862 = CARTESIAN_POINT('',(5.578294459126,-11.58933030237));
#2863 = CARTESIAN_POINT('',(5.613719798691,-9.45699007154));
#2864 = CARTESIAN_POINT('',(5.628637951078,-8.624464656086));
#2865 = CARTESIAN_POINT('',(5.644158695622,-7.821115507507));
#2866 = CARTESIAN_POINT('',(5.660276838676,-7.048121568634));
#2867 = CARTESIAN_POINT('',(5.676992055661,-6.307196841906));
#2868 = CARTESIAN_POINT('',(5.694307113967,-5.600686471683));
#2869 = CARTESIAN_POINT('',(5.719358425622,-4.665387231025));
#2870 = CARTESIAN_POINT('',(5.726586665307,-4.405031263509));
#2871 = CARTESIAN_POINT('',(5.733911318335,-4.150794094066));
#2872 = CARTESIAN_POINT('',(5.741332749594,-3.902888443333));
#2873 = CARTESIAN_POINT('',(5.748851308153,-3.66154836261));
#2874 = CARTESIAN_POINT('',(5.756467327262,-3.427029233858));
#2875 = CARTESIAN_POINT('',(5.774706116987,-2.889305436878));
#2876 = CARTESIAN_POINT('',(5.785414378574,-2.592180367367));
#2877 = CARTESIAN_POINT('',(5.796305249389,-2.308988494836));
#2878 = CARTESIAN_POINT('',(5.807377762223,-2.040552115606));
#2879 = CARTESIAN_POINT('',(5.818630655641,-1.787761619708));
#2880 = CARTESIAN_POINT('',(5.83006238724,-1.551577221937));
#2881 = CARTESIAN_POINT('',(5.860553129884,-0.977558449715));
#2882 = CARTESIAN_POINT('',(5.879946168141,-0.667945570522));
#2883 = CARTESIAN_POINT('',(5.899787769654,-0.410116623759));
#2884 = CARTESIAN_POINT('',(5.920015050303,-0.209543374456));
#2885 = CARTESIAN_POINT('',(5.94056468541,-7.128165715681E-02));
#2886 = CARTESIAN_POINT('',(5.961372519162,0.));
#2887 = CARTESIAN_POINT('',(5.982372831923,0.));
#2888 = ( GEOMETRIC_REPRESENTATION_CONTEXT(2) 
PARAMETRIC_REPRESENTATION_CONTEXT() REPRESENTATION_CONTEXT('2D SPACE',''
  ) );
#2889 = PCURVE('',#1400,#2890);
#2890 = DEFINITIONAL_REPRESENTATION('',(#2891),#2930);
#2891 = B_SPLINE_CURVE_WITH_KNOTS('',7,(#2892,#2893,#2894,#2895,#2896,
    #2897,#2898,#2899,#2900,#2901,#2902,#2903,#2904,#2905,#2906,#2907,
    #2908,#2909,#2910,#2911,#2912,#2913,#2914,#2915,#2916,#2917,#2918,
    #2919,#2920,#2921,#2922,#2923,#2924,#2925,#2926,#2927,#2928,#2929),
  .UNSPECIFIED.,.F.,.F.,(8,6,6,6,6,6,8),(0.,0.216054325883,
    0.485201979926,0.667468186081,0.740014239426,0.838998781951,1.),
  .UNSPECIFIED.);
#2892 = CARTESIAN_POINT('',(0.,504.62410713195));
#2893 = CARTESIAN_POINT('',(4.688704747407E-02,504.62410713195));
#2894 = CARTESIAN_POINT('',(9.365084344596E-02,504.53926622118));
#2895 = CARTESIAN_POINT('',(0.140269514386,504.37038676658));
#2896 = CARTESIAN_POINT('',(0.186713132997,504.12078652841));
#2897 = CARTESIAN_POINT('',(0.232930684898,503.79631741689));
#2898 = CARTESIAN_POINT('',(0.278835240839,503.40518174471));
#2899 = CARTESIAN_POINT('',(0.380908854632,502.39990790635));
#2900 = CARTESIAN_POINT('',(0.436951422018,501.7533758227));
#2901 = CARTESIAN_POINT('',(0.492636180621,501.03202767522));
#2902 = CARTESIAN_POINT('',(0.548156080569,500.24906886543));
#2903 = CARTESIAN_POINT('',(0.603696420296,499.41642610739));
#2904 = CARTESIAN_POINT('',(0.659443559916,498.54484140274));
#2905 = CARTESIAN_POINT('',(0.753623818385,497.03426761808));
#2906 = CARTESIAN_POINT('',(0.791861006793,496.41063149441));
#2907 = CARTESIAN_POINT('',(0.830395104628,495.77592618133));
#2908 = CARTESIAN_POINT('',(0.869312682243,495.13264154469));
#2909 = CARTESIAN_POINT('',(0.908700746398,494.48325067156));
#2910 = CARTESIAN_POINT('',(0.948647604999,493.83032792997));
#2911 = CARTESIAN_POINT('',(1.005402405331,492.91646485077));
#2912 = CARTESIAN_POINT('',(1.02166443255,492.65615171347));
#2913 = CARTESIAN_POINT('',(1.038036071614,492.39587688029));
#2914 = CARTESIAN_POINT('',(1.054523253152,492.13581863963));
#2915 = CARTESIAN_POINT('',(1.071131938725,491.87616254286));
#2916 = CARTESIAN_POINT('',(1.087868120829,491.61710140442));
#2917 = CARTESIAN_POINT('',(1.127755473942,491.00644739295));
#2918 = CARTESIAN_POINT('',(1.151024454507,490.65549827255));
#2919 = CARTESIAN_POINT('',(1.174556983753,490.30654848545));
#2920 = CARTESIAN_POINT('',(1.198365268937,489.96018666156));
#2921 = CARTESIAN_POINT('',(1.222461799432,489.61702616681));
#2922 = CARTESIAN_POINT('',(1.246859640746,489.27770175432));
#2923 = CARTESIAN_POINT('',(1.3117692798,488.39824653814));
#2924 = CARTESIAN_POINT('',(1.352890777425,487.86427057711));
#2925 = CARTESIAN_POINT('',(1.394879473027,487.3455314516));
#2926 = CARTESIAN_POINT('',(1.437691662494,486.84628458914));
#2927 = CARTESIAN_POINT('',(1.481295045606,486.37034844863));
#2928 = CARTESIAN_POINT('',(1.525667365328,485.92102146408));
#2929 = CARTESIAN_POINT('',(1.570796326795,485.50101520886));
#2930 = ( GEOMETRIC_REPRESENTATION_CONTEXT(2) 
PARAMETRIC_REPRESENTATION_CONTEXT() REPRESENTATION_CONTEXT('2D SPACE',''
  ) );
#2931 = ADVANCED_FACE('',(#2932),#1400,.T.);
#2932 = FACE_BOUND('',#2933,.T.);
#2933 = EDGE_LOOP('',(#2934,#2935,#3073,#3094));
#2934 = ORIENTED_EDGE('',*,*,#1384,.F.);
#2935 = ORIENTED_EDGE('',*,*,#2936,.F.);
#2936 = EDGE_CURVE('',#2937,#1357,#2939,.T.);
#2937 = VERTEX_POINT('',#2938);
#2938 = CARTESIAN_POINT('',(454.75,-1.25E+03,-20.));
#2939 = SURFACE_CURVE('',#2940,(#2951,#2965),.PCURVE_S1.);
#2940 = B_SPLINE_CURVE_WITH_KNOTS('',9,(#2941,#2942,#2943,#2944,#2945,
    #2946,#2947,#2948,#2949,#2950),.UNSPECIFIED.,.F.,.F.,(10,10),(0.,1.)
  ,.PIECEWISE_BEZIER_KNOTS.);
#2941 = CARTESIAN_POINT('',(454.75,-1.25E+03,-20.));
#2942 = CARTESIAN_POINT('',(454.75,-1.25E+03,-25.23598716193));
#2943 = CARTESIAN_POINT('',(454.75000000004,-1.248971915991E+03,
    -30.47197767927));
#2944 = CARTESIAN_POINT('',(454.74999999993,-1.246915749574E+03,
    -35.47725754944));
#2945 = CARTESIAN_POINT('',(454.75000000009,-1.243891892938E+03,
    -40.02115077594));
#2946 = CARTESIAN_POINT('',(454.74999999991,-1.240021150776E+03,
    -43.89189293819));
#2947 = CARTESIAN_POINT('',(454.75000000005,-1.23547725755E+03,
    -46.91574957366));
#2948 = CARTESIAN_POINT('',(454.74999999996,-1.230471977679E+03,
    -48.97191599134));
#2949 = CARTESIAN_POINT('',(454.75,-1.225235987162E+03,-50.));
#2950 = CARTESIAN_POINT('',(454.75,-1.22E+03,-50.));
#2951 = PCURVE('',#1400,#2952);
#2952 = DEFINITIONAL_REPRESENTATION('',(#2953),#2964);
#2953 = B_SPLINE_CURVE_WITH_KNOTS('',9,(#2954,#2955,#2956,#2957,#2958,
    #2959,#2960,#2961,#2962,#2963),.UNSPECIFIED.,.F.,.F.,(10,10),(0.,1.)
  ,.PIECEWISE_BEZIER_KNOTS.);
#2954 = CARTESIAN_POINT('',(1.570796326795,49.9));
#2955 = CARTESIAN_POINT('',(1.396263421397,49.9));
#2956 = CARTESIAN_POINT('',(1.221730405345,49.900000000001));
#2957 = CARTESIAN_POINT('',(1.047197684911,49.899999999997));
#2958 = CARTESIAN_POINT('',(0.872664457453,49.900000000004));
#2959 = CARTESIAN_POINT('',(0.698131869341,49.899999999996));
#2960 = CARTESIAN_POINT('',(0.523598641887,49.900000000002));
#2961 = CARTESIAN_POINT('',(0.349065921448,49.899999999999));
#2962 = CARTESIAN_POINT('',(0.174532905398,49.9));
#2963 = CARTESIAN_POINT('',(-1.665334536938E-14,49.9));
#2964 = ( GEOMETRIC_REPRESENTATION_CONTEXT(2) 
PARAMETRIC_REPRESENTATION_CONTEXT() REPRESENTATION_CONTEXT('2D SPACE',''
  ) );
#2965 = PCURVE('',#2966,#3067);
#2966 = B_SPLINE_SURFACE_WITH_KNOTS('',9,9,(
    (#2967,#2968,#2969,#2970,#2971,#2972,#2973,#2974,#2975,#2976)
    ,(#2977,#2978,#2979,#2980,#2981,#2982,#2983,#2984,#2985,#2986)
    ,(#2987,#2988,#2989,#2990,#2991,#2992,#2993,#2994,#2995,#2996)
    ,(#2997,#2998,#2999,#3000,#3001,#3002,#3003,#3004,#3005,#3006)
    ,(#3007,#3008,#3009,#3010,#3011,#3012,#3013,#3014,#3015,#3016)
    ,(#3017,#3018,#3019,#3020,#3021,#3022,#3023,#3024,#3025,#3026)
    ,(#3027,#3028,#3029,#3030,#3031,#3032,#3033,#3034,#3035,#3036)
    ,(#3037,#3038,#3039,#3040,#3041,#3042,#3043,#3044,#3045,#3046)
    ,(#3047,#3048,#3049,#3050,#3051,#3052,#3053,#3054,#3055,#3056)
    ,(#3057,#3058,#3059,#3060,#3061,#3062,#3063,#3064,#3065,#3066
  )),.UNSPECIFIED.,.F.,.F.,.F.,(10,10),(10,10),(0.,1.),(0.,1.),
  .PIECEWISE_BEZIER_KNOTS.);
#2967 = CARTESIAN_POINT('',(454.75,-1.25E+03,-20.));
#2968 = CARTESIAN_POINT('',(463.45919296745,-1.25E+03,-17.78888888888));
#2969 = CARTESIAN_POINT('',(472.16838605973,-1.248289954098E+03,
    -15.57777777777));
#2970 = CARTESIAN_POINT('',(480.49384478669,-1.244869861097E+03,
    -13.36666666666));
#2971 = CARTESIAN_POINT('',(488.05184008962,-1.239840187317E+03,
    -11.15555555555));
#2972 = CARTESIAN_POINT('',(494.49018731654,-1.233401840089E+03,
    -8.944444444442));
#2973 = CARTESIAN_POINT('',(499.51986109741,-1.225843844787E+03,
    -6.733333333335));
#2974 = CARTESIAN_POINT('',(502.9399540979,-1.21751838606E+03,
    -4.522222222222));
#2975 = CARTESIAN_POINT('',(504.65,-1.208809192967E+03,-2.311111111111)
  );
#2976 = CARTESIAN_POINT('',(504.65,-1.2001E+03,-9.999999999999E-02));
#2977 = CARTESIAN_POINT('',(454.75,-1.25E+03,-25.23598716193));
#2978 = CARTESIAN_POINT('',(463.45919296745,-1.250192955823E+03,
    -23.05914908221));
#2979 = CARTESIAN_POINT('',(472.41051622896,-1.248579260488E+03,
    -20.69230590226));
#2980 = CARTESIAN_POINT('',(481.0905092477,-1.24501775039E+03,
    -18.13545748914));
#2981 = CARTESIAN_POINT('',(488.88169764485,-1.239596769692E+03,
    -15.39976676712));
#2982 = CARTESIAN_POINT('',(495.21126238609,-1.23274107854E+03,
    -12.50755677327));
#2983 = CARTESIAN_POINT('',(499.93331336785,-1.225049636185E+03,
    -9.490941437691));
#2984 = CARTESIAN_POINT('',(503.07819920231,-1.216863162865E+03,
    -6.389052388299));
#2985 = CARTESIAN_POINT('',(504.65,-1.208457554243E+03,-3.244526187216)
  );
#2986 = CARTESIAN_POINT('',(504.65,-1.2001E+03,-9.999999999999E-02));
#2987 = CARTESIAN_POINT('',(454.75000000004,-1.248971915991E+03,
    -30.47197767927));
#2988 = CARTESIAN_POINT('',(463.45919296749,-1.249440880838E+03,
    -28.67466950858));
#2989 = CARTESIAN_POINT('',(472.59211385591,-1.247094110191E+03,
    -27.17649835101));
#2990 = CARTESIAN_POINT('',(481.53800759348,-1.243234017717E+03,
    -24.57363046428));
#2991 = CARTESIAN_POINT('',(489.50409081131,-1.237513249235E+03,
    -21.33297163728));
#2992 = CARTESIAN_POINT('',(495.75206868826,-1.230500388936E+03,
    -17.56962960506));
#2993 = CARTESIAN_POINT('',(500.2434025707,-1.222964126585E+03,
    -13.45450049399));
#2994 = CARTESIAN_POINT('',(503.18188303062,-1.215241932813E+03,
    -9.102692799589));
#2995 = CARTESIAN_POINT('',(504.65,-1.207071070459E+03,-5.067342234372)
  );
#2996 = CARTESIAN_POINT('',(504.65,-1.2001E+03,-9.999999999999E-02));
#2997 = CARTESIAN_POINT('',(454.74999999993,-1.246915749574E+03,
    -35.47725754944));
#2998 = CARTESIAN_POINT('',(463.45919296739,-1.247491929673E+03,
    -34.36486004926));
#2999 = CARTESIAN_POINT('',(472.71317894044,-1.245371301064E+03,
    -32.87652965654));
#3000 = CARTESIAN_POINT('',(481.83633982392,-1.241615362701E+03,
    -29.96183702235));
#3001 = CARTESIAN_POINT('',(489.91901958886,-1.235989484102E+03,
    -26.01039118331));
#3002 = CARTESIAN_POINT('',(496.11260622299,-1.229106832848E+03,
    -21.28850207236));
#3003 = CARTESIAN_POINT('',(500.45012870589,-1.22178396059E+03,
    -16.16292549178));
#3004 = CARTESIAN_POINT('',(503.2510055828,-1.214367503574E+03,
    -10.82613559159));
#3005 = CARTESIAN_POINT('',(504.65,-1.206678084566E+03,-5.751216302941)
  );
#3006 = CARTESIAN_POINT('',(504.65,-1.2001E+03,-9.999999999999E-02));
#3007 = CARTESIAN_POINT('',(454.75000000009,-1.243891892938E+03,
    -40.02115077594));
#3008 = CARTESIAN_POINT('',(463.45919296754,-1.244216245701E+03,
    -39.71097102539));
#3009 = CARTESIAN_POINT('',(472.77371148287,-1.242392698066E+03,
    -38.11060814914));
#3010 = CARTESIAN_POINT('',(481.98550593928,-1.238864576616E+03,
    -34.87574504984));
#3011 = CARTESIAN_POINT('',(490.12648397776,-1.233609442395E+03,
    -30.21299447733));
#3012 = CARTESIAN_POINT('',(496.29287499045,-1.22718919249E+03,
    -24.55436473394));
#3013 = CARTESIAN_POINT('',(500.55349177355,-1.220348141648E+03,
    -18.47724439507));
#3014 = CARTESIAN_POINT('',(503.28556685894,-1.213414071646E+03,
    -12.25276279543));
#3015 = CARTESIAN_POINT('',(504.65,-1.206418903133E+03,-6.155841823881)
  );
#3016 = CARTESIAN_POINT('',(504.65,-1.2001E+03,-9.999999999999E-02));
#3017 = CARTESIAN_POINT('',(454.74999999991,-1.240021150776E+03,
    -43.89189293819));
#3018 = CARTESIAN_POINT('',(463.45919296736,-1.239710971025E+03,
    -44.21624570061));
#3019 = CARTESIAN_POINT('',(472.77371148273,-1.238110608149E+03,
    -42.39269806573));
#3020 = CARTESIAN_POINT('',(481.98550593915,-1.23487574505E+03,
    -38.86457661635));
#3021 = CARTESIAN_POINT('',(490.12648397766,-1.230212994477E+03,
    -33.60944239459));
#3022 = CARTESIAN_POINT('',(496.29287499036,-1.224554364734E+03,
    -27.18919249014));
#3023 = CARTESIAN_POINT('',(500.55349177349,-1.218477244395E+03,
    -20.34814164829));
#3024 = CARTESIAN_POINT('',(503.2855668589,-1.212252762795E+03,
    -13.41407164592));
#3025 = CARTESIAN_POINT('',(504.65,-1.206155841824E+03,-6.418903132999)
  );
#3026 = CARTESIAN_POINT('',(504.65,-1.2001E+03,-9.999999999999E-02));
#3027 = CARTESIAN_POINT('',(454.75000000005,-1.23547725755E+03,
    -46.91574957366));
#3028 = CARTESIAN_POINT('',(463.4591929675,-1.234364860049E+03,
    -47.49192967268));
#3029 = CARTESIAN_POINT('',(472.71317894053,-1.232876529657E+03,
    -45.37130106361));
#3030 = CARTESIAN_POINT('',(481.83633982399,-1.229961837022E+03,
    -41.61536270128));
#3031 = CARTESIAN_POINT('',(489.91901958893,-1.226010391184E+03,
    -35.98948410209));
#3032 = CARTESIAN_POINT('',(496.11260622304,-1.221288502072E+03,
    -29.10683284781));
#3033 = CARTESIAN_POINT('',(500.45012870593,-1.216162925492E+03,
    -21.78396059033));
#3034 = CARTESIAN_POINT('',(503.25100558283,-1.210826135592E+03,
    -14.36750357371));
#3035 = CARTESIAN_POINT('',(504.65,-1.205751216303E+03,-6.678084566107)
  );
#3036 = CARTESIAN_POINT('',(504.65,-1.2001E+03,-9.999999999999E-02));
#3037 = CARTESIAN_POINT('',(454.74999999996,-1.230471977679E+03,
    -48.97191599134));
#3038 = CARTESIAN_POINT('',(463.45919296741,-1.228674669509E+03,
    -49.44088083822));
#3039 = CARTESIAN_POINT('',(472.59211385585,-1.227176498351E+03,
    -47.09411019116));
#3040 = CARTESIAN_POINT('',(481.53800759343,-1.224573630464E+03,
    -43.23401771727));
#3041 = CARTESIAN_POINT('',(489.50409081127,-1.221332971637E+03,
    -37.51324923447));
#3042 = CARTESIAN_POINT('',(495.75206868822,-1.217569629605E+03,
    -30.500388936));
#3043 = CARTESIAN_POINT('',(500.24340257067,-1.213454500494E+03,
    -22.96412658482));
#3044 = CARTESIAN_POINT('',(503.1818830306,-1.2091026928E+03,
    -15.24193281273));
#3045 = CARTESIAN_POINT('',(504.65,-1.205067342234E+03,-7.071070459013)
  );
#3046 = CARTESIAN_POINT('',(504.65,-1.2001E+03,-9.999999999999E-02));
#3047 = CARTESIAN_POINT('',(454.75,-1.225235987162E+03,-50.));
#3048 = CARTESIAN_POINT('',(463.45919296745,-1.223059149082E+03,
    -50.19295582319));
#3049 = CARTESIAN_POINT('',(472.41051622896,-1.220692305902E+03,
    -48.57926048762));
#3050 = CARTESIAN_POINT('',(481.09050924769,-1.218135457489E+03,
    -45.0177503905));
#3051 = CARTESIAN_POINT('',(488.88169764487,-1.215399766767E+03,
    -39.59676969152));
#3052 = CARTESIAN_POINT('',(495.21126238608,-1.212507556773E+03,
    -32.74107853992));
#3053 = CARTESIAN_POINT('',(499.93331336786,-1.209490941438E+03,
    -25.04963618534));
#3054 = CARTESIAN_POINT('',(503.07819920231,-1.206389052388E+03,
    -16.86316286458));
#3055 = CARTESIAN_POINT('',(504.65,-1.203244526187E+03,-8.457554242674)
  );
#3056 = CARTESIAN_POINT('',(504.65,-1.2001E+03,-9.999999999999E-02));
#3057 = CARTESIAN_POINT('',(454.75,-1.22E+03,-50.));
#3058 = CARTESIAN_POINT('',(463.45919296745,-1.217788888889E+03,-50.));
#3059 = CARTESIAN_POINT('',(472.16838605973,-1.215577777778E+03,
    -48.28995409792));
#3060 = CARTESIAN_POINT('',(480.49384478668,-1.213366666667E+03,
    -44.86986109737));
#3061 = CARTESIAN_POINT('',(488.05184008963,-1.211155555556E+03,
    -39.84018731659));
#3062 = CARTESIAN_POINT('',(494.49018731653,-1.208944444444E+03,
    -33.40184008956));
#3063 = CARTESIAN_POINT('',(499.51986109741,-1.206733333333E+03,
    -25.84384478672));
#3064 = CARTESIAN_POINT('',(502.9399540979,-1.204522222222E+03,
    -17.5183860597));
#3065 = CARTESIAN_POINT('',(504.65,-1.202311111111E+03,-8.809192967453)
  );
#3066 = CARTESIAN_POINT('',(504.65,-1.2001E+03,-9.999999999999E-02));
#3067 = DEFINITIONAL_REPRESENTATION('',(#3068),#3072);
#3068 = LINE('',#3069,#3070);
#3069 = CARTESIAN_POINT('',(0.,0.));
#3070 = VECTOR('',#3071,1.);
#3071 = DIRECTION('',(1.,0.));
#3072 = ( GEOMETRIC_REPRESENTATION_CONTEXT(2) 
PARAMETRIC_REPRESENTATION_CONTEXT() REPRESENTATION_CONTEXT('2D SPACE',''
  ) );
#3073 = ORIENTED_EDGE('',*,*,#3074,.T.);
#3074 = EDGE_CURVE('',#2937,#2383,#3075,.T.);
#3075 = SURFACE_CURVE('',#3076,(#3080,#3087),.PCURVE_S1.);
#3076 = LINE('',#3077,#3078);
#3077 = CARTESIAN_POINT('',(504.65,-1.25E+03,-20.));
#3078 = VECTOR('',#3079,1.);
#3079 = DIRECTION('',(-1.,0.,-0.));
#3080 = PCURVE('',#1400,#3081);
#3081 = DEFINITIONAL_REPRESENTATION('',(#3082),#3086);
#3082 = LINE('',#3083,#3084);
#3083 = CARTESIAN_POINT('',(1.570796326795,0.));
#3084 = VECTOR('',#3085,1.);
#3085 = DIRECTION('',(0.,1.));
#3086 = ( GEOMETRIC_REPRESENTATION_CONTEXT(2) 
PARAMETRIC_REPRESENTATION_CONTEXT() REPRESENTATION_CONTEXT('2D SPACE',''
  ) );
#3087 = PCURVE('',#2399,#3088);
#3088 = DEFINITIONAL_REPRESENTATION('',(#3089),#3093);
#3089 = LINE('',#3090,#3091);
#3090 = CARTESIAN_POINT('',(-549.97,-20.));
#3091 = VECTOR('',#3092,1.);
#3092 = DIRECTION('',(1.,-0.));
#3093 = ( GEOMETRIC_REPRESENTATION_CONTEXT(2) 
PARAMETRIC_REPRESENTATION_CONTEXT() REPRESENTATION_CONTEXT('2D SPACE',''
  ) );
#3094 = ORIENTED_EDGE('',*,*,#2806,.F.);
#3095 = ADVANCED_FACE('',(#3096),#1372,.T.);
#3096 = FACE_BOUND('',#3097,.F.);
#3097 = EDGE_LOOP('',(#3098,#3124,#3125,#3126));
#3098 = ORIENTED_EDGE('',*,*,#3099,.T.);
#3099 = EDGE_CURVE('',#1357,#2013,#3100,.T.);
#3100 = SURFACE_CURVE('',#3101,(#3112,#3118),.PCURVE_S1.);
#3101 = B_SPLINE_CURVE_WITH_KNOTS('',9,(#3102,#3103,#3104,#3105,#3106,
    #3107,#3108,#3109,#3110,#3111),.UNSPECIFIED.,.F.,.F.,(10,10),(0.,1.)
  ,.PIECEWISE_BEZIER_KNOTS.);
#3102 = CARTESIAN_POINT('',(454.75,-1.22E+03,-50.));
#3103 = CARTESIAN_POINT('',(463.45919296745,-1.217788888889E+03,-50.));
#3104 = CARTESIAN_POINT('',(472.16838605973,-1.215577777778E+03,
    -48.28995409792));
#3105 = CARTESIAN_POINT('',(480.49384478668,-1.213366666667E+03,
    -44.86986109737));
#3106 = CARTESIAN_POINT('',(488.05184008963,-1.211155555556E+03,
    -39.84018731659));
#3107 = CARTESIAN_POINT('',(494.49018731653,-1.208944444444E+03,
    -33.40184008956));
#3108 = CARTESIAN_POINT('',(499.51986109741,-1.206733333333E+03,
    -25.84384478672));
#3109 = CARTESIAN_POINT('',(502.9399540979,-1.204522222222E+03,
    -17.5183860597));
#3110 = CARTESIAN_POINT('',(504.65,-1.202311111111E+03,-8.809192967453)
  );
#3111 = CARTESIAN_POINT('',(504.65,-1.2001E+03,-9.999999999999E-02));
#3112 = PCURVE('',#1372,#3113);
#3113 = DEFINITIONAL_REPRESENTATION('',(#3114),#3117);
#3114 = B_SPLINE_CURVE_WITH_KNOTS('',1,(#3115,#3116),.UNSPECIFIED.,.F.,
  .F.,(2,2),(0.,1.),.PIECEWISE_BEZIER_KNOTS.);
#3115 = CARTESIAN_POINT('',(0.,0.));
#3116 = CARTESIAN_POINT('',(-1.570796326795,19.9));
#3117 = ( GEOMETRIC_REPRESENTATION_CONTEXT(2) 
PARAMETRIC_REPRESENTATION_CONTEXT() REPRESENTATION_CONTEXT('2D SPACE',''
  ) );
#3118 = PCURVE('',#2966,#3119);
#3119 = DEFINITIONAL_REPRESENTATION('',(#3120),#3123);
#3120 = B_SPLINE_CURVE_WITH_KNOTS('',1,(#3121,#3122),.UNSPECIFIED.,.F.,
  .F.,(2,2),(0.,1.),.PIECEWISE_BEZIER_KNOTS.);
#3121 = CARTESIAN_POINT('',(1.,0.));
#3122 = CARTESIAN_POINT('',(1.,1.));
#3123 = ( GEOMETRIC_REPRESENTATION_CONTEXT(2) 
PARAMETRIC_REPRESENTATION_CONTEXT() REPRESENTATION_CONTEXT('2D SPACE',''
  ) );
#3124 = ORIENTED_EDGE('',*,*,#2040,.T.);
#3125 = ORIENTED_EDGE('',*,*,#1949,.F.);
#3126 = ORIENTED_EDGE('',*,*,#1356,.F.);
#3127 = ADVANCED_FACE('',(#3128),#1619,.F.);
#3128 = FACE_BOUND('',#3129,.F.);
#3129 = EDGE_LOOP('',(#3130,#3131,#3155,#3176));
#3130 = ORIENTED_EDGE('',*,*,#1603,.F.);
#3131 = ORIENTED_EDGE('',*,*,#3132,.T.);
#3132 = EDGE_CURVE('',#1604,#3133,#3135,.T.);
#3133 = VERTEX_POINT('',#3134);
#3134 = CARTESIAN_POINT('',(404.65,-100.,20.));
#3135 = SURFACE_CURVE('',#3136,(#3141,#3148),.PCURVE_S1.);
#3136 = CIRCLE('',#3137,50.);
#3137 = AXIS2_PLACEMENT_3D('',#3138,#3139,#3140);
#3138 = CARTESIAN_POINT('',(354.65,-100.,20.));
#3139 = DIRECTION('',(0.,0.,-1.));
#3140 = DIRECTION('',(0.,1.,0.));
#3141 = PCURVE('',#1619,#3142);
#3142 = DEFINITIONAL_REPRESENTATION('',(#3143),#3147);
#3143 = LINE('',#3144,#3145);
#3144 = CARTESIAN_POINT('',(0.,30.));
#3145 = VECTOR('',#3146,1.);
#3146 = DIRECTION('',(1.,0.));
#3147 = ( GEOMETRIC_REPRESENTATION_CONTEXT(2) 
PARAMETRIC_REPRESENTATION_CONTEXT() REPRESENTATION_CONTEXT('2D SPACE',''
  ) );
#3148 = PCURVE('',#1697,#3149);
#3149 = DEFINITIONAL_REPRESENTATION('',(#3150),#3154);
#3150 = LINE('',#3151,#3152);
#3151 = CARTESIAN_POINT('',(0.,3.14159265359));
#3152 = VECTOR('',#3153,1.);
#3153 = DIRECTION('',(1.,0.));
#3154 = ( GEOMETRIC_REPRESENTATION_CONTEXT(2) 
PARAMETRIC_REPRESENTATION_CONTEXT() REPRESENTATION_CONTEXT('2D SPACE',''
  ) );
#3155 = ORIENTED_EDGE('',*,*,#3156,.T.);
#3156 = EDGE_CURVE('',#3133,#2067,#3157,.T.);
#3157 = SURFACE_CURVE('',#3158,(#3162,#3169),.PCURVE_S1.);
#3158 = LINE('',#3159,#3160);
#3159 = CARTESIAN_POINT('',(404.65,-100.,50.));
#3160 = VECTOR('',#3161,1.);
#3161 = DIRECTION('',(-1.224646799147E-16,-0.,-1.));
#3162 = PCURVE('',#1619,#3163);
#3163 = DEFINITIONAL_REPRESENTATION('',(#3164),#3168);
#3164 = LINE('',#3165,#3166);
#3165 = CARTESIAN_POINT('',(1.570796326795,0.));
#3166 = VECTOR('',#3167,1.);
#3167 = DIRECTION('',(0.,1.));
#3168 = ( GEOMETRIC_REPRESENTATION_CONTEXT(2) 
PARAMETRIC_REPRESENTATION_CONTEXT() REPRESENTATION_CONTEXT('2D SPACE',''
  ) );
#3169 = PCURVE('',#2152,#3170);
#3170 = DEFINITIONAL_REPRESENTATION('',(#3171),#3175);
#3171 = LINE('',#3172,#3173);
#3172 = CARTESIAN_POINT('',(-50.,100.));
#3173 = VECTOR('',#3174,1.);
#3174 = DIRECTION('',(1.,0.));
#3175 = ( GEOMETRIC_REPRESENTATION_CONTEXT(2) 
PARAMETRIC_REPRESENTATION_CONTEXT() REPRESENTATION_CONTEXT('2D SPACE',''
  ) );
#3176 = ORIENTED_EDGE('',*,*,#2066,.F.);
#3177 = ADVANCED_FACE('',(#3178),#1697,.T.);
#3178 = FACE_BOUND('',#3179,.T.);
#3179 = EDGE_LOOP('',(#3180,#3181,#3182,#3202));
#3180 = ORIENTED_EDGE('',*,*,#1683,.F.);
#3181 = ORIENTED_EDGE('',*,*,#3132,.T.);
#3182 = ORIENTED_EDGE('',*,*,#3183,.T.);
#3183 = EDGE_CURVE('',#3133,#1715,#3184,.T.);
#3184 = SURFACE_CURVE('',#3185,(#3190,#3196),.PCURVE_S1.);
#3185 = CIRCLE('',#3186,30.);
#3186 = AXIS2_PLACEMENT_3D('',#3187,#3188,#3189);
#3187 = CARTESIAN_POINT('',(434.65,-100.,20.));
#3188 = DIRECTION('',(-6.123233995737E-17,1.,0.));
#3189 = DIRECTION('',(1.,6.123233995737E-17,0.));
#3190 = PCURVE('',#1697,#3191);
#3191 = DEFINITIONAL_REPRESENTATION('',(#3192),#3195);
#3192 = B_SPLINE_CURVE_WITH_KNOTS('',1,(#3193,#3194),.UNSPECIFIED.,.F.,
  .F.,(2,2),(3.14159265359,4.712388980385),.PIECEWISE_BEZIER_KNOTS.);
#3193 = CARTESIAN_POINT('',(1.570796326795,3.14159265359));
#3194 = CARTESIAN_POINT('',(1.570796326795,4.712388980385));
#3195 = ( GEOMETRIC_REPRESENTATION_CONTEXT(2) 
PARAMETRIC_REPRESENTATION_CONTEXT() REPRESENTATION_CONTEXT('2D SPACE',''
  ) );
#3196 = PCURVE('',#1758,#3197);
#3197 = DEFINITIONAL_REPRESENTATION('',(#3198),#3201);
#3198 = B_SPLINE_CURVE_WITH_KNOTS('',1,(#3199,#3200),.UNSPECIFIED.,.F.,
  .F.,(2,2),(3.14159265359,4.712388980385),.PIECEWISE_BEZIER_KNOTS.);
#3199 = CARTESIAN_POINT('',(0.,0.));
#3200 = CARTESIAN_POINT('',(-1.570796326795,0.));
#3201 = ( GEOMETRIC_REPRESENTATION_CONTEXT(2) 
PARAMETRIC_REPRESENTATION_CONTEXT() REPRESENTATION_CONTEXT('2D SPACE',''
  ) );
#3202 = ORIENTED_EDGE('',*,*,#1714,.F.);
#3203 = ADVANCED_FACE('',(#3204),#1894,.T.);
#3204 = FACE_BOUND('',#3205,.F.);
#3205 = EDGE_LOOP('',(#3206,#3207,#3208,#3344));
#3206 = ORIENTED_EDGE('',*,*,#1911,.T.);
#3207 = ORIENTED_EDGE('',*,*,#1989,.T.);
#3208 = ORIENTED_EDGE('',*,*,#3209,.F.);
#3209 = EDGE_CURVE('',#1853,#1990,#3210,.T.);
#3210 = SURFACE_CURVE('',#3211,(#3219,#3231),.PCURVE_S1.);
#3211 = B_SPLINE_CURVE_WITH_KNOTS('',6,(#3212,#3213,#3214,#3215,#3216,
    #3217,#3218),.UNSPECIFIED.,.F.,.F.,(7,7),(0.,1.),
  .PIECEWISE_BEZIER_KNOTS.);
#3212 = CARTESIAN_POINT('',(454.75,-1.22E+03,50.));
#3213 = CARTESIAN_POINT('',(467.81378945117,-1.216683333333E+03,50.));
#3214 = CARTESIAN_POINT('',(480.87646738518,-1.213366666667E+03,
    45.896838467588));
#3215 = CARTESIAN_POINT('',(492.33418846704,-1.21005E+03,37.684188467046
    ));
#3216 = CARTESIAN_POINT('',(500.54683846758,-1.206733333333E+03,
    26.226467385187));
#3217 = CARTESIAN_POINT('',(504.65,-1.203416666667E+03,13.163789451178)
  );
#3218 = CARTESIAN_POINT('',(504.65,-1.2001E+03,0.1));
#3219 = PCURVE('',#1894,#3220);
#3220 = DEFINITIONAL_REPRESENTATION('',(#3221),#3230);
#3221 = B_SPLINE_CURVE_WITH_KNOTS('',7,(#3222,#3223,#3224,#3225,#3226,
    #3227,#3228,#3229),.UNSPECIFIED.,.F.,.F.,(8,8),(0.,1.),
  .PIECEWISE_BEZIER_KNOTS.);
#3222 = CARTESIAN_POINT('',(0.,1.24E+03));
#3223 = CARTESIAN_POINT('',(-0.224399475256,1.237157142857E+03));
#3224 = CARTESIAN_POINT('',(-0.448781277025,1.234314509615E+03));
#3225 = CARTESIAN_POINT('',(-0.673243531471,1.231470857139E+03));
#3226 = CARTESIAN_POINT('',(-0.897552795324,1.228629142861E+03));
#3227 = CARTESIAN_POINT('',(-1.12201504977,1.225785490385E+03));
#3228 = CARTESIAN_POINT('',(-1.346396851538,1.222942857143E+03));
#3229 = CARTESIAN_POINT('',(-1.570796326795,1.2201E+03));
#3230 = ( GEOMETRIC_REPRESENTATION_CONTEXT(2) 
PARAMETRIC_REPRESENTATION_CONTEXT() REPRESENTATION_CONTEXT('2D SPACE',''
  ) );
#3231 = PCURVE('',#3232,#3333);
#3232 = B_SPLINE_SURFACE_WITH_KNOTS('',9,9,(
    (#3233,#3234,#3235,#3236,#3237,#3238,#3239,#3240,#3241,#3242)
    ,(#3243,#3244,#3245,#3246,#3247,#3248,#3249,#3250,#3251,#3252)
    ,(#3253,#3254,#3255,#3256,#3257,#3258,#3259,#3260,#3261,#3262)
    ,(#3263,#3264,#3265,#3266,#3267,#3268,#3269,#3270,#3271,#3272)
    ,(#3273,#3274,#3275,#3276,#3277,#3278,#3279,#3280,#3281,#3282)
    ,(#3283,#3284,#3285,#3286,#3287,#3288,#3289,#3290,#3291,#3292)
    ,(#3293,#3294,#3295,#3296,#3297,#3298,#3299,#3300,#3301,#3302)
    ,(#3303,#3304,#3305,#3306,#3307,#3308,#3309,#3310,#3311,#3312)
    ,(#3313,#3314,#3315,#3316,#3317,#3318,#3319,#3320,#3321,#3322)
    ,(#3323,#3324,#3325,#3326,#3327,#3328,#3329,#3330,#3331,#3332
  )),.UNSPECIFIED.,.F.,.F.,.F.,(10,10),(10,10),(0.,1.),(0.,1.),
  .PIECEWISE_BEZIER_KNOTS.);
#3233 = CARTESIAN_POINT('',(454.75,-1.22E+03,50.));
#3234 = CARTESIAN_POINT('',(463.45919296745,-1.217788888889E+03,50.));
#3235 = CARTESIAN_POINT('',(472.16838605973,-1.215577777778E+03,
    48.28995409792));
#3236 = CARTESIAN_POINT('',(480.49384478668,-1.213366666667E+03,
    44.869861097374));
#3237 = CARTESIAN_POINT('',(488.05184008963,-1.211155555556E+03,
    39.840187316592));
#3238 = CARTESIAN_POINT('',(494.49018731653,-1.208944444444E+03,
    33.401840089562));
#3239 = CARTESIAN_POINT('',(499.51986109741,-1.206733333333E+03,
    25.843844786728));
#3240 = CARTESIAN_POINT('',(502.9399540979,-1.204522222222E+03,
    17.518386059707));
#3241 = CARTESIAN_POINT('',(504.65,-1.202311111111E+03,8.809192967452));
#3242 = CARTESIAN_POINT('',(504.65,-1.2001E+03,0.1));
#3243 = CARTESIAN_POINT('',(454.75,-1.225235987162E+03,50.));
#3244 = CARTESIAN_POINT('',(463.45919296745,-1.223059149082E+03,
    50.19295582319));
#3245 = CARTESIAN_POINT('',(472.41051622896,-1.220692305902E+03,
    48.579260487624));
#3246 = CARTESIAN_POINT('',(481.09050924769,-1.218135457489E+03,
    45.017750390508));
#3247 = CARTESIAN_POINT('',(488.88169764487,-1.215399766767E+03,
    39.596769691522));
#3248 = CARTESIAN_POINT('',(495.21126238608,-1.212507556773E+03,
    32.741078539923));
#3249 = CARTESIAN_POINT('',(499.93331336786,-1.209490941438E+03,
    25.049636185343));
#3250 = CARTESIAN_POINT('',(503.07819920231,-1.206389052388E+03,
    16.863162864585));
#3251 = CARTESIAN_POINT('',(504.65,-1.203244526187E+03,8.457554242674));
#3252 = CARTESIAN_POINT('',(504.65,-1.2001E+03,0.1));
#3253 = CARTESIAN_POINT('',(454.75000000003,-1.230471977679E+03,
    48.971915991345));
#3254 = CARTESIAN_POINT('',(463.45919296749,-1.228674669509E+03,
    49.440880838223));
#3255 = CARTESIAN_POINT('',(472.59211385591,-1.227176498351E+03,
    47.09411019116));
#3256 = CARTESIAN_POINT('',(481.53800759348,-1.224573630464E+03,
    43.234017717276));
#3257 = CARTESIAN_POINT('',(489.50409081131,-1.221332971637E+03,
    37.513249234471));
#3258 = CARTESIAN_POINT('',(495.75206868826,-1.217569629605E+03,
    30.500388936));
#3259 = CARTESIAN_POINT('',(500.2434025707,-1.213454500494E+03,
    22.964126584827));
#3260 = CARTESIAN_POINT('',(503.18188303062,-1.2091026928E+03,
    15.241932812732));
#3261 = CARTESIAN_POINT('',(504.65,-1.205067342234E+03,7.071070459012));
#3262 = CARTESIAN_POINT('',(504.65,-1.2001E+03,0.1));
#3263 = CARTESIAN_POINT('',(454.74999999994,-1.235477257549E+03,
    46.915749573678));
#3264 = CARTESIAN_POINT('',(463.45919296739,-1.234364860049E+03,
    47.4919296727));
#3265 = CARTESIAN_POINT('',(472.71317894045,-1.232876529657E+03,
    45.37130106362));
#3266 = CARTESIAN_POINT('',(481.83633982392,-1.229961837022E+03,
    41.615362701287));
#3267 = CARTESIAN_POINT('',(489.91901958887,-1.226010391183E+03,
    35.989484102098));
#3268 = CARTESIAN_POINT('',(496.11260622299,-1.221288502072E+03,
    29.106832847818));
#3269 = CARTESIAN_POINT('',(500.45012870588,-1.216162925492E+03,
    21.783960590341));
#3270 = CARTESIAN_POINT('',(503.2510055828,-1.210826135592E+03,
    14.367503573716));
#3271 = CARTESIAN_POINT('',(504.65,-1.205751216303E+03,6.678084566107));
#3272 = CARTESIAN_POINT('',(504.65,-1.2001E+03,0.1));
#3273 = CARTESIAN_POINT('',(454.75000000009,-1.240021150776E+03,
    43.891892938165));
#3274 = CARTESIAN_POINT('',(463.45919296754,-1.239710971025E+03,
    44.21624570059));
#3275 = CARTESIAN_POINT('',(472.77371148287,-1.238110608149E+03,
    42.392698065711));
#3276 = CARTESIAN_POINT('',(481.98550593927,-1.23487574505E+03,
    38.864576616342));
#3277 = CARTESIAN_POINT('',(490.12648397776,-1.230212994478E+03,
    33.609442394584));
#3278 = CARTESIAN_POINT('',(496.29287499045,-1.224554364734E+03,
    27.189192490131));
#3279 = CARTESIAN_POINT('',(500.55349177354,-1.218477244395E+03,
    20.348141648285));
#3280 = CARTESIAN_POINT('',(503.28556685894,-1.212252762795E+03,
    13.414071645915));
#3281 = CARTESIAN_POINT('',(504.65,-1.206155841824E+03,6.418903132999));
#3282 = CARTESIAN_POINT('',(504.65,-1.2001E+03,0.1));
#3283 = CARTESIAN_POINT('',(454.74999999991,-1.243891892938E+03,
    40.021150775987));
#3284 = CARTESIAN_POINT('',(463.45919296736,-1.244216245701E+03,
    39.710971025432));
#3285 = CARTESIAN_POINT('',(472.77371148273,-1.242392698066E+03,
    38.110608149165));
#3286 = CARTESIAN_POINT('',(481.98550593916,-1.238864576616E+03,
    34.875745049865));
#3287 = CARTESIAN_POINT('',(490.12648397766,-1.233609442395E+03,
    30.212994477345));
#3288 = CARTESIAN_POINT('',(496.29287499037,-1.22718919249E+03,
    24.554364733955));
#3289 = CARTESIAN_POINT('',(500.55349177348,-1.220348141648E+03,
    18.477244395079));
#3290 = CARTESIAN_POINT('',(503.2855668589,-1.213414071646E+03,
    12.252762795438));
#3291 = CARTESIAN_POINT('',(504.65,-1.206418903133E+03,6.15584182388));
#3292 = CARTESIAN_POINT('',(504.65,-1.2001E+03,0.1));
#3293 = CARTESIAN_POINT('',(454.75000000005,-1.246915749574E+03,
    35.477257549418));
#3294 = CARTESIAN_POINT('',(463.4591929675,-1.247491929673E+03,
    34.364860049238));
#3295 = CARTESIAN_POINT('',(472.71317894053,-1.245371301064E+03,
    32.876529656522));
#3296 = CARTESIAN_POINT('',(481.836339824,-1.241615362701E+03,
    29.961837022342));
#3297 = CARTESIAN_POINT('',(489.91901958892,-1.235989484102E+03,
    26.010391183294));
#3298 = CARTESIAN_POINT('',(496.11260622305,-1.229106832848E+03,
    21.288502072352));
#3299 = CARTESIAN_POINT('',(500.45012870591,-1.22178396059E+03,
    16.162925491771));
#3300 = CARTESIAN_POINT('',(503.25100558283,-1.214367503574E+03,
    10.826135591591));
#3301 = CARTESIAN_POINT('',(504.65,-1.206678084566E+03,5.75121630294));
#3302 = CARTESIAN_POINT('',(504.65,-1.2001E+03,0.1));
#3303 = CARTESIAN_POINT('',(454.74999999996,-1.248971915991E+03,
    30.471977679287));
#3304 = CARTESIAN_POINT('',(463.45919296741,-1.249440880838E+03,
    28.674669508601));
#3305 = CARTESIAN_POINT('',(472.59211385585,-1.247094110191E+03,
    27.176498351018));
#3306 = CARTESIAN_POINT('',(481.53800759343,-1.243234017717E+03,
    24.573630464291));
#3307 = CARTESIAN_POINT('',(489.50409081126,-1.237513249235E+03,
    21.332971637283));
#3308 = CARTESIAN_POINT('',(495.75206868824,-1.230500388936E+03,
    17.569629605068));
#3309 = CARTESIAN_POINT('',(500.24340257066,-1.222964126585E+03,
    13.454500493998));
#3310 = CARTESIAN_POINT('',(503.18188303061,-1.215241932813E+03,
    9.102692799592));
#3311 = CARTESIAN_POINT('',(504.65,-1.207071070459E+03,5.067342234371));
#3312 = CARTESIAN_POINT('',(504.65,-1.2001E+03,0.1));
#3313 = CARTESIAN_POINT('',(454.75,-1.25E+03,25.235987161933));
#3314 = CARTESIAN_POINT('',(463.45919296745,-1.250192955823E+03,
    23.059149082212));
#3315 = CARTESIAN_POINT('',(472.41051622896,-1.248579260488E+03,
    20.69230590226));
#3316 = CARTESIAN_POINT('',(481.0905092477,-1.24501775039E+03,
    18.135457489144));
#3317 = CARTESIAN_POINT('',(488.88169764485,-1.239596769692E+03,
    15.399766767116));
#3318 = CARTESIAN_POINT('',(495.2112623861,-1.23274107854E+03,
    12.507556773278));
#3319 = CARTESIAN_POINT('',(499.93331336784,-1.225049636185E+03,
    9.490941437689));
#3320 = CARTESIAN_POINT('',(503.07819920232,-1.216863162865E+03,
    6.389052388298));
#3321 = CARTESIAN_POINT('',(504.65,-1.208457554243E+03,3.244526187216));
#3322 = CARTESIAN_POINT('',(504.65,-1.2001E+03,0.1));
#3323 = CARTESIAN_POINT('',(454.75,-1.25E+03,20.));
#3324 = CARTESIAN_POINT('',(463.45919296745,-1.25E+03,17.788888888889));
#3325 = CARTESIAN_POINT('',(472.16838605973,-1.248289954098E+03,
    15.577777777778));
#3326 = CARTESIAN_POINT('',(480.49384478669,-1.244869861097E+03,
    13.366666666666));
#3327 = CARTESIAN_POINT('',(488.05184008961,-1.239840187317E+03,
    11.155555555557));
#3328 = CARTESIAN_POINT('',(494.49018731655,-1.233401840089E+03,
    8.944444444443));
#3329 = CARTESIAN_POINT('',(499.51986109739,-1.225843844787E+03,
    6.733333333334));
#3330 = CARTESIAN_POINT('',(502.93995409791,-1.21751838606E+03,
    4.522222222222));
#3331 = CARTESIAN_POINT('',(504.65,-1.208809192967E+03,2.311111111111));
#3332 = CARTESIAN_POINT('',(504.65,-1.2001E+03,0.1));
#3333 = DEFINITIONAL_REPRESENTATION('',(#3334),#3343);
#3334 = B_SPLINE_CURVE_WITH_KNOTS('',7,(#3335,#3336,#3337,#3338,#3339,
    #3340,#3341,#3342),.UNSPECIFIED.,.F.,.F.,(8,8),(0.,1.),
  .PIECEWISE_BEZIER_KNOTS.);
#3335 = CARTESIAN_POINT('',(0.,0.));
#3336 = CARTESIAN_POINT('',(0.,0.142857142857));
#3337 = CARTESIAN_POINT('',(0.,0.285703034428));
#3338 = CARTESIAN_POINT('',(0.,0.42860014374));
#3339 = CARTESIAN_POINT('',(0.,0.57139985626));
#3340 = CARTESIAN_POINT('',(0.,0.714296965572));
#3341 = CARTESIAN_POINT('',(0.,0.857142857143));
#3342 = CARTESIAN_POINT('',(0.,1.));
#3343 = ( GEOMETRIC_REPRESENTATION_CONTEXT(2) 
PARAMETRIC_REPRESENTATION_CONTEXT() REPRESENTATION_CONTEXT('2D SPACE',''
  ) );
#3344 = ORIENTED_EDGE('',*,*,#1880,.F.);
#3345 = ADVANCED_FACE('',(#3346),#1868,.T.);
#3346 = FACE_BOUND('',#3347,.F.);
#3347 = EDGE_LOOP('',(#3348,#3349,#3386,#3407));
#3348 = ORIENTED_EDGE('',*,*,#1852,.F.);
#3349 = ORIENTED_EDGE('',*,*,#3350,.T.);
#3350 = EDGE_CURVE('',#1853,#3351,#3353,.T.);
#3351 = VERTEX_POINT('',#3352);
#3352 = CARTESIAN_POINT('',(454.75,-1.25E+03,20.));
#3353 = SURFACE_CURVE('',#3354,(#3365,#3379),.PCURVE_S1.);
#3354 = B_SPLINE_CURVE_WITH_KNOTS('',9,(#3355,#3356,#3357,#3358,#3359,
    #3360,#3361,#3362,#3363,#3364),.UNSPECIFIED.,.F.,.F.,(10,10),(0.,1.)
  ,.PIECEWISE_BEZIER_KNOTS.);
#3355 = CARTESIAN_POINT('',(454.75,-1.22E+03,50.));
#3356 = CARTESIAN_POINT('',(454.75,-1.225235987162E+03,50.));
#3357 = CARTESIAN_POINT('',(454.75000000003,-1.230471977679E+03,
    48.971915991345));
#3358 = CARTESIAN_POINT('',(454.74999999994,-1.235477257549E+03,
    46.915749573678));
#3359 = CARTESIAN_POINT('',(454.75000000009,-1.240021150776E+03,
    43.891892938165));
#3360 = CARTESIAN_POINT('',(454.74999999991,-1.243891892938E+03,
    40.021150775987));
#3361 = CARTESIAN_POINT('',(454.75000000005,-1.246915749574E+03,
    35.477257549418));
#3362 = CARTESIAN_POINT('',(454.74999999996,-1.248971915991E+03,
    30.471977679287));
#3363 = CARTESIAN_POINT('',(454.75,-1.25E+03,25.235987161933));
#3364 = CARTESIAN_POINT('',(454.75,-1.25E+03,20.));
#3365 = PCURVE('',#1868,#3366);
#3366 = DEFINITIONAL_REPRESENTATION('',(#3367),#3378);
#3367 = B_SPLINE_CURVE_WITH_KNOTS('',9,(#3368,#3369,#3370,#3371,#3372,
    #3373,#3374,#3375,#3376,#3377),.UNSPECIFIED.,.F.,.F.,(10,10),(0.,1.)
  ,.PIECEWISE_BEZIER_KNOTS.);
#3368 = CARTESIAN_POINT('',(-1.099120794379E-14,49.9));
#3369 = CARTESIAN_POINT('',(-0.174532905398,49.9));
#3370 = CARTESIAN_POINT('',(-0.34906592145,49.900000000002));
#3371 = CARTESIAN_POINT('',(-0.52359864189,49.899999999996));
#3372 = CARTESIAN_POINT('',(-0.698131869333,49.900000000005));
#3373 = CARTESIAN_POINT('',(-0.872664457459,49.899999999995));
#3374 = CARTESIAN_POINT('',(-1.047197684908,49.900000000003));
#3375 = CARTESIAN_POINT('',(-1.221730405345,49.899999999999));
#3376 = CARTESIAN_POINT('',(-1.396263421397,49.9));
#3377 = CARTESIAN_POINT('',(-1.570796326795,49.9));
#3378 = ( GEOMETRIC_REPRESENTATION_CONTEXT(2) 
PARAMETRIC_REPRESENTATION_CONTEXT() REPRESENTATION_CONTEXT('2D SPACE',''
  ) );
#3379 = PCURVE('',#3232,#3380);
#3380 = DEFINITIONAL_REPRESENTATION('',(#3381),#3385);
#3381 = LINE('',#3382,#3383);
#3382 = CARTESIAN_POINT('',(0.,0.));
#3383 = VECTOR('',#3384,1.);
#3384 = DIRECTION('',(1.,0.));
#3385 = ( GEOMETRIC_REPRESENTATION_CONTEXT(2) 
PARAMETRIC_REPRESENTATION_CONTEXT() REPRESENTATION_CONTEXT('2D SPACE',''
  ) );
#3386 = ORIENTED_EDGE('',*,*,#3387,.T.);
#3387 = EDGE_CURVE('',#3351,#2381,#3388,.T.);
#3388 = SURFACE_CURVE('',#3389,(#3393,#3400),.PCURVE_S1.);
#3389 = LINE('',#3390,#3391);
#3390 = CARTESIAN_POINT('',(504.65,-1.25E+03,20.));
#3391 = VECTOR('',#3392,1.);
#3392 = DIRECTION('',(-1.,0.,0.));
#3393 = PCURVE('',#1868,#3394);
#3394 = DEFINITIONAL_REPRESENTATION('',(#3395),#3399);
#3395 = LINE('',#3396,#3397);
#3396 = CARTESIAN_POINT('',(-1.570796326795,0.));
#3397 = VECTOR('',#3398,1.);
#3398 = DIRECTION('',(-0.,1.));
#3399 = ( GEOMETRIC_REPRESENTATION_CONTEXT(2) 
PARAMETRIC_REPRESENTATION_CONTEXT() REPRESENTATION_CONTEXT('2D SPACE',''
  ) );
#3400 = PCURVE('',#2399,#3401);
#3401 = DEFINITIONAL_REPRESENTATION('',(#3402),#3406);
#3402 = LINE('',#3403,#3404);
#3403 = CARTESIAN_POINT('',(-549.97,20.));
#3404 = VECTOR('',#3405,1.);
#3405 = DIRECTION('',(1.,-0.));
#3406 = ( GEOMETRIC_REPRESENTATION_CONTEXT(2) 
PARAMETRIC_REPRESENTATION_CONTEXT() REPRESENTATION_CONTEXT('2D SPACE',''
  ) );
#3407 = ORIENTED_EDGE('',*,*,#2415,.T.);
#3408 = ADVANCED_FACE('',(#3409),#1819,.T.);
#3409 = FACE_BOUND('',#3410,.F.);
#3410 = EDGE_LOOP('',(#3411,#3434,#3454,#3455));
#3411 = ORIENTED_EDGE('',*,*,#3412,.F.);
#3412 = EDGE_CURVE('',#3413,#2597,#3415,.T.);
#3413 = VERTEX_POINT('',#3414);
#3414 = CARTESIAN_POINT('',(354.65,-1.15E+03,20.));
#3415 = SURFACE_CURVE('',#3416,(#3420,#3427),.PCURVE_S1.);
#3416 = LINE('',#3417,#3418);
#3417 = CARTESIAN_POINT('',(354.65,-1.15E+03,20.));
#3418 = VECTOR('',#3419,1.);
#3419 = DIRECTION('',(-1.,0.,0.));
#3420 = PCURVE('',#1819,#3421);
#3421 = DEFINITIONAL_REPRESENTATION('',(#3422),#3426);
#3422 = LINE('',#3423,#3424);
#3423 = CARTESIAN_POINT('',(-0.,0.));
#3424 = VECTOR('',#3425,1.);
#3425 = DIRECTION('',(-0.,1.));
#3426 = ( GEOMETRIC_REPRESENTATION_CONTEXT(2) 
PARAMETRIC_REPRESENTATION_CONTEXT() REPRESENTATION_CONTEXT('2D SPACE',''
  ) );
#3427 = PCURVE('',#2237,#3428);
#3428 = DEFINITIONAL_REPRESENTATION('',(#3429),#3433);
#3429 = LINE('',#3430,#3431);
#3430 = CARTESIAN_POINT('',(-20.,100.));
#3431 = VECTOR('',#3432,1.);
#3432 = DIRECTION('',(0.,1.));
#3433 = ( GEOMETRIC_REPRESENTATION_CONTEXT(2) 
PARAMETRIC_REPRESENTATION_CONTEXT() REPRESENTATION_CONTEXT('2D SPACE',''
  ) );
#3434 = ORIENTED_EDGE('',*,*,#3435,.T.);
#3435 = EDGE_CURVE('',#3413,#1771,#3436,.T.);
#3436 = SURFACE_CURVE('',#3437,(#3442,#3448),.PCURVE_S1.);
#3437 = CIRCLE('',#3438,30.);
#3438 = AXIS2_PLACEMENT_3D('',#3439,#3440,#3441);
#3439 = CARTESIAN_POINT('',(354.65,-1.18E+03,20.));
#3440 = DIRECTION('',(1.,6.123233995737E-17,0.));
#3441 = DIRECTION('',(6.123233995737E-17,-1.,0.));
#3442 = PCURVE('',#1819,#3443);
#3443 = DEFINITIONAL_REPRESENTATION('',(#3444),#3447);
#3444 = B_SPLINE_CURVE_WITH_KNOTS('',1,(#3445,#3446),.UNSPECIFIED.,.F.,
  .F.,(2,2),(3.14159265359,4.712388980385),.PIECEWISE_BEZIER_KNOTS.);
#3445 = CARTESIAN_POINT('',(0.,3.673940397442E-15));
#3446 = CARTESIAN_POINT('',(-1.570796326795,3.673940397442E-15));
#3447 = ( GEOMETRIC_REPRESENTATION_CONTEXT(2) 
PARAMETRIC_REPRESENTATION_CONTEXT() REPRESENTATION_CONTEXT('2D SPACE',''
  ) );
#3448 = PCURVE('',#1791,#3449);
#3449 = DEFINITIONAL_REPRESENTATION('',(#3450),#3453);
#3450 = B_SPLINE_CURVE_WITH_KNOTS('',1,(#3451,#3452),.UNSPECIFIED.,.F.,
  .F.,(2,2),(3.14159265359,4.712388980385),.PIECEWISE_BEZIER_KNOTS.);
#3451 = CARTESIAN_POINT('',(1.570796326795,3.14159265359));
#3452 = CARTESIAN_POINT('',(1.570796326795,4.712388980385));
#3453 = ( GEOMETRIC_REPRESENTATION_CONTEXT(2) 
PARAMETRIC_REPRESENTATION_CONTEXT() REPRESENTATION_CONTEXT('2D SPACE',''
  ) );
#3454 = ORIENTED_EDGE('',*,*,#1803,.T.);
#3455 = ORIENTED_EDGE('',*,*,#2596,.F.);
#3456 = ADVANCED_FACE('',(#3457),#1791,.T.);
#3457 = FACE_BOUND('',#3458,.T.);
#3458 = EDGE_LOOP('',(#3459,#3481,#3503,#3504));
#3459 = ORIENTED_EDGE('',*,*,#3460,.F.);
#3460 = EDGE_CURVE('',#3461,#1743,#3463,.T.);
#3461 = VERTEX_POINT('',#3462);
#3462 = CARTESIAN_POINT('',(404.65,-1.1E+03,20.));
#3463 = SURFACE_CURVE('',#3464,(#3469,#3475),.PCURVE_S1.);
#3464 = CIRCLE('',#3465,30.);
#3465 = AXIS2_PLACEMENT_3D('',#3466,#3467,#3468);
#3466 = CARTESIAN_POINT('',(434.65,-1.1E+03,20.));
#3467 = DIRECTION('',(0.,1.,-0.));
#3468 = DIRECTION('',(-1.,0.,1.224646799147E-16));
#3469 = PCURVE('',#1791,#3470);
#3470 = DEFINITIONAL_REPRESENTATION('',(#3471),#3474);
#3471 = B_SPLINE_CURVE_WITH_KNOTS('',1,(#3472,#3473),.UNSPECIFIED.,.F.,
  .F.,(2,2),(0.,1.570796326795),.PIECEWISE_BEZIER_KNOTS.);
#3472 = CARTESIAN_POINT('',(0.,3.14159265359));
#3473 = CARTESIAN_POINT('',(0.,4.712388980385));
#3474 = ( GEOMETRIC_REPRESENTATION_CONTEXT(2) 
PARAMETRIC_REPRESENTATION_CONTEXT() REPRESENTATION_CONTEXT('2D SPACE',''
  ) );
#3475 = PCURVE('',#1758,#3476);
#3476 = DEFINITIONAL_REPRESENTATION('',(#3477),#3480);
#3477 = B_SPLINE_CURVE_WITH_KNOTS('',1,(#3478,#3479),.UNSPECIFIED.,.F.,
  .F.,(2,2),(0.,1.570796326795),.PIECEWISE_BEZIER_KNOTS.);
#3478 = CARTESIAN_POINT('',(0.,1.E+03));
#3479 = CARTESIAN_POINT('',(-1.570796326795,1.E+03));
#3480 = ( GEOMETRIC_REPRESENTATION_CONTEXT(2) 
PARAMETRIC_REPRESENTATION_CONTEXT() REPRESENTATION_CONTEXT('2D SPACE',''
  ) );
#3481 = ORIENTED_EDGE('',*,*,#3482,.T.);
#3482 = EDGE_CURVE('',#3461,#3413,#3483,.T.);
#3483 = SURFACE_CURVE('',#3484,(#3489,#3496),.PCURVE_S1.);
#3484 = CIRCLE('',#3485,50.);
#3485 = AXIS2_PLACEMENT_3D('',#3486,#3487,#3488);
#3486 = CARTESIAN_POINT('',(354.65,-1.1E+03,20.));
#3487 = DIRECTION('',(0.,0.,-1.));
#3488 = DIRECTION('',(1.,0.,0.));
#3489 = PCURVE('',#1791,#3490);
#3490 = DEFINITIONAL_REPRESENTATION('',(#3491),#3495);
#3491 = LINE('',#3492,#3493);
#3492 = CARTESIAN_POINT('',(0.,3.14159265359));
#3493 = VECTOR('',#3494,1.);
#3494 = DIRECTION('',(1.,0.));
#3495 = ( GEOMETRIC_REPRESENTATION_CONTEXT(2) 
PARAMETRIC_REPRESENTATION_CONTEXT() REPRESENTATION_CONTEXT('2D SPACE',''
  ) );
#3496 = PCURVE('',#2185,#3497);
#3497 = DEFINITIONAL_REPRESENTATION('',(#3498),#3502);
#3498 = LINE('',#3499,#3500);
#3499 = CARTESIAN_POINT('',(0.,30.));
#3500 = VECTOR('',#3501,1.);
#3501 = DIRECTION('',(1.,0.));
#3502 = ( GEOMETRIC_REPRESENTATION_CONTEXT(2) 
PARAMETRIC_REPRESENTATION_CONTEXT() REPRESENTATION_CONTEXT('2D SPACE',''
  ) );
#3503 = ORIENTED_EDGE('',*,*,#3435,.T.);
#3504 = ORIENTED_EDGE('',*,*,#1770,.F.);
#3505 = ADVANCED_FACE('',(#3506),#1758,.T.);
#3506 = FACE_BOUND('',#3507,.F.);
#3507 = EDGE_LOOP('',(#3508,#3509,#3510,#3511));
#3508 = ORIENTED_EDGE('',*,*,#3183,.T.);
#3509 = ORIENTED_EDGE('',*,*,#1742,.T.);
#3510 = ORIENTED_EDGE('',*,*,#3460,.F.);
#3511 = ORIENTED_EDGE('',*,*,#3512,.F.);
#3512 = EDGE_CURVE('',#3133,#3461,#3513,.T.);
#3513 = SURFACE_CURVE('',#3514,(#3518,#3525),.PCURVE_S1.);
#3514 = LINE('',#3515,#3516);
#3515 = CARTESIAN_POINT('',(404.65,-100.,20.));
#3516 = VECTOR('',#3517,1.);
#3517 = DIRECTION('',(-0.,-1.,0.));
#3518 = PCURVE('',#1758,#3519);
#3519 = DEFINITIONAL_REPRESENTATION('',(#3520),#3524);
#3520 = LINE('',#3521,#3522);
#3521 = CARTESIAN_POINT('',(-0.,0.));
#3522 = VECTOR('',#3523,1.);
#3523 = DIRECTION('',(-0.,1.));
#3524 = ( GEOMETRIC_REPRESENTATION_CONTEXT(2) 
PARAMETRIC_REPRESENTATION_CONTEXT() REPRESENTATION_CONTEXT('2D SPACE',''
  ) );
#3525 = PCURVE('',#2152,#3526);
#3526 = DEFINITIONAL_REPRESENTATION('',(#3527),#3531);
#3527 = LINE('',#3528,#3529);
#3528 = CARTESIAN_POINT('',(-20.,100.));
#3529 = VECTOR('',#3530,1.);
#3530 = DIRECTION('',(0.,1.));
#3531 = ( GEOMETRIC_REPRESENTATION_CONTEXT(2) 
PARAMETRIC_REPRESENTATION_CONTEXT() REPRESENTATION_CONTEXT('2D SPACE',''
  ) );
#3532 = ADVANCED_FACE('',(#3533),#2028,.T.);
#3533 = FACE_BOUND('',#3534,.F.);
#3534 = EDGE_LOOP('',(#3535,#3561,#3562,#3597));
#3535 = ORIENTED_EDGE('',*,*,#3536,.T.);
#3536 = EDGE_CURVE('',#3351,#1990,#3537,.T.);
#3537 = SURFACE_CURVE('',#3538,(#3549,#3555),.PCURVE_S1.);
#3538 = B_SPLINE_CURVE_WITH_KNOTS('',9,(#3539,#3540,#3541,#3542,#3543,
    #3544,#3545,#3546,#3547,#3548),.UNSPECIFIED.,.F.,.F.,(10,10),(0.,1.)
  ,.PIECEWISE_BEZIER_KNOTS.);
#3539 = CARTESIAN_POINT('',(454.75,-1.25E+03,20.));
#3540 = CARTESIAN_POINT('',(463.45919296745,-1.25E+03,17.788888888889));
#3541 = CARTESIAN_POINT('',(472.16838605973,-1.248289954098E+03,
    15.577777777778));
#3542 = CARTESIAN_POINT('',(480.49384478669,-1.244869861097E+03,
    13.366666666666));
#3543 = CARTESIAN_POINT('',(488.05184008961,-1.239840187317E+03,
    11.155555555557));
#3544 = CARTESIAN_POINT('',(494.49018731655,-1.233401840089E+03,
    8.944444444443));
#3545 = CARTESIAN_POINT('',(499.51986109739,-1.225843844787E+03,
    6.733333333334));
#3546 = CARTESIAN_POINT('',(502.93995409791,-1.21751838606E+03,
    4.522222222222));
#3547 = CARTESIAN_POINT('',(504.65,-1.208809192967E+03,2.311111111111));
#3548 = CARTESIAN_POINT('',(504.65,-1.2001E+03,0.1));
#3549 = PCURVE('',#2028,#3550);
#3550 = DEFINITIONAL_REPRESENTATION('',(#3551),#3554);
#3551 = B_SPLINE_CURVE_WITH_KNOTS('',1,(#3552,#3553),.UNSPECIFIED.,.F.,
  .F.,(2,2),(0.,1.),.PIECEWISE_BEZIER_KNOTS.);
#3552 = CARTESIAN_POINT('',(0.,3.552713678801E-15));
#3553 = CARTESIAN_POINT('',(-1.570796326795,19.9));
#3554 = ( GEOMETRIC_REPRESENTATION_CONTEXT(2) 
PARAMETRIC_REPRESENTATION_CONTEXT() REPRESENTATION_CONTEXT('2D SPACE',''
  ) );
#3555 = PCURVE('',#3232,#3556);
#3556 = DEFINITIONAL_REPRESENTATION('',(#3557),#3560);
#3557 = B_SPLINE_CURVE_WITH_KNOTS('',1,(#3558,#3559),.UNSPECIFIED.,.F.,
  .F.,(2,2),(0.,1.),.PIECEWISE_BEZIER_KNOTS.);
#3558 = CARTESIAN_POINT('',(1.,0.));
#3559 = CARTESIAN_POINT('',(1.,1.));
#3560 = ( GEOMETRIC_REPRESENTATION_CONTEXT(2) 
PARAMETRIC_REPRESENTATION_CONTEXT() REPRESENTATION_CONTEXT('2D SPACE',''
  ) );
#3561 = ORIENTED_EDGE('',*,*,#2012,.T.);
#3562 = ORIENTED_EDGE('',*,*,#3563,.F.);
#3563 = EDGE_CURVE('',#2937,#2013,#3564,.T.);
#3564 = SURFACE_CURVE('',#3565,(#3573,#3585),.PCURVE_S1.);
#3565 = B_SPLINE_CURVE_WITH_KNOTS('',6,(#3566,#3567,#3568,#3569,#3570,
    #3571,#3572),.UNSPECIFIED.,.F.,.F.,(7,7),(0.,1.),
  .PIECEWISE_BEZIER_KNOTS.);
#3566 = CARTESIAN_POINT('',(454.75,-1.25E+03,-20.));
#3567 = CARTESIAN_POINT('',(467.81378945117,-1.25E+03,-16.68333333333));
#3568 = CARTESIAN_POINT('',(480.87646738518,-1.245896838468E+03,
    -13.36666666666));
#3569 = CARTESIAN_POINT('',(492.33418846704,-1.237684188467E+03,-10.05)
  );
#3570 = CARTESIAN_POINT('',(500.54683846758,-1.226226467385E+03,
    -6.733333333333));
#3571 = CARTESIAN_POINT('',(504.65,-1.213163789451E+03,-3.416666666667)
  );
#3572 = CARTESIAN_POINT('',(504.65,-1.2001E+03,-9.999999999999E-02));
#3573 = PCURVE('',#2028,#3574);
#3574 = DEFINITIONAL_REPRESENTATION('',(#3575),#3584);
#3575 = B_SPLINE_CURVE_WITH_KNOTS('',7,(#3576,#3577,#3578,#3579,#3580,
    #3581,#3582,#3583),.UNSPECIFIED.,.F.,.F.,(8,8),(0.,1.),
  .PIECEWISE_BEZIER_KNOTS.);
#3576 = CARTESIAN_POINT('',(0.,40.));
#3577 = CARTESIAN_POINT('',(-0.224399475256,37.157142857143));
#3578 = CARTESIAN_POINT('',(-0.448781277025,34.314509614988));
#3579 = CARTESIAN_POINT('',(-0.673243531471,31.470857139314));
#3580 = CARTESIAN_POINT('',(-0.897552795324,28.629142860687));
#3581 = CARTESIAN_POINT('',(-1.12201504977,25.785490385012));
#3582 = CARTESIAN_POINT('',(-1.346396851538,22.942857142857));
#3583 = CARTESIAN_POINT('',(-1.570796326795,20.1));
#3584 = ( GEOMETRIC_REPRESENTATION_CONTEXT(2) 
PARAMETRIC_REPRESENTATION_CONTEXT() REPRESENTATION_CONTEXT('2D SPACE',''
  ) );
#3585 = PCURVE('',#2966,#3586);
#3586 = DEFINITIONAL_REPRESENTATION('',(#3587),#3596);
#3587 = B_SPLINE_CURVE_WITH_KNOTS('',7,(#3588,#3589,#3590,#3591,#3592,
    #3593,#3594,#3595),.UNSPECIFIED.,.F.,.F.,(8,8),(0.,1.),
  .PIECEWISE_BEZIER_KNOTS.);
#3588 = CARTESIAN_POINT('',(0.,1.110223024625E-16));
#3589 = CARTESIAN_POINT('',(0.,0.142857142857));
#3590 = CARTESIAN_POINT('',(0.,0.285703034428));
#3591 = CARTESIAN_POINT('',(0.,0.42860014374));
#3592 = CARTESIAN_POINT('',(0.,0.57139985626));
#3593 = CARTESIAN_POINT('',(0.,0.714296965572));
#3594 = CARTESIAN_POINT('',(0.,0.857142857143));
#3595 = CARTESIAN_POINT('',(0.,1.));
#3596 = ( GEOMETRIC_REPRESENTATION_CONTEXT(2) 
PARAMETRIC_REPRESENTATION_CONTEXT() REPRESENTATION_CONTEXT('2D SPACE',''
  ) );
#3597 = ORIENTED_EDGE('',*,*,#3598,.F.);
#3598 = EDGE_CURVE('',#3351,#2937,#3599,.T.);
#3599 = SURFACE_CURVE('',#3600,(#3604,#3611),.PCURVE_S1.);
#3600 = LINE('',#3601,#3602);
#3601 = CARTESIAN_POINT('',(454.75,-1.25E+03,20.));
#3602 = VECTOR('',#3603,1.);
#3603 = DIRECTION('',(-1.224646799147E-16,1.224646799147E-16,-1.));
#3604 = PCURVE('',#2028,#3605);
#3605 = DEFINITIONAL_REPRESENTATION('',(#3606),#3610);
#3606 = LINE('',#3607,#3608);
#3607 = CARTESIAN_POINT('',(-0.,0.));
#3608 = VECTOR('',#3609,1.);
#3609 = DIRECTION('',(-0.,1.));
#3610 = ( GEOMETRIC_REPRESENTATION_CONTEXT(2) 
PARAMETRIC_REPRESENTATION_CONTEXT() REPRESENTATION_CONTEXT('2D SPACE',''
  ) );
#3611 = PCURVE('',#2399,#3612);
#3612 = DEFINITIONAL_REPRESENTATION('',(#3613),#3617);
#3613 = LINE('',#3614,#3615);
#3614 = CARTESIAN_POINT('',(-500.07,20.));
#3615 = VECTOR('',#3616,1.);
#3616 = DIRECTION('',(1.224646799147E-16,-1.));
#3617 = ( GEOMETRIC_REPRESENTATION_CONTEXT(2) 
PARAMETRIC_REPRESENTATION_CONTEXT() REPRESENTATION_CONTEXT('2D SPACE',''
  ) );
#3618 = ADVANCED_FACE('',(#3619),#2152,.T.);
#3619 = FACE_BOUND('',#3620,.T.);
#3620 = EDGE_LOOP('',(#3621,#3622,#3623,#3644));
#3621 = ORIENTED_EDGE('',*,*,#3156,.T.);
#3622 = ORIENTED_EDGE('',*,*,#2138,.T.);
#3623 = ORIENTED_EDGE('',*,*,#3624,.F.);
#3624 = EDGE_CURVE('',#3461,#2117,#3625,.T.);
#3625 = SURFACE_CURVE('',#3626,(#3630,#3637),.PCURVE_S1.);
#3626 = LINE('',#3627,#3628);
#3627 = CARTESIAN_POINT('',(404.65,-1.1E+03,50.));
#3628 = VECTOR('',#3629,1.);
#3629 = DIRECTION('',(-1.224646799147E-16,1.224646799147E-16,-1.));
#3630 = PCURVE('',#2152,#3631);
#3631 = DEFINITIONAL_REPRESENTATION('',(#3632),#3636);
#3632 = LINE('',#3633,#3634);
#3633 = CARTESIAN_POINT('',(-50.,1.1E+03));
#3634 = VECTOR('',#3635,1.);
#3635 = DIRECTION('',(1.,-1.224646799147E-16));
#3636 = ( GEOMETRIC_REPRESENTATION_CONTEXT(2) 
PARAMETRIC_REPRESENTATION_CONTEXT() REPRESENTATION_CONTEXT('2D SPACE',''
  ) );
#3637 = PCURVE('',#2185,#3638);
#3638 = DEFINITIONAL_REPRESENTATION('',(#3639),#3643);
#3639 = LINE('',#3640,#3641);
#3640 = CARTESIAN_POINT('',(0.,0.));
#3641 = VECTOR('',#3642,1.);
#3642 = DIRECTION('',(0.,1.));
#3643 = ( GEOMETRIC_REPRESENTATION_CONTEXT(2) 
PARAMETRIC_REPRESENTATION_CONTEXT() REPRESENTATION_CONTEXT('2D SPACE',''
  ) );
#3644 = ORIENTED_EDGE('',*,*,#3512,.F.);
#3645 = ADVANCED_FACE('',(#3646),#2185,.F.);
#3646 = FACE_BOUND('',#3647,.F.);
#3647 = EDGE_LOOP('',(#3648,#3649,#3650,#3671));
#3648 = ORIENTED_EDGE('',*,*,#3624,.F.);
#3649 = ORIENTED_EDGE('',*,*,#3482,.T.);
#3650 = ORIENTED_EDGE('',*,*,#3651,.T.);
#3651 = EDGE_CURVE('',#3413,#2169,#3652,.T.);
#3652 = SURFACE_CURVE('',#3653,(#3657,#3664),.PCURVE_S1.);
#3653 = LINE('',#3654,#3655);
#3654 = CARTESIAN_POINT('',(354.65,-1.15E+03,50.));
#3655 = VECTOR('',#3656,1.);
#3656 = DIRECTION('',(-1.224646799147E-16,1.224646799147E-16,-1.));
#3657 = PCURVE('',#2185,#3658);
#3658 = DEFINITIONAL_REPRESENTATION('',(#3659),#3663);
#3659 = LINE('',#3660,#3661);
#3660 = CARTESIAN_POINT('',(1.570796326795,0.));
#3661 = VECTOR('',#3662,1.);
#3662 = DIRECTION('',(0.,1.));
#3663 = ( GEOMETRIC_REPRESENTATION_CONTEXT(2) 
PARAMETRIC_REPRESENTATION_CONTEXT() REPRESENTATION_CONTEXT('2D SPACE',''
  ) );
#3664 = PCURVE('',#2237,#3665);
#3665 = DEFINITIONAL_REPRESENTATION('',(#3666),#3670);
#3666 = LINE('',#3667,#3668);
#3667 = CARTESIAN_POINT('',(-50.,100.));
#3668 = VECTOR('',#3669,1.);
#3669 = DIRECTION('',(1.,1.224646799147E-16));
#3670 = ( GEOMETRIC_REPRESENTATION_CONTEXT(2) 
PARAMETRIC_REPRESENTATION_CONTEXT() REPRESENTATION_CONTEXT('2D SPACE',''
  ) );
#3671 = ORIENTED_EDGE('',*,*,#2168,.F.);
#3672 = ADVANCED_FACE('',(#3673,#3679),#2237,.T.);
#3673 = FACE_BOUND('',#3674,.T.);
#3674 = EDGE_LOOP('',(#3675,#3676,#3677,#3678));
#3675 = ORIENTED_EDGE('',*,*,#3412,.F.);
#3676 = ORIENTED_EDGE('',*,*,#3651,.T.);
#3677 = ORIENTED_EDGE('',*,*,#2221,.T.);
#3678 = ORIENTED_EDGE('',*,*,#2778,.F.);
#3679 = FACE_BOUND('',#3680,.T.);
#3680 = EDGE_LOOP('',(#3681));
#3681 = ORIENTED_EDGE('',*,*,#3682,.F.);
#3682 = EDGE_CURVE('',#3683,#3683,#3685,.T.);
#3683 = VERTEX_POINT('',#3684);
#3684 = CARTESIAN_POINT('',(-30.345,-1.15E+03,0.));
#3685 = SURFACE_CURVE('',#3686,(#3691,#3698),.PCURVE_S1.);
#3686 = CIRCLE('',#3687,14.975);
#3687 = AXIS2_PLACEMENT_3D('',#3688,#3689,#3690);
#3688 = CARTESIAN_POINT('',(-45.32,-1.15E+03,0.));
#3689 = DIRECTION('',(-0.,1.,0.));
#3690 = DIRECTION('',(1.,0.,0.));
#3691 = PCURVE('',#2237,#3692);
#3692 = DEFINITIONAL_REPRESENTATION('',(#3693),#3697);
#3693 = CIRCLE('',#3694,14.975);
#3694 = AXIS2_PLACEMENT_2D('',#3695,#3696);
#3695 = CARTESIAN_POINT('',(6.123233995737E-15,499.97));
#3696 = DIRECTION('',(0.,-1.));
#3697 = ( GEOMETRIC_REPRESENTATION_CONTEXT(2) 
PARAMETRIC_REPRESENTATION_CONTEXT() REPRESENTATION_CONTEXT('2D SPACE',''
  ) );
#3698 = PCURVE('',#3699,#3704);
#3699 = CYLINDRICAL_SURFACE('',#3700,14.975);
#3700 = AXIS2_PLACEMENT_3D('',#3701,#3702,#3703);
#3701 = CARTESIAN_POINT('',(-45.32,-1.15E+03,0.));
#3702 = DIRECTION('',(0.,1.,-0.));
#3703 = DIRECTION('',(1.,-0.,-0.));
#3704 = DEFINITIONAL_REPRESENTATION('',(#3705),#3709);
#3705 = LINE('',#3706,#3707);
#3706 = CARTESIAN_POINT('',(0.,0.));
#3707 = VECTOR('',#3708,1.);
#3708 = DIRECTION('',(1.,0.));
#3709 = ( GEOMETRIC_REPRESENTATION_CONTEXT(2) 
PARAMETRIC_REPRESENTATION_CONTEXT() REPRESENTATION_CONTEXT('2D SPACE',''
  ) );
#3710 = ADVANCED_FACE('',(#3711,#3717),#2399,.F.);
#3711 = FACE_BOUND('',#3712,.T.);
#3712 = EDGE_LOOP('',(#3713,#3714,#3715,#3716));
#3713 = ORIENTED_EDGE('',*,*,#2380,.T.);
#3714 = ORIENTED_EDGE('',*,*,#3074,.F.);
#3715 = ORIENTED_EDGE('',*,*,#3598,.F.);
#3716 = ORIENTED_EDGE('',*,*,#3387,.T.);
#3717 = FACE_BOUND('',#3718,.T.);
#3718 = EDGE_LOOP('',(#3719));
#3719 = ORIENTED_EDGE('',*,*,#3720,.T.);
#3720 = EDGE_CURVE('',#3721,#3721,#3723,.T.);
#3721 = VERTEX_POINT('',#3722);
#3722 = CARTESIAN_POINT('',(-30.345,-1.25E+03,0.));
#3723 = SURFACE_CURVE('',#3724,(#3729,#3736),.PCURVE_S1.);
#3724 = CIRCLE('',#3725,14.975);
#3725 = AXIS2_PLACEMENT_3D('',#3726,#3727,#3728);
#3726 = CARTESIAN_POINT('',(-45.32,-1.25E+03,0.));
#3727 = DIRECTION('',(-0.,1.,0.));
#3728 = DIRECTION('',(1.,0.,0.));
#3729 = PCURVE('',#2399,#3730);
#3730 = DEFINITIONAL_REPRESENTATION('',(#3731),#3735);
#3731 = CIRCLE('',#3732,14.975);
#3732 = AXIS2_PLACEMENT_2D('',#3733,#3734);
#3733 = CARTESIAN_POINT('',(0.,-2.430688019401E-15));
#3734 = DIRECTION('',(-1.,0.));
#3735 = ( GEOMETRIC_REPRESENTATION_CONTEXT(2) 
PARAMETRIC_REPRESENTATION_CONTEXT() REPRESENTATION_CONTEXT('2D SPACE',''
  ) );
#3736 = PCURVE('',#3699,#3737);
#3737 = DEFINITIONAL_REPRESENTATION('',(#3738),#3742);
#3738 = LINE('',#3739,#3740);
#3739 = CARTESIAN_POINT('',(0.,-100.));
#3740 = VECTOR('',#3741,1.);
#3741 = DIRECTION('',(1.,0.));
#3742 = ( GEOMETRIC_REPRESENTATION_CONTEXT(2) 
PARAMETRIC_REPRESENTATION_CONTEXT() REPRESENTATION_CONTEXT('2D SPACE',''
  ) );
#3743 = ADVANCED_FACE('',(#3744),#2966,.T.);
#3744 = FACE_BOUND('',#3745,.T.);
#3745 = EDGE_LOOP('',(#3746,#3747,#3748));
#3746 = ORIENTED_EDGE('',*,*,#3563,.F.);
#3747 = ORIENTED_EDGE('',*,*,#2936,.T.);
#3748 = ORIENTED_EDGE('',*,*,#3099,.T.);
#3749 = ADVANCED_FACE('',(#3750),#3232,.T.);
#3750 = FACE_BOUND('',#3751,.T.);
#3751 = EDGE_LOOP('',(#3752,#3753,#3754));
#3752 = ORIENTED_EDGE('',*,*,#3209,.F.);
#3753 = ORIENTED_EDGE('',*,*,#3350,.T.);
#3754 = ORIENTED_EDGE('',*,*,#3536,.T.);
#3755 = ADVANCED_FACE('',(#3756),#3699,.F.);
#3756 = FACE_BOUND('',#3757,.F.);
#3757 = EDGE_LOOP('',(#3758,#3779,#3780,#3781));
#3758 = ORIENTED_EDGE('',*,*,#3759,.T.);
#3759 = EDGE_CURVE('',#3683,#3721,#3760,.T.);
#3760 = SEAM_CURVE('',#3761,(#3765,#3772),.PCURVE_S1.);
#3761 = LINE('',#3762,#3763);
#3762 = CARTESIAN_POINT('',(-30.345,-1.15E+03,0.));
#3763 = VECTOR('',#3764,1.);
#3764 = DIRECTION('',(-0.,-1.,-0.));
#3765 = PCURVE('',#3699,#3766);
#3766 = DEFINITIONAL_REPRESENTATION('',(#3767),#3771);
#3767 = LINE('',#3768,#3769);
#3768 = CARTESIAN_POINT('',(0.,0.));
#3769 = VECTOR('',#3770,1.);
#3770 = DIRECTION('',(0.,-1.));
#3771 = ( GEOMETRIC_REPRESENTATION_CONTEXT(2) 
PARAMETRIC_REPRESENTATION_CONTEXT() REPRESENTATION_CONTEXT('2D SPACE',''
  ) );
#3772 = PCURVE('',#3699,#3773);
#3773 = DEFINITIONAL_REPRESENTATION('',(#3774),#3778);
#3774 = LINE('',#3775,#3776);
#3775 = CARTESIAN_POINT('',(6.28318530718,0.));
#3776 = VECTOR('',#3777,1.);
#3777 = DIRECTION('',(0.,-1.));
#3778 = ( GEOMETRIC_REPRESENTATION_CONTEXT(2) 
PARAMETRIC_REPRESENTATION_CONTEXT() REPRESENTATION_CONTEXT('2D SPACE',''
  ) );
#3779 = ORIENTED_EDGE('',*,*,#3720,.T.);
#3780 = ORIENTED_EDGE('',*,*,#3759,.F.);
#3781 = ORIENTED_EDGE('',*,*,#3682,.F.);
#3782 = MANIFOLD_SOLID_BREP('',#3783);
#3783 = CLOSED_SHELL('',(#3784,#3902,#4930,#5012,#5380,#5430,#5479,#5557
    ,#5604,#5681,#5730,#5779,#5828,#5877,#5926,#5975,#6024,#6073,#6122,
    #6171,#6220,#6269,#6318,#6367,#6416,#6465,#6514,#6563,#6612,#6661,
    #6710,#6759,#6808,#6857,#6906,#6955,#7004,#7053,#7102,#7151,#7178,
    #7897,#7960,#8169,#8217,#8372,#8633,#8673,#8706,#8746,#8753,#8781,
    #8809,#8837));
#3784 = ADVANCED_FACE('',(#3785),#3799,.T.);
#3785 = FACE_BOUND('',#3786,.T.);
#3786 = EDGE_LOOP('',(#3787,#3822,#3850,#3876));
#3787 = ORIENTED_EDGE('',*,*,#3788,.F.);
#3788 = EDGE_CURVE('',#3789,#3791,#3793,.T.);
#3789 = VERTEX_POINT('',#3790);
#3790 = CARTESIAN_POINT('',(-27.1465,-50.,-67.5003));
#3791 = VERTEX_POINT('',#3792);
#3792 = CARTESIAN_POINT('',(-27.1465,50.,-67.5003));
#3793 = SURFACE_CURVE('',#3794,(#3798,#3810),.PCURVE_S1.);
#3794 = LINE('',#3795,#3796);
#3795 = CARTESIAN_POINT('',(-27.1465,-50.,-67.5003));
#3796 = VECTOR('',#3797,1.);
#3797 = DIRECTION('',(0.,1.,0.));
#3798 = PCURVE('',#3799,#3804);
#3799 = PLANE('',#3800);
#3800 = AXIS2_PLACEMENT_3D('',#3801,#3802,#3803);
#3801 = CARTESIAN_POINT('',(-27.1465,-50.,-67.5003));
#3802 = DIRECTION('',(-1.,0.,0.));
#3803 = DIRECTION('',(0.,1.,0.));
#3804 = DEFINITIONAL_REPRESENTATION('',(#3805),#3809);
#3805 = LINE('',#3806,#3807);
#3806 = CARTESIAN_POINT('',(0.,0.));
#3807 = VECTOR('',#3808,1.);
#3808 = DIRECTION('',(1.,0.));
#3809 = ( GEOMETRIC_REPRESENTATION_CONTEXT(2) 
PARAMETRIC_REPRESENTATION_CONTEXT() REPRESENTATION_CONTEXT('2D SPACE',''
  ) );
#3810 = PCURVE('',#3811,#3816);
#3811 = PLANE('',#3812);
#3812 = AXIS2_PLACEMENT_3D('',#3813,#3814,#3815);
#3813 = CARTESIAN_POINT('',(331.84537334886,-599.9986642594,-67.5003));
#3814 = DIRECTION('',(0.,0.,-1.));
#3815 = DIRECTION('',(1.,0.,0.));
#3816 = DEFINITIONAL_REPRESENTATION('',(#3817),#3821);
#3817 = LINE('',#3818,#3819);
#3818 = CARTESIAN_POINT('',(-358.9918733488,-549.9986642594));
#3819 = VECTOR('',#3820,1.);
#3820 = DIRECTION('',(0.,-1.));
#3821 = ( GEOMETRIC_REPRESENTATION_CONTEXT(2) 
PARAMETRIC_REPRESENTATION_CONTEXT() REPRESENTATION_CONTEXT('2D SPACE',''
  ) );
#3822 = ORIENTED_EDGE('',*,*,#3823,.T.);
#3823 = EDGE_CURVE('',#3789,#3824,#3826,.T.);
#3824 = VERTEX_POINT('',#3825);
#3825 = CARTESIAN_POINT('',(-27.1465,-50.,-67.45749108949));
#3826 = SURFACE_CURVE('',#3827,(#3831,#3838),.PCURVE_S1.);
#3827 = LINE('',#3828,#3829);
#3828 = CARTESIAN_POINT('',(-27.1465,-50.,-67.5003));
#3829 = VECTOR('',#3830,1.);
#3830 = DIRECTION('',(-0.,-0.,1.));
#3831 = PCURVE('',#3799,#3832);
#3832 = DEFINITIONAL_REPRESENTATION('',(#3833),#3837);
#3833 = LINE('',#3834,#3835);
#3834 = CARTESIAN_POINT('',(0.,0.));
#3835 = VECTOR('',#3836,1.);
#3836 = DIRECTION('',(0.,-1.));
#3837 = ( GEOMETRIC_REPRESENTATION_CONTEXT(2) 
PARAMETRIC_REPRESENTATION_CONTEXT() REPRESENTATION_CONTEXT('2D SPACE',''
  ) );
#3838 = PCURVE('',#3839,#3844);
#3839 = PLANE('',#3840);
#3840 = AXIS2_PLACEMENT_3D('',#3841,#3842,#3843);
#3841 = CARTESIAN_POINT('',(354.6504,-50.,-67.5003));
#3842 = DIRECTION('',(-0.,-1.,-0.));
#3843 = DIRECTION('',(-1.,0.,0.));
#3844 = DEFINITIONAL_REPRESENTATION('',(#3845),#3849);
#3845 = LINE('',#3846,#3847);
#3846 = CARTESIAN_POINT('',(381.7969,0.));
#3847 = VECTOR('',#3848,1.);
#3848 = DIRECTION('',(0.,-1.));
#3849 = ( GEOMETRIC_REPRESENTATION_CONTEXT(2) 
PARAMETRIC_REPRESENTATION_CONTEXT() REPRESENTATION_CONTEXT('2D SPACE',''
  ) );
#3850 = ORIENTED_EDGE('',*,*,#3851,.T.);
#3851 = EDGE_CURVE('',#3824,#3852,#3854,.T.);
#3852 = VERTEX_POINT('',#3853);
#3853 = CARTESIAN_POINT('',(-27.1465,50.,-67.45749108949));
#3854 = SURFACE_CURVE('',#3855,(#3859,#3865),.PCURVE_S1.);
#3855 = LINE('',#3856,#3857);
#3856 = CARTESIAN_POINT('',(-27.1465,50.,-67.45749108948));
#3857 = VECTOR('',#3858,1.);
#3858 = DIRECTION('',(-0.,1.,-0.));
#3859 = PCURVE('',#3799,#3860);
#3860 = DEFINITIONAL_REPRESENTATION('',(#3861),#3864);
#3861 = B_SPLINE_CURVE_WITH_KNOTS('',1,(#3862,#3863),.UNSPECIFIED.,.F.,
  .F.,(2,2),(-100.0000006,6.000000070117E-07),.PIECEWISE_BEZIER_KNOTS.);
#3862 = CARTESIAN_POINT('',(-6.000000070117E-07,-4.280891051094E-02));
#3863 = CARTESIAN_POINT('',(100.0000006,-4.280891051094E-02));
#3864 = ( GEOMETRIC_REPRESENTATION_CONTEXT(2) 
PARAMETRIC_REPRESENTATION_CONTEXT() REPRESENTATION_CONTEXT('2D SPACE',''
  ) );
#3865 = PCURVE('',#3866,#3871);
#3866 = CYLINDRICAL_SURFACE('',#3867,67.5);
#3867 = AXIS2_PLACEMENT_3D('',#3868,#3869,#3870);
#3868 = CARTESIAN_POINT('',(-45.32,50.,-2.45));
#3869 = DIRECTION('',(-0.,1.,-0.));
#3870 = DIRECTION('',(1.,0.,0.));
#3871 = DEFINITIONAL_REPRESENTATION('',(#3872),#3875);
#3872 = B_SPLINE_CURVE_WITH_KNOTS('',1,(#3873,#3874),.UNSPECIFIED.,.F.,
  .F.,(2,2),(-100.0000006,6.000000070117E-07),.PIECEWISE_BEZIER_KNOTS.);
#3873 = CARTESIAN_POINT('',(-4.984989707632,-100.0000006));
#3874 = CARTESIAN_POINT('',(-4.984989707632,6.000000070117E-07));
#3875 = ( GEOMETRIC_REPRESENTATION_CONTEXT(2) 
PARAMETRIC_REPRESENTATION_CONTEXT() REPRESENTATION_CONTEXT('2D SPACE',''
  ) );
#3876 = ORIENTED_EDGE('',*,*,#3877,.F.);
#3877 = EDGE_CURVE('',#3791,#3852,#3878,.T.);
#3878 = SURFACE_CURVE('',#3879,(#3883,#3890),.PCURVE_S1.);
#3879 = LINE('',#3880,#3881);
#3880 = CARTESIAN_POINT('',(-27.1465,50.,-67.5003));
#3881 = VECTOR('',#3882,1.);
#3882 = DIRECTION('',(-0.,-0.,1.));
#3883 = PCURVE('',#3799,#3884);
#3884 = DEFINITIONAL_REPRESENTATION('',(#3885),#3889);
#3885 = LINE('',#3886,#3887);
#3886 = CARTESIAN_POINT('',(100.,0.));
#3887 = VECTOR('',#3888,1.);
#3888 = DIRECTION('',(0.,-1.));
#3889 = ( GEOMETRIC_REPRESENTATION_CONTEXT(2) 
PARAMETRIC_REPRESENTATION_CONTEXT() REPRESENTATION_CONTEXT('2D SPACE',''
  ) );
#3890 = PCURVE('',#3891,#3896);
#3891 = PLANE('',#3892);
#3892 = AXIS2_PLACEMENT_3D('',#3893,#3894,#3895);
#3893 = CARTESIAN_POINT('',(-27.1465,50.,-67.5003));
#3894 = DIRECTION('',(-0.,1.,0.));
#3895 = DIRECTION('',(1.,0.,0.));
#3896 = DEFINITIONAL_REPRESENTATION('',(#3897),#3901);
#3897 = LINE('',#3898,#3899);
#3898 = CARTESIAN_POINT('',(0.,0.));
#3899 = VECTOR('',#3900,1.);
#3900 = DIRECTION('',(0.,-1.));
#3901 = ( GEOMETRIC_REPRESENTATION_CONTEXT(2) 
PARAMETRIC_REPRESENTATION_CONTEXT() REPRESENTATION_CONTEXT('2D SPACE',''
  ) );
#3902 = ADVANCED_FACE('',(#3903),#3811,.T.);
#3903 = FACE_BOUND('',#3904,.T.);
#3904 = EDGE_LOOP('',(#3905,#3906,#3929,#3957,#3985,#4013,#4041,#4069,
    #4097,#4125,#4153,#4181,#4209,#4237,#4265,#4293,#4321,#4349,#4377,
    #4405,#4433,#4461,#4489,#4517,#4545,#4573,#4601,#4629,#4657,#4685,
    #4713,#4741,#4769,#4797,#4825,#4853,#4881,#4909));
#3905 = ORIENTED_EDGE('',*,*,#3788,.T.);
#3906 = ORIENTED_EDGE('',*,*,#3907,.T.);
#3907 = EDGE_CURVE('',#3791,#3908,#3910,.T.);
#3908 = VERTEX_POINT('',#3909);
#3909 = CARTESIAN_POINT('',(500.4707,50.,-67.5003));
#3910 = SURFACE_CURVE('',#3911,(#3915,#3922),.PCURVE_S1.);
#3911 = LINE('',#3912,#3913);
#3912 = CARTESIAN_POINT('',(-27.1465,50.,-67.5003));
#3913 = VECTOR('',#3914,1.);
#3914 = DIRECTION('',(1.,0.,0.));
#3915 = PCURVE('',#3811,#3916);
#3916 = DEFINITIONAL_REPRESENTATION('',(#3917),#3921);
#3917 = LINE('',#3918,#3919);
#3918 = CARTESIAN_POINT('',(-358.9918733488,-649.9986642594));
#3919 = VECTOR('',#3920,1.);
#3920 = DIRECTION('',(1.,0.));
#3921 = ( GEOMETRIC_REPRESENTATION_CONTEXT(2) 
PARAMETRIC_REPRESENTATION_CONTEXT() REPRESENTATION_CONTEXT('2D SPACE',''
  ) );
#3922 = PCURVE('',#3891,#3923);
#3923 = DEFINITIONAL_REPRESENTATION('',(#3924),#3928);
#3924 = LINE('',#3925,#3926);
#3925 = CARTESIAN_POINT('',(0.,0.));
#3926 = VECTOR('',#3927,1.);
#3927 = DIRECTION('',(1.,0.));
#3928 = ( GEOMETRIC_REPRESENTATION_CONTEXT(2) 
PARAMETRIC_REPRESENTATION_CONTEXT() REPRESENTATION_CONTEXT('2D SPACE',''
  ) );
#3929 = ORIENTED_EDGE('',*,*,#3930,.T.);
#3930 = EDGE_CURVE('',#3908,#3931,#3933,.T.);
#3931 = VERTEX_POINT('',#3932);
#3932 = CARTESIAN_POINT('',(500.4707,-1.25E+03,-67.5003));
#3933 = SURFACE_CURVE('',#3934,(#3938,#3945),.PCURVE_S1.);
#3934 = LINE('',#3935,#3936);
#3935 = CARTESIAN_POINT('',(500.4707,50.,-67.5003));
#3936 = VECTOR('',#3937,1.);
#3937 = DIRECTION('',(0.,-1.,0.));
#3938 = PCURVE('',#3811,#3939);
#3939 = DEFINITIONAL_REPRESENTATION('',(#3940),#3944);
#3940 = LINE('',#3941,#3942);
#3941 = CARTESIAN_POINT('',(168.62532665113,-649.9986642594));
#3942 = VECTOR('',#3943,1.);
#3943 = DIRECTION('',(0.,1.));
#3944 = ( GEOMETRIC_REPRESENTATION_CONTEXT(2) 
PARAMETRIC_REPRESENTATION_CONTEXT() REPRESENTATION_CONTEXT('2D SPACE',''
  ) );
#3945 = PCURVE('',#3946,#3951);
#3946 = PLANE('',#3947);
#3947 = AXIS2_PLACEMENT_3D('',#3948,#3949,#3950);
#3948 = CARTESIAN_POINT('',(500.4707,50.,-67.5003));
#3949 = DIRECTION('',(1.,0.,0.));
#3950 = DIRECTION('',(0.,-1.,0.));
#3951 = DEFINITIONAL_REPRESENTATION('',(#3952),#3956);
#3952 = LINE('',#3953,#3954);
#3953 = CARTESIAN_POINT('',(0.,0.));
#3954 = VECTOR('',#3955,1.);
#3955 = DIRECTION('',(1.,0.));
#3956 = ( GEOMETRIC_REPRESENTATION_CONTEXT(2) 
PARAMETRIC_REPRESENTATION_CONTEXT() REPRESENTATION_CONTEXT('2D SPACE',''
  ) );
#3957 = ORIENTED_EDGE('',*,*,#3958,.T.);
#3958 = EDGE_CURVE('',#3931,#3959,#3961,.T.);
#3959 = VERTEX_POINT('',#3960);
#3960 = CARTESIAN_POINT('',(-27.1465,-1.25E+03,-67.5003));
#3961 = SURFACE_CURVE('',#3962,(#3966,#3973),.PCURVE_S1.);
#3962 = LINE('',#3963,#3964);
#3963 = CARTESIAN_POINT('',(500.4707,-1.25E+03,-67.5003));
#3964 = VECTOR('',#3965,1.);
#3965 = DIRECTION('',(-1.,0.,0.));
#3966 = PCURVE('',#3811,#3967);
#3967 = DEFINITIONAL_REPRESENTATION('',(#3968),#3972);
#3968 = LINE('',#3969,#3970);
#3969 = CARTESIAN_POINT('',(168.62532665113,650.00133574059));
#3970 = VECTOR('',#3971,1.);
#3971 = DIRECTION('',(-1.,0.));
#3972 = ( GEOMETRIC_REPRESENTATION_CONTEXT(2) 
PARAMETRIC_REPRESENTATION_CONTEXT() REPRESENTATION_CONTEXT('2D SPACE',''
  ) );
#3973 = PCURVE('',#3974,#3979);
#3974 = PLANE('',#3975);
#3975 = AXIS2_PLACEMENT_3D('',#3976,#3977,#3978);
#3976 = CARTESIAN_POINT('',(500.4707,-1.25E+03,-67.5003));
#3977 = DIRECTION('',(-0.,-1.,-0.));
#3978 = DIRECTION('',(-1.,0.,0.));
#3979 = DEFINITIONAL_REPRESENTATION('',(#3980),#3984);
#3980 = LINE('',#3981,#3982);
#3981 = CARTESIAN_POINT('',(0.,0.));
#3982 = VECTOR('',#3983,1.);
#3983 = DIRECTION('',(1.,0.));
#3984 = ( GEOMETRIC_REPRESENTATION_CONTEXT(2) 
PARAMETRIC_REPRESENTATION_CONTEXT() REPRESENTATION_CONTEXT('2D SPACE',''
  ) );
#3985 = ORIENTED_EDGE('',*,*,#3986,.T.);
#3986 = EDGE_CURVE('',#3959,#3987,#3989,.T.);
#3987 = VERTEX_POINT('',#3988);
#3988 = CARTESIAN_POINT('',(-27.1465,-1.15E+03,-67.5003));
#3989 = SURFACE_CURVE('',#3990,(#3994,#4001),.PCURVE_S1.);
#3990 = LINE('',#3991,#3992);
#3991 = CARTESIAN_POINT('',(-27.1465,-1.25E+03,-67.5003));
#3992 = VECTOR('',#3993,1.);
#3993 = DIRECTION('',(0.,1.,0.));
#3994 = PCURVE('',#3811,#3995);
#3995 = DEFINITIONAL_REPRESENTATION('',(#3996),#4000);
#3996 = LINE('',#3997,#3998);
#3997 = CARTESIAN_POINT('',(-358.9918733488,650.00133574059));
#3998 = VECTOR('',#3999,1.);
#3999 = DIRECTION('',(0.,-1.));
#4000 = ( GEOMETRIC_REPRESENTATION_CONTEXT(2) 
PARAMETRIC_REPRESENTATION_CONTEXT() REPRESENTATION_CONTEXT('2D SPACE',''
  ) );
#4001 = PCURVE('',#4002,#4007);
#4002 = PLANE('',#4003);
#4003 = AXIS2_PLACEMENT_3D('',#4004,#4005,#4006);
#4004 = CARTESIAN_POINT('',(-27.1465,-1.25E+03,-67.5003));
#4005 = DIRECTION('',(-1.,0.,0.));
#4006 = DIRECTION('',(0.,1.,0.));
#4007 = DEFINITIONAL_REPRESENTATION('',(#4008),#4012);
#4008 = LINE('',#4009,#4010);
#4009 = CARTESIAN_POINT('',(0.,0.));
#4010 = VECTOR('',#4011,1.);
#4011 = DIRECTION('',(1.,0.));
#4012 = ( GEOMETRIC_REPRESENTATION_CONTEXT(2) 
PARAMETRIC_REPRESENTATION_CONTEXT() REPRESENTATION_CONTEXT('2D SPACE',''
  ) );
#4013 = ORIENTED_EDGE('',*,*,#4014,.T.);
#4014 = EDGE_CURVE('',#3987,#4015,#4017,.T.);
#4015 = VERTEX_POINT('',#4016);
#4016 = CARTESIAN_POINT('',(354.6504,-1.15E+03,-67.5003));
#4017 = SURFACE_CURVE('',#4018,(#4022,#4029),.PCURVE_S1.);
#4018 = LINE('',#4019,#4020);
#4019 = CARTESIAN_POINT('',(-27.1465,-1.15E+03,-67.5003));
#4020 = VECTOR('',#4021,1.);
#4021 = DIRECTION('',(1.,0.,0.));
#4022 = PCURVE('',#3811,#4023);
#4023 = DEFINITIONAL_REPRESENTATION('',(#4024),#4028);
#4024 = LINE('',#4025,#4026);
#4025 = CARTESIAN_POINT('',(-358.9918733488,550.00133574059));
#4026 = VECTOR('',#4027,1.);
#4027 = DIRECTION('',(1.,0.));
#4028 = ( GEOMETRIC_REPRESENTATION_CONTEXT(2) 
PARAMETRIC_REPRESENTATION_CONTEXT() REPRESENTATION_CONTEXT('2D SPACE',''
  ) );
#4029 = PCURVE('',#4030,#4035);
#4030 = PLANE('',#4031);
#4031 = AXIS2_PLACEMENT_3D('',#4032,#4033,#4034);
#4032 = CARTESIAN_POINT('',(-27.1465,-1.15E+03,-67.5003));
#4033 = DIRECTION('',(-0.,1.,0.));
#4034 = DIRECTION('',(1.,0.,0.));
#4035 = DEFINITIONAL_REPRESENTATION('',(#4036),#4040);
#4036 = LINE('',#4037,#4038);
#4037 = CARTESIAN_POINT('',(0.,0.));
#4038 = VECTOR('',#4039,1.);
#4039 = DIRECTION('',(1.,0.));
#4040 = ( GEOMETRIC_REPRESENTATION_CONTEXT(2) 
PARAMETRIC_REPRESENTATION_CONTEXT() REPRESENTATION_CONTEXT('2D SPACE',''
  ) );
#4041 = ORIENTED_EDGE('',*,*,#4042,.T.);
#4042 = EDGE_CURVE('',#4015,#4043,#4045,.T.);
#4043 = VERTEX_POINT('',#4044);
#4044 = CARTESIAN_POINT('',(359.8848,-1.1497266E+03,-67.5003));
#4045 = SURFACE_CURVE('',#4046,(#4050,#4057),.PCURVE_S1.);
#4046 = LINE('',#4047,#4048);
#4047 = CARTESIAN_POINT('',(354.6504,-1.15E+03,-67.5003));
#4048 = VECTOR('',#4049,1.);
#4049 = DIRECTION('',(0.998638725484,5.216029106437E-02,0.));
#4050 = PCURVE('',#3811,#4051);
#4051 = DEFINITIONAL_REPRESENTATION('',(#4052),#4056);
#4052 = LINE('',#4053,#4054);
#4053 = CARTESIAN_POINT('',(22.805026651133,550.00133574059));
#4054 = VECTOR('',#4055,1.);
#4055 = DIRECTION('',(0.998638725484,-5.216029106437E-02));
#4056 = ( GEOMETRIC_REPRESENTATION_CONTEXT(2) 
PARAMETRIC_REPRESENTATION_CONTEXT() REPRESENTATION_CONTEXT('2D SPACE',''
  ) );
#4057 = PCURVE('',#4058,#4063);
#4058 = PLANE('',#4059);
#4059 = AXIS2_PLACEMENT_3D('',#4060,#4061,#4062);
#4060 = CARTESIAN_POINT('',(354.6504,-1.15E+03,-67.5003));
#4061 = DIRECTION('',(-5.216029106437E-02,0.998638725484,0.));
#4062 = DIRECTION('',(0.998638725484,5.216029106437E-02,0.));
#4063 = DEFINITIONAL_REPRESENTATION('',(#4064),#4068);
#4064 = LINE('',#4065,#4066);
#4065 = CARTESIAN_POINT('',(0.,0.));
#4066 = VECTOR('',#4067,1.);
#4067 = DIRECTION('',(1.,0.));
#4068 = ( GEOMETRIC_REPRESENTATION_CONTEXT(2) 
PARAMETRIC_REPRESENTATION_CONTEXT() REPRESENTATION_CONTEXT('2D SPACE',''
  ) );
#4069 = ORIENTED_EDGE('',*,*,#4070,.T.);
#4070 = EDGE_CURVE('',#4043,#4071,#4073,.T.);
#4071 = VERTEX_POINT('',#4072);
#4072 = CARTESIAN_POINT('',(365.041,-1.1489063E+03,-67.5003));
#4073 = SURFACE_CURVE('',#4074,(#4078,#4085),.PCURVE_S1.);
#4074 = LINE('',#4075,#4076);
#4075 = CARTESIAN_POINT('',(359.8848,-1.1497266E+03,-67.5003));
#4076 = VECTOR('',#4077,1.);
#4077 = DIRECTION('',(0.987580441421,0.157114199623,0.));
#4078 = PCURVE('',#3811,#4079);
#4079 = DEFINITIONAL_REPRESENTATION('',(#4080),#4084);
#4080 = LINE('',#4081,#4082);
#4081 = CARTESIAN_POINT('',(28.039426651133,549.72793574059));
#4082 = VECTOR('',#4083,1.);
#4083 = DIRECTION('',(0.987580441421,-0.157114199623));
#4084 = ( GEOMETRIC_REPRESENTATION_CONTEXT(2) 
PARAMETRIC_REPRESENTATION_CONTEXT() REPRESENTATION_CONTEXT('2D SPACE',''
  ) );
#4085 = PCURVE('',#4086,#4091);
#4086 = PLANE('',#4087);
#4087 = AXIS2_PLACEMENT_3D('',#4088,#4089,#4090);
#4088 = CARTESIAN_POINT('',(359.8848,-1.1497266E+03,-67.5003));
#4089 = DIRECTION('',(-0.157114199623,0.987580441421,0.));
#4090 = DIRECTION('',(0.987580441421,0.157114199623,0.));
#4091 = DEFINITIONAL_REPRESENTATION('',(#4092),#4096);
#4092 = LINE('',#4093,#4094);
#4093 = CARTESIAN_POINT('',(0.,0.));
#4094 = VECTOR('',#4095,1.);
#4095 = DIRECTION('',(1.,0.));
#4096 = ( GEOMETRIC_REPRESENTATION_CONTEXT(2) 
PARAMETRIC_REPRESENTATION_CONTEXT() REPRESENTATION_CONTEXT('2D SPACE',''
  ) );
#4097 = ORIENTED_EDGE('',*,*,#4098,.T.);
#4098 = EDGE_CURVE('',#4071,#4099,#4101,.T.);
#4099 = VERTEX_POINT('',#4100);
#4100 = CARTESIAN_POINT('',(370.1191,-1.1475391E+03,-67.5003));
#4101 = SURFACE_CURVE('',#4102,(#4106,#4113),.PCURVE_S1.);
#4102 = LINE('',#4103,#4104);
#4103 = CARTESIAN_POINT('',(365.041,-1.1489063E+03,-67.5003));
#4104 = VECTOR('',#4105,1.);
#4105 = DIRECTION('',(0.965614840536,0.259976883082,0.));
#4106 = PCURVE('',#3811,#4107);
#4107 = DEFINITIONAL_REPRESENTATION('',(#4108),#4112);
#4108 = LINE('',#4109,#4110);
#4109 = CARTESIAN_POINT('',(33.195626651133,548.90763574059));
#4110 = VECTOR('',#4111,1.);
#4111 = DIRECTION('',(0.965614840536,-0.259976883082));
#4112 = ( GEOMETRIC_REPRESENTATION_CONTEXT(2) 
PARAMETRIC_REPRESENTATION_CONTEXT() REPRESENTATION_CONTEXT('2D SPACE',''
  ) );
#4113 = PCURVE('',#4114,#4119);
#4114 = PLANE('',#4115);
#4115 = AXIS2_PLACEMENT_3D('',#4116,#4117,#4118);
#4116 = CARTESIAN_POINT('',(365.041,-1.1489063E+03,-67.5003));
#4117 = DIRECTION('',(-0.259976883082,0.965614840536,0.));
#4118 = DIRECTION('',(0.965614840536,0.259976883082,0.));
#4119 = DEFINITIONAL_REPRESENTATION('',(#4120),#4124);
#4120 = LINE('',#4121,#4122);
#4121 = CARTESIAN_POINT('',(0.,0.));
#4122 = VECTOR('',#4123,1.);
#4123 = DIRECTION('',(1.,0.));
#4124 = ( GEOMETRIC_REPRESENTATION_CONTEXT(2) 
PARAMETRIC_REPRESENTATION_CONTEXT() REPRESENTATION_CONTEXT('2D SPACE',''
  ) );
#4125 = ORIENTED_EDGE('',*,*,#4126,.T.);
#4126 = EDGE_CURVE('',#4099,#4127,#4129,.T.);
#4127 = VERTEX_POINT('',#4128);
#4128 = CARTESIAN_POINT('',(375.0019,-1.1456641E+03,-67.5003));
#4129 = SURFACE_CURVE('',#4130,(#4134,#4141),.PCURVE_S1.);
#4130 = LINE('',#4131,#4132);
#4131 = CARTESIAN_POINT('',(370.1191,-1.1475391E+03,-67.5003));
#4132 = VECTOR('',#4133,1.);
#4133 = DIRECTION('',(0.933537646972,0.358479374144,0.));
#4134 = PCURVE('',#3811,#4135);
#4135 = DEFINITIONAL_REPRESENTATION('',(#4136),#4140);
#4136 = LINE('',#4137,#4138);
#4137 = CARTESIAN_POINT('',(38.273726651133,547.54043574059));
#4138 = VECTOR('',#4139,1.);
#4139 = DIRECTION('',(0.933537646972,-0.358479374144));
#4140 = ( GEOMETRIC_REPRESENTATION_CONTEXT(2) 
PARAMETRIC_REPRESENTATION_CONTEXT() REPRESENTATION_CONTEXT('2D SPACE',''
  ) );
#4141 = PCURVE('',#4142,#4147);
#4142 = PLANE('',#4143);
#4143 = AXIS2_PLACEMENT_3D('',#4144,#4145,#4146);
#4144 = CARTESIAN_POINT('',(370.1191,-1.1475391E+03,-67.5003));
#4145 = DIRECTION('',(-0.358479374144,0.933537646972,0.));
#4146 = DIRECTION('',(0.933537646972,0.358479374144,0.));
#4147 = DEFINITIONAL_REPRESENTATION('',(#4148),#4152);
#4148 = LINE('',#4149,#4150);
#4149 = CARTESIAN_POINT('',(0.,0.));
#4150 = VECTOR('',#4151,1.);
#4151 = DIRECTION('',(1.,0.));
#4152 = ( GEOMETRIC_REPRESENTATION_CONTEXT(2) 
PARAMETRIC_REPRESENTATION_CONTEXT() REPRESENTATION_CONTEXT('2D SPACE',''
  ) );
#4153 = ORIENTED_EDGE('',*,*,#4154,.T.);
#4154 = EDGE_CURVE('',#4127,#4155,#4157,.T.);
#4155 = VERTEX_POINT('',#4156);
#4156 = CARTESIAN_POINT('',(379.6504,-1.1433008E+03,-67.5003));
#4157 = SURFACE_CURVE('',#4158,(#4162,#4169),.PCURVE_S1.);
#4158 = LINE('',#4159,#4160);
#4159 = CARTESIAN_POINT('',(375.0019,-1.1456641E+03,-67.5003));
#4160 = VECTOR('',#4161,1.);
#4161 = DIRECTION('',(0.891411785561,0.453194250364,0.));
#4162 = PCURVE('',#3811,#4163);
#4163 = DEFINITIONAL_REPRESENTATION('',(#4164),#4168);
#4164 = LINE('',#4165,#4166);
#4165 = CARTESIAN_POINT('',(43.156526651133,545.66543574059));
#4166 = VECTOR('',#4167,1.);
#4167 = DIRECTION('',(0.891411785561,-0.453194250364));
#4168 = ( GEOMETRIC_REPRESENTATION_CONTEXT(2) 
PARAMETRIC_REPRESENTATION_CONTEXT() REPRESENTATION_CONTEXT('2D SPACE',''
  ) );
#4169 = PCURVE('',#4170,#4175);
#4170 = PLANE('',#4171);
#4171 = AXIS2_PLACEMENT_3D('',#4172,#4173,#4174);
#4172 = CARTESIAN_POINT('',(375.0019,-1.1456641E+03,-67.5003));
#4173 = DIRECTION('',(-0.453194250364,0.891411785561,0.));
#4174 = DIRECTION('',(0.891411785561,0.453194250364,0.));
#4175 = DEFINITIONAL_REPRESENTATION('',(#4176),#4180);
#4176 = LINE('',#4177,#4178);
#4177 = CARTESIAN_POINT('',(0.,0.));
#4178 = VECTOR('',#4179,1.);
#4179 = DIRECTION('',(1.,0.));
#4180 = ( GEOMETRIC_REPRESENTATION_CONTEXT(2) 
PARAMETRIC_REPRESENTATION_CONTEXT() REPRESENTATION_CONTEXT('2D SPACE',''
  ) );
#4181 = ORIENTED_EDGE('',*,*,#4182,.T.);
#4182 = EDGE_CURVE('',#4155,#4183,#4185,.T.);
#4183 = VERTEX_POINT('',#4184);
#4184 = CARTESIAN_POINT('',(384.0644,-1.1404492E+03,-67.5003));
#4185 = SURFACE_CURVE('',#4186,(#4190,#4197),.PCURVE_S1.);
#4186 = LINE('',#4187,#4188);
#4187 = CARTESIAN_POINT('',(379.6504,-1.1433008E+03,-67.5003));
#4188 = VECTOR('',#4189,1.);
#4189 = DIRECTION('',(0.839962038951,0.542645163179,0.));
#4190 = PCURVE('',#3811,#4191);
#4191 = DEFINITIONAL_REPRESENTATION('',(#4192),#4196);
#4192 = LINE('',#4193,#4194);
#4193 = CARTESIAN_POINT('',(47.805026651133,543.30213574059));
#4194 = VECTOR('',#4195,1.);
#4195 = DIRECTION('',(0.839962038951,-0.542645163179));
#4196 = ( GEOMETRIC_REPRESENTATION_CONTEXT(2) 
PARAMETRIC_REPRESENTATION_CONTEXT() REPRESENTATION_CONTEXT('2D SPACE',''
  ) );
#4197 = PCURVE('',#4198,#4203);
#4198 = PLANE('',#4199);
#4199 = AXIS2_PLACEMENT_3D('',#4200,#4201,#4202);
#4200 = CARTESIAN_POINT('',(379.6504,-1.1433008E+03,-67.5003));
#4201 = DIRECTION('',(-0.542645163179,0.839962038951,0.));
#4202 = DIRECTION('',(0.839962038951,0.542645163179,0.));
#4203 = DEFINITIONAL_REPRESENTATION('',(#4204),#4208);
#4204 = LINE('',#4205,#4206);
#4205 = CARTESIAN_POINT('',(0.,0.));
#4206 = VECTOR('',#4207,1.);
#4207 = DIRECTION('',(1.,0.));
#4208 = ( GEOMETRIC_REPRESENTATION_CONTEXT(2) 
PARAMETRIC_REPRESENTATION_CONTEXT() REPRESENTATION_CONTEXT('2D SPACE',''
  ) );
#4209 = ORIENTED_EDGE('',*,*,#4210,.T.);
#4210 = EDGE_CURVE('',#4183,#4211,#4213,.T.);
#4211 = VERTEX_POINT('',#4212);
#4212 = CARTESIAN_POINT('',(388.1269,-1.1371484E+03,-67.5003));
#4213 = SURFACE_CURVE('',#4214,(#4218,#4225),.PCURVE_S1.);
#4214 = LINE('',#4215,#4216);
#4215 = CARTESIAN_POINT('',(384.0644,-1.1404492E+03,-67.5003));
#4216 = VECTOR('',#4217,1.);
#4217 = DIRECTION('',(0.776112247013,0.630594782754,0.));
#4218 = PCURVE('',#3811,#4219);
#4219 = DEFINITIONAL_REPRESENTATION('',(#4220),#4224);
#4220 = LINE('',#4221,#4222);
#4221 = CARTESIAN_POINT('',(52.219026651133,540.45053574059));
#4222 = VECTOR('',#4223,1.);
#4223 = DIRECTION('',(0.776112247013,-0.630594782754));
#4224 = ( GEOMETRIC_REPRESENTATION_CONTEXT(2) 
PARAMETRIC_REPRESENTATION_CONTEXT() REPRESENTATION_CONTEXT('2D SPACE',''
  ) );
#4225 = PCURVE('',#4226,#4231);
#4226 = PLANE('',#4227);
#4227 = AXIS2_PLACEMENT_3D('',#4228,#4229,#4230);
#4228 = CARTESIAN_POINT('',(384.0644,-1.1404492E+03,-67.5003));
#4229 = DIRECTION('',(-0.630594782754,0.776112247013,0.));
#4230 = DIRECTION('',(0.776112247013,0.630594782754,0.));
#4231 = DEFINITIONAL_REPRESENTATION('',(#4232),#4236);
#4232 = LINE('',#4233,#4234);
#4233 = CARTESIAN_POINT('',(0.,0.));
#4234 = VECTOR('',#4235,1.);
#4235 = DIRECTION('',(1.,0.));
#4236 = ( GEOMETRIC_REPRESENTATION_CONTEXT(2) 
PARAMETRIC_REPRESENTATION_CONTEXT() REPRESENTATION_CONTEXT('2D SPACE',''
  ) );
#4237 = ORIENTED_EDGE('',*,*,#4238,.T.);
#4238 = EDGE_CURVE('',#4211,#4239,#4241,.T.);
#4239 = VERTEX_POINT('',#4240);
#4240 = CARTESIAN_POINT('',(391.7988,-1.133457E+03,-67.5003));
#4241 = SURFACE_CURVE('',#4242,(#4246,#4253),.PCURVE_S1.);
#4242 = LINE('',#4243,#4244);
#4243 = CARTESIAN_POINT('',(388.1269,-1.1371484E+03,-67.5003));
#4244 = VECTOR('',#4245,1.);
#4245 = DIRECTION('',(0.705231699128,0.708976904099,0.));
#4246 = PCURVE('',#3811,#4247);
#4247 = DEFINITIONAL_REPRESENTATION('',(#4248),#4252);
#4248 = LINE('',#4249,#4250);
#4249 = CARTESIAN_POINT('',(56.281526651133,537.14973574059));
#4250 = VECTOR('',#4251,1.);
#4251 = DIRECTION('',(0.705231699128,-0.708976904099));
#4252 = ( GEOMETRIC_REPRESENTATION_CONTEXT(2) 
PARAMETRIC_REPRESENTATION_CONTEXT() REPRESENTATION_CONTEXT('2D SPACE',''
  ) );
#4253 = PCURVE('',#4254,#4259);
#4254 = PLANE('',#4255);
#4255 = AXIS2_PLACEMENT_3D('',#4256,#4257,#4258);
#4256 = CARTESIAN_POINT('',(388.1269,-1.1371484E+03,-67.5003));
#4257 = DIRECTION('',(-0.708976904099,0.705231699128,0.));
#4258 = DIRECTION('',(0.705231699128,0.708976904099,0.));
#4259 = DEFINITIONAL_REPRESENTATION('',(#4260),#4264);
#4260 = LINE('',#4261,#4262);
#4261 = CARTESIAN_POINT('',(0.,0.));
#4262 = VECTOR('',#4263,1.);
#4263 = DIRECTION('',(1.,0.));
#4264 = ( GEOMETRIC_REPRESENTATION_CONTEXT(2) 
PARAMETRIC_REPRESENTATION_CONTEXT() REPRESENTATION_CONTEXT('2D SPACE',''
  ) );
#4265 = ORIENTED_EDGE('',*,*,#4266,.T.);
#4266 = EDGE_CURVE('',#4239,#4267,#4269,.T.);
#4267 = VERTEX_POINT('',#4268);
#4268 = CARTESIAN_POINT('',(395.1191,-1.129375E+03,-67.5003));
#4269 = SURFACE_CURVE('',#4270,(#4274,#4281),.PCURVE_S1.);
#4270 = LINE('',#4271,#4272);
#4271 = CARTESIAN_POINT('',(391.7988,-1.133457E+03,-67.5003));
#4272 = VECTOR('',#4273,1.);
#4273 = DIRECTION('',(0.631013229552,0.775772069702,0.));
#4274 = PCURVE('',#3811,#4275);
#4275 = DEFINITIONAL_REPRESENTATION('',(#4276),#4280);
#4276 = LINE('',#4277,#4278);
#4277 = CARTESIAN_POINT('',(59.953426651133,533.45833574059));
#4278 = VECTOR('',#4279,1.);
#4279 = DIRECTION('',(0.631013229552,-0.775772069702));
#4280 = ( GEOMETRIC_REPRESENTATION_CONTEXT(2) 
PARAMETRIC_REPRESENTATION_CONTEXT() REPRESENTATION_CONTEXT('2D SPACE',''
  ) );
#4281 = PCURVE('',#4282,#4287);
#4282 = PLANE('',#4283);
#4283 = AXIS2_PLACEMENT_3D('',#4284,#4285,#4286);
#4284 = CARTESIAN_POINT('',(391.7988,-1.133457E+03,-67.5003));
#4285 = DIRECTION('',(-0.775772069702,0.631013229552,0.));
#4286 = DIRECTION('',(0.631013229552,0.775772069702,0.));
#4287 = DEFINITIONAL_REPRESENTATION('',(#4288),#4292);
#4288 = LINE('',#4289,#4290);
#4289 = CARTESIAN_POINT('',(0.,0.));
#4290 = VECTOR('',#4291,1.);
#4291 = DIRECTION('',(1.,0.));
#4292 = ( GEOMETRIC_REPRESENTATION_CONTEXT(2) 
PARAMETRIC_REPRESENTATION_CONTEXT() REPRESENTATION_CONTEXT('2D SPACE',''
  ) );
#4293 = ORIENTED_EDGE('',*,*,#4294,.T.);
#4294 = EDGE_CURVE('',#4267,#4295,#4297,.T.);
#4295 = VERTEX_POINT('',#4296);
#4296 = CARTESIAN_POINT('',(397.9707,-1.125E+03,-67.5003));
#4297 = SURFACE_CURVE('',#4298,(#4302,#4309),.PCURVE_S1.);
#4298 = LINE('',#4299,#4300);
#4299 = CARTESIAN_POINT('',(395.1191,-1.129375E+03,-67.5003));
#4300 = VECTOR('',#4301,1.);
#4301 = DIRECTION('',(0.546044630434,0.837756087161,0.));
#4302 = PCURVE('',#3811,#4303);
#4303 = DEFINITIONAL_REPRESENTATION('',(#4304),#4308);
#4304 = LINE('',#4305,#4306);
#4305 = CARTESIAN_POINT('',(63.273726651133,529.37633574059));
#4306 = VECTOR('',#4307,1.);
#4307 = DIRECTION('',(0.546044630434,-0.837756087161));
#4308 = ( GEOMETRIC_REPRESENTATION_CONTEXT(2) 
PARAMETRIC_REPRESENTATION_CONTEXT() REPRESENTATION_CONTEXT('2D SPACE',''
  ) );
#4309 = PCURVE('',#4310,#4315);
#4310 = PLANE('',#4311);
#4311 = AXIS2_PLACEMENT_3D('',#4312,#4313,#4314);
#4312 = CARTESIAN_POINT('',(395.1191,-1.129375E+03,-67.5003));
#4313 = DIRECTION('',(-0.837756087161,0.546044630434,0.));
#4314 = DIRECTION('',(0.546044630434,0.837756087161,0.));
#4315 = DEFINITIONAL_REPRESENTATION('',(#4316),#4320);
#4316 = LINE('',#4317,#4318);
#4317 = CARTESIAN_POINT('',(0.,0.));
#4318 = VECTOR('',#4319,1.);
#4319 = DIRECTION('',(1.,0.));
#4320 = ( GEOMETRIC_REPRESENTATION_CONTEXT(2) 
PARAMETRIC_REPRESENTATION_CONTEXT() REPRESENTATION_CONTEXT('2D SPACE',''
  ) );
#4321 = ORIENTED_EDGE('',*,*,#4322,.T.);
#4322 = EDGE_CURVE('',#4295,#4323,#4325,.T.);
#4323 = VERTEX_POINT('',#4324);
#4324 = CARTESIAN_POINT('',(400.3535,-1.120332E+03,-67.5003));
#4325 = SURFACE_CURVE('',#4326,(#4330,#4337),.PCURVE_S1.);
#4326 = LINE('',#4327,#4328);
#4327 = CARTESIAN_POINT('',(397.9707,-1.125E+03,-67.5003));
#4328 = VECTOR('',#4329,1.);
#4329 = DIRECTION('',(0.454647062623,0.89067168387,0.));
#4330 = PCURVE('',#3811,#4331);
#4331 = DEFINITIONAL_REPRESENTATION('',(#4332),#4336);
#4332 = LINE('',#4333,#4334);
#4333 = CARTESIAN_POINT('',(66.125326651133,525.00133574059));
#4334 = VECTOR('',#4335,1.);
#4335 = DIRECTION('',(0.454647062623,-0.89067168387));
#4336 = ( GEOMETRIC_REPRESENTATION_CONTEXT(2) 
PARAMETRIC_REPRESENTATION_CONTEXT() REPRESENTATION_CONTEXT('2D SPACE',''
  ) );
#4337 = PCURVE('',#4338,#4343);
#4338 = PLANE('',#4339);
#4339 = AXIS2_PLACEMENT_3D('',#4340,#4341,#4342);
#4340 = CARTESIAN_POINT('',(397.9707,-1.125E+03,-67.5003));
#4341 = DIRECTION('',(-0.89067168387,0.454647062623,0.));
#4342 = DIRECTION('',(0.454647062623,0.89067168387,0.));
#4343 = DEFINITIONAL_REPRESENTATION('',(#4344),#4348);
#4344 = LINE('',#4345,#4346);
#4345 = CARTESIAN_POINT('',(0.,0.));
#4346 = VECTOR('',#4347,1.);
#4347 = DIRECTION('',(1.,0.));
#4348 = ( GEOMETRIC_REPRESENTATION_CONTEXT(2) 
PARAMETRIC_REPRESENTATION_CONTEXT() REPRESENTATION_CONTEXT('2D SPACE',''
  ) );
#4349 = ORIENTED_EDGE('',*,*,#4350,.T.);
#4350 = EDGE_CURVE('',#4323,#4351,#4353,.T.);
#4351 = VERTEX_POINT('',#4352);
#4352 = CARTESIAN_POINT('',(402.2285,-1.1154492E+03,-67.5003));
#4353 = SURFACE_CURVE('',#4354,(#4358,#4365),.PCURVE_S1.);
#4354 = LINE('',#4355,#4356);
#4355 = CARTESIAN_POINT('',(400.3535,-1.120332E+03,-67.5003));
#4356 = VECTOR('',#4357,1.);
#4357 = DIRECTION('',(0.358479374144,0.933537646972,0.));
#4358 = PCURVE('',#3811,#4359);
#4359 = DEFINITIONAL_REPRESENTATION('',(#4360),#4364);
#4360 = LINE('',#4361,#4362);
#4361 = CARTESIAN_POINT('',(68.508126651133,520.33333574059));
#4362 = VECTOR('',#4363,1.);
#4363 = DIRECTION('',(0.358479374144,-0.933537646972));
#4364 = ( GEOMETRIC_REPRESENTATION_CONTEXT(2) 
PARAMETRIC_REPRESENTATION_CONTEXT() REPRESENTATION_CONTEXT('2D SPACE',''
  ) );
#4365 = PCURVE('',#4366,#4371);
#4366 = PLANE('',#4367);
#4367 = AXIS2_PLACEMENT_3D('',#4368,#4369,#4370);
#4368 = CARTESIAN_POINT('',(400.3535,-1.120332E+03,-67.5003));
#4369 = DIRECTION('',(-0.933537646972,0.358479374144,0.));
#4370 = DIRECTION('',(0.358479374144,0.933537646972,0.));
#4371 = DEFINITIONAL_REPRESENTATION('',(#4372),#4376);
#4372 = LINE('',#4373,#4374);
#4373 = CARTESIAN_POINT('',(0.,0.));
#4374 = VECTOR('',#4375,1.);
#4375 = DIRECTION('',(1.,0.));
#4376 = ( GEOMETRIC_REPRESENTATION_CONTEXT(2) 
PARAMETRIC_REPRESENTATION_CONTEXT() REPRESENTATION_CONTEXT('2D SPACE',''
  ) );
#4377 = ORIENTED_EDGE('',*,*,#4378,.T.);
#4378 = EDGE_CURVE('',#4351,#4379,#4381,.T.);
#4379 = VERTEX_POINT('',#4380);
#4380 = CARTESIAN_POINT('',(403.5566,-1.1103906E+03,-67.5003));
#4381 = SURFACE_CURVE('',#4382,(#4386,#4393),.PCURVE_S1.);
#4382 = LINE('',#4383,#4384);
#4383 = CARTESIAN_POINT('',(402.2285,-1.1154492E+03,-67.5003));
#4384 = VECTOR('',#4385,1.);
#4385 = DIRECTION('',(0.253937034057,0.967220751811,0.));
#4386 = PCURVE('',#3811,#4387);
#4387 = DEFINITIONAL_REPRESENTATION('',(#4388),#4392);
#4388 = LINE('',#4389,#4390);
#4389 = CARTESIAN_POINT('',(70.383126651133,515.45053574059));
#4390 = VECTOR('',#4391,1.);
#4391 = DIRECTION('',(0.253937034057,-0.967220751811));
#4392 = ( GEOMETRIC_REPRESENTATION_CONTEXT(2) 
PARAMETRIC_REPRESENTATION_CONTEXT() REPRESENTATION_CONTEXT('2D SPACE',''
  ) );
#4393 = PCURVE('',#4394,#4399);
#4394 = PLANE('',#4395);
#4395 = AXIS2_PLACEMENT_3D('',#4396,#4397,#4398);
#4396 = CARTESIAN_POINT('',(402.2285,-1.1154492E+03,-67.5003));
#4397 = DIRECTION('',(-0.967220751811,0.253937034057,0.));
#4398 = DIRECTION('',(0.253937034057,0.967220751811,0.));
#4399 = DEFINITIONAL_REPRESENTATION('',(#4400),#4404);
#4400 = LINE('',#4401,#4402);
#4401 = CARTESIAN_POINT('',(0.,0.));
#4402 = VECTOR('',#4403,1.);
#4403 = DIRECTION('',(1.,0.));
#4404 = ( GEOMETRIC_REPRESENTATION_CONTEXT(2) 
PARAMETRIC_REPRESENTATION_CONTEXT() REPRESENTATION_CONTEXT('2D SPACE',''
  ) );
#4405 = ORIENTED_EDGE('',*,*,#4406,.T.);
#4406 = EDGE_CURVE('',#4379,#4407,#4409,.T.);
#4407 = VERTEX_POINT('',#4408);
#4408 = CARTESIAN_POINT('',(404.3769,-1.1052148E+03,-67.5003));
#4409 = SURFACE_CURVE('',#4410,(#4414,#4421),.PCURVE_S1.);
#4410 = LINE('',#4411,#4412);
#4411 = CARTESIAN_POINT('',(403.5566,-1.1103906E+03,-67.5003));
#4412 = VECTOR('',#4413,1.);
#4413 = DIRECTION('',(0.156533836503,0.987672596577,0.));
#4414 = PCURVE('',#3811,#4415);
#4415 = DEFINITIONAL_REPRESENTATION('',(#4416),#4420);
#4416 = LINE('',#4417,#4418);
#4417 = CARTESIAN_POINT('',(71.711226651133,510.39193574059));
#4418 = VECTOR('',#4419,1.);
#4419 = DIRECTION('',(0.156533836503,-0.987672596577));
#4420 = ( GEOMETRIC_REPRESENTATION_CONTEXT(2) 
PARAMETRIC_REPRESENTATION_CONTEXT() REPRESENTATION_CONTEXT('2D SPACE',''
  ) );
#4421 = PCURVE('',#4422,#4427);
#4422 = PLANE('',#4423);
#4423 = AXIS2_PLACEMENT_3D('',#4424,#4425,#4426);
#4424 = CARTESIAN_POINT('',(403.5566,-1.1103906E+03,-67.5003));
#4425 = DIRECTION('',(-0.987672596577,0.156533836503,0.));
#4426 = DIRECTION('',(0.156533836503,0.987672596577,0.));
#4427 = DEFINITIONAL_REPRESENTATION('',(#4428),#4432);
#4428 = LINE('',#4429,#4430);
#4429 = CARTESIAN_POINT('',(0.,0.));
#4430 = VECTOR('',#4431,1.);
#4431 = DIRECTION('',(1.,0.));
#4432 = ( GEOMETRIC_REPRESENTATION_CONTEXT(2) 
PARAMETRIC_REPRESENTATION_CONTEXT() REPRESENTATION_CONTEXT('2D SPACE',''
  ) );
#4433 = ORIENTED_EDGE('',*,*,#4434,.T.);
#4434 = EDGE_CURVE('',#4407,#4435,#4437,.T.);
#4435 = VERTEX_POINT('',#4436);
#4436 = CARTESIAN_POINT('',(404.6504,-1.1E+03,-67.5003));
#4437 = SURFACE_CURVE('',#4438,(#4442,#4449),.PCURVE_S1.);
#4438 = LINE('',#4439,#4440);
#4439 = CARTESIAN_POINT('',(404.3769,-1.1052148E+03,-67.5003));
#4440 = VECTOR('',#4441,1.);
#4441 = DIRECTION('',(5.237489824555E-02,0.998627493129,0.));
#4442 = PCURVE('',#3811,#4443);
#4443 = DEFINITIONAL_REPRESENTATION('',(#4444),#4448);
#4444 = LINE('',#4445,#4446);
#4445 = CARTESIAN_POINT('',(72.531526651133,505.21613574059));
#4446 = VECTOR('',#4447,1.);
#4447 = DIRECTION('',(5.237489824555E-02,-0.998627493129));
#4448 = ( GEOMETRIC_REPRESENTATION_CONTEXT(2) 
PARAMETRIC_REPRESENTATION_CONTEXT() REPRESENTATION_CONTEXT('2D SPACE',''
  ) );
#4449 = PCURVE('',#4450,#4455);
#4450 = PLANE('',#4451);
#4451 = AXIS2_PLACEMENT_3D('',#4452,#4453,#4454);
#4452 = CARTESIAN_POINT('',(404.3769,-1.1052148E+03,-67.5003));
#4453 = DIRECTION('',(-0.998627493129,5.237489824555E-02,0.));
#4454 = DIRECTION('',(5.237489824555E-02,0.998627493129,0.));
#4455 = DEFINITIONAL_REPRESENTATION('',(#4456),#4460);
#4456 = LINE('',#4457,#4458);
#4457 = CARTESIAN_POINT('',(0.,0.));
#4458 = VECTOR('',#4459,1.);
#4459 = DIRECTION('',(1.,0.));
#4460 = ( GEOMETRIC_REPRESENTATION_CONTEXT(2) 
PARAMETRIC_REPRESENTATION_CONTEXT() REPRESENTATION_CONTEXT('2D SPACE',''
  ) );
#4461 = ORIENTED_EDGE('',*,*,#4462,.T.);
#4462 = EDGE_CURVE('',#4435,#4463,#4465,.T.);
#4463 = VERTEX_POINT('',#4464);
#4464 = CARTESIAN_POINT('',(404.6504,-100.,-67.5003));
#4465 = SURFACE_CURVE('',#4466,(#4470,#4477),.PCURVE_S1.);
#4466 = LINE('',#4467,#4468);
#4467 = CARTESIAN_POINT('',(404.6504,-1.1E+03,-67.5003));
#4468 = VECTOR('',#4469,1.);
#4469 = DIRECTION('',(0.,1.,0.));
#4470 = PCURVE('',#3811,#4471);
#4471 = DEFINITIONAL_REPRESENTATION('',(#4472),#4476);
#4472 = LINE('',#4473,#4474);
#4473 = CARTESIAN_POINT('',(72.805026651133,500.00133574059));
#4474 = VECTOR('',#4475,1.);
#4475 = DIRECTION('',(0.,-1.));
#4476 = ( GEOMETRIC_REPRESENTATION_CONTEXT(2) 
PARAMETRIC_REPRESENTATION_CONTEXT() REPRESENTATION_CONTEXT('2D SPACE',''
  ) );
#4477 = PCURVE('',#4478,#4483);
#4478 = PLANE('',#4479);
#4479 = AXIS2_PLACEMENT_3D('',#4480,#4481,#4482);
#4480 = CARTESIAN_POINT('',(404.6504,-1.1E+03,-67.5003));
#4481 = DIRECTION('',(-1.,0.,0.));
#4482 = DIRECTION('',(0.,1.,0.));
#4483 = DEFINITIONAL_REPRESENTATION('',(#4484),#4488);
#4484 = LINE('',#4485,#4486);
#4485 = CARTESIAN_POINT('',(0.,0.));
#4486 = VECTOR('',#4487,1.);
#4487 = DIRECTION('',(1.,0.));
#4488 = ( GEOMETRIC_REPRESENTATION_CONTEXT(2) 
PARAMETRIC_REPRESENTATION_CONTEXT() REPRESENTATION_CONTEXT('2D SPACE',''
  ) );
#4489 = ORIENTED_EDGE('',*,*,#4490,.T.);
#4490 = EDGE_CURVE('',#4463,#4491,#4493,.T.);
#4491 = VERTEX_POINT('',#4492);
#4492 = CARTESIAN_POINT('',(404.3769,-94.7656,-67.5003));
#4493 = SURFACE_CURVE('',#4494,(#4498,#4505),.PCURVE_S1.);
#4494 = LINE('',#4495,#4496);
#4495 = CARTESIAN_POINT('',(404.6504,-100.,-67.5003));
#4496 = VECTOR('',#4497,1.);
#4497 = DIRECTION('',(-5.217931750954E-02,0.998637731524,-0.));
#4498 = PCURVE('',#3811,#4499);
#4499 = DEFINITIONAL_REPRESENTATION('',(#4500),#4504);
#4500 = LINE('',#4501,#4502);
#4501 = CARTESIAN_POINT('',(72.805026651133,-499.9986642594));
#4502 = VECTOR('',#4503,1.);
#4503 = DIRECTION('',(-5.217931750954E-02,-0.998637731524));
#4504 = ( GEOMETRIC_REPRESENTATION_CONTEXT(2) 
PARAMETRIC_REPRESENTATION_CONTEXT() REPRESENTATION_CONTEXT('2D SPACE',''
  ) );
#4505 = PCURVE('',#4506,#4511);
#4506 = PLANE('',#4507);
#4507 = AXIS2_PLACEMENT_3D('',#4508,#4509,#4510);
#4508 = CARTESIAN_POINT('',(404.6504,-100.,-67.5003));
#4509 = DIRECTION('',(-0.998637731524,-5.217931750954E-02,-0.));
#4510 = DIRECTION('',(-5.217931750954E-02,0.998637731524,-0.));
#4511 = DEFINITIONAL_REPRESENTATION('',(#4512),#4516);
#4512 = LINE('',#4513,#4514);
#4513 = CARTESIAN_POINT('',(0.,0.));
#4514 = VECTOR('',#4515,1.);
#4515 = DIRECTION('',(1.,0.));
#4516 = ( GEOMETRIC_REPRESENTATION_CONTEXT(2) 
PARAMETRIC_REPRESENTATION_CONTEXT() REPRESENTATION_CONTEXT('2D SPACE',''
  ) );
#4517 = ORIENTED_EDGE('',*,*,#4518,.T.);
#4518 = EDGE_CURVE('',#4491,#4519,#4521,.T.);
#4519 = VERTEX_POINT('',#4520);
#4520 = CARTESIAN_POINT('',(403.5566,-89.5898,-67.5003));
#4521 = SURFACE_CURVE('',#4522,(#4526,#4533),.PCURVE_S1.);
#4522 = LINE('',#4523,#4524);
#4523 = CARTESIAN_POINT('',(404.3769,-94.7656,-67.5003));
#4524 = VECTOR('',#4525,1.);
#4525 = DIRECTION('',(-0.156533836503,0.987672596577,-0.));
#4526 = PCURVE('',#3811,#4527);
#4527 = DEFINITIONAL_REPRESENTATION('',(#4528),#4532);
#4528 = LINE('',#4529,#4530);
#4529 = CARTESIAN_POINT('',(72.531526651133,-505.2330642594));
#4530 = VECTOR('',#4531,1.);
#4531 = DIRECTION('',(-0.156533836503,-0.987672596577));
#4532 = ( GEOMETRIC_REPRESENTATION_CONTEXT(2) 
PARAMETRIC_REPRESENTATION_CONTEXT() REPRESENTATION_CONTEXT('2D SPACE',''
  ) );
#4533 = PCURVE('',#4534,#4539);
#4534 = PLANE('',#4535);
#4535 = AXIS2_PLACEMENT_3D('',#4536,#4537,#4538);
#4536 = CARTESIAN_POINT('',(404.3769,-94.7656,-67.5003));
#4537 = DIRECTION('',(-0.987672596577,-0.156533836503,-0.));
#4538 = DIRECTION('',(-0.156533836503,0.987672596577,-0.));
#4539 = DEFINITIONAL_REPRESENTATION('',(#4540),#4544);
#4540 = LINE('',#4541,#4542);
#4541 = CARTESIAN_POINT('',(0.,0.));
#4542 = VECTOR('',#4543,1.);
#4543 = DIRECTION('',(1.,0.));
#4544 = ( GEOMETRIC_REPRESENTATION_CONTEXT(2) 
PARAMETRIC_REPRESENTATION_CONTEXT() REPRESENTATION_CONTEXT('2D SPACE',''
  ) );
#4545 = ORIENTED_EDGE('',*,*,#4546,.T.);
#4546 = EDGE_CURVE('',#4519,#4547,#4549,.T.);
#4547 = VERTEX_POINT('',#4548);
#4548 = CARTESIAN_POINT('',(402.2285,-84.5313,-67.5003));
#4549 = SURFACE_CURVE('',#4550,(#4554,#4561),.PCURVE_S1.);
#4550 = LINE('',#4551,#4552);
#4551 = CARTESIAN_POINT('',(403.5566,-89.5898,-67.5003));
#4552 = VECTOR('',#4553,1.);
#4553 = DIRECTION('',(-0.253941730344,0.967219518822,-0.));
#4554 = PCURVE('',#3811,#4555);
#4555 = DEFINITIONAL_REPRESENTATION('',(#4556),#4560);
#4556 = LINE('',#4557,#4558);
#4557 = CARTESIAN_POINT('',(71.711226651133,-510.4088642594));
#4558 = VECTOR('',#4559,1.);
#4559 = DIRECTION('',(-0.253941730344,-0.967219518822));
#4560 = ( GEOMETRIC_REPRESENTATION_CONTEXT(2) 
PARAMETRIC_REPRESENTATION_CONTEXT() REPRESENTATION_CONTEXT('2D SPACE',''
  ) );
#4561 = PCURVE('',#4562,#4567);
#4562 = PLANE('',#4563);
#4563 = AXIS2_PLACEMENT_3D('',#4564,#4565,#4566);
#4564 = CARTESIAN_POINT('',(403.5566,-89.5898,-67.5003));
#4565 = DIRECTION('',(-0.967219518822,-0.253941730344,-0.));
#4566 = DIRECTION('',(-0.253941730344,0.967219518822,-0.));
#4567 = DEFINITIONAL_REPRESENTATION('',(#4568),#4572);
#4568 = LINE('',#4569,#4570);
#4569 = CARTESIAN_POINT('',(0.,0.));
#4570 = VECTOR('',#4571,1.);
#4571 = DIRECTION('',(1.,0.));
#4572 = ( GEOMETRIC_REPRESENTATION_CONTEXT(2) 
PARAMETRIC_REPRESENTATION_CONTEXT() REPRESENTATION_CONTEXT('2D SPACE',''
  ) );
#4573 = ORIENTED_EDGE('',*,*,#4574,.T.);
#4574 = EDGE_CURVE('',#4547,#4575,#4577,.T.);
#4575 = VERTEX_POINT('',#4576);
#4576 = CARTESIAN_POINT('',(400.3535,-79.6484,-67.5003));
#4577 = SURFACE_CURVE('',#4578,(#4582,#4589),.PCURVE_S1.);
#4578 = LINE('',#4579,#4580);
#4579 = CARTESIAN_POINT('',(402.2285,-84.5313,-67.5003));
#4580 = VECTOR('',#4581,1.);
#4581 = DIRECTION('',(-0.358472976034,0.933540103827,-0.));
#4582 = PCURVE('',#3811,#4583);
#4583 = DEFINITIONAL_REPRESENTATION('',(#4584),#4588);
#4584 = LINE('',#4585,#4586);
#4585 = CARTESIAN_POINT('',(70.383126651133,-515.4673642594));
#4586 = VECTOR('',#4587,1.);
#4587 = DIRECTION('',(-0.358472976034,-0.933540103827));
#4588 = ( GEOMETRIC_REPRESENTATION_CONTEXT(2) 
PARAMETRIC_REPRESENTATION_CONTEXT() REPRESENTATION_CONTEXT('2D SPACE',''
  ) );
#4589 = PCURVE('',#4590,#4595);
#4590 = PLANE('',#4591);
#4591 = AXIS2_PLACEMENT_3D('',#4592,#4593,#4594);
#4592 = CARTESIAN_POINT('',(402.2285,-84.5313,-67.5003));
#4593 = DIRECTION('',(-0.933540103827,-0.358472976034,-0.));
#4594 = DIRECTION('',(-0.358472976034,0.933540103827,-0.));
#4595 = DEFINITIONAL_REPRESENTATION('',(#4596),#4600);
#4596 = LINE('',#4597,#4598);
#4597 = CARTESIAN_POINT('',(0.,0.));
#4598 = VECTOR('',#4599,1.);
#4599 = DIRECTION('',(1.,0.));
#4600 = ( GEOMETRIC_REPRESENTATION_CONTEXT(2) 
PARAMETRIC_REPRESENTATION_CONTEXT() REPRESENTATION_CONTEXT('2D SPACE',''
  ) );
#4601 = ORIENTED_EDGE('',*,*,#4602,.T.);
#4602 = EDGE_CURVE('',#4575,#4603,#4605,.T.);
#4603 = VERTEX_POINT('',#4604);
#4604 = CARTESIAN_POINT('',(397.9707,-75.,-67.5003));
#4605 = SURFACE_CURVE('',#4606,(#4610,#4617),.PCURVE_S1.);
#4606 = LINE('',#4607,#4608);
#4607 = CARTESIAN_POINT('',(400.3535,-79.6484,-67.5003));
#4608 = VECTOR('',#4609,1.);
#4609 = DIRECTION('',(-0.456165840073,0.889894783865,-0.));
#4610 = PCURVE('',#3811,#4611);
#4611 = DEFINITIONAL_REPRESENTATION('',(#4612),#4616);
#4612 = LINE('',#4613,#4614);
#4613 = CARTESIAN_POINT('',(68.508126651133,-520.3502642594));
#4614 = VECTOR('',#4615,1.);
#4615 = DIRECTION('',(-0.456165840073,-0.889894783865));
#4616 = ( GEOMETRIC_REPRESENTATION_CONTEXT(2) 
PARAMETRIC_REPRESENTATION_CONTEXT() REPRESENTATION_CONTEXT('2D SPACE',''
  ) );
#4617 = PCURVE('',#4618,#4623);
#4618 = PLANE('',#4619);
#4619 = AXIS2_PLACEMENT_3D('',#4620,#4621,#4622);
#4620 = CARTESIAN_POINT('',(400.3535,-79.6484,-67.5003));
#4621 = DIRECTION('',(-0.889894783865,-0.456165840073,-0.));
#4622 = DIRECTION('',(-0.456165840073,0.889894783865,-0.));
#4623 = DEFINITIONAL_REPRESENTATION('',(#4624),#4628);
#4624 = LINE('',#4625,#4626);
#4625 = CARTESIAN_POINT('',(0.,0.));
#4626 = VECTOR('',#4627,1.);
#4627 = DIRECTION('',(1.,0.));
#4628 = ( GEOMETRIC_REPRESENTATION_CONTEXT(2) 
PARAMETRIC_REPRESENTATION_CONTEXT() REPRESENTATION_CONTEXT('2D SPACE',''
  ) );
#4629 = ORIENTED_EDGE('',*,*,#4630,.T.);
#4630 = EDGE_CURVE('',#4603,#4631,#4633,.T.);
#4631 = VERTEX_POINT('',#4632);
#4632 = CARTESIAN_POINT('',(395.1191,-70.6055,-67.5003));
#4633 = SURFACE_CURVE('',#4634,(#4638,#4645),.PCURVE_S1.);
#4634 = LINE('',#4635,#4636);
#4635 = CARTESIAN_POINT('',(397.9707,-75.,-67.5003));
#4636 = VECTOR('',#4637,1.);
#4637 = DIRECTION('',(-0.544340706762,0.838864229158,-0.));
#4638 = PCURVE('',#3811,#4639);
#4639 = DEFINITIONAL_REPRESENTATION('',(#4640),#4644);
#4640 = LINE('',#4641,#4642);
#4641 = CARTESIAN_POINT('',(66.125326651133,-524.9986642594));
#4642 = VECTOR('',#4643,1.);
#4643 = DIRECTION('',(-0.544340706762,-0.838864229158));
#4644 = ( GEOMETRIC_REPRESENTATION_CONTEXT(2) 
PARAMETRIC_REPRESENTATION_CONTEXT() REPRESENTATION_CONTEXT('2D SPACE',''
  ) );
#4645 = PCURVE('',#4646,#4651);
#4646 = PLANE('',#4647);
#4647 = AXIS2_PLACEMENT_3D('',#4648,#4649,#4650);
#4648 = CARTESIAN_POINT('',(397.9707,-75.,-67.5003));
#4649 = DIRECTION('',(-0.838864229158,-0.544340706762,-0.));
#4650 = DIRECTION('',(-0.544340706762,0.838864229158,-0.));
#4651 = DEFINITIONAL_REPRESENTATION('',(#4652),#4656);
#4652 = LINE('',#4653,#4654);
#4653 = CARTESIAN_POINT('',(0.,0.));
#4654 = VECTOR('',#4655,1.);
#4655 = DIRECTION('',(1.,0.));
#4656 = ( GEOMETRIC_REPRESENTATION_CONTEXT(2) 
PARAMETRIC_REPRESENTATION_CONTEXT() REPRESENTATION_CONTEXT('2D SPACE',''
  ) );
#4657 = ORIENTED_EDGE('',*,*,#4658,.T.);
#4658 = EDGE_CURVE('',#4631,#4659,#4661,.T.);
#4659 = VERTEX_POINT('',#4660);
#4660 = CARTESIAN_POINT('',(391.7988,-66.543,-67.5003));
#4661 = SURFACE_CURVE('',#4662,(#4666,#4673),.PCURVE_S1.);
#4662 = LINE('',#4663,#4664);
#4663 = CARTESIAN_POINT('',(395.1191,-70.6055,-67.5003));
#4664 = VECTOR('',#4665,1.);
#4665 = DIRECTION('',(-0.632830849598,0.774290072129,-0.));
#4666 = PCURVE('',#3811,#4667);
#4667 = DEFINITIONAL_REPRESENTATION('',(#4668),#4672);
#4668 = LINE('',#4669,#4670);
#4669 = CARTESIAN_POINT('',(63.273726651133,-529.3931642594));
#4670 = VECTOR('',#4671,1.);
#4671 = DIRECTION('',(-0.632830849598,-0.774290072129));
#4672 = ( GEOMETRIC_REPRESENTATION_CONTEXT(2) 
PARAMETRIC_REPRESENTATION_CONTEXT() REPRESENTATION_CONTEXT('2D SPACE',''
  ) );
#4673 = PCURVE('',#4674,#4679);
#4674 = PLANE('',#4675);
#4675 = AXIS2_PLACEMENT_3D('',#4676,#4677,#4678);
#4676 = CARTESIAN_POINT('',(395.1191,-70.6055,-67.5003));
#4677 = DIRECTION('',(-0.774290072129,-0.632830849598,-0.));
#4678 = DIRECTION('',(-0.632830849598,0.774290072129,-0.));
#4679 = DEFINITIONAL_REPRESENTATION('',(#4680),#4684);
#4680 = LINE('',#4681,#4682);
#4681 = CARTESIAN_POINT('',(0.,0.));
#4682 = VECTOR('',#4683,1.);
#4683 = DIRECTION('',(1.,0.));
#4684 = ( GEOMETRIC_REPRESENTATION_CONTEXT(2) 
PARAMETRIC_REPRESENTATION_CONTEXT() REPRESENTATION_CONTEXT('2D SPACE',''
  ) );
#4685 = ORIENTED_EDGE('',*,*,#4686,.T.);
#4686 = EDGE_CURVE('',#4659,#4687,#4689,.T.);
#4687 = VERTEX_POINT('',#4688);
#4688 = CARTESIAN_POINT('',(388.1269,-62.832,-67.5003));
#4689 = SURFACE_CURVE('',#4690,(#4694,#4701),.PCURVE_S1.);
#4690 = LINE('',#4691,#4692);
#4691 = CARTESIAN_POINT('',(391.7988,-66.543,-67.5003));
#4692 = VECTOR('',#4693,1.);
#4693 = DIRECTION('',(-0.703352064509,0.710841665458,-0.));
#4694 = PCURVE('',#3811,#4695);
#4695 = DEFINITIONAL_REPRESENTATION('',(#4696),#4700);
#4696 = LINE('',#4697,#4698);
#4697 = CARTESIAN_POINT('',(59.953426651133,-533.4556642594));
#4698 = VECTOR('',#4699,1.);
#4699 = DIRECTION('',(-0.703352064509,-0.710841665458));
#4700 = ( GEOMETRIC_REPRESENTATION_CONTEXT(2) 
PARAMETRIC_REPRESENTATION_CONTEXT() REPRESENTATION_CONTEXT('2D SPACE',''
  ) );
#4701 = PCURVE('',#4702,#4707);
#4702 = PLANE('',#4703);
#4703 = AXIS2_PLACEMENT_3D('',#4704,#4705,#4706);
#4704 = CARTESIAN_POINT('',(391.7988,-66.543,-67.5003));
#4705 = DIRECTION('',(-0.710841665458,-0.703352064509,-0.));
#4706 = DIRECTION('',(-0.703352064509,0.710841665458,-0.));
#4707 = DEFINITIONAL_REPRESENTATION('',(#4708),#4712);
#4708 = LINE('',#4709,#4710);
#4709 = CARTESIAN_POINT('',(0.,0.));
#4710 = VECTOR('',#4711,1.);
#4711 = DIRECTION('',(1.,0.));
#4712 = ( GEOMETRIC_REPRESENTATION_CONTEXT(2) 
PARAMETRIC_REPRESENTATION_CONTEXT() REPRESENTATION_CONTEXT('2D SPACE',''
  ) );
#4713 = ORIENTED_EDGE('',*,*,#4714,.T.);
#4714 = EDGE_CURVE('',#4687,#4715,#4717,.T.);
#4715 = VERTEX_POINT('',#4716);
#4716 = CARTESIAN_POINT('',(384.0644,-59.5313,-67.5003));
#4717 = SURFACE_CURVE('',#4718,(#4722,#4729),.PCURVE_S1.);
#4718 = LINE('',#4719,#4720);
#4719 = CARTESIAN_POINT('',(388.1269,-62.832,-67.5003));
#4720 = VECTOR('',#4721,1.);
#4721 = DIRECTION('',(-0.776121596921,0.630583275066,-0.));
#4722 = PCURVE('',#3811,#4723);
#4723 = DEFINITIONAL_REPRESENTATION('',(#4724),#4728);
#4724 = LINE('',#4725,#4726);
#4725 = CARTESIAN_POINT('',(56.281526651133,-537.1666642594));
#4726 = VECTOR('',#4727,1.);
#4727 = DIRECTION('',(-0.776121596921,-0.630583275066));
#4728 = ( GEOMETRIC_REPRESENTATION_CONTEXT(2) 
PARAMETRIC_REPRESENTATION_CONTEXT() REPRESENTATION_CONTEXT('2D SPACE',''
  ) );
#4729 = PCURVE('',#4730,#4735);
#4730 = PLANE('',#4731);
#4731 = AXIS2_PLACEMENT_3D('',#4732,#4733,#4734);
#4732 = CARTESIAN_POINT('',(388.1269,-62.832,-67.5003));
#4733 = DIRECTION('',(-0.630583275066,-0.776121596921,-0.));
#4734 = DIRECTION('',(-0.776121596921,0.630583275066,-0.));
#4735 = DEFINITIONAL_REPRESENTATION('',(#4736),#4740);
#4736 = LINE('',#4737,#4738);
#4737 = CARTESIAN_POINT('',(0.,0.));
#4738 = VECTOR('',#4739,1.);
#4739 = DIRECTION('',(1.,0.));
#4740 = ( GEOMETRIC_REPRESENTATION_CONTEXT(2) 
PARAMETRIC_REPRESENTATION_CONTEXT() REPRESENTATION_CONTEXT('2D SPACE',''
  ) );
#4741 = ORIENTED_EDGE('',*,*,#4742,.T.);
#4742 = EDGE_CURVE('',#4715,#4743,#4745,.T.);
#4743 = VERTEX_POINT('',#4744);
#4744 = CARTESIAN_POINT('',(379.6504,-56.6992,-67.5003));
#4745 = SURFACE_CURVE('',#4746,(#4750,#4757),.PCURVE_S1.);
#4746 = LINE('',#4747,#4748);
#4747 = CARTESIAN_POINT('',(384.0644,-59.5313,-67.5003));
#4748 = VECTOR('',#4749,1.);
#4749 = DIRECTION('',(-0.841652712527,0.540019176971,-0.));
#4750 = PCURVE('',#3811,#4751);
#4751 = DEFINITIONAL_REPRESENTATION('',(#4752),#4756);
#4752 = LINE('',#4753,#4754);
#4753 = CARTESIAN_POINT('',(52.219026651133,-540.4673642594));
#4754 = VECTOR('',#4755,1.);
#4755 = DIRECTION('',(-0.841652712527,-0.540019176971));
#4756 = ( GEOMETRIC_REPRESENTATION_CONTEXT(2) 
PARAMETRIC_REPRESENTATION_CONTEXT() REPRESENTATION_CONTEXT('2D SPACE',''
  ) );
#4757 = PCURVE('',#4758,#4763);
#4758 = PLANE('',#4759);
#4759 = AXIS2_PLACEMENT_3D('',#4760,#4761,#4762);
#4760 = CARTESIAN_POINT('',(384.0644,-59.5313,-67.5003));
#4761 = DIRECTION('',(-0.540019176971,-0.841652712527,-0.));
#4762 = DIRECTION('',(-0.841652712527,0.540019176971,-0.));
#4763 = DEFINITIONAL_REPRESENTATION('',(#4764),#4768);
#4764 = LINE('',#4765,#4766);
#4765 = CARTESIAN_POINT('',(0.,0.));
#4766 = VECTOR('',#4767,1.);
#4767 = DIRECTION('',(1.,0.));
#4768 = ( GEOMETRIC_REPRESENTATION_CONTEXT(2) 
PARAMETRIC_REPRESENTATION_CONTEXT() REPRESENTATION_CONTEXT('2D SPACE',''
  ) );
#4769 = ORIENTED_EDGE('',*,*,#4770,.T.);
#4770 = EDGE_CURVE('',#4743,#4771,#4773,.T.);
#4771 = VERTEX_POINT('',#4772);
#4772 = CARTESIAN_POINT('',(375.0019,-54.3164,-67.5003));
#4773 = SURFACE_CURVE('',#4774,(#4778,#4785),.PCURVE_S1.);
#4774 = LINE('',#4775,#4776);
#4775 = CARTESIAN_POINT('',(379.6504,-56.6992,-67.5003));
#4776 = VECTOR('',#4777,1.);
#4777 = DIRECTION('',(-0.889898767409,0.456158068836,-0.));
#4778 = PCURVE('',#3811,#4779);
#4779 = DEFINITIONAL_REPRESENTATION('',(#4780),#4784);
#4780 = LINE('',#4781,#4782);
#4781 = CARTESIAN_POINT('',(47.805026651133,-543.2994642594));
#4782 = VECTOR('',#4783,1.);
#4783 = DIRECTION('',(-0.889898767409,-0.456158068836));
#4784 = ( GEOMETRIC_REPRESENTATION_CONTEXT(2) 
PARAMETRIC_REPRESENTATION_CONTEXT() REPRESENTATION_CONTEXT('2D SPACE',''
  ) );
#4785 = PCURVE('',#4786,#4791);
#4786 = PLANE('',#4787);
#4787 = AXIS2_PLACEMENT_3D('',#4788,#4789,#4790);
#4788 = CARTESIAN_POINT('',(379.6504,-56.6992,-67.5003));
#4789 = DIRECTION('',(-0.456158068836,-0.889898767409,-0.));
#4790 = DIRECTION('',(-0.889898767409,0.456158068836,-0.));
#4791 = DEFINITIONAL_REPRESENTATION('',(#4792),#4796);
#4792 = LINE('',#4793,#4794);
#4793 = CARTESIAN_POINT('',(0.,0.));
#4794 = VECTOR('',#4795,1.);
#4795 = DIRECTION('',(1.,0.));
#4796 = ( GEOMETRIC_REPRESENTATION_CONTEXT(2) 
PARAMETRIC_REPRESENTATION_CONTEXT() REPRESENTATION_CONTEXT('2D SPACE',''
  ) );
#4797 = ORIENTED_EDGE('',*,*,#4798,.T.);
#4798 = EDGE_CURVE('',#4771,#4799,#4801,.T.);
#4799 = VERTEX_POINT('',#4800);
#4800 = CARTESIAN_POINT('',(370.1191,-52.4414,-67.5003));
#4801 = SURFACE_CURVE('',#4802,(#4806,#4813),.PCURVE_S1.);
#4802 = LINE('',#4803,#4804);
#4803 = CARTESIAN_POINT('',(375.0019,-54.3164,-67.5003));
#4804 = VECTOR('',#4805,1.);
#4805 = DIRECTION('',(-0.933537646972,0.358479374144,-0.));
#4806 = PCURVE('',#3811,#4807);
#4807 = DEFINITIONAL_REPRESENTATION('',(#4808),#4812);
#4808 = LINE('',#4809,#4810);
#4809 = CARTESIAN_POINT('',(43.156526651133,-545.6822642594));
#4810 = VECTOR('',#4811,1.);
#4811 = DIRECTION('',(-0.933537646972,-0.358479374144));
#4812 = ( GEOMETRIC_REPRESENTATION_CONTEXT(2) 
PARAMETRIC_REPRESENTATION_CONTEXT() REPRESENTATION_CONTEXT('2D SPACE',''
  ) );
#4813 = PCURVE('',#4814,#4819);
#4814 = PLANE('',#4815);
#4815 = AXIS2_PLACEMENT_3D('',#4816,#4817,#4818);
#4816 = CARTESIAN_POINT('',(375.0019,-54.3164,-67.5003));
#4817 = DIRECTION('',(-0.358479374144,-0.933537646972,-0.));
#4818 = DIRECTION('',(-0.933537646972,0.358479374144,-0.));
#4819 = DEFINITIONAL_REPRESENTATION('',(#4820),#4824);
#4820 = LINE('',#4821,#4822);
#4821 = CARTESIAN_POINT('',(0.,0.));
#4822 = VECTOR('',#4823,1.);
#4823 = DIRECTION('',(1.,0.));
#4824 = ( GEOMETRIC_REPRESENTATION_CONTEXT(2) 
PARAMETRIC_REPRESENTATION_CONTEXT() REPRESENTATION_CONTEXT('2D SPACE',''
  ) );
#4825 = ORIENTED_EDGE('',*,*,#4826,.T.);
#4826 = EDGE_CURVE('',#4799,#4827,#4829,.T.);
#4827 = VERTEX_POINT('',#4828);
#4828 = CARTESIAN_POINT('',(365.041,-51.0938,-67.5003));
#4829 = SURFACE_CURVE('',#4830,(#4834,#4841),.PCURVE_S1.);
#4830 = LINE('',#4831,#4832);
#4831 = CARTESIAN_POINT('',(370.1191,-52.4414,-67.5003));
#4832 = VECTOR('',#4833,1.);
#4833 = DIRECTION('',(-0.966545092179,0.256496753947,-0.));
#4834 = PCURVE('',#3811,#4835);
#4835 = DEFINITIONAL_REPRESENTATION('',(#4836),#4840);
#4836 = LINE('',#4837,#4838);
#4837 = CARTESIAN_POINT('',(38.273726651133,-547.5572642594));
#4838 = VECTOR('',#4839,1.);
#4839 = DIRECTION('',(-0.966545092179,-0.256496753947));
#4840 = ( GEOMETRIC_REPRESENTATION_CONTEXT(2) 
PARAMETRIC_REPRESENTATION_CONTEXT() REPRESENTATION_CONTEXT('2D SPACE',''
  ) );
#4841 = PCURVE('',#4842,#4847);
#4842 = PLANE('',#4843);
#4843 = AXIS2_PLACEMENT_3D('',#4844,#4845,#4846);
#4844 = CARTESIAN_POINT('',(370.1191,-52.4414,-67.5003));
#4845 = DIRECTION('',(-0.256496753947,-0.966545092179,-0.));
#4846 = DIRECTION('',(-0.966545092179,0.256496753947,-0.));
#4847 = DEFINITIONAL_REPRESENTATION('',(#4848),#4852);
#4848 = LINE('',#4849,#4850);
#4849 = CARTESIAN_POINT('',(0.,0.));
#4850 = VECTOR('',#4851,1.);
#4851 = DIRECTION('',(1.,0.));
#4852 = ( GEOMETRIC_REPRESENTATION_CONTEXT(2) 
PARAMETRIC_REPRESENTATION_CONTEXT() REPRESENTATION_CONTEXT('2D SPACE',''
  ) );
#4853 = ORIENTED_EDGE('',*,*,#4854,.T.);
#4854 = EDGE_CURVE('',#4827,#4855,#4857,.T.);
#4855 = VERTEX_POINT('',#4856);
#4856 = CARTESIAN_POINT('',(359.8848,-50.2734,-67.5003));
#4857 = SURFACE_CURVE('',#4858,(#4862,#4869),.PCURVE_S1.);
#4858 = LINE('',#4859,#4860);
#4859 = CARTESIAN_POINT('',(365.041,-51.0938,-67.5003));
#4860 = VECTOR('',#4861,1.);
#4861 = DIRECTION('',(-0.987577469377,0.157132880004,-0.));
#4862 = PCURVE('',#3811,#4863);
#4863 = DEFINITIONAL_REPRESENTATION('',(#4864),#4868);
#4864 = LINE('',#4865,#4866);
#4865 = CARTESIAN_POINT('',(33.195626651133,-548.9048642594));
#4866 = VECTOR('',#4867,1.);
#4867 = DIRECTION('',(-0.987577469377,-0.157132880004));
#4868 = ( GEOMETRIC_REPRESENTATION_CONTEXT(2) 
PARAMETRIC_REPRESENTATION_CONTEXT() REPRESENTATION_CONTEXT('2D SPACE',''
  ) );
#4869 = PCURVE('',#4870,#4875);
#4870 = PLANE('',#4871);
#4871 = AXIS2_PLACEMENT_3D('',#4872,#4873,#4874);
#4872 = CARTESIAN_POINT('',(365.041,-51.0938,-67.5003));
#4873 = DIRECTION('',(-0.157132880004,-0.987577469377,-0.));
#4874 = DIRECTION('',(-0.987577469377,0.157132880004,-0.));
#4875 = DEFINITIONAL_REPRESENTATION('',(#4876),#4880);
#4876 = LINE('',#4877,#4878);
#4877 = CARTESIAN_POINT('',(0.,0.));
#4878 = VECTOR('',#4879,1.);
#4879 = DIRECTION('',(1.,0.));
#4880 = ( GEOMETRIC_REPRESENTATION_CONTEXT(2) 
PARAMETRIC_REPRESENTATION_CONTEXT() REPRESENTATION_CONTEXT('2D SPACE',''
  ) );
#4881 = ORIENTED_EDGE('',*,*,#4882,.T.);
#4882 = EDGE_CURVE('',#4855,#4883,#4885,.T.);
#4883 = VERTEX_POINT('',#4884);
#4884 = CARTESIAN_POINT('',(354.6504,-50.,-67.5003));
#4885 = SURFACE_CURVE('',#4886,(#4890,#4897),.PCURVE_S1.);
#4886 = LINE('',#4887,#4888);
#4887 = CARTESIAN_POINT('',(359.8848,-50.2734,-67.5003));
#4888 = VECTOR('',#4889,1.);
#4889 = DIRECTION('',(-0.998638725484,5.216029106436E-02,-0.));
#4890 = PCURVE('',#3811,#4891);
#4891 = DEFINITIONAL_REPRESENTATION('',(#4892),#4896);
#4892 = LINE('',#4893,#4894);
#4893 = CARTESIAN_POINT('',(28.039426651133,-549.7252642594));
#4894 = VECTOR('',#4895,1.);
#4895 = DIRECTION('',(-0.998638725484,-5.216029106436E-02));
#4896 = ( GEOMETRIC_REPRESENTATION_CONTEXT(2) 
PARAMETRIC_REPRESENTATION_CONTEXT() REPRESENTATION_CONTEXT('2D SPACE',''
  ) );
#4897 = PCURVE('',#4898,#4903);
#4898 = PLANE('',#4899);
#4899 = AXIS2_PLACEMENT_3D('',#4900,#4901,#4902);
#4900 = CARTESIAN_POINT('',(359.8848,-50.2734,-67.5003));
#4901 = DIRECTION('',(-5.216029106436E-02,-0.998638725484,-0.));
#4902 = DIRECTION('',(-0.998638725484,5.216029106436E-02,-0.));
#4903 = DEFINITIONAL_REPRESENTATION('',(#4904),#4908);
#4904 = LINE('',#4905,#4906);
#4905 = CARTESIAN_POINT('',(0.,0.));
#4906 = VECTOR('',#4907,1.);
#4907 = DIRECTION('',(1.,0.));
#4908 = ( GEOMETRIC_REPRESENTATION_CONTEXT(2) 
PARAMETRIC_REPRESENTATION_CONTEXT() REPRESENTATION_CONTEXT('2D SPACE',''
  ) );
#4909 = ORIENTED_EDGE('',*,*,#4910,.T.);
#4910 = EDGE_CURVE('',#4883,#3789,#4911,.T.);
#4911 = SURFACE_CURVE('',#4912,(#4916,#4923),.PCURVE_S1.);
#4912 = LINE('',#4913,#4914);
#4913 = CARTESIAN_POINT('',(354.6504,-50.,-67.5003));
#4914 = VECTOR('',#4915,1.);
#4915 = DIRECTION('',(-1.,0.,0.));
#4916 = PCURVE('',#3811,#4917);
#4917 = DEFINITIONAL_REPRESENTATION('',(#4918),#4922);
#4918 = LINE('',#4919,#4920);
#4919 = CARTESIAN_POINT('',(22.805026651133,-549.9986642594));
#4920 = VECTOR('',#4921,1.);
#4921 = DIRECTION('',(-1.,0.));
#4922 = ( GEOMETRIC_REPRESENTATION_CONTEXT(2) 
PARAMETRIC_REPRESENTATION_CONTEXT() REPRESENTATION_CONTEXT('2D SPACE',''
  ) );
#4923 = PCURVE('',#3839,#4924);
#4924 = DEFINITIONAL_REPRESENTATION('',(#4925),#4929);
#4925 = LINE('',#4926,#4927);
#4926 = CARTESIAN_POINT('',(0.,0.));
#4927 = VECTOR('',#4928,1.);
#4928 = DIRECTION('',(1.,0.));
#4929 = ( GEOMETRIC_REPRESENTATION_CONTEXT(2) 
PARAMETRIC_REPRESENTATION_CONTEXT() REPRESENTATION_CONTEXT('2D SPACE',''
  ) );
#4930 = ADVANCED_FACE('',(#4931),#3891,.T.);
#4931 = FACE_BOUND('',#4932,.T.);
#4932 = EDGE_LOOP('',(#4933,#4934,#4935,#4963,#4991));
#4933 = ORIENTED_EDGE('',*,*,#3907,.F.);
#4934 = ORIENTED_EDGE('',*,*,#3877,.T.);
#4935 = ORIENTED_EDGE('',*,*,#4936,.T.);
#4936 = EDGE_CURVE('',#3852,#4937,#4939,.T.);
#4937 = VERTEX_POINT('',#4938);
#4938 = CARTESIAN_POINT('',(9.014367300172,50.,-42.5003));
#4939 = SURFACE_CURVE('',#4940,(#4945,#4956),.PCURVE_S1.);
#4940 = CIRCLE('',#4941,67.5);
#4941 = AXIS2_PLACEMENT_3D('',#4942,#4943,#4944);
#4942 = CARTESIAN_POINT('',(-45.32,50.,-2.45));
#4943 = DIRECTION('',(0.,-1.,0.));
#4944 = DIRECTION('',(1.,0.,0.));
#4945 = PCURVE('',#3891,#4946);
#4946 = DEFINITIONAL_REPRESENTATION('',(#4947),#4955);
#4947 = ( BOUNDED_CURVE() B_SPLINE_CURVE(2,(#4948,#4949,#4950,#4951,
#4952,#4953,#4954),.UNSPECIFIED.,.T.,.F.) B_SPLINE_CURVE_WITH_KNOTS((1,2
    ,2,2,2,1),(-2.094395102393,0.,2.094395102393,4.188790204786,
6.28318530718,8.377580409573),.UNSPECIFIED.) CURVE() 
GEOMETRIC_REPRESENTATION_ITEM() RATIONAL_B_SPLINE_CURVE((1.,0.5,1.,0.5,
1.,0.5,1.)) REPRESENTATION_ITEM('') );
#4948 = CARTESIAN_POINT('',(49.3265,-65.0503));
#4949 = CARTESIAN_POINT('',(49.3265,-181.9637295108));
#4950 = CARTESIAN_POINT('',(-51.9235,-123.5070147554));
#4951 = CARTESIAN_POINT('',(-153.1735,-65.0503));
#4952 = CARTESIAN_POINT('',(-51.9235,-6.59358524455));
#4953 = CARTESIAN_POINT('',(49.3265,51.863129510899));
#4954 = CARTESIAN_POINT('',(49.3265,-65.0503));
#4955 = ( GEOMETRIC_REPRESENTATION_CONTEXT(2) 
PARAMETRIC_REPRESENTATION_CONTEXT() REPRESENTATION_CONTEXT('2D SPACE',''
  ) );
#4956 = PCURVE('',#3866,#4957);
#4957 = DEFINITIONAL_REPRESENTATION('',(#4958),#4962);
#4958 = LINE('',#4959,#4960);
#4959 = CARTESIAN_POINT('',(-0.,0.));
#4960 = VECTOR('',#4961,1.);
#4961 = DIRECTION('',(-1.,0.));
#4962 = ( GEOMETRIC_REPRESENTATION_CONTEXT(2) 
PARAMETRIC_REPRESENTATION_CONTEXT() REPRESENTATION_CONTEXT('2D SPACE',''
  ) );
#4963 = ORIENTED_EDGE('',*,*,#4964,.T.);
#4964 = EDGE_CURVE('',#4937,#4965,#4967,.T.);
#4965 = VERTEX_POINT('',#4966);
#4966 = CARTESIAN_POINT('',(500.4707,50.,-42.5003));
#4967 = SURFACE_CURVE('',#4968,(#4972,#4979),.PCURVE_S1.);
#4968 = LINE('',#4969,#4970);
#4969 = CARTESIAN_POINT('',(-27.1465,50.,-42.5003));
#4970 = VECTOR('',#4971,1.);
#4971 = DIRECTION('',(1.,0.,0.));
#4972 = PCURVE('',#3891,#4973);
#4973 = DEFINITIONAL_REPRESENTATION('',(#4974),#4978);
#4974 = LINE('',#4975,#4976);
#4975 = CARTESIAN_POINT('',(0.,-25.));
#4976 = VECTOR('',#4977,1.);
#4977 = DIRECTION('',(1.,0.));
#4978 = ( GEOMETRIC_REPRESENTATION_CONTEXT(2) 
PARAMETRIC_REPRESENTATION_CONTEXT() REPRESENTATION_CONTEXT('2D SPACE',''
  ) );
#4979 = PCURVE('',#4980,#4985);
#4980 = PLANE('',#4981);
#4981 = AXIS2_PLACEMENT_3D('',#4982,#4983,#4984);
#4982 = CARTESIAN_POINT('',(331.84537334886,-599.9986642594,-42.5003));
#4983 = DIRECTION('',(0.,0.,-1.));
#4984 = DIRECTION('',(1.,0.,0.));
#4985 = DEFINITIONAL_REPRESENTATION('',(#4986),#4990);
#4986 = LINE('',#4987,#4988);
#4987 = CARTESIAN_POINT('',(-358.9918733488,-649.9986642594));
#4988 = VECTOR('',#4989,1.);
#4989 = DIRECTION('',(1.,0.));
#4990 = ( GEOMETRIC_REPRESENTATION_CONTEXT(2) 
PARAMETRIC_REPRESENTATION_CONTEXT() REPRESENTATION_CONTEXT('2D SPACE',''
  ) );
#4991 = ORIENTED_EDGE('',*,*,#4992,.F.);
#4992 = EDGE_CURVE('',#3908,#4965,#4993,.T.);
#4993 = SURFACE_CURVE('',#4994,(#4998,#5005),.PCURVE_S1.);
#4994 = LINE('',#4995,#4996);
#4995 = CARTESIAN_POINT('',(500.4707,50.,-67.5003));
#4996 = VECTOR('',#4997,1.);
#4997 = DIRECTION('',(-0.,-0.,1.));
#4998 = PCURVE('',#3891,#4999);
#4999 = DEFINITIONAL_REPRESENTATION('',(#5000),#5004);
#5000 = LINE('',#5001,#5002);
#5001 = CARTESIAN_POINT('',(527.6172,0.));
#5002 = VECTOR('',#5003,1.);
#5003 = DIRECTION('',(0.,-1.));
#5004 = ( GEOMETRIC_REPRESENTATION_CONTEXT(2) 
PARAMETRIC_REPRESENTATION_CONTEXT() REPRESENTATION_CONTEXT('2D SPACE',''
  ) );
#5005 = PCURVE('',#3946,#5006);
#5006 = DEFINITIONAL_REPRESENTATION('',(#5007),#5011);
#5007 = LINE('',#5008,#5009);
#5008 = CARTESIAN_POINT('',(0.,0.));
#5009 = VECTOR('',#5010,1.);
#5010 = DIRECTION('',(0.,-1.));
#5011 = ( GEOMETRIC_REPRESENTATION_CONTEXT(2) 
PARAMETRIC_REPRESENTATION_CONTEXT() REPRESENTATION_CONTEXT('2D SPACE',''
  ) );
#5012 = ADVANCED_FACE('',(#5013),#3866,.F.);
#5013 = FACE_BOUND('',#5014,.T.);
#5014 = EDGE_LOOP('',(#5015,#5016,#5017,#5041,#5067,#5200,#5228,#5361));
#5015 = ORIENTED_EDGE('',*,*,#4936,.F.);
#5016 = ORIENTED_EDGE('',*,*,#3851,.F.);
#5017 = ORIENTED_EDGE('',*,*,#5018,.T.);
#5018 = EDGE_CURVE('',#3824,#5019,#5021,.T.);
#5019 = VERTEX_POINT('',#5020);
#5020 = CARTESIAN_POINT('',(9.014367300172,-50.,-42.5003));
#5021 = SURFACE_CURVE('',#5022,(#5027,#5034),.PCURVE_S1.);
#5022 = CIRCLE('',#5023,67.5);
#5023 = AXIS2_PLACEMENT_3D('',#5024,#5025,#5026);
#5024 = CARTESIAN_POINT('',(-45.32,-50.,-2.45));
#5025 = DIRECTION('',(0.,-1.,0.));
#5026 = DIRECTION('',(1.,0.,0.));
#5027 = PCURVE('',#3866,#5028);
#5028 = DEFINITIONAL_REPRESENTATION('',(#5029),#5033);
#5029 = LINE('',#5030,#5031);
#5030 = CARTESIAN_POINT('',(-0.,-100.));
#5031 = VECTOR('',#5032,1.);
#5032 = DIRECTION('',(-1.,0.));
#5033 = ( GEOMETRIC_REPRESENTATION_CONTEXT(2) 
PARAMETRIC_REPRESENTATION_CONTEXT() REPRESENTATION_CONTEXT('2D SPACE',''
  ) );
#5034 = PCURVE('',#3839,#5035);
#5035 = DEFINITIONAL_REPRESENTATION('',(#5036),#5040);
#5036 = CIRCLE('',#5037,67.5);
#5037 = AXIS2_PLACEMENT_2D('',#5038,#5039);
#5038 = CARTESIAN_POINT('',(399.9704,-65.0503));
#5039 = DIRECTION('',(-1.,0.));
#5040 = ( GEOMETRIC_REPRESENTATION_CONTEXT(2) 
PARAMETRIC_REPRESENTATION_CONTEXT() REPRESENTATION_CONTEXT('2D SPACE',''
  ) );
#5041 = ORIENTED_EDGE('',*,*,#5042,.T.);
#5042 = EDGE_CURVE('',#5019,#5043,#5045,.T.);
#5043 = VERTEX_POINT('',#5044);
#5044 = CARTESIAN_POINT('',(9.014367294173,-42.31558804681,-42.5003));
#5045 = SURFACE_CURVE('',#5046,(#5050,#5056),.PCURVE_S1.);
#5046 = LINE('',#5047,#5048);
#5047 = CARTESIAN_POINT('',(9.014367300172,50.,-42.5003));
#5048 = VECTOR('',#5049,1.);
#5049 = DIRECTION('',(-0.,1.,-0.));
#5050 = PCURVE('',#3866,#5051);
#5051 = DEFINITIONAL_REPRESENTATION('',(#5052),#5055);
#5052 = B_SPLINE_CURVE_WITH_KNOTS('',1,(#5053,#5054),.UNSPECIFIED.,.F.,
  .F.,(2,2),(-100.0000006,6.000000070117E-07),.PIECEWISE_BEZIER_KNOTS.);
#5053 = CARTESIAN_POINT('',(-5.647986225311,-100.0000006));
#5054 = CARTESIAN_POINT('',(-5.647986225311,6.000000070117E-07));
#5055 = ( GEOMETRIC_REPRESENTATION_CONTEXT(2) 
PARAMETRIC_REPRESENTATION_CONTEXT() REPRESENTATION_CONTEXT('2D SPACE',''
  ) );
#5056 = PCURVE('',#5057,#5062);
#5057 = PLANE('',#5058);
#5058 = AXIS2_PLACEMENT_3D('',#5059,#5060,#5061);
#5059 = CARTESIAN_POINT('',(331.84537334886,-599.9986642594,-42.5003));
#5060 = DIRECTION('',(0.,0.,-1.));
#5061 = DIRECTION('',(1.,0.,0.));
#5062 = DEFINITIONAL_REPRESENTATION('',(#5063),#5066);
#5063 = B_SPLINE_CURVE_WITH_KNOTS('',1,(#5064,#5065),.UNSPECIFIED.,.F.,
  .F.,(2,2),(-100.0000006,6.000000070117E-07),.PIECEWISE_BEZIER_KNOTS.);
#5064 = CARTESIAN_POINT('',(-322.8310060486,-549.9986636594));
#5065 = CARTESIAN_POINT('',(-322.8310060486,-649.9986648594));
#5066 = ( GEOMETRIC_REPRESENTATION_CONTEXT(2) 
PARAMETRIC_REPRESENTATION_CONTEXT() REPRESENTATION_CONTEXT('2D SPACE',''
  ) );
#5067 = ORIENTED_EDGE('',*,*,#5068,.F.);
#5068 = EDGE_CURVE('',#5069,#5043,#5071,.T.);
#5069 = VERTEX_POINT('',#5070);
#5070 = CARTESIAN_POINT('',(2.589286804263E-02,-20.,-52.45));
#5071 = SURFACE_CURVE('',#5072,(#5111,#5153),.PCURVE_S1.);
#5072 = B_SPLINE_CURVE_WITH_KNOTS('',7,(#5073,#5074,#5075,#5076,#5077,
    #5078,#5079,#5080,#5081,#5082,#5083,#5084,#5085,#5086,#5087,#5088,
    #5089,#5090,#5091,#5092,#5093,#5094,#5095,#5096,#5097,#5098,#5099,
    #5100,#5101,#5102,#5103,#5104,#5105,#5106,#5107,#5108,#5109,#5110),
  .UNSPECIFIED.,.F.,.F.,(8,6,6,6,6,6,8),(0.,0.216054327535,0.48520198264
    ,0.667468189487,0.740014242549,0.838998783913,1.),.UNSPECIFIED.);
#5073 = CARTESIAN_POINT('',(2.58928680426E-02,-20.,-52.45));
#5074 = CARTESIAN_POINT('',(2.58928680426E-02,-21.40661141858,-52.45));
#5075 = CARTESIAN_POINT('',(0.110733780043,-22.80952702505,
    -52.37305543098));
#5076 = CARTESIAN_POINT('',(0.279613231454,-24.20303026026,
    -52.21989836196));
#5077 = CARTESIAN_POINT('',(0.52921347077,-25.58131526267,
    -51.99187550015));
#5078 = CARTESIAN_POINT('',(0.853682585543,-26.93811077649,
    -51.69108325099));
#5079 = CARTESIAN_POINT('',(1.244818253062,-28.26650914685,
    -51.32081796679));
#5080 = CARTESIAN_POINT('',(2.250092092825,-31.1691092795,
    -50.34509624994));
#5081 = CARTESIAN_POINT('',(2.896624176467,-32.72700099032,
    -49.70302431929));
#5082 = CARTESIAN_POINT('',(3.617972324039,-34.2318493714,-48.9647589793
    ));
#5083 = CARTESIAN_POINT('',(4.400931133891,-35.68222249708,
    -48.13323494801));
#5084 = CARTESIAN_POINT('',(5.233573891825,-37.07609083687,
    -47.21019272978));
#5085 = CARTESIAN_POINT('',(6.10515859636,-38.41066969628,
    -46.19626537145));
#5086 = CARTESIAN_POINT('',(7.615732381203,-40.5430099275,
    -44.34260571624));
#5087 = CARTESIAN_POINT('',(8.239368504811,-41.37553534291,
    -43.55182329273));
#5088 = CARTESIAN_POINT('',(8.87407381789,-42.17888449154,
    -42.71800714928));
#5089 = CARTESIAN_POINT('',(9.517358454571,-42.95187843051,
    -41.84015734979));
#5090 = CARTESIAN_POINT('',(10.166749327718,-43.69280315728,
    -40.91705053329));
#5091 = CARTESIAN_POINT('',(10.819672069258,-44.39931352748,
    -39.94733598413));
#5092 = CARTESIAN_POINT('',(11.733535146491,-45.33461276619,
    -38.52458795785));
#5093 = CARTESIAN_POINT('',(11.993848285575,-45.59496873542,
    -38.11190724352));
#5094 = CARTESIAN_POINT('',(12.25412312057,-45.84920590669,
    -37.69151438286));
#5095 = CARTESIAN_POINT('',(12.514181361228,-46.09711155754,
    -37.26331901966));
#5096 = CARTESIAN_POINT('',(12.773837456157,-46.33845163662,
    -36.82723383495));
#5097 = CARTESIAN_POINT('',(13.032898592824,-46.5729707637,
    -36.38317454704));
#5098 = CARTESIAN_POINT('',(13.643552606306,-47.11069456248,
    -35.31417783511));
#5099 = CARTESIAN_POINT('',(13.994501726705,-47.40781963202,
    -34.68222713828));
#5100 = CARTESIAN_POINT('',(14.343451513799,-47.69101150457,
    -34.03508680998));
#5101 = CARTESIAN_POINT('',(14.689813337692,-47.95944788382,
    -33.3726671725));
#5102 = CARTESIAN_POINT('',(15.032973832438,-48.21223837975,
    -32.69491207937));
#5103 = CARTESIAN_POINT('',(15.372298244936,-48.44842277754,
    -32.00180111326));
#5104 = CARTESIAN_POINT('',(16.251753460866,-49.02244154968,
    -30.1410384834));
#5105 = CARTESIAN_POINT('',(16.785729422411,-49.33205442929,
    -28.94553960054));
#5106 = CARTESIAN_POINT('',(17.304468548307,-49.58988337625,
    -27.71017047255));
#5107 = CARTESIAN_POINT('',(17.80371541079,-49.79045662548,
    -26.43863647136));
#5108 = CARTESIAN_POINT('',(18.279651551098,-49.92871834272,
    -25.13503837551));
#5109 = CARTESIAN_POINT('',(18.728978535558,-50.,-23.80386884515));
#5110 = CARTESIAN_POINT('',(19.148984791138,-50.,-22.45));
#5111 = PCURVE('',#3866,#5112);
#5112 = DEFINITIONAL_REPRESENTATION('',(#5113),#5152);
#5113 = B_SPLINE_CURVE_WITH_KNOTS('',7,(#5114,#5115,#5116,#5117,#5118,
    #5119,#5120,#5121,#5122,#5123,#5124,#5125,#5126,#5127,#5128,#5129,
    #5130,#5131,#5132,#5133,#5134,#5135,#5136,#5137,#5138,#5139,#5140,
    #5141,#5142,#5143,#5144,#5145,#5146,#5147,#5148,#5149,#5150,#5151),
  .UNSPECIFIED.,.F.,.F.,(8,6,6,6,6,6,8),(0.,0.216054327535,0.48520198264
    ,0.667468189487,0.740014242549,0.838998783913,1.),.UNSPECIFIED.);
#5114 = CARTESIAN_POINT('',(-5.449012982404,-70.));
#5115 = CARTESIAN_POINT('',(-5.449012982404,-71.40661141858));
#5116 = CARTESIAN_POINT('',(-5.45070979691,-72.80952702505));
#5117 = CARTESIAN_POINT('',(-5.454087399505,-74.20303026026));
#5118 = CARTESIAN_POINT('',(-5.459095834356,-75.58131526267));
#5119 = CARTESIAN_POINT('',(-5.465650168702,-76.93811077649));
#5120 = CARTESIAN_POINT('',(-5.473628702668,-78.26650914685));
#5121 = CARTESIAN_POINT('',(-5.494383239675,-81.1691092795));
#5122 = CARTESIAN_POINT('',(-5.507881406646,-82.72700099032));
#5123 = CARTESIAN_POINT('',(-5.523169966657,-84.2318493714));
#5124 = CARTESIAN_POINT('',(-5.540084597868,-85.68222249708));
#5125 = CARTESIAN_POINT('',(-5.558493117437,-87.07609083687));
#5126 = CARTESIAN_POINT('',(-5.578294459106,-88.41066969628));
#5127 = CARTESIAN_POINT('',(-5.613719798674,-90.5430099275));
#5128 = CARTESIAN_POINT('',(-5.62863795106,-91.37553534291));
#5129 = CARTESIAN_POINT('',(-5.644158695603,-92.17888449154));
#5130 = CARTESIAN_POINT('',(-5.660276838657,-92.95187843051));
#5131 = CARTESIAN_POINT('',(-5.676992055642,-93.69280315728));
#5132 = CARTESIAN_POINT('',(-5.694307113946,-94.39931352748));
#5133 = CARTESIAN_POINT('',(-5.719358425547,-95.33461276619));
#5134 = CARTESIAN_POINT('',(-5.726586665282,-95.59496873542));
#5135 = CARTESIAN_POINT('',(-5.733911318361,-95.84920590669));
#5136 = CARTESIAN_POINT('',(-5.741332749618,-96.09711155754));
#5137 = CARTESIAN_POINT('',(-5.748851308122,-96.33845163662));
#5138 = CARTESIAN_POINT('',(-5.75646732718,-96.5729707637));
#5139 = CARTESIAN_POINT('',(-5.774706116965,-97.11069456248));
#5140 = CARTESIAN_POINT('',(-5.785414378551,-97.40781963202));
#5141 = CARTESIAN_POINT('',(-5.796305249366,-97.69101150457));
#5142 = CARTESIAN_POINT('',(-5.807377762199,-97.95944788382));
#5143 = CARTESIAN_POINT('',(-5.818630655616,-98.21223837975));
#5144 = CARTESIAN_POINT('',(-5.830062387215,-98.44842277754));
#5145 = CARTESIAN_POINT('',(-5.860553129848,-99.02244154968));
#5146 = CARTESIAN_POINT('',(-5.879946168122,-99.33205442929));
#5147 = CARTESIAN_POINT('',(-5.89978776965,-99.58988337625));
#5148 = CARTESIAN_POINT('',(-5.920015050301,-99.79045662548));
#5149 = CARTESIAN_POINT('',(-5.940564685399,-99.92871834272));
#5150 = CARTESIAN_POINT('',(-5.961372519144,-100.));
#5151 = CARTESIAN_POINT('',(-5.982372831923,-100.));
#5152 = ( GEOMETRIC_REPRESENTATION_CONTEXT(2) 
PARAMETRIC_REPRESENTATION_CONTEXT() REPRESENTATION_CONTEXT('2D SPACE',''
  ) );
#5153 = PCURVE('',#5154,#5159);
#5154 = CYLINDRICAL_SURFACE('',#5155,30.);
#5155 = AXIS2_PLACEMENT_3D('',#5156,#5157,#5158);
#5156 = CARTESIAN_POINT('',(0.,-20.,-22.45));
#5157 = DIRECTION('',(1.,0.,0.));
#5158 = DIRECTION('',(0.,-1.,0.));
#5159 = DEFINITIONAL_REPRESENTATION('',(#5160),#5199);
#5160 = B_SPLINE_CURVE_WITH_KNOTS('',7,(#5161,#5162,#5163,#5164,#5165,
    #5166,#5167,#5168,#5169,#5170,#5171,#5172,#5173,#5174,#5175,#5176,
    #5177,#5178,#5179,#5180,#5181,#5182,#5183,#5184,#5185,#5186,#5187,
    #5188,#5189,#5190,#5191,#5192,#5193,#5194,#5195,#5196,#5197,#5198),
  .UNSPECIFIED.,.F.,.F.,(8,6,6,6,6,6,8),(0.,0.216054327535,0.48520198264
    ,0.667468189487,0.740014242549,0.838998783913,1.),.UNSPECIFIED.);
#5161 = CARTESIAN_POINT('',(1.570796326795,2.58928680426E-02));
#5162 = CARTESIAN_POINT('',(1.523909279509,2.58928680426E-02));
#5163 = CARTESIAN_POINT('',(1.477145482952,0.110733780043));
#5164 = CARTESIAN_POINT('',(1.430526812689,0.279613231454));
#5165 = CARTESIAN_POINT('',(1.38408319409,0.52921347077));
#5166 = CARTESIAN_POINT('',(1.337865641533,0.853682585543));
#5167 = CARTESIAN_POINT('',(1.291961086189,1.244818253062));
#5168 = CARTESIAN_POINT('',(1.189887472237,2.250092092825));
#5169 = CARTESIAN_POINT('',(1.133844904841,2.896624176467));
#5170 = CARTESIAN_POINT('',(1.078160146227,3.617972324039));
#5171 = CARTESIAN_POINT('',(1.022640246274,4.400931133891));
#5172 = CARTESIAN_POINT('',(0.96709990655,5.233573891825));
#5173 = CARTESIAN_POINT('',(0.911352766936,6.10515859636));
#5174 = CARTESIAN_POINT('',(0.817172508454,7.615732381203));
#5175 = CARTESIAN_POINT('',(0.778935320049,8.239368504811));
#5176 = CARTESIAN_POINT('',(0.740401222214,8.87407381789));
#5177 = CARTESIAN_POINT('',(0.701483644596,9.517358454571));
#5178 = CARTESIAN_POINT('',(0.662095580441,10.166749327718));
#5179 = CARTESIAN_POINT('',(0.622148721844,10.819672069258));
#5180 = CARTESIAN_POINT('',(0.565393921633,11.733535146491));
#5181 = CARTESIAN_POINT('',(0.549131894301,11.993848285575));
#5182 = CARTESIAN_POINT('',(0.532760255124,12.25412312057));
#5183 = CARTESIAN_POINT('',(0.516273073589,12.514181361228));
#5184 = CARTESIAN_POINT('',(0.499664388135,12.773837456157));
#5185 = CARTESIAN_POINT('',(0.482928206146,13.032898592824));
#5186 = CARTESIAN_POINT('',(0.443040852902,13.643552606306));
#5187 = CARTESIAN_POINT('',(0.419771872337,13.994501726705));
#5188 = CARTESIAN_POINT('',(0.396239343093,14.343451513799));
#5189 = CARTESIAN_POINT('',(0.372431057909,14.689813337692));
#5190 = CARTESIAN_POINT('',(0.348334527415,15.032973832438));
#5191 = CARTESIAN_POINT('',(0.323936686103,15.372298244936));
#5192 = CARTESIAN_POINT('',(0.25902704707,16.251753460866));
#5193 = CARTESIAN_POINT('',(0.217905549411,16.785729422411));
#5194 = CARTESIAN_POINT('',(0.175916853778,17.304468548307));
#5195 = CARTESIAN_POINT('',(0.133104664305,17.80371541079));
#5196 = CARTESIAN_POINT('',(8.950128121093E-02,18.279651551098));
#5197 = CARTESIAN_POINT('',(4.512896150531E-02,18.728978535558));
#5198 = CARTESIAN_POINT('',(0.,19.148984791138));
#5199 = ( GEOMETRIC_REPRESENTATION_CONTEXT(2) 
PARAMETRIC_REPRESENTATION_CONTEXT() REPRESENTATION_CONTEXT('2D SPACE',''
  ) );
#5200 = ORIENTED_EDGE('',*,*,#5201,.T.);
#5201 = EDGE_CURVE('',#5069,#5202,#5204,.T.);
#5202 = VERTEX_POINT('',#5203);
#5203 = CARTESIAN_POINT('',(2.589286804263E-02,20.,-52.45));
#5204 = SURFACE_CURVE('',#5205,(#5209,#5216),.PCURVE_S1.);
#5205 = LINE('',#5206,#5207);
#5206 = CARTESIAN_POINT('',(2.589286804263E-02,50.,-52.45));
#5207 = VECTOR('',#5208,1.);
#5208 = DIRECTION('',(-0.,1.,-0.));
#5209 = PCURVE('',#3866,#5210);
#5210 = DEFINITIONAL_REPRESENTATION('',(#5211),#5215);
#5211 = LINE('',#5212,#5213);
#5212 = CARTESIAN_POINT('',(-5.449012982404,0.));
#5213 = VECTOR('',#5214,1.);
#5214 = DIRECTION('',(-0.,1.));
#5215 = ( GEOMETRIC_REPRESENTATION_CONTEXT(2) 
PARAMETRIC_REPRESENTATION_CONTEXT() REPRESENTATION_CONTEXT('2D SPACE',''
  ) );
#5216 = PCURVE('',#5217,#5222);
#5217 = PLANE('',#5218);
#5218 = AXIS2_PLACEMENT_3D('',#5219,#5220,#5221);
#5219 = CARTESIAN_POINT('',(0.,0.,-52.45));
#5220 = DIRECTION('',(0.,0.,-1.));
#5221 = DIRECTION('',(0.,1.,0.));
#5222 = DEFINITIONAL_REPRESENTATION('',(#5223),#5227);
#5223 = LINE('',#5224,#5225);
#5224 = CARTESIAN_POINT('',(50.,2.589286804263E-02));
#5225 = VECTOR('',#5226,1.);
#5226 = DIRECTION('',(1.,0.));
#5227 = ( GEOMETRIC_REPRESENTATION_CONTEXT(2) 
PARAMETRIC_REPRESENTATION_CONTEXT() REPRESENTATION_CONTEXT('2D SPACE',''
  ) );
#5228 = ORIENTED_EDGE('',*,*,#5229,.T.);
#5229 = EDGE_CURVE('',#5202,#5230,#5232,.T.);
#5230 = VERTEX_POINT('',#5231);
#5231 = CARTESIAN_POINT('',(9.014367294172,42.315588046811,-42.5003));
#5232 = SURFACE_CURVE('',#5233,(#5272,#5314),.PCURVE_S1.);
#5233 = B_SPLINE_CURVE_WITH_KNOTS('',7,(#5234,#5235,#5236,#5237,#5238,
    #5239,#5240,#5241,#5242,#5243,#5244,#5245,#5246,#5247,#5248,#5249,
    #5250,#5251,#5252,#5253,#5254,#5255,#5256,#5257,#5258,#5259,#5260,
    #5261,#5262,#5263,#5264,#5265,#5266,#5267,#5268,#5269,#5270,#5271),
  .UNSPECIFIED.,.F.,.F.,(8,6,6,6,6,6,8),(0.,0.216054326868,
    0.485201982171,0.667468189143,0.740014242256,0.838998783692,1.),
  .UNSPECIFIED.);
#5234 = CARTESIAN_POINT('',(2.58928680426E-02,20.,-52.45));
#5235 = CARTESIAN_POINT('',(2.58928680426E-02,21.406611423917,-52.45));
#5236 = CARTESIAN_POINT('',(0.110733778775,22.809527012702,
    -52.37305543219));
#5237 = CARTESIAN_POINT('',(0.279613233307,24.203030267461,
    -52.21989836017));
#5238 = CARTESIAN_POINT('',(0.529213471369,25.581315270179,
    -51.99187549958));
#5239 = CARTESIAN_POINT('',(0.853682582755,26.938110764502,
    -51.69108325368));
#5240 = CARTESIAN_POINT('',(1.244818254772,28.266509151794,
    -51.32081796513));
#5241 = CARTESIAN_POINT('',(2.250092092825,31.169109279501,
    -50.34509624994));
#5242 = CARTESIAN_POINT('',(2.896624176468,32.727000990331,
    -49.70302431928));
#5243 = CARTESIAN_POINT('',(3.61797232404,34.231849371404,-48.9647589793
    ));
#5244 = CARTESIAN_POINT('',(4.400931133889,35.682222497081,
    -48.13323494801));
#5245 = CARTESIAN_POINT('',(5.233573891824,37.076090836876,
    -47.21019272978));
#5246 = CARTESIAN_POINT('',(6.105158596361,38.410669696282,
    -46.19626537145));
#5247 = CARTESIAN_POINT('',(7.615732381169,40.543009927456,
    -44.34260571628));
#5248 = CARTESIAN_POINT('',(8.239368504834,41.375535342955,
    -43.55182329271));
#5249 = CARTESIAN_POINT('',(8.874073817915,42.178884491572,
    -42.71800714924));
#5250 = CARTESIAN_POINT('',(9.517358454553,42.951878430485,
    -41.84015734981));
#5251 = CARTESIAN_POINT('',(10.166749327689,43.692803157255,
    -40.91705053334));
#5252 = CARTESIAN_POINT('',(10.819672069284,44.399313527516,
    -39.94733598409));
#5253 = CARTESIAN_POINT('',(11.733535146489,45.334612766193,
    -38.52458795785));
#5254 = CARTESIAN_POINT('',(11.993848285573,45.594968735418,
    -38.11190724352));
#5255 = CARTESIAN_POINT('',(12.254123120569,45.849205906694,
    -37.69151438286));
#5256 = CARTESIAN_POINT('',(12.514181361228,46.097111557548,
    -37.26331901966));
#5257 = CARTESIAN_POINT('',(12.773837456157,46.338451636629,
    -36.82723383495));
#5258 = CARTESIAN_POINT('',(13.032898592824,46.572970763701,
    -36.38317454704));
#5259 = CARTESIAN_POINT('',(13.643552606304,47.110694562488,
    -35.31417783511));
#5260 = CARTESIAN_POINT('',(13.994501726706,47.407819632022,
    -34.68222713827));
#5261 = CARTESIAN_POINT('',(14.343451513802,47.691011504576,
    -34.03508680997));
#5262 = CARTESIAN_POINT('',(14.689813337694,47.959447883828,
    -33.3726671725));
#5263 = CARTESIAN_POINT('',(15.032973832436,48.212238379749,
    -32.69491207938));
#5264 = CARTESIAN_POINT('',(15.372298244931,48.448422777546,
    -32.00180111327));
#5265 = CARTESIAN_POINT('',(16.251753461231,49.022441549924,
    -30.14103848263));
#5266 = CARTESIAN_POINT('',(16.785729422386,49.332054429227,
    -28.9455396005));
#5267 = CARTESIAN_POINT('',(17.304468548008,49.589883376086,
    -27.71017047323));
#5268 = CARTESIAN_POINT('',(17.803715410581,49.790456625463,
    -26.43863647199));
#5269 = CARTESIAN_POINT('',(18.279651551192,49.928718342816,
    -25.13503837536));
#5270 = CARTESIAN_POINT('',(18.72897853583,50.,-23.80386884428));
#5271 = CARTESIAN_POINT('',(19.148984791138,50.,-22.45));
#5272 = PCURVE('',#3866,#5273);
#5273 = DEFINITIONAL_REPRESENTATION('',(#5274),#5313);
#5274 = B_SPLINE_CURVE_WITH_KNOTS('',7,(#5275,#5276,#5277,#5278,#5279,
    #5280,#5281,#5282,#5283,#5284,#5285,#5286,#5287,#5288,#5289,#5290,
    #5291,#5292,#5293,#5294,#5295,#5296,#5297,#5298,#5299,#5300,#5301,
    #5302,#5303,#5304,#5305,#5306,#5307,#5308,#5309,#5310,#5311,#5312),
  .UNSPECIFIED.,.F.,.F.,(8,6,6,6,6,6,8),(0.,0.216054326868,
    0.485201982171,0.667468189143,0.740014242256,0.838998783692,1.),
  .UNSPECIFIED.);
#5275 = CARTESIAN_POINT('',(-5.449012982404,-30.));
#5276 = CARTESIAN_POINT('',(-5.449012982404,-28.59338857608));
#5277 = CARTESIAN_POINT('',(-5.450709796884,-27.19047298729));
#5278 = CARTESIAN_POINT('',(-5.454087399543,-25.79696973253));
#5279 = CARTESIAN_POINT('',(-5.459095834368,-24.41868472982));
#5280 = CARTESIAN_POINT('',(-5.465650168645,-23.06188923549));
#5281 = CARTESIAN_POINT('',(-5.473628702703,-21.7334908482));
#5282 = CARTESIAN_POINT('',(-5.494383239675,-18.83089072049));
#5283 = CARTESIAN_POINT('',(-5.507881406646,-17.27299900966));
#5284 = CARTESIAN_POINT('',(-5.523169966657,-15.76815062859));
#5285 = CARTESIAN_POINT('',(-5.540084597868,-14.31777750291));
#5286 = CARTESIAN_POINT('',(-5.558493117437,-12.92390916312));
#5287 = CARTESIAN_POINT('',(-5.578294459106,-11.58933030371));
#5288 = CARTESIAN_POINT('',(-5.613719798673,-9.456990072544));
#5289 = CARTESIAN_POINT('',(-5.62863795106,-8.624464657045));
#5290 = CARTESIAN_POINT('',(-5.644158695604,-7.821115508428));
#5291 = CARTESIAN_POINT('',(-5.660276838657,-7.048121569515));
#5292 = CARTESIAN_POINT('',(-5.676992055642,-6.307196842745));
#5293 = CARTESIAN_POINT('',(-5.694307113947,-5.600686472484));
#5294 = CARTESIAN_POINT('',(-5.719358425547,-4.665387233807));
#5295 = CARTESIAN_POINT('',(-5.726586665282,-4.405031264582));
#5296 = CARTESIAN_POINT('',(-5.733911318361,-4.150794093306));
#5297 = CARTESIAN_POINT('',(-5.741332749618,-3.902888442452));
#5298 = CARTESIAN_POINT('',(-5.748851308122,-3.661548363371));
#5299 = CARTESIAN_POINT('',(-5.75646732718,-3.427029236299));
#5300 = CARTESIAN_POINT('',(-5.774706116965,-2.889305437512));
#5301 = CARTESIAN_POINT('',(-5.785414378551,-2.592180367978));
#5302 = CARTESIAN_POINT('',(-5.796305249366,-2.308988495424));
#5303 = CARTESIAN_POINT('',(-5.807377762199,-2.040552116173));
#5304 = CARTESIAN_POINT('',(-5.818630655616,-1.787761620251));
#5305 = CARTESIAN_POINT('',(-5.830062387215,-1.551577222454));
#5306 = CARTESIAN_POINT('',(-5.860553129861,-0.977558450076));
#5307 = CARTESIAN_POINT('',(-5.879946168122,-0.667945570773));
#5308 = CARTESIAN_POINT('',(-5.899787769639,-0.410116623914));
#5309 = CARTESIAN_POINT('',(-5.920015050291,-0.209543374537));
#5310 = CARTESIAN_POINT('',(-5.940564685402,-7.128165718449E-02));
#5311 = CARTESIAN_POINT('',(-5.961372519158,1.015061051086E-14));
#5312 = CARTESIAN_POINT('',(-5.982372831923,7.105427357601E-15));
#5313 = ( GEOMETRIC_REPRESENTATION_CONTEXT(2) 
PARAMETRIC_REPRESENTATION_CONTEXT() REPRESENTATION_CONTEXT('2D SPACE',''
  ) );
#5314 = PCURVE('',#5315,#5320);
#5315 = CYLINDRICAL_SURFACE('',#5316,30.);
#5316 = AXIS2_PLACEMENT_3D('',#5317,#5318,#5319);
#5317 = CARTESIAN_POINT('',(0.,20.,-22.45));
#5318 = DIRECTION('',(1.,-0.,0.));
#5319 = DIRECTION('',(0.,0.,-1.));
#5320 = DEFINITIONAL_REPRESENTATION('',(#5321),#5360);
#5321 = B_SPLINE_CURVE_WITH_KNOTS('',7,(#5322,#5323,#5324,#5325,#5326,
    #5327,#5328,#5329,#5330,#5331,#5332,#5333,#5334,#5335,#5336,#5337,
    #5338,#5339,#5340,#5341,#5342,#5343,#5344,#5345,#5346,#5347,#5348,
    #5349,#5350,#5351,#5352,#5353,#5354,#5355,#5356,#5357,#5358,#5359),
  .UNSPECIFIED.,.F.,.F.,(8,6,6,6,6,6,8),(0.,0.216054326868,
    0.485201982171,0.667468189143,0.740014242256,0.838998783692,1.),
  .UNSPECIFIED.);
#5322 = CARTESIAN_POINT('',(0.,2.58928680426E-02));
#5323 = CARTESIAN_POINT('',(4.68870474639E-02,2.58928680426E-02));
#5324 = CARTESIAN_POINT('',(9.365084342556E-02,0.110733778775));
#5325 = CARTESIAN_POINT('',(0.140269514355,0.279613233307));
#5326 = CARTESIAN_POINT('',(0.186713132957,0.529213471369));
#5327 = CARTESIAN_POINT('',(0.232930684848,0.853682582755));
#5328 = CARTESIAN_POINT('',(0.27883524078,1.244818254772));
#5329 = CARTESIAN_POINT('',(0.380908854558,2.250092092825));
#5330 = CARTESIAN_POINT('',(0.436951421954,2.896624176468));
#5331 = CARTESIAN_POINT('',(0.492636180568,3.61797232404));
#5332 = CARTESIAN_POINT('',(0.548156080521,4.400931133889));
#5333 = CARTESIAN_POINT('',(0.603696420245,5.233573891824));
#5334 = CARTESIAN_POINT('',(0.659443559859,6.105158596361));
#5335 = CARTESIAN_POINT('',(0.753623818339,7.615732381169));
#5336 = CARTESIAN_POINT('',(0.791861006747,8.239368504834));
#5337 = CARTESIAN_POINT('',(0.830395104582,8.874073817915));
#5338 = CARTESIAN_POINT('',(0.869312682197,9.517358454553));
#5339 = CARTESIAN_POINT('',(0.908700746353,10.166749327689));
#5340 = CARTESIAN_POINT('',(0.948647604953,10.819672069284));
#5341 = CARTESIAN_POINT('',(1.005402405161,11.733535146489));
#5342 = CARTESIAN_POINT('',(1.021664432493,11.993848285573));
#5343 = CARTESIAN_POINT('',(1.038036071671,12.254123120569));
#5344 = CARTESIAN_POINT('',(1.054523253205,12.514181361228));
#5345 = CARTESIAN_POINT('',(1.07113193866,12.773837456157));
#5346 = CARTESIAN_POINT('',(1.087868120649,13.032898592824));
#5347 = CARTESIAN_POINT('',(1.127755473893,13.643552606304));
#5348 = CARTESIAN_POINT('',(1.151024454458,13.994501726706));
#5349 = CARTESIAN_POINT('',(1.174556983702,14.343451513802));
#5350 = CARTESIAN_POINT('',(1.198365268886,14.689813337694));
#5351 = CARTESIAN_POINT('',(1.22246179938,15.032973832436));
#5352 = CARTESIAN_POINT('',(1.246859640692,15.372298244931));
#5353 = CARTESIAN_POINT('',(1.311769279752,16.251753461231));
#5354 = CARTESIAN_POINT('',(1.352890777384,16.785729422386));
#5355 = CARTESIAN_POINT('',(1.394879472993,17.304468548008));
#5356 = CARTESIAN_POINT('',(1.437691662469,17.803715410581));
#5357 = CARTESIAN_POINT('',(1.481295045589,18.279651551192));
#5358 = CARTESIAN_POINT('',(1.525667365319,18.72897853583));
#5359 = CARTESIAN_POINT('',(1.570796326795,19.148984791138));
#5360 = ( GEOMETRIC_REPRESENTATION_CONTEXT(2) 
PARAMETRIC_REPRESENTATION_CONTEXT() REPRESENTATION_CONTEXT('2D SPACE',''
  ) );
#5361 = ORIENTED_EDGE('',*,*,#5362,.T.);
#5362 = EDGE_CURVE('',#5230,#4937,#5363,.T.);
#5363 = SURFACE_CURVE('',#5364,(#5368,#5374),.PCURVE_S1.);
#5364 = LINE('',#5365,#5366);
#5365 = CARTESIAN_POINT('',(9.014367300172,50.,-42.5003));
#5366 = VECTOR('',#5367,1.);
#5367 = DIRECTION('',(-0.,1.,-0.));
#5368 = PCURVE('',#3866,#5369);
#5369 = DEFINITIONAL_REPRESENTATION('',(#5370),#5373);
#5370 = B_SPLINE_CURVE_WITH_KNOTS('',1,(#5371,#5372),.UNSPECIFIED.,.F.,
  .F.,(2,2),(-100.0000006,6.000000070117E-07),.PIECEWISE_BEZIER_KNOTS.);
#5371 = CARTESIAN_POINT('',(-5.647986225311,-100.0000006));
#5372 = CARTESIAN_POINT('',(-5.647986225311,6.000000070117E-07));
#5373 = ( GEOMETRIC_REPRESENTATION_CONTEXT(2) 
PARAMETRIC_REPRESENTATION_CONTEXT() REPRESENTATION_CONTEXT('2D SPACE',''
  ) );
#5374 = PCURVE('',#4980,#5375);
#5375 = DEFINITIONAL_REPRESENTATION('',(#5376),#5379);
#5376 = B_SPLINE_CURVE_WITH_KNOTS('',1,(#5377,#5378),.UNSPECIFIED.,.F.,
  .F.,(2,2),(-100.0000006,6.000000070117E-07),.PIECEWISE_BEZIER_KNOTS.);
#5377 = CARTESIAN_POINT('',(-322.8310060486,-549.9986636594));
#5378 = CARTESIAN_POINT('',(-322.8310060486,-649.9986648594));
#5379 = ( GEOMETRIC_REPRESENTATION_CONTEXT(2) 
PARAMETRIC_REPRESENTATION_CONTEXT() REPRESENTATION_CONTEXT('2D SPACE',''
  ) );
#5380 = ADVANCED_FACE('',(#5381),#3839,.T.);
#5381 = FACE_BOUND('',#5382,.T.);
#5382 = EDGE_LOOP('',(#5383,#5384,#5407,#5428,#5429));
#5383 = ORIENTED_EDGE('',*,*,#4910,.F.);
#5384 = ORIENTED_EDGE('',*,*,#5385,.T.);
#5385 = EDGE_CURVE('',#4883,#5386,#5388,.T.);
#5386 = VERTEX_POINT('',#5387);
#5387 = CARTESIAN_POINT('',(354.6504,-50.,-42.5003));
#5388 = SURFACE_CURVE('',#5389,(#5393,#5400),.PCURVE_S1.);
#5389 = LINE('',#5390,#5391);
#5390 = CARTESIAN_POINT('',(354.6504,-50.,-67.5003));
#5391 = VECTOR('',#5392,1.);
#5392 = DIRECTION('',(-0.,-0.,1.));
#5393 = PCURVE('',#3839,#5394);
#5394 = DEFINITIONAL_REPRESENTATION('',(#5395),#5399);
#5395 = LINE('',#5396,#5397);
#5396 = CARTESIAN_POINT('',(0.,0.));
#5397 = VECTOR('',#5398,1.);
#5398 = DIRECTION('',(0.,-1.));
#5399 = ( GEOMETRIC_REPRESENTATION_CONTEXT(2) 
PARAMETRIC_REPRESENTATION_CONTEXT() REPRESENTATION_CONTEXT('2D SPACE',''
  ) );
#5400 = PCURVE('',#4898,#5401);
#5401 = DEFINITIONAL_REPRESENTATION('',(#5402),#5406);
#5402 = LINE('',#5403,#5404);
#5403 = CARTESIAN_POINT('',(5.24153516825,0.));
#5404 = VECTOR('',#5405,1.);
#5405 = DIRECTION('',(0.,-1.));
#5406 = ( GEOMETRIC_REPRESENTATION_CONTEXT(2) 
PARAMETRIC_REPRESENTATION_CONTEXT() REPRESENTATION_CONTEXT('2D SPACE',''
  ) );
#5407 = ORIENTED_EDGE('',*,*,#5408,.T.);
#5408 = EDGE_CURVE('',#5386,#5019,#5409,.T.);
#5409 = SURFACE_CURVE('',#5410,(#5414,#5421),.PCURVE_S1.);
#5410 = LINE('',#5411,#5412);
#5411 = CARTESIAN_POINT('',(354.6504,-50.,-42.5003));
#5412 = VECTOR('',#5413,1.);
#5413 = DIRECTION('',(-1.,0.,0.));
#5414 = PCURVE('',#3839,#5415);
#5415 = DEFINITIONAL_REPRESENTATION('',(#5416),#5420);
#5416 = LINE('',#5417,#5418);
#5417 = CARTESIAN_POINT('',(0.,-25.));
#5418 = VECTOR('',#5419,1.);
#5419 = DIRECTION('',(1.,0.));
#5420 = ( GEOMETRIC_REPRESENTATION_CONTEXT(2) 
PARAMETRIC_REPRESENTATION_CONTEXT() REPRESENTATION_CONTEXT('2D SPACE',''
  ) );
#5421 = PCURVE('',#5057,#5422);
#5422 = DEFINITIONAL_REPRESENTATION('',(#5423),#5427);
#5423 = LINE('',#5424,#5425);
#5424 = CARTESIAN_POINT('',(22.805026651133,-549.9986642594));
#5425 = VECTOR('',#5426,1.);
#5426 = DIRECTION('',(-1.,0.));
#5427 = ( GEOMETRIC_REPRESENTATION_CONTEXT(2) 
PARAMETRIC_REPRESENTATION_CONTEXT() REPRESENTATION_CONTEXT('2D SPACE',''
  ) );
#5428 = ORIENTED_EDGE('',*,*,#5018,.F.);
#5429 = ORIENTED_EDGE('',*,*,#3823,.F.);
#5430 = ADVANCED_FACE('',(#5431),#3946,.T.);
#5431 = FACE_BOUND('',#5432,.T.);
#5432 = EDGE_LOOP('',(#5433,#5434,#5457,#5478));
#5433 = ORIENTED_EDGE('',*,*,#4992,.T.);
#5434 = ORIENTED_EDGE('',*,*,#5435,.T.);
#5435 = EDGE_CURVE('',#4965,#5436,#5438,.T.);
#5436 = VERTEX_POINT('',#5437);
#5437 = CARTESIAN_POINT('',(500.4707,-1.25E+03,-42.5003));
#5438 = SURFACE_CURVE('',#5439,(#5443,#5450),.PCURVE_S1.);
#5439 = LINE('',#5440,#5441);
#5440 = CARTESIAN_POINT('',(500.4707,50.,-42.5003));
#5441 = VECTOR('',#5442,1.);
#5442 = DIRECTION('',(0.,-1.,0.));
#5443 = PCURVE('',#3946,#5444);
#5444 = DEFINITIONAL_REPRESENTATION('',(#5445),#5449);
#5445 = LINE('',#5446,#5447);
#5446 = CARTESIAN_POINT('',(0.,-25.));
#5447 = VECTOR('',#5448,1.);
#5448 = DIRECTION('',(1.,0.));
#5449 = ( GEOMETRIC_REPRESENTATION_CONTEXT(2) 
PARAMETRIC_REPRESENTATION_CONTEXT() REPRESENTATION_CONTEXT('2D SPACE',''
  ) );
#5450 = PCURVE('',#4980,#5451);
#5451 = DEFINITIONAL_REPRESENTATION('',(#5452),#5456);
#5452 = LINE('',#5453,#5454);
#5453 = CARTESIAN_POINT('',(168.62532665113,-649.9986642594));
#5454 = VECTOR('',#5455,1.);
#5455 = DIRECTION('',(0.,1.));
#5456 = ( GEOMETRIC_REPRESENTATION_CONTEXT(2) 
PARAMETRIC_REPRESENTATION_CONTEXT() REPRESENTATION_CONTEXT('2D SPACE',''
  ) );
#5457 = ORIENTED_EDGE('',*,*,#5458,.F.);
#5458 = EDGE_CURVE('',#3931,#5436,#5459,.T.);
#5459 = SURFACE_CURVE('',#5460,(#5464,#5471),.PCURVE_S1.);
#5460 = LINE('',#5461,#5462);
#5461 = CARTESIAN_POINT('',(500.4707,-1.25E+03,-67.5003));
#5462 = VECTOR('',#5463,1.);
#5463 = DIRECTION('',(-0.,-0.,1.));
#5464 = PCURVE('',#3946,#5465);
#5465 = DEFINITIONAL_REPRESENTATION('',(#5466),#5470);
#5466 = LINE('',#5467,#5468);
#5467 = CARTESIAN_POINT('',(1.3E+03,0.));
#5468 = VECTOR('',#5469,1.);
#5469 = DIRECTION('',(0.,-1.));
#5470 = ( GEOMETRIC_REPRESENTATION_CONTEXT(2) 
PARAMETRIC_REPRESENTATION_CONTEXT() REPRESENTATION_CONTEXT('2D SPACE',''
  ) );
#5471 = PCURVE('',#3974,#5472);
#5472 = DEFINITIONAL_REPRESENTATION('',(#5473),#5477);
#5473 = LINE('',#5474,#5475);
#5474 = CARTESIAN_POINT('',(0.,0.));
#5475 = VECTOR('',#5476,1.);
#5476 = DIRECTION('',(0.,-1.));
#5477 = ( GEOMETRIC_REPRESENTATION_CONTEXT(2) 
PARAMETRIC_REPRESENTATION_CONTEXT() REPRESENTATION_CONTEXT('2D SPACE',''
  ) );
#5478 = ORIENTED_EDGE('',*,*,#3930,.F.);
#5479 = ADVANCED_FACE('',(#5480),#3974,.T.);
#5480 = FACE_BOUND('',#5481,.T.);
#5481 = EDGE_LOOP('',(#5482,#5483,#5484,#5507,#5536));
#5482 = ORIENTED_EDGE('',*,*,#3958,.F.);
#5483 = ORIENTED_EDGE('',*,*,#5458,.T.);
#5484 = ORIENTED_EDGE('',*,*,#5485,.T.);
#5485 = EDGE_CURVE('',#5436,#5486,#5488,.T.);
#5486 = VERTEX_POINT('',#5487);
#5487 = CARTESIAN_POINT('',(9.014367300172,-1.25E+03,-42.5003));
#5488 = SURFACE_CURVE('',#5489,(#5493,#5500),.PCURVE_S1.);
#5489 = LINE('',#5490,#5491);
#5490 = CARTESIAN_POINT('',(500.4707,-1.25E+03,-42.5003));
#5491 = VECTOR('',#5492,1.);
#5492 = DIRECTION('',(-1.,0.,0.));
#5493 = PCURVE('',#3974,#5494);
#5494 = DEFINITIONAL_REPRESENTATION('',(#5495),#5499);
#5495 = LINE('',#5496,#5497);
#5496 = CARTESIAN_POINT('',(0.,-25.));
#5497 = VECTOR('',#5498,1.);
#5498 = DIRECTION('',(1.,0.));
#5499 = ( GEOMETRIC_REPRESENTATION_CONTEXT(2) 
PARAMETRIC_REPRESENTATION_CONTEXT() REPRESENTATION_CONTEXT('2D SPACE',''
  ) );
#5500 = PCURVE('',#4980,#5501);
#5501 = DEFINITIONAL_REPRESENTATION('',(#5502),#5506);
#5502 = LINE('',#5503,#5504);
#5503 = CARTESIAN_POINT('',(168.62532665113,650.00133574059));
#5504 = VECTOR('',#5505,1.);
#5505 = DIRECTION('',(-1.,0.));
#5506 = ( GEOMETRIC_REPRESENTATION_CONTEXT(2) 
PARAMETRIC_REPRESENTATION_CONTEXT() REPRESENTATION_CONTEXT('2D SPACE',''
  ) );
#5507 = ORIENTED_EDGE('',*,*,#5508,.F.);
#5508 = EDGE_CURVE('',#5509,#5486,#5511,.T.);
#5509 = VERTEX_POINT('',#5510);
#5510 = CARTESIAN_POINT('',(-27.1465,-1.25E+03,-67.45749108949));
#5511 = SURFACE_CURVE('',#5512,(#5517,#5524),.PCURVE_S1.);
#5512 = CIRCLE('',#5513,67.5);
#5513 = AXIS2_PLACEMENT_3D('',#5514,#5515,#5516);
#5514 = CARTESIAN_POINT('',(-45.32,-1.25E+03,-2.45));
#5515 = DIRECTION('',(0.,-1.,0.));
#5516 = DIRECTION('',(1.,0.,0.));
#5517 = PCURVE('',#3974,#5518);
#5518 = DEFINITIONAL_REPRESENTATION('',(#5519),#5523);
#5519 = CIRCLE('',#5520,67.5);
#5520 = AXIS2_PLACEMENT_2D('',#5521,#5522);
#5521 = CARTESIAN_POINT('',(545.7907,-65.0503));
#5522 = DIRECTION('',(-1.,0.));
#5523 = ( GEOMETRIC_REPRESENTATION_CONTEXT(2) 
PARAMETRIC_REPRESENTATION_CONTEXT() REPRESENTATION_CONTEXT('2D SPACE',''
  ) );
#5524 = PCURVE('',#5525,#5530);
#5525 = CYLINDRICAL_SURFACE('',#5526,67.5);
#5526 = AXIS2_PLACEMENT_3D('',#5527,#5528,#5529);
#5527 = CARTESIAN_POINT('',(-45.32,-1.25E+03,-2.45));
#5528 = DIRECTION('',(-0.,-1.,-0.));
#5529 = DIRECTION('',(1.,-0.,-0.));
#5530 = DEFINITIONAL_REPRESENTATION('',(#5531),#5535);
#5531 = LINE('',#5532,#5533);
#5532 = CARTESIAN_POINT('',(0.,0.));
#5533 = VECTOR('',#5534,1.);
#5534 = DIRECTION('',(1.,0.));
#5535 = ( GEOMETRIC_REPRESENTATION_CONTEXT(2) 
PARAMETRIC_REPRESENTATION_CONTEXT() REPRESENTATION_CONTEXT('2D SPACE',''
  ) );
#5536 = ORIENTED_EDGE('',*,*,#5537,.F.);
#5537 = EDGE_CURVE('',#3959,#5509,#5538,.T.);
#5538 = SURFACE_CURVE('',#5539,(#5543,#5550),.PCURVE_S1.);
#5539 = LINE('',#5540,#5541);
#5540 = CARTESIAN_POINT('',(-27.1465,-1.25E+03,-67.5003));
#5541 = VECTOR('',#5542,1.);
#5542 = DIRECTION('',(-0.,-0.,1.));
#5543 = PCURVE('',#3974,#5544);
#5544 = DEFINITIONAL_REPRESENTATION('',(#5545),#5549);
#5545 = LINE('',#5546,#5547);
#5546 = CARTESIAN_POINT('',(527.6172,0.));
#5547 = VECTOR('',#5548,1.);
#5548 = DIRECTION('',(0.,-1.));
#5549 = ( GEOMETRIC_REPRESENTATION_CONTEXT(2) 
PARAMETRIC_REPRESENTATION_CONTEXT() REPRESENTATION_CONTEXT('2D SPACE',''
  ) );
#5550 = PCURVE('',#4002,#5551);
#5551 = DEFINITIONAL_REPRESENTATION('',(#5552),#5556);
#5552 = LINE('',#5553,#5554);
#5553 = CARTESIAN_POINT('',(0.,0.));
#5554 = VECTOR('',#5555,1.);
#5555 = DIRECTION('',(0.,-1.));
#5556 = ( GEOMETRIC_REPRESENTATION_CONTEXT(2) 
PARAMETRIC_REPRESENTATION_CONTEXT() REPRESENTATION_CONTEXT('2D SPACE',''
  ) );
#5557 = ADVANCED_FACE('',(#5558),#4002,.T.);
#5558 = FACE_BOUND('',#5559,.T.);
#5559 = EDGE_LOOP('',(#5560,#5561,#5562,#5583));
#5560 = ORIENTED_EDGE('',*,*,#3986,.F.);
#5561 = ORIENTED_EDGE('',*,*,#5537,.T.);
#5562 = ORIENTED_EDGE('',*,*,#5563,.F.);
#5563 = EDGE_CURVE('',#5564,#5509,#5566,.T.);
#5564 = VERTEX_POINT('',#5565);
#5565 = CARTESIAN_POINT('',(-27.1465,-1.15E+03,-67.45749108949));
#5566 = SURFACE_CURVE('',#5567,(#5571,#5577),.PCURVE_S1.);
#5567 = LINE('',#5568,#5569);
#5568 = CARTESIAN_POINT('',(-27.1465,-1.25E+03,-67.45749108948));
#5569 = VECTOR('',#5570,1.);
#5570 = DIRECTION('',(-0.,-1.,-0.));
#5571 = PCURVE('',#4002,#5572);
#5572 = DEFINITIONAL_REPRESENTATION('',(#5573),#5576);
#5573 = B_SPLINE_CURVE_WITH_KNOTS('',1,(#5574,#5575),.UNSPECIFIED.,.F.,
  .F.,(2,2),(-100.0000006,6.000000212225E-07),.PIECEWISE_BEZIER_KNOTS.);
#5574 = CARTESIAN_POINT('',(100.0000006,-4.280891051094E-02));
#5575 = CARTESIAN_POINT('',(-6.000000212225E-07,-4.280891051094E-02));
#5576 = ( GEOMETRIC_REPRESENTATION_CONTEXT(2) 
PARAMETRIC_REPRESENTATION_CONTEXT() REPRESENTATION_CONTEXT('2D SPACE',''
  ) );
#5577 = PCURVE('',#5525,#5578);
#5578 = DEFINITIONAL_REPRESENTATION('',(#5579),#5582);
#5579 = B_SPLINE_CURVE_WITH_KNOTS('',1,(#5580,#5581),.UNSPECIFIED.,.F.,
  .F.,(2,2),(-100.0000006,6.000000212225E-07),.PIECEWISE_BEZIER_KNOTS.);
#5580 = CARTESIAN_POINT('',(4.984989707632,-100.0000006));
#5581 = CARTESIAN_POINT('',(4.984989707632,6.000000212225E-07));
#5582 = ( GEOMETRIC_REPRESENTATION_CONTEXT(2) 
PARAMETRIC_REPRESENTATION_CONTEXT() REPRESENTATION_CONTEXT('2D SPACE',''
  ) );
#5583 = ORIENTED_EDGE('',*,*,#5584,.F.);
#5584 = EDGE_CURVE('',#3987,#5564,#5585,.T.);
#5585 = SURFACE_CURVE('',#5586,(#5590,#5597),.PCURVE_S1.);
#5586 = LINE('',#5587,#5588);
#5587 = CARTESIAN_POINT('',(-27.1465,-1.15E+03,-67.5003));
#5588 = VECTOR('',#5589,1.);
#5589 = DIRECTION('',(-0.,-0.,1.));
#5590 = PCURVE('',#4002,#5591);
#5591 = DEFINITIONAL_REPRESENTATION('',(#5592),#5596);
#5592 = LINE('',#5593,#5594);
#5593 = CARTESIAN_POINT('',(100.,0.));
#5594 = VECTOR('',#5595,1.);
#5595 = DIRECTION('',(0.,-1.));
#5596 = ( GEOMETRIC_REPRESENTATION_CONTEXT(2) 
PARAMETRIC_REPRESENTATION_CONTEXT() REPRESENTATION_CONTEXT('2D SPACE',''
  ) );
#5597 = PCURVE('',#4030,#5598);
#5598 = DEFINITIONAL_REPRESENTATION('',(#5599),#5603);
#5599 = LINE('',#5600,#5601);
#5600 = CARTESIAN_POINT('',(0.,0.));
#5601 = VECTOR('',#5602,1.);
#5602 = DIRECTION('',(0.,-1.));
#5603 = ( GEOMETRIC_REPRESENTATION_CONTEXT(2) 
PARAMETRIC_REPRESENTATION_CONTEXT() REPRESENTATION_CONTEXT('2D SPACE',''
  ) );
#5604 = ADVANCED_FACE('',(#5605),#4030,.T.);
#5605 = FACE_BOUND('',#5606,.T.);
#5606 = EDGE_LOOP('',(#5607,#5608,#5609,#5637,#5660));
#5607 = ORIENTED_EDGE('',*,*,#4014,.F.);
#5608 = ORIENTED_EDGE('',*,*,#5584,.T.);
#5609 = ORIENTED_EDGE('',*,*,#5610,.T.);
#5610 = EDGE_CURVE('',#5564,#5611,#5613,.T.);
#5611 = VERTEX_POINT('',#5612);
#5612 = CARTESIAN_POINT('',(9.014367300172,-1.15E+03,-42.5003));
#5613 = SURFACE_CURVE('',#5614,(#5619,#5630),.PCURVE_S1.);
#5614 = CIRCLE('',#5615,67.5);
#5615 = AXIS2_PLACEMENT_3D('',#5616,#5617,#5618);
#5616 = CARTESIAN_POINT('',(-45.32,-1.15E+03,-2.45));
#5617 = DIRECTION('',(0.,-1.,0.));
#5618 = DIRECTION('',(1.,0.,0.));
#5619 = PCURVE('',#4030,#5620);
#5620 = DEFINITIONAL_REPRESENTATION('',(#5621),#5629);
#5621 = ( BOUNDED_CURVE() B_SPLINE_CURVE(2,(#5622,#5623,#5624,#5625,
#5626,#5627,#5628),.UNSPECIFIED.,.T.,.F.) B_SPLINE_CURVE_WITH_KNOTS((1,2
    ,2,2,2,1),(-2.094395102393,0.,2.094395102393,4.188790204786,
6.28318530718,8.377580409573),.UNSPECIFIED.) CURVE() 
GEOMETRIC_REPRESENTATION_ITEM() RATIONAL_B_SPLINE_CURVE((1.,0.5,1.,0.5,
1.,0.5,1.)) REPRESENTATION_ITEM('') );
#5622 = CARTESIAN_POINT('',(49.3265,-65.0503));
#5623 = CARTESIAN_POINT('',(49.3265,-181.9637295108));
#5624 = CARTESIAN_POINT('',(-51.9235,-123.5070147554));
#5625 = CARTESIAN_POINT('',(-153.1735,-65.0503));
#5626 = CARTESIAN_POINT('',(-51.9235,-6.59358524455));
#5627 = CARTESIAN_POINT('',(49.3265,51.863129510899));
#5628 = CARTESIAN_POINT('',(49.3265,-65.0503));
#5629 = ( GEOMETRIC_REPRESENTATION_CONTEXT(2) 
PARAMETRIC_REPRESENTATION_CONTEXT() REPRESENTATION_CONTEXT('2D SPACE',''
  ) );
#5630 = PCURVE('',#5525,#5631);
#5631 = DEFINITIONAL_REPRESENTATION('',(#5632),#5636);
#5632 = LINE('',#5633,#5634);
#5633 = CARTESIAN_POINT('',(0.,-100.));
#5634 = VECTOR('',#5635,1.);
#5635 = DIRECTION('',(1.,0.));
#5636 = ( GEOMETRIC_REPRESENTATION_CONTEXT(2) 
PARAMETRIC_REPRESENTATION_CONTEXT() REPRESENTATION_CONTEXT('2D SPACE',''
  ) );
#5637 = ORIENTED_EDGE('',*,*,#5638,.T.);
#5638 = EDGE_CURVE('',#5611,#5639,#5641,.T.);
#5639 = VERTEX_POINT('',#5640);
#5640 = CARTESIAN_POINT('',(354.6504,-1.15E+03,-42.5003));
#5641 = SURFACE_CURVE('',#5642,(#5646,#5653),.PCURVE_S1.);
#5642 = LINE('',#5643,#5644);
#5643 = CARTESIAN_POINT('',(-27.1465,-1.15E+03,-42.5003));
#5644 = VECTOR('',#5645,1.);
#5645 = DIRECTION('',(1.,0.,0.));
#5646 = PCURVE('',#4030,#5647);
#5647 = DEFINITIONAL_REPRESENTATION('',(#5648),#5652);
#5648 = LINE('',#5649,#5650);
#5649 = CARTESIAN_POINT('',(0.,-25.));
#5650 = VECTOR('',#5651,1.);
#5651 = DIRECTION('',(1.,0.));
#5652 = ( GEOMETRIC_REPRESENTATION_CONTEXT(2) 
PARAMETRIC_REPRESENTATION_CONTEXT() REPRESENTATION_CONTEXT('2D SPACE',''
  ) );
#5653 = PCURVE('',#5057,#5654);
#5654 = DEFINITIONAL_REPRESENTATION('',(#5655),#5659);
#5655 = LINE('',#5656,#5657);
#5656 = CARTESIAN_POINT('',(-358.9918733488,550.00133574059));
#5657 = VECTOR('',#5658,1.);
#5658 = DIRECTION('',(1.,0.));
#5659 = ( GEOMETRIC_REPRESENTATION_CONTEXT(2) 
PARAMETRIC_REPRESENTATION_CONTEXT() REPRESENTATION_CONTEXT('2D SPACE',''
  ) );
#5660 = ORIENTED_EDGE('',*,*,#5661,.F.);
#5661 = EDGE_CURVE('',#4015,#5639,#5662,.T.);
#5662 = SURFACE_CURVE('',#5663,(#5667,#5674),.PCURVE_S1.);
#5663 = LINE('',#5664,#5665);
#5664 = CARTESIAN_POINT('',(354.6504,-1.15E+03,-67.5003));
#5665 = VECTOR('',#5666,1.);
#5666 = DIRECTION('',(-0.,-0.,1.));
#5667 = PCURVE('',#4030,#5668);
#5668 = DEFINITIONAL_REPRESENTATION('',(#5669),#5673);
#5669 = LINE('',#5670,#5671);
#5670 = CARTESIAN_POINT('',(381.7969,0.));
#5671 = VECTOR('',#5672,1.);
#5672 = DIRECTION('',(0.,-1.));
#5673 = ( GEOMETRIC_REPRESENTATION_CONTEXT(2) 
PARAMETRIC_REPRESENTATION_CONTEXT() REPRESENTATION_CONTEXT('2D SPACE',''
  ) );
#5674 = PCURVE('',#4058,#5675);
#5675 = DEFINITIONAL_REPRESENTATION('',(#5676),#5680);
#5676 = LINE('',#5677,#5678);
#5677 = CARTESIAN_POINT('',(0.,0.));
#5678 = VECTOR('',#5679,1.);
#5679 = DIRECTION('',(0.,-1.));
#5680 = ( GEOMETRIC_REPRESENTATION_CONTEXT(2) 
PARAMETRIC_REPRESENTATION_CONTEXT() REPRESENTATION_CONTEXT('2D SPACE',''
  ) );
#5681 = ADVANCED_FACE('',(#5682),#4058,.T.);
#5682 = FACE_BOUND('',#5683,.T.);
#5683 = EDGE_LOOP('',(#5684,#5685,#5708,#5729));
#5684 = ORIENTED_EDGE('',*,*,#5661,.T.);
#5685 = ORIENTED_EDGE('',*,*,#5686,.T.);
#5686 = EDGE_CURVE('',#5639,#5687,#5689,.T.);
#5687 = VERTEX_POINT('',#5688);
#5688 = CARTESIAN_POINT('',(359.8848,-1.1497266E+03,-42.5003));
#5689 = SURFACE_CURVE('',#5690,(#5694,#5701),.PCURVE_S1.);
#5690 = LINE('',#5691,#5692);
#5691 = CARTESIAN_POINT('',(354.6504,-1.15E+03,-42.5003));
#5692 = VECTOR('',#5693,1.);
#5693 = DIRECTION('',(0.998638725484,5.216029106437E-02,0.));
#5694 = PCURVE('',#4058,#5695);
#5695 = DEFINITIONAL_REPRESENTATION('',(#5696),#5700);
#5696 = LINE('',#5697,#5698);
#5697 = CARTESIAN_POINT('',(0.,-25.));
#5698 = VECTOR('',#5699,1.);
#5699 = DIRECTION('',(1.,0.));
#5700 = ( GEOMETRIC_REPRESENTATION_CONTEXT(2) 
PARAMETRIC_REPRESENTATION_CONTEXT() REPRESENTATION_CONTEXT('2D SPACE',''
  ) );
#5701 = PCURVE('',#5057,#5702);
#5702 = DEFINITIONAL_REPRESENTATION('',(#5703),#5707);
#5703 = LINE('',#5704,#5705);
#5704 = CARTESIAN_POINT('',(22.805026651133,550.00133574059));
#5705 = VECTOR('',#5706,1.);
#5706 = DIRECTION('',(0.998638725484,-5.216029106437E-02));
#5707 = ( GEOMETRIC_REPRESENTATION_CONTEXT(2) 
PARAMETRIC_REPRESENTATION_CONTEXT() REPRESENTATION_CONTEXT('2D SPACE',''
  ) );
#5708 = ORIENTED_EDGE('',*,*,#5709,.F.);
#5709 = EDGE_CURVE('',#4043,#5687,#5710,.T.);
#5710 = SURFACE_CURVE('',#5711,(#5715,#5722),.PCURVE_S1.);
#5711 = LINE('',#5712,#5713);
#5712 = CARTESIAN_POINT('',(359.8848,-1.1497266E+03,-67.5003));
#5713 = VECTOR('',#5714,1.);
#5714 = DIRECTION('',(-0.,-0.,1.));
#5715 = PCURVE('',#4058,#5716);
#5716 = DEFINITIONAL_REPRESENTATION('',(#5717),#5721);
#5717 = LINE('',#5718,#5719);
#5718 = CARTESIAN_POINT('',(5.24153516825,0.));
#5719 = VECTOR('',#5720,1.);
#5720 = DIRECTION('',(0.,-1.));
#5721 = ( GEOMETRIC_REPRESENTATION_CONTEXT(2) 
PARAMETRIC_REPRESENTATION_CONTEXT() REPRESENTATION_CONTEXT('2D SPACE',''
  ) );
#5722 = PCURVE('',#4086,#5723);
#5723 = DEFINITIONAL_REPRESENTATION('',(#5724),#5728);
#5724 = LINE('',#5725,#5726);
#5725 = CARTESIAN_POINT('',(0.,0.));
#5726 = VECTOR('',#5727,1.);
#5727 = DIRECTION('',(0.,-1.));
#5728 = ( GEOMETRIC_REPRESENTATION_CONTEXT(2) 
PARAMETRIC_REPRESENTATION_CONTEXT() REPRESENTATION_CONTEXT('2D SPACE',''
  ) );
#5729 = ORIENTED_EDGE('',*,*,#4042,.F.);
#5730 = ADVANCED_FACE('',(#5731),#4086,.T.);
#5731 = FACE_BOUND('',#5732,.T.);
#5732 = EDGE_LOOP('',(#5733,#5734,#5757,#5778));
#5733 = ORIENTED_EDGE('',*,*,#5709,.T.);
#5734 = ORIENTED_EDGE('',*,*,#5735,.T.);
#5735 = EDGE_CURVE('',#5687,#5736,#5738,.T.);
#5736 = VERTEX_POINT('',#5737);
#5737 = CARTESIAN_POINT('',(365.041,-1.1489063E+03,-42.5003));
#5738 = SURFACE_CURVE('',#5739,(#5743,#5750),.PCURVE_S1.);
#5739 = LINE('',#5740,#5741);
#5740 = CARTESIAN_POINT('',(359.8848,-1.1497266E+03,-42.5003));
#5741 = VECTOR('',#5742,1.);
#5742 = DIRECTION('',(0.987580441421,0.157114199623,0.));
#5743 = PCURVE('',#4086,#5744);
#5744 = DEFINITIONAL_REPRESENTATION('',(#5745),#5749);
#5745 = LINE('',#5746,#5747);
#5746 = CARTESIAN_POINT('',(0.,-25.));
#5747 = VECTOR('',#5748,1.);
#5748 = DIRECTION('',(1.,0.));
#5749 = ( GEOMETRIC_REPRESENTATION_CONTEXT(2) 
PARAMETRIC_REPRESENTATION_CONTEXT() REPRESENTATION_CONTEXT('2D SPACE',''
  ) );
#5750 = PCURVE('',#5057,#5751);
#5751 = DEFINITIONAL_REPRESENTATION('',(#5752),#5756);
#5752 = LINE('',#5753,#5754);
#5753 = CARTESIAN_POINT('',(28.039426651133,549.72793574059));
#5754 = VECTOR('',#5755,1.);
#5755 = DIRECTION('',(0.987580441421,-0.157114199623));
#5756 = ( GEOMETRIC_REPRESENTATION_CONTEXT(2) 
PARAMETRIC_REPRESENTATION_CONTEXT() REPRESENTATION_CONTEXT('2D SPACE',''
  ) );
#5757 = ORIENTED_EDGE('',*,*,#5758,.F.);
#5758 = EDGE_CURVE('',#4071,#5736,#5759,.T.);
#5759 = SURFACE_CURVE('',#5760,(#5764,#5771),.PCURVE_S1.);
#5760 = LINE('',#5761,#5762);
#5761 = CARTESIAN_POINT('',(365.041,-1.1489063E+03,-67.5003));
#5762 = VECTOR('',#5763,1.);
#5763 = DIRECTION('',(-0.,-0.,1.));
#5764 = PCURVE('',#4086,#5765);
#5765 = DEFINITIONAL_REPRESENTATION('',(#5766),#5770);
#5766 = LINE('',#5767,#5768);
#5767 = CARTESIAN_POINT('',(5.221043050004,0.));
#5768 = VECTOR('',#5769,1.);
#5769 = DIRECTION('',(0.,-1.));
#5770 = ( GEOMETRIC_REPRESENTATION_CONTEXT(2) 
PARAMETRIC_REPRESENTATION_CONTEXT() REPRESENTATION_CONTEXT('2D SPACE',''
  ) );
#5771 = PCURVE('',#4114,#5772);
#5772 = DEFINITIONAL_REPRESENTATION('',(#5773),#5777);
#5773 = LINE('',#5774,#5775);
#5774 = CARTESIAN_POINT('',(0.,0.));
#5775 = VECTOR('',#5776,1.);
#5776 = DIRECTION('',(0.,-1.));
#5777 = ( GEOMETRIC_REPRESENTATION_CONTEXT(2) 
PARAMETRIC_REPRESENTATION_CONTEXT() REPRESENTATION_CONTEXT('2D SPACE',''
  ) );
#5778 = ORIENTED_EDGE('',*,*,#4070,.F.);
#5779 = ADVANCED_FACE('',(#5780),#4114,.T.);
#5780 = FACE_BOUND('',#5781,.T.);
#5781 = EDGE_LOOP('',(#5782,#5783,#5806,#5827));
#5782 = ORIENTED_EDGE('',*,*,#5758,.T.);
#5783 = ORIENTED_EDGE('',*,*,#5784,.T.);
#5784 = EDGE_CURVE('',#5736,#5785,#5787,.T.);
#5785 = VERTEX_POINT('',#5786);
#5786 = CARTESIAN_POINT('',(370.1191,-1.1475391E+03,-42.5003));
#5787 = SURFACE_CURVE('',#5788,(#5792,#5799),.PCURVE_S1.);
#5788 = LINE('',#5789,#5790);
#5789 = CARTESIAN_POINT('',(365.041,-1.1489063E+03,-42.5003));
#5790 = VECTOR('',#5791,1.);
#5791 = DIRECTION('',(0.965614840536,0.259976883082,0.));
#5792 = PCURVE('',#4114,#5793);
#5793 = DEFINITIONAL_REPRESENTATION('',(#5794),#5798);
#5794 = LINE('',#5795,#5796);
#5795 = CARTESIAN_POINT('',(0.,-25.));
#5796 = VECTOR('',#5797,1.);
#5797 = DIRECTION('',(1.,0.));
#5798 = ( GEOMETRIC_REPRESENTATION_CONTEXT(2) 
PARAMETRIC_REPRESENTATION_CONTEXT() REPRESENTATION_CONTEXT('2D SPACE',''
  ) );
#5799 = PCURVE('',#5057,#5800);
#5800 = DEFINITIONAL_REPRESENTATION('',(#5801),#5805);
#5801 = LINE('',#5802,#5803);
#5802 = CARTESIAN_POINT('',(33.195626651133,548.90763574059));
#5803 = VECTOR('',#5804,1.);
#5804 = DIRECTION('',(0.965614840536,-0.259976883082));
#5805 = ( GEOMETRIC_REPRESENTATION_CONTEXT(2) 
PARAMETRIC_REPRESENTATION_CONTEXT() REPRESENTATION_CONTEXT('2D SPACE',''
  ) );
#5806 = ORIENTED_EDGE('',*,*,#5807,.F.);
#5807 = EDGE_CURVE('',#4099,#5785,#5808,.T.);
#5808 = SURFACE_CURVE('',#5809,(#5813,#5820),.PCURVE_S1.);
#5809 = LINE('',#5810,#5811);
#5810 = CARTESIAN_POINT('',(370.1191,-1.1475391E+03,-67.5003));
#5811 = VECTOR('',#5812,1.);
#5812 = DIRECTION('',(-0.,-0.,1.));
#5813 = PCURVE('',#4114,#5814);
#5814 = DEFINITIONAL_REPRESENTATION('',(#5815),#5819);
#5815 = LINE('',#5816,#5817);
#5816 = CARTESIAN_POINT('',(5.258929116275,0.));
#5817 = VECTOR('',#5818,1.);
#5818 = DIRECTION('',(0.,-1.));
#5819 = ( GEOMETRIC_REPRESENTATION_CONTEXT(2) 
PARAMETRIC_REPRESENTATION_CONTEXT() REPRESENTATION_CONTEXT('2D SPACE',''
  ) );
#5820 = PCURVE('',#4142,#5821);
#5821 = DEFINITIONAL_REPRESENTATION('',(#5822),#5826);
#5822 = LINE('',#5823,#5824);
#5823 = CARTESIAN_POINT('',(0.,0.));
#5824 = VECTOR('',#5825,1.);
#5825 = DIRECTION('',(0.,-1.));
#5826 = ( GEOMETRIC_REPRESENTATION_CONTEXT(2) 
PARAMETRIC_REPRESENTATION_CONTEXT() REPRESENTATION_CONTEXT('2D SPACE',''
  ) );
#5827 = ORIENTED_EDGE('',*,*,#4098,.F.);
#5828 = ADVANCED_FACE('',(#5829),#4142,.T.);
#5829 = FACE_BOUND('',#5830,.T.);
#5830 = EDGE_LOOP('',(#5831,#5832,#5855,#5876));
#5831 = ORIENTED_EDGE('',*,*,#5807,.T.);
#5832 = ORIENTED_EDGE('',*,*,#5833,.T.);
#5833 = EDGE_CURVE('',#5785,#5834,#5836,.T.);
#5834 = VERTEX_POINT('',#5835);
#5835 = CARTESIAN_POINT('',(375.0019,-1.1456641E+03,-42.5003));
#5836 = SURFACE_CURVE('',#5837,(#5841,#5848),.PCURVE_S1.);
#5837 = LINE('',#5838,#5839);
#5838 = CARTESIAN_POINT('',(370.1191,-1.1475391E+03,-42.5003));
#5839 = VECTOR('',#5840,1.);
#5840 = DIRECTION('',(0.933537646972,0.358479374144,0.));
#5841 = PCURVE('',#4142,#5842);
#5842 = DEFINITIONAL_REPRESENTATION('',(#5843),#5847);
#5843 = LINE('',#5844,#5845);
#5844 = CARTESIAN_POINT('',(0.,-25.));
#5845 = VECTOR('',#5846,1.);
#5846 = DIRECTION('',(1.,0.));
#5847 = ( GEOMETRIC_REPRESENTATION_CONTEXT(2) 
PARAMETRIC_REPRESENTATION_CONTEXT() REPRESENTATION_CONTEXT('2D SPACE',''
  ) );
#5848 = PCURVE('',#5057,#5849);
#5849 = DEFINITIONAL_REPRESENTATION('',(#5850),#5854);
#5850 = LINE('',#5851,#5852);
#5851 = CARTESIAN_POINT('',(38.273726651133,547.54043574059));
#5852 = VECTOR('',#5853,1.);
#5853 = DIRECTION('',(0.933537646972,-0.358479374144));
#5854 = ( GEOMETRIC_REPRESENTATION_CONTEXT(2) 
PARAMETRIC_REPRESENTATION_CONTEXT() REPRESENTATION_CONTEXT('2D SPACE',''
  ) );
#5855 = ORIENTED_EDGE('',*,*,#5856,.F.);
#5856 = EDGE_CURVE('',#4127,#5834,#5857,.T.);
#5857 = SURFACE_CURVE('',#5858,(#5862,#5869),.PCURVE_S1.);
#5858 = LINE('',#5859,#5860);
#5859 = CARTESIAN_POINT('',(375.0019,-1.1456641E+03,-67.5003));
#5860 = VECTOR('',#5861,1.);
#5861 = DIRECTION('',(-0.,-0.,1.));
#5862 = PCURVE('',#4142,#5863);
#5863 = DEFINITIONAL_REPRESENTATION('',(#5864),#5868);
#5864 = LINE('',#5865,#5866);
#5865 = CARTESIAN_POINT('',(5.230426449153,0.));
#5866 = VECTOR('',#5867,1.);
#5867 = DIRECTION('',(0.,-1.));
#5868 = ( GEOMETRIC_REPRESENTATION_CONTEXT(2) 
PARAMETRIC_REPRESENTATION_CONTEXT() REPRESENTATION_CONTEXT('2D SPACE',''
  ) );
#5869 = PCURVE('',#4170,#5870);
#5870 = DEFINITIONAL_REPRESENTATION('',(#5871),#5875);
#5871 = LINE('',#5872,#5873);
#5872 = CARTESIAN_POINT('',(0.,0.));
#5873 = VECTOR('',#5874,1.);
#5874 = DIRECTION('',(0.,-1.));
#5875 = ( GEOMETRIC_REPRESENTATION_CONTEXT(2) 
PARAMETRIC_REPRESENTATION_CONTEXT() REPRESENTATION_CONTEXT('2D SPACE',''
  ) );
#5876 = ORIENTED_EDGE('',*,*,#4126,.F.);
#5877 = ADVANCED_FACE('',(#5878),#4170,.T.);
#5878 = FACE_BOUND('',#5879,.T.);
#5879 = EDGE_LOOP('',(#5880,#5881,#5904,#5925));
#5880 = ORIENTED_EDGE('',*,*,#5856,.T.);
#5881 = ORIENTED_EDGE('',*,*,#5882,.T.);
#5882 = EDGE_CURVE('',#5834,#5883,#5885,.T.);
#5883 = VERTEX_POINT('',#5884);
#5884 = CARTESIAN_POINT('',(379.6504,-1.1433008E+03,-42.5003));
#5885 = SURFACE_CURVE('',#5886,(#5890,#5897),.PCURVE_S1.);
#5886 = LINE('',#5887,#5888);
#5887 = CARTESIAN_POINT('',(375.0019,-1.1456641E+03,-42.5003));
#5888 = VECTOR('',#5889,1.);
#5889 = DIRECTION('',(0.891411785561,0.453194250364,0.));
#5890 = PCURVE('',#4170,#5891);
#5891 = DEFINITIONAL_REPRESENTATION('',(#5892),#5896);
#5892 = LINE('',#5893,#5894);
#5893 = CARTESIAN_POINT('',(0.,-25.));
#5894 = VECTOR('',#5895,1.);
#5895 = DIRECTION('',(1.,0.));
#5896 = ( GEOMETRIC_REPRESENTATION_CONTEXT(2) 
PARAMETRIC_REPRESENTATION_CONTEXT() REPRESENTATION_CONTEXT('2D SPACE',''
  ) );
#5897 = PCURVE('',#5057,#5898);
#5898 = DEFINITIONAL_REPRESENTATION('',(#5899),#5903);
#5899 = LINE('',#5900,#5901);
#5900 = CARTESIAN_POINT('',(43.156526651133,545.66543574059));
#5901 = VECTOR('',#5902,1.);
#5902 = DIRECTION('',(0.891411785561,-0.453194250364));
#5903 = ( GEOMETRIC_REPRESENTATION_CONTEXT(2) 
PARAMETRIC_REPRESENTATION_CONTEXT() REPRESENTATION_CONTEXT('2D SPACE',''
  ) );
#5904 = ORIENTED_EDGE('',*,*,#5905,.F.);
#5905 = EDGE_CURVE('',#4155,#5883,#5906,.T.);
#5906 = SURFACE_CURVE('',#5907,(#5911,#5918),.PCURVE_S1.);
#5907 = LINE('',#5908,#5909);
#5908 = CARTESIAN_POINT('',(379.6504,-1.1433008E+03,-67.5003));
#5909 = VECTOR('',#5910,1.);
#5910 = DIRECTION('',(-0.,-0.,1.));
#5911 = PCURVE('',#4170,#5912);
#5912 = DEFINITIONAL_REPRESENTATION('',(#5913),#5917);
#5913 = LINE('',#5914,#5915);
#5914 = CARTESIAN_POINT('',(5.214761657065,0.));
#5915 = VECTOR('',#5916,1.);
#5916 = DIRECTION('',(0.,-1.));
#5917 = ( GEOMETRIC_REPRESENTATION_CONTEXT(2) 
PARAMETRIC_REPRESENTATION_CONTEXT() REPRESENTATION_CONTEXT('2D SPACE',''
  ) );
#5918 = PCURVE('',#4198,#5919);
#5919 = DEFINITIONAL_REPRESENTATION('',(#5920),#5924);
#5920 = LINE('',#5921,#5922);
#5921 = CARTESIAN_POINT('',(0.,0.));
#5922 = VECTOR('',#5923,1.);
#5923 = DIRECTION('',(0.,-1.));
#5924 = ( GEOMETRIC_REPRESENTATION_CONTEXT(2) 
PARAMETRIC_REPRESENTATION_CONTEXT() REPRESENTATION_CONTEXT('2D SPACE',''
  ) );
#5925 = ORIENTED_EDGE('',*,*,#4154,.F.);
#5926 = ADVANCED_FACE('',(#5927),#4198,.T.);
#5927 = FACE_BOUND('',#5928,.T.);
#5928 = EDGE_LOOP('',(#5929,#5930,#5953,#5974));
#5929 = ORIENTED_EDGE('',*,*,#5905,.T.);
#5930 = ORIENTED_EDGE('',*,*,#5931,.T.);
#5931 = EDGE_CURVE('',#5883,#5932,#5934,.T.);
#5932 = VERTEX_POINT('',#5933);
#5933 = CARTESIAN_POINT('',(384.0644,-1.1404492E+03,-42.5003));
#5934 = SURFACE_CURVE('',#5935,(#5939,#5946),.PCURVE_S1.);
#5935 = LINE('',#5936,#5937);
#5936 = CARTESIAN_POINT('',(379.6504,-1.1433008E+03,-42.5003));
#5937 = VECTOR('',#5938,1.);
#5938 = DIRECTION('',(0.839962038951,0.542645163179,0.));
#5939 = PCURVE('',#4198,#5940);
#5940 = DEFINITIONAL_REPRESENTATION('',(#5941),#5945);
#5941 = LINE('',#5942,#5943);
#5942 = CARTESIAN_POINT('',(0.,-25.));
#5943 = VECTOR('',#5944,1.);
#5944 = DIRECTION('',(1.,0.));
#5945 = ( GEOMETRIC_REPRESENTATION_CONTEXT(2) 
PARAMETRIC_REPRESENTATION_CONTEXT() REPRESENTATION_CONTEXT('2D SPACE',''
  ) );
#5946 = PCURVE('',#5057,#5947);
#5947 = DEFINITIONAL_REPRESENTATION('',(#5948),#5952);
#5948 = LINE('',#5949,#5950);
#5949 = CARTESIAN_POINT('',(47.805026651133,543.30213574059));
#5950 = VECTOR('',#5951,1.);
#5951 = DIRECTION('',(0.839962038951,-0.542645163179));
#5952 = ( GEOMETRIC_REPRESENTATION_CONTEXT(2) 
PARAMETRIC_REPRESENTATION_CONTEXT() REPRESENTATION_CONTEXT('2D SPACE',''
  ) );
#5953 = ORIENTED_EDGE('',*,*,#5954,.F.);
#5954 = EDGE_CURVE('',#4183,#5932,#5955,.T.);
#5955 = SURFACE_CURVE('',#5956,(#5960,#5967),.PCURVE_S1.);
#5956 = LINE('',#5957,#5958);
#5957 = CARTESIAN_POINT('',(384.0644,-1.1404492E+03,-67.5003));
#5958 = VECTOR('',#5959,1.);
#5959 = DIRECTION('',(-0.,-0.,1.));
#5960 = PCURVE('',#4198,#5961);
#5961 = DEFINITIONAL_REPRESENTATION('',(#5962),#5966);
#5962 = LINE('',#5963,#5964);
#5963 = CARTESIAN_POINT('',(5.25499938725,0.));
#5964 = VECTOR('',#5965,1.);
#5965 = DIRECTION('',(0.,-1.));
#5966 = ( GEOMETRIC_REPRESENTATION_CONTEXT(2) 
PARAMETRIC_REPRESENTATION_CONTEXT() REPRESENTATION_CONTEXT('2D SPACE',''
  ) );
#5967 = PCURVE('',#4226,#5968);
#5968 = DEFINITIONAL_REPRESENTATION('',(#5969),#5973);
#5969 = LINE('',#5970,#5971);
#5970 = CARTESIAN_POINT('',(0.,0.));
#5971 = VECTOR('',#5972,1.);
#5972 = DIRECTION('',(0.,-1.));
#5973 = ( GEOMETRIC_REPRESENTATION_CONTEXT(2) 
PARAMETRIC_REPRESENTATION_CONTEXT() REPRESENTATION_CONTEXT('2D SPACE',''
  ) );
#5974 = ORIENTED_EDGE('',*,*,#4182,.F.);
#5975 = ADVANCED_FACE('',(#5976),#4226,.T.);
#5976 = FACE_BOUND('',#5977,.T.);
#5977 = EDGE_LOOP('',(#5978,#5979,#6002,#6023));
#5978 = ORIENTED_EDGE('',*,*,#5954,.T.);
#5979 = ORIENTED_EDGE('',*,*,#5980,.T.);
#5980 = EDGE_CURVE('',#5932,#5981,#5983,.T.);
#5981 = VERTEX_POINT('',#5982);
#5982 = CARTESIAN_POINT('',(388.1269,-1.1371484E+03,-42.5003));
#5983 = SURFACE_CURVE('',#5984,(#5988,#5995),.PCURVE_S1.);
#5984 = LINE('',#5985,#5986);
#5985 = CARTESIAN_POINT('',(384.0644,-1.1404492E+03,-42.5003));
#5986 = VECTOR('',#5987,1.);
#5987 = DIRECTION('',(0.776112247013,0.630594782754,0.));
#5988 = PCURVE('',#4226,#5989);
#5989 = DEFINITIONAL_REPRESENTATION('',(#5990),#5994);
#5990 = LINE('',#5991,#5992);
#5991 = CARTESIAN_POINT('',(0.,-25.));
#5992 = VECTOR('',#5993,1.);
#5993 = DIRECTION('',(1.,0.));
#5994 = ( GEOMETRIC_REPRESENTATION_CONTEXT(2) 
PARAMETRIC_REPRESENTATION_CONTEXT() REPRESENTATION_CONTEXT('2D SPACE',''
  ) );
#5995 = PCURVE('',#5057,#5996);
#5996 = DEFINITIONAL_REPRESENTATION('',(#5997),#6001);
#5997 = LINE('',#5998,#5999);
#5998 = CARTESIAN_POINT('',(52.219026651133,540.45053574059));
#5999 = VECTOR('',#6000,1.);
#6000 = DIRECTION('',(0.776112247013,-0.630594782754));
#6001 = ( GEOMETRIC_REPRESENTATION_CONTEXT(2) 
PARAMETRIC_REPRESENTATION_CONTEXT() REPRESENTATION_CONTEXT('2D SPACE',''
  ) );
#6002 = ORIENTED_EDGE('',*,*,#6003,.F.);
#6003 = EDGE_CURVE('',#4211,#5981,#6004,.T.);
#6004 = SURFACE_CURVE('',#6005,(#6009,#6016),.PCURVE_S1.);
#6005 = LINE('',#6006,#6007);
#6006 = CARTESIAN_POINT('',(388.1269,-1.1371484E+03,-67.5003));
#6007 = VECTOR('',#6008,1.);
#6008 = DIRECTION('',(-0.,-0.,1.));
#6009 = PCURVE('',#4226,#6010);
#6010 = DEFINITIONAL_REPRESENTATION('',(#6011),#6015);
#6011 = LINE('',#6012,#6013);
#6012 = CARTESIAN_POINT('',(5.234423262404,0.));
#6013 = VECTOR('',#6014,1.);
#6014 = DIRECTION('',(0.,-1.));
#6015 = ( GEOMETRIC_REPRESENTATION_CONTEXT(2) 
PARAMETRIC_REPRESENTATION_CONTEXT() REPRESENTATION_CONTEXT('2D SPACE',''
  ) );
#6016 = PCURVE('',#4254,#6017);
#6017 = DEFINITIONAL_REPRESENTATION('',(#6018),#6022);
#6018 = LINE('',#6019,#6020);
#6019 = CARTESIAN_POINT('',(0.,0.));
#6020 = VECTOR('',#6021,1.);
#6021 = DIRECTION('',(0.,-1.));
#6022 = ( GEOMETRIC_REPRESENTATION_CONTEXT(2) 
PARAMETRIC_REPRESENTATION_CONTEXT() REPRESENTATION_CONTEXT('2D SPACE',''
  ) );
#6023 = ORIENTED_EDGE('',*,*,#4210,.F.);
#6024 = ADVANCED_FACE('',(#6025),#4254,.T.);
#6025 = FACE_BOUND('',#6026,.T.);
#6026 = EDGE_LOOP('',(#6027,#6028,#6051,#6072));
#6027 = ORIENTED_EDGE('',*,*,#6003,.T.);
#6028 = ORIENTED_EDGE('',*,*,#6029,.T.);
#6029 = EDGE_CURVE('',#5981,#6030,#6032,.T.);
#6030 = VERTEX_POINT('',#6031);
#6031 = CARTESIAN_POINT('',(391.7988,-1.133457E+03,-42.5003));
#6032 = SURFACE_CURVE('',#6033,(#6037,#6044),.PCURVE_S1.);
#6033 = LINE('',#6034,#6035);
#6034 = CARTESIAN_POINT('',(388.1269,-1.1371484E+03,-42.5003));
#6035 = VECTOR('',#6036,1.);
#6036 = DIRECTION('',(0.705231699128,0.708976904099,0.));
#6037 = PCURVE('',#4254,#6038);
#6038 = DEFINITIONAL_REPRESENTATION('',(#6039),#6043);
#6039 = LINE('',#6040,#6041);
#6040 = CARTESIAN_POINT('',(0.,-25.));
#6041 = VECTOR('',#6042,1.);
#6042 = DIRECTION('',(1.,0.));
#6043 = ( GEOMETRIC_REPRESENTATION_CONTEXT(2) 
PARAMETRIC_REPRESENTATION_CONTEXT() REPRESENTATION_CONTEXT('2D SPACE',''
  ) );
#6044 = PCURVE('',#5057,#6045);
#6045 = DEFINITIONAL_REPRESENTATION('',(#6046),#6050);
#6046 = LINE('',#6047,#6048);
#6047 = CARTESIAN_POINT('',(56.281526651133,537.14973574059));
#6048 = VECTOR('',#6049,1.);
#6049 = DIRECTION('',(0.705231699128,-0.708976904099));
#6050 = ( GEOMETRIC_REPRESENTATION_CONTEXT(2) 
PARAMETRIC_REPRESENTATION_CONTEXT() REPRESENTATION_CONTEXT('2D SPACE',''
  ) );
#6051 = ORIENTED_EDGE('',*,*,#6052,.F.);
#6052 = EDGE_CURVE('',#4239,#6030,#6053,.T.);
#6053 = SURFACE_CURVE('',#6054,(#6058,#6065),.PCURVE_S1.);
#6054 = LINE('',#6055,#6056);
#6055 = CARTESIAN_POINT('',(391.7988,-1.133457E+03,-67.5003));
#6056 = VECTOR('',#6057,1.);
#6057 = DIRECTION('',(-0.,-0.,1.));
#6058 = PCURVE('',#4254,#6059);
#6059 = DEFINITIONAL_REPRESENTATION('',(#6060),#6064);
#6060 = LINE('',#6061,#6062);
#6061 = CARTESIAN_POINT('',(5.206657619817,0.));
#6062 = VECTOR('',#6063,1.);
#6063 = DIRECTION('',(0.,-1.));
#6064 = ( GEOMETRIC_REPRESENTATION_CONTEXT(2) 
PARAMETRIC_REPRESENTATION_CONTEXT() REPRESENTATION_CONTEXT('2D SPACE',''
  ) );
#6065 = PCURVE('',#4282,#6066);
#6066 = DEFINITIONAL_REPRESENTATION('',(#6067),#6071);
#6067 = LINE('',#6068,#6069);
#6068 = CARTESIAN_POINT('',(0.,0.));
#6069 = VECTOR('',#6070,1.);
#6070 = DIRECTION('',(0.,-1.));
#6071 = ( GEOMETRIC_REPRESENTATION_CONTEXT(2) 
PARAMETRIC_REPRESENTATION_CONTEXT() REPRESENTATION_CONTEXT('2D SPACE',''
  ) );
#6072 = ORIENTED_EDGE('',*,*,#4238,.F.);
#6073 = ADVANCED_FACE('',(#6074),#4282,.T.);
#6074 = FACE_BOUND('',#6075,.T.);
#6075 = EDGE_LOOP('',(#6076,#6077,#6100,#6121));
#6076 = ORIENTED_EDGE('',*,*,#6052,.T.);
#6077 = ORIENTED_EDGE('',*,*,#6078,.T.);
#6078 = EDGE_CURVE('',#6030,#6079,#6081,.T.);
#6079 = VERTEX_POINT('',#6080);
#6080 = CARTESIAN_POINT('',(395.1191,-1.129375E+03,-42.5003));
#6081 = SURFACE_CURVE('',#6082,(#6086,#6093),.PCURVE_S1.);
#6082 = LINE('',#6083,#6084);
#6083 = CARTESIAN_POINT('',(391.7988,-1.133457E+03,-42.5003));
#6084 = VECTOR('',#6085,1.);
#6085 = DIRECTION('',(0.631013229552,0.775772069702,0.));
#6086 = PCURVE('',#4282,#6087);
#6087 = DEFINITIONAL_REPRESENTATION('',(#6088),#6092);
#6088 = LINE('',#6089,#6090);
#6089 = CARTESIAN_POINT('',(0.,-25.));
#6090 = VECTOR('',#6091,1.);
#6091 = DIRECTION('',(1.,0.));
#6092 = ( GEOMETRIC_REPRESENTATION_CONTEXT(2) 
PARAMETRIC_REPRESENTATION_CONTEXT() REPRESENTATION_CONTEXT('2D SPACE',''
  ) );
#6093 = PCURVE('',#5057,#6094);
#6094 = DEFINITIONAL_REPRESENTATION('',(#6095),#6099);
#6095 = LINE('',#6096,#6097);
#6096 = CARTESIAN_POINT('',(59.953426651133,533.45833574059));
#6097 = VECTOR('',#6098,1.);
#6098 = DIRECTION('',(0.631013229552,-0.775772069702));
#6099 = ( GEOMETRIC_REPRESENTATION_CONTEXT(2) 
PARAMETRIC_REPRESENTATION_CONTEXT() REPRESENTATION_CONTEXT('2D SPACE',''
  ) );
#6100 = ORIENTED_EDGE('',*,*,#6101,.F.);
#6101 = EDGE_CURVE('',#4267,#6079,#6102,.T.);
#6102 = SURFACE_CURVE('',#6103,(#6107,#6114),.PCURVE_S1.);
#6103 = LINE('',#6104,#6105);
#6104 = CARTESIAN_POINT('',(395.1191,-1.129375E+03,-67.5003));
#6105 = VECTOR('',#6106,1.);
#6106 = DIRECTION('',(-0.,-0.,1.));
#6107 = PCURVE('',#4282,#6108);
#6108 = DEFINITIONAL_REPRESENTATION('',(#6109),#6113);
#6109 = LINE('',#6110,#6111);
#6110 = CARTESIAN_POINT('',(5.261854814607,0.));
#6111 = VECTOR('',#6112,1.);
#6112 = DIRECTION('',(0.,-1.));
#6113 = ( GEOMETRIC_REPRESENTATION_CONTEXT(2) 
PARAMETRIC_REPRESENTATION_CONTEXT() REPRESENTATION_CONTEXT('2D SPACE',''
  ) );
#6114 = PCURVE('',#4310,#6115);
#6115 = DEFINITIONAL_REPRESENTATION('',(#6116),#6120);
#6116 = LINE('',#6117,#6118);
#6117 = CARTESIAN_POINT('',(0.,0.));
#6118 = VECTOR('',#6119,1.);
#6119 = DIRECTION('',(0.,-1.));
#6120 = ( GEOMETRIC_REPRESENTATION_CONTEXT(2) 
PARAMETRIC_REPRESENTATION_CONTEXT() REPRESENTATION_CONTEXT('2D SPACE',''
  ) );
#6121 = ORIENTED_EDGE('',*,*,#4266,.F.);
#6122 = ADVANCED_FACE('',(#6123),#4310,.T.);
#6123 = FACE_BOUND('',#6124,.T.);
#6124 = EDGE_LOOP('',(#6125,#6126,#6149,#6170));
#6125 = ORIENTED_EDGE('',*,*,#6101,.T.);
#6126 = ORIENTED_EDGE('',*,*,#6127,.T.);
#6127 = EDGE_CURVE('',#6079,#6128,#6130,.T.);
#6128 = VERTEX_POINT('',#6129);
#6129 = CARTESIAN_POINT('',(397.9707,-1.125E+03,-42.5003));
#6130 = SURFACE_CURVE('',#6131,(#6135,#6142),.PCURVE_S1.);
#6131 = LINE('',#6132,#6133);
#6132 = CARTESIAN_POINT('',(395.1191,-1.129375E+03,-42.5003));
#6133 = VECTOR('',#6134,1.);
#6134 = DIRECTION('',(0.546044630434,0.837756087161,0.));
#6135 = PCURVE('',#4310,#6136);
#6136 = DEFINITIONAL_REPRESENTATION('',(#6137),#6141);
#6137 = LINE('',#6138,#6139);
#6138 = CARTESIAN_POINT('',(0.,-25.));
#6139 = VECTOR('',#6140,1.);
#6140 = DIRECTION('',(1.,0.));
#6141 = ( GEOMETRIC_REPRESENTATION_CONTEXT(2) 
PARAMETRIC_REPRESENTATION_CONTEXT() REPRESENTATION_CONTEXT('2D SPACE',''
  ) );
#6142 = PCURVE('',#5057,#6143);
#6143 = DEFINITIONAL_REPRESENTATION('',(#6144),#6148);
#6144 = LINE('',#6145,#6146);
#6145 = CARTESIAN_POINT('',(63.273726651133,529.37633574059));
#6146 = VECTOR('',#6147,1.);
#6147 = DIRECTION('',(0.546044630434,-0.837756087161));
#6148 = ( GEOMETRIC_REPRESENTATION_CONTEXT(2) 
PARAMETRIC_REPRESENTATION_CONTEXT() REPRESENTATION_CONTEXT('2D SPACE',''
  ) );
#6149 = ORIENTED_EDGE('',*,*,#6150,.F.);
#6150 = EDGE_CURVE('',#4295,#6128,#6151,.T.);
#6151 = SURFACE_CURVE('',#6152,(#6156,#6163),.PCURVE_S1.);
#6152 = LINE('',#6153,#6154);
#6153 = CARTESIAN_POINT('',(397.9707,-1.125E+03,-67.5003));
#6154 = VECTOR('',#6155,1.);
#6155 = DIRECTION('',(-0.,-0.,1.));
#6156 = PCURVE('',#4310,#6157);
#6157 = DEFINITIONAL_REPRESENTATION('',(#6158),#6162);
#6158 = LINE('',#6159,#6160);
#6159 = CARTESIAN_POINT('',(5.222283749472,0.));
#6160 = VECTOR('',#6161,1.);
#6161 = DIRECTION('',(0.,-1.));
#6162 = ( GEOMETRIC_REPRESENTATION_CONTEXT(2) 
PARAMETRIC_REPRESENTATION_CONTEXT() REPRESENTATION_CONTEXT('2D SPACE',''
  ) );
#6163 = PCURVE('',#4338,#6164);
#6164 = DEFINITIONAL_REPRESENTATION('',(#6165),#6169);
#6165 = LINE('',#6166,#6167);
#6166 = CARTESIAN_POINT('',(0.,0.));
#6167 = VECTOR('',#6168,1.);
#6168 = DIRECTION('',(0.,-1.));
#6169 = ( GEOMETRIC_REPRESENTATION_CONTEXT(2) 
PARAMETRIC_REPRESENTATION_CONTEXT() REPRESENTATION_CONTEXT('2D SPACE',''
  ) );
#6170 = ORIENTED_EDGE('',*,*,#4294,.F.);
#6171 = ADVANCED_FACE('',(#6172),#4338,.T.);
#6172 = FACE_BOUND('',#6173,.T.);
#6173 = EDGE_LOOP('',(#6174,#6175,#6198,#6219));
#6174 = ORIENTED_EDGE('',*,*,#6150,.T.);
#6175 = ORIENTED_EDGE('',*,*,#6176,.T.);
#6176 = EDGE_CURVE('',#6128,#6177,#6179,.T.);
#6177 = VERTEX_POINT('',#6178);
#6178 = CARTESIAN_POINT('',(400.3535,-1.120332E+03,-42.5003));
#6179 = SURFACE_CURVE('',#6180,(#6184,#6191),.PCURVE_S1.);
#6180 = LINE('',#6181,#6182);
#6181 = CARTESIAN_POINT('',(397.9707,-1.125E+03,-42.5003));
#6182 = VECTOR('',#6183,1.);
#6183 = DIRECTION('',(0.454647062623,0.89067168387,0.));
#6184 = PCURVE('',#4338,#6185);
#6185 = DEFINITIONAL_REPRESENTATION('',(#6186),#6190);
#6186 = LINE('',#6187,#6188);
#6187 = CARTESIAN_POINT('',(0.,-25.));
#6188 = VECTOR('',#6189,1.);
#6189 = DIRECTION('',(1.,0.));
#6190 = ( GEOMETRIC_REPRESENTATION_CONTEXT(2) 
PARAMETRIC_REPRESENTATION_CONTEXT() REPRESENTATION_CONTEXT('2D SPACE',''
  ) );
#6191 = PCURVE('',#5057,#6192);
#6192 = DEFINITIONAL_REPRESENTATION('',(#6193),#6197);
#6193 = LINE('',#6194,#6195);
#6194 = CARTESIAN_POINT('',(66.125326651133,525.00133574059));
#6195 = VECTOR('',#6196,1.);
#6196 = DIRECTION('',(0.454647062623,-0.89067168387));
#6197 = ( GEOMETRIC_REPRESENTATION_CONTEXT(2) 
PARAMETRIC_REPRESENTATION_CONTEXT() REPRESENTATION_CONTEXT('2D SPACE',''
  ) );
#6198 = ORIENTED_EDGE('',*,*,#6199,.F.);
#6199 = EDGE_CURVE('',#4323,#6177,#6200,.T.);
#6200 = SURFACE_CURVE('',#6201,(#6205,#6212),.PCURVE_S1.);
#6201 = LINE('',#6202,#6203);
#6202 = CARTESIAN_POINT('',(400.3535,-1.120332E+03,-67.5003));
#6203 = VECTOR('',#6204,1.);
#6204 = DIRECTION('',(-0.,-0.,1.));
#6205 = PCURVE('',#4338,#6206);
#6206 = DEFINITIONAL_REPRESENTATION('',(#6207),#6211);
#6207 = LINE('',#6208,#6209);
#6208 = CARTESIAN_POINT('',(5.240988441124,0.));
#6209 = VECTOR('',#6210,1.);
#6210 = DIRECTION('',(0.,-1.));
#6211 = ( GEOMETRIC_REPRESENTATION_CONTEXT(2) 
PARAMETRIC_REPRESENTATION_CONTEXT() REPRESENTATION_CONTEXT('2D SPACE',''
  ) );
#6212 = PCURVE('',#4366,#6213);
#6213 = DEFINITIONAL_REPRESENTATION('',(#6214),#6218);
#6214 = LINE('',#6215,#6216);
#6215 = CARTESIAN_POINT('',(0.,0.));
#6216 = VECTOR('',#6217,1.);
#6217 = DIRECTION('',(0.,-1.));
#6218 = ( GEOMETRIC_REPRESENTATION_CONTEXT(2) 
PARAMETRIC_REPRESENTATION_CONTEXT() REPRESENTATION_CONTEXT('2D SPACE',''
  ) );
#6219 = ORIENTED_EDGE('',*,*,#4322,.F.);
#6220 = ADVANCED_FACE('',(#6221),#4366,.T.);
#6221 = FACE_BOUND('',#6222,.T.);
#6222 = EDGE_LOOP('',(#6223,#6224,#6247,#6268));
#6223 = ORIENTED_EDGE('',*,*,#6199,.T.);
#6224 = ORIENTED_EDGE('',*,*,#6225,.T.);
#6225 = EDGE_CURVE('',#6177,#6226,#6228,.T.);
#6226 = VERTEX_POINT('',#6227);
#6227 = CARTESIAN_POINT('',(402.2285,-1.1154492E+03,-42.5003));
#6228 = SURFACE_CURVE('',#6229,(#6233,#6240),.PCURVE_S1.);
#6229 = LINE('',#6230,#6231);
#6230 = CARTESIAN_POINT('',(400.3535,-1.120332E+03,-42.5003));
#6231 = VECTOR('',#6232,1.);
#6232 = DIRECTION('',(0.358479374144,0.933537646972,0.));
#6233 = PCURVE('',#4366,#6234);
#6234 = DEFINITIONAL_REPRESENTATION('',(#6235),#6239);
#6235 = LINE('',#6236,#6237);
#6236 = CARTESIAN_POINT('',(0.,-25.));
#6237 = VECTOR('',#6238,1.);
#6238 = DIRECTION('',(1.,0.));
#6239 = ( GEOMETRIC_REPRESENTATION_CONTEXT(2) 
PARAMETRIC_REPRESENTATION_CONTEXT() REPRESENTATION_CONTEXT('2D SPACE',''
  ) );
#6240 = PCURVE('',#5057,#6241);
#6241 = DEFINITIONAL_REPRESENTATION('',(#6242),#6246);
#6242 = LINE('',#6243,#6244);
#6243 = CARTESIAN_POINT('',(68.508126651133,520.33333574059));
#6244 = VECTOR('',#6245,1.);
#6245 = DIRECTION('',(0.358479374144,-0.933537646972));
#6246 = ( GEOMETRIC_REPRESENTATION_CONTEXT(2) 
PARAMETRIC_REPRESENTATION_CONTEXT() REPRESENTATION_CONTEXT('2D SPACE',''
  ) );
#6247 = ORIENTED_EDGE('',*,*,#6248,.F.);
#6248 = EDGE_CURVE('',#4351,#6226,#6249,.T.);
#6249 = SURFACE_CURVE('',#6250,(#6254,#6261),.PCURVE_S1.);
#6250 = LINE('',#6251,#6252);
#6251 = CARTESIAN_POINT('',(402.2285,-1.1154492E+03,-67.5003));
#6252 = VECTOR('',#6253,1.);
#6253 = DIRECTION('',(-0.,-0.,1.));
#6254 = PCURVE('',#4366,#6255);
#6255 = DEFINITIONAL_REPRESENTATION('',(#6256),#6260);
#6256 = LINE('',#6257,#6258);
#6257 = CARTESIAN_POINT('',(5.230426449153,0.));
#6258 = VECTOR('',#6259,1.);
#6259 = DIRECTION('',(0.,-1.));
#6260 = ( GEOMETRIC_REPRESENTATION_CONTEXT(2) 
PARAMETRIC_REPRESENTATION_CONTEXT() REPRESENTATION_CONTEXT('2D SPACE',''
  ) );
#6261 = PCURVE('',#4394,#6262);
#6262 = DEFINITIONAL_REPRESENTATION('',(#6263),#6267);
#6263 = LINE('',#6264,#6265);
#6264 = CARTESIAN_POINT('',(0.,0.));
#6265 = VECTOR('',#6266,1.);
#6266 = DIRECTION('',(0.,-1.));
#6267 = ( GEOMETRIC_REPRESENTATION_CONTEXT(2) 
PARAMETRIC_REPRESENTATION_CONTEXT() REPRESENTATION_CONTEXT('2D SPACE',''
  ) );
#6268 = ORIENTED_EDGE('',*,*,#4350,.F.);
#6269 = ADVANCED_FACE('',(#6270),#4394,.T.);
#6270 = FACE_BOUND('',#6271,.T.);
#6271 = EDGE_LOOP('',(#6272,#6273,#6296,#6317));
#6272 = ORIENTED_EDGE('',*,*,#6248,.T.);
#6273 = ORIENTED_EDGE('',*,*,#6274,.T.);
#6274 = EDGE_CURVE('',#6226,#6275,#6277,.T.);
#6275 = VERTEX_POINT('',#6276);
#6276 = CARTESIAN_POINT('',(403.5566,-1.1103906E+03,-42.5003));
#6277 = SURFACE_CURVE('',#6278,(#6282,#6289),.PCURVE_S1.);
#6278 = LINE('',#6279,#6280);
#6279 = CARTESIAN_POINT('',(402.2285,-1.1154492E+03,-42.5003));
#6280 = VECTOR('',#6281,1.);
#6281 = DIRECTION('',(0.253937034057,0.967220751811,0.));
#6282 = PCURVE('',#4394,#6283);
#6283 = DEFINITIONAL_REPRESENTATION('',(#6284),#6288);
#6284 = LINE('',#6285,#6286);
#6285 = CARTESIAN_POINT('',(0.,-25.));
#6286 = VECTOR('',#6287,1.);
#6287 = DIRECTION('',(1.,0.));
#6288 = ( GEOMETRIC_REPRESENTATION_CONTEXT(2) 
PARAMETRIC_REPRESENTATION_CONTEXT() REPRESENTATION_CONTEXT('2D SPACE',''
  ) );
#6289 = PCURVE('',#5057,#6290);
#6290 = DEFINITIONAL_REPRESENTATION('',(#6291),#6295);
#6291 = LINE('',#6292,#6293);
#6292 = CARTESIAN_POINT('',(70.383126651133,515.45053574059));
#6293 = VECTOR('',#6294,1.);
#6294 = DIRECTION('',(0.253937034057,-0.967220751811));
#6295 = ( GEOMETRIC_REPRESENTATION_CONTEXT(2) 
PARAMETRIC_REPRESENTATION_CONTEXT() REPRESENTATION_CONTEXT('2D SPACE',''
  ) );
#6296 = ORIENTED_EDGE('',*,*,#6297,.F.);
#6297 = EDGE_CURVE('',#4379,#6275,#6298,.T.);
#6298 = SURFACE_CURVE('',#6299,(#6303,#6310),.PCURVE_S1.);
#6299 = LINE('',#6300,#6301);
#6300 = CARTESIAN_POINT('',(403.5566,-1.1103906E+03,-67.5003));
#6301 = VECTOR('',#6302,1.);
#6302 = DIRECTION('',(-0.,-0.,1.));
#6303 = PCURVE('',#4394,#6304);
#6304 = DEFINITIONAL_REPRESENTATION('',(#6305),#6309);
#6305 = LINE('',#6306,#6307);
#6306 = CARTESIAN_POINT('',(5.230036670044,0.));
#6307 = VECTOR('',#6308,1.);
#6308 = DIRECTION('',(0.,-1.));
#6309 = ( GEOMETRIC_REPRESENTATION_CONTEXT(2) 
PARAMETRIC_REPRESENTATION_CONTEXT() REPRESENTATION_CONTEXT('2D SPACE',''
  ) );
#6310 = PCURVE('',#4422,#6311);
#6311 = DEFINITIONAL_REPRESENTATION('',(#6312),#6316);
#6312 = LINE('',#6313,#6314);
#6313 = CARTESIAN_POINT('',(0.,0.));
#6314 = VECTOR('',#6315,1.);
#6315 = DIRECTION('',(0.,-1.));
#6316 = ( GEOMETRIC_REPRESENTATION_CONTEXT(2) 
PARAMETRIC_REPRESENTATION_CONTEXT() REPRESENTATION_CONTEXT('2D SPACE',''
  ) );
#6317 = ORIENTED_EDGE('',*,*,#4378,.F.);
#6318 = ADVANCED_FACE('',(#6319),#4422,.T.);
#6319 = FACE_BOUND('',#6320,.T.);
#6320 = EDGE_LOOP('',(#6321,#6322,#6345,#6366));
#6321 = ORIENTED_EDGE('',*,*,#6297,.T.);
#6322 = ORIENTED_EDGE('',*,*,#6323,.T.);
#6323 = EDGE_CURVE('',#6275,#6324,#6326,.T.);
#6324 = VERTEX_POINT('',#6325);
#6325 = CARTESIAN_POINT('',(404.3769,-1.1052148E+03,-42.5003));
#6326 = SURFACE_CURVE('',#6327,(#6331,#6338),.PCURVE_S1.);
#6327 = LINE('',#6328,#6329);
#6328 = CARTESIAN_POINT('',(403.5566,-1.1103906E+03,-42.5003));
#6329 = VECTOR('',#6330,1.);
#6330 = DIRECTION('',(0.156533836503,0.987672596577,0.));
#6331 = PCURVE('',#4422,#6332);
#6332 = DEFINITIONAL_REPRESENTATION('',(#6333),#6337);
#6333 = LINE('',#6334,#6335);
#6334 = CARTESIAN_POINT('',(0.,-25.));
#6335 = VECTOR('',#6336,1.);
#6336 = DIRECTION('',(1.,0.));
#6337 = ( GEOMETRIC_REPRESENTATION_CONTEXT(2) 
PARAMETRIC_REPRESENTATION_CONTEXT() REPRESENTATION_CONTEXT('2D SPACE',''
  ) );
#6338 = PCURVE('',#5057,#6339);
#6339 = DEFINITIONAL_REPRESENTATION('',(#6340),#6344);
#6340 = LINE('',#6341,#6342);
#6341 = CARTESIAN_POINT('',(71.711226651133,510.39193574059));
#6342 = VECTOR('',#6343,1.);
#6343 = DIRECTION('',(0.156533836503,-0.987672596577));
#6344 = ( GEOMETRIC_REPRESENTATION_CONTEXT(2) 
PARAMETRIC_REPRESENTATION_CONTEXT() REPRESENTATION_CONTEXT('2D SPACE',''
  ) );
#6345 = ORIENTED_EDGE('',*,*,#6346,.F.);
#6346 = EDGE_CURVE('',#4407,#6324,#6347,.T.);
#6347 = SURFACE_CURVE('',#6348,(#6352,#6359),.PCURVE_S1.);
#6348 = LINE('',#6349,#6350);
#6349 = CARTESIAN_POINT('',(404.3769,-1.1052148E+03,-67.5003));
#6350 = VECTOR('',#6351,1.);
#6351 = DIRECTION('',(-0.,-0.,1.));
#6352 = PCURVE('',#4422,#6353);
#6353 = DEFINITIONAL_REPRESENTATION('',(#6354),#6358);
#6354 = LINE('',#6355,#6356);
#6355 = CARTESIAN_POINT('',(5.240400531448,0.));
#6356 = VECTOR('',#6357,1.);
#6357 = DIRECTION('',(0.,-1.));
#6358 = ( GEOMETRIC_REPRESENTATION_CONTEXT(2) 
PARAMETRIC_REPRESENTATION_CONTEXT() REPRESENTATION_CONTEXT('2D SPACE',''
  ) );
#6359 = PCURVE('',#4450,#6360);
#6360 = DEFINITIONAL_REPRESENTATION('',(#6361),#6365);
#6361 = LINE('',#6362,#6363);
#6362 = CARTESIAN_POINT('',(0.,0.));
#6363 = VECTOR('',#6364,1.);
#6364 = DIRECTION('',(0.,-1.));
#6365 = ( GEOMETRIC_REPRESENTATION_CONTEXT(2) 
PARAMETRIC_REPRESENTATION_CONTEXT() REPRESENTATION_CONTEXT('2D SPACE',''
  ) );
#6366 = ORIENTED_EDGE('',*,*,#4406,.F.);
#6367 = ADVANCED_FACE('',(#6368),#4450,.T.);
#6368 = FACE_BOUND('',#6369,.T.);
#6369 = EDGE_LOOP('',(#6370,#6371,#6394,#6415));
#6370 = ORIENTED_EDGE('',*,*,#6346,.T.);
#6371 = ORIENTED_EDGE('',*,*,#6372,.T.);
#6372 = EDGE_CURVE('',#6324,#6373,#6375,.T.);
#6373 = VERTEX_POINT('',#6374);
#6374 = CARTESIAN_POINT('',(404.6504,-1.1E+03,-42.5003));
#6375 = SURFACE_CURVE('',#6376,(#6380,#6387),.PCURVE_S1.);
#6376 = LINE('',#6377,#6378);
#6377 = CARTESIAN_POINT('',(404.3769,-1.1052148E+03,-42.5003));
#6378 = VECTOR('',#6379,1.);
#6379 = DIRECTION('',(5.237489824555E-02,0.998627493129,0.));
#6380 = PCURVE('',#4450,#6381);
#6381 = DEFINITIONAL_REPRESENTATION('',(#6382),#6386);
#6382 = LINE('',#6383,#6384);
#6383 = CARTESIAN_POINT('',(0.,-25.));
#6384 = VECTOR('',#6385,1.);
#6385 = DIRECTION('',(1.,0.));
#6386 = ( GEOMETRIC_REPRESENTATION_CONTEXT(2) 
PARAMETRIC_REPRESENTATION_CONTEXT() REPRESENTATION_CONTEXT('2D SPACE',''
  ) );
#6387 = PCURVE('',#5057,#6388);
#6388 = DEFINITIONAL_REPRESENTATION('',(#6389),#6393);
#6389 = LINE('',#6390,#6391);
#6390 = CARTESIAN_POINT('',(72.531526651133,505.21613574059));
#6391 = VECTOR('',#6392,1.);
#6392 = DIRECTION('',(5.237489824555E-02,-0.998627493129));
#6393 = ( GEOMETRIC_REPRESENTATION_CONTEXT(2) 
PARAMETRIC_REPRESENTATION_CONTEXT() REPRESENTATION_CONTEXT('2D SPACE',''
  ) );
#6394 = ORIENTED_EDGE('',*,*,#6395,.F.);
#6395 = EDGE_CURVE('',#4435,#6373,#6396,.T.);
#6396 = SURFACE_CURVE('',#6397,(#6401,#6408),.PCURVE_S1.);
#6397 = LINE('',#6398,#6399);
#6398 = CARTESIAN_POINT('',(404.6504,-1.1E+03,-67.5003));
#6399 = VECTOR('',#6400,1.);
#6400 = DIRECTION('',(-0.,-0.,1.));
#6401 = PCURVE('',#4450,#6402);
#6402 = DEFINITIONAL_REPRESENTATION('',(#6403),#6407);
#6403 = LINE('',#6404,#6405);
#6404 = CARTESIAN_POINT('',(5.221967185841,0.));
#6405 = VECTOR('',#6406,1.);
#6406 = DIRECTION('',(0.,-1.));
#6407 = ( GEOMETRIC_REPRESENTATION_CONTEXT(2) 
PARAMETRIC_REPRESENTATION_CONTEXT() REPRESENTATION_CONTEXT('2D SPACE',''
  ) );
#6408 = PCURVE('',#4478,#6409);
#6409 = DEFINITIONAL_REPRESENTATION('',(#6410),#6414);
#6410 = LINE('',#6411,#6412);
#6411 = CARTESIAN_POINT('',(0.,0.));
#6412 = VECTOR('',#6413,1.);
#6413 = DIRECTION('',(0.,-1.));
#6414 = ( GEOMETRIC_REPRESENTATION_CONTEXT(2) 
PARAMETRIC_REPRESENTATION_CONTEXT() REPRESENTATION_CONTEXT('2D SPACE',''
  ) );
#6415 = ORIENTED_EDGE('',*,*,#4434,.F.);
#6416 = ADVANCED_FACE('',(#6417),#4478,.T.);
#6417 = FACE_BOUND('',#6418,.T.);
#6418 = EDGE_LOOP('',(#6419,#6420,#6443,#6464));
#6419 = ORIENTED_EDGE('',*,*,#6395,.T.);
#6420 = ORIENTED_EDGE('',*,*,#6421,.T.);
#6421 = EDGE_CURVE('',#6373,#6422,#6424,.T.);
#6422 = VERTEX_POINT('',#6423);
#6423 = CARTESIAN_POINT('',(404.6504,-100.,-42.5003));
#6424 = SURFACE_CURVE('',#6425,(#6429,#6436),.PCURVE_S1.);
#6425 = LINE('',#6426,#6427);
#6426 = CARTESIAN_POINT('',(404.6504,-1.1E+03,-42.5003));
#6427 = VECTOR('',#6428,1.);
#6428 = DIRECTION('',(0.,1.,0.));
#6429 = PCURVE('',#4478,#6430);
#6430 = DEFINITIONAL_REPRESENTATION('',(#6431),#6435);
#6431 = LINE('',#6432,#6433);
#6432 = CARTESIAN_POINT('',(0.,-25.));
#6433 = VECTOR('',#6434,1.);
#6434 = DIRECTION('',(1.,0.));
#6435 = ( GEOMETRIC_REPRESENTATION_CONTEXT(2) 
PARAMETRIC_REPRESENTATION_CONTEXT() REPRESENTATION_CONTEXT('2D SPACE',''
  ) );
#6436 = PCURVE('',#5057,#6437);
#6437 = DEFINITIONAL_REPRESENTATION('',(#6438),#6442);
#6438 = LINE('',#6439,#6440);
#6439 = CARTESIAN_POINT('',(72.805026651133,500.00133574059));
#6440 = VECTOR('',#6441,1.);
#6441 = DIRECTION('',(0.,-1.));
#6442 = ( GEOMETRIC_REPRESENTATION_CONTEXT(2) 
PARAMETRIC_REPRESENTATION_CONTEXT() REPRESENTATION_CONTEXT('2D SPACE',''
  ) );
#6443 = ORIENTED_EDGE('',*,*,#6444,.F.);
#6444 = EDGE_CURVE('',#4463,#6422,#6445,.T.);
#6445 = SURFACE_CURVE('',#6446,(#6450,#6457),.PCURVE_S1.);
#6446 = LINE('',#6447,#6448);
#6447 = CARTESIAN_POINT('',(404.6504,-100.,-67.5003));
#6448 = VECTOR('',#6449,1.);
#6449 = DIRECTION('',(-0.,-0.,1.));
#6450 = PCURVE('',#4478,#6451);
#6451 = DEFINITIONAL_REPRESENTATION('',(#6452),#6456);
#6452 = LINE('',#6453,#6454);
#6453 = CARTESIAN_POINT('',(1.E+03,0.));
#6454 = VECTOR('',#6455,1.);
#6455 = DIRECTION('',(0.,-1.));
#6456 = ( GEOMETRIC_REPRESENTATION_CONTEXT(2) 
PARAMETRIC_REPRESENTATION_CONTEXT() REPRESENTATION_CONTEXT('2D SPACE',''
  ) );
#6457 = PCURVE('',#4506,#6458);
#6458 = DEFINITIONAL_REPRESENTATION('',(#6459),#6463);
#6459 = LINE('',#6460,#6461);
#6460 = CARTESIAN_POINT('',(0.,0.));
#6461 = VECTOR('',#6462,1.);
#6462 = DIRECTION('',(0.,-1.));
#6463 = ( GEOMETRIC_REPRESENTATION_CONTEXT(2) 
PARAMETRIC_REPRESENTATION_CONTEXT() REPRESENTATION_CONTEXT('2D SPACE',''
  ) );
#6464 = ORIENTED_EDGE('',*,*,#4462,.F.);
#6465 = ADVANCED_FACE('',(#6466),#4506,.T.);
#6466 = FACE_BOUND('',#6467,.T.);
#6467 = EDGE_LOOP('',(#6468,#6469,#6492,#6513));
#6468 = ORIENTED_EDGE('',*,*,#6444,.T.);
#6469 = ORIENTED_EDGE('',*,*,#6470,.T.);
#6470 = EDGE_CURVE('',#6422,#6471,#6473,.T.);
#6471 = VERTEX_POINT('',#6472);
#6472 = CARTESIAN_POINT('',(404.3769,-94.7656,-42.5003));
#6473 = SURFACE_CURVE('',#6474,(#6478,#6485),.PCURVE_S1.);
#6474 = LINE('',#6475,#6476);
#6475 = CARTESIAN_POINT('',(404.6504,-100.,-42.5003));
#6476 = VECTOR('',#6477,1.);
#6477 = DIRECTION('',(-5.217931750954E-02,0.998637731524,-0.));
#6478 = PCURVE('',#4506,#6479);
#6479 = DEFINITIONAL_REPRESENTATION('',(#6480),#6484);
#6480 = LINE('',#6481,#6482);
#6481 = CARTESIAN_POINT('',(0.,-25.));
#6482 = VECTOR('',#6483,1.);
#6483 = DIRECTION('',(1.,0.));
#6484 = ( GEOMETRIC_REPRESENTATION_CONTEXT(2) 
PARAMETRIC_REPRESENTATION_CONTEXT() REPRESENTATION_CONTEXT('2D SPACE',''
  ) );
#6485 = PCURVE('',#5057,#6486);
#6486 = DEFINITIONAL_REPRESENTATION('',(#6487),#6491);
#6487 = LINE('',#6488,#6489);
#6488 = CARTESIAN_POINT('',(72.805026651133,-499.9986642594));
#6489 = VECTOR('',#6490,1.);
#6490 = DIRECTION('',(-5.217931750954E-02,-0.998637731524));
#6491 = ( GEOMETRIC_REPRESENTATION_CONTEXT(2) 
PARAMETRIC_REPRESENTATION_CONTEXT() REPRESENTATION_CONTEXT('2D SPACE',''
  ) );
#6492 = ORIENTED_EDGE('',*,*,#6493,.F.);
#6493 = EDGE_CURVE('',#4491,#6471,#6494,.T.);
#6494 = SURFACE_CURVE('',#6495,(#6499,#6506),.PCURVE_S1.);
#6495 = LINE('',#6496,#6497);
#6496 = CARTESIAN_POINT('',(404.3769,-94.7656,-67.5003));
#6497 = VECTOR('',#6498,1.);
#6498 = DIRECTION('',(-0.,-0.,1.));
#6499 = PCURVE('',#4506,#6500);
#6500 = DEFINITIONAL_REPRESENTATION('',(#6501),#6505);
#6501 = LINE('',#6502,#6503);
#6502 = CARTESIAN_POINT('',(5.24154038523,0.));
#6503 = VECTOR('',#6504,1.);
#6504 = DIRECTION('',(0.,-1.));
#6505 = ( GEOMETRIC_REPRESENTATION_CONTEXT(2) 
PARAMETRIC_REPRESENTATION_CONTEXT() REPRESENTATION_CONTEXT('2D SPACE',''
  ) );
#6506 = PCURVE('',#4534,#6507);
#6507 = DEFINITIONAL_REPRESENTATION('',(#6508),#6512);
#6508 = LINE('',#6509,#6510);
#6509 = CARTESIAN_POINT('',(0.,0.));
#6510 = VECTOR('',#6511,1.);
#6511 = DIRECTION('',(0.,-1.));
#6512 = ( GEOMETRIC_REPRESENTATION_CONTEXT(2) 
PARAMETRIC_REPRESENTATION_CONTEXT() REPRESENTATION_CONTEXT('2D SPACE',''
  ) );
#6513 = ORIENTED_EDGE('',*,*,#4490,.F.);
#6514 = ADVANCED_FACE('',(#6515),#4534,.T.);
#6515 = FACE_BOUND('',#6516,.T.);
#6516 = EDGE_LOOP('',(#6517,#6518,#6541,#6562));
#6517 = ORIENTED_EDGE('',*,*,#6493,.T.);
#6518 = ORIENTED_EDGE('',*,*,#6519,.T.);
#6519 = EDGE_CURVE('',#6471,#6520,#6522,.T.);
#6520 = VERTEX_POINT('',#6521);
#6521 = CARTESIAN_POINT('',(403.5566,-89.5898,-42.5003));
#6522 = SURFACE_CURVE('',#6523,(#6527,#6534),.PCURVE_S1.);
#6523 = LINE('',#6524,#6525);
#6524 = CARTESIAN_POINT('',(404.3769,-94.7656,-42.5003));
#6525 = VECTOR('',#6526,1.);
#6526 = DIRECTION('',(-0.156533836503,0.987672596577,-0.));
#6527 = PCURVE('',#4534,#6528);
#6528 = DEFINITIONAL_REPRESENTATION('',(#6529),#6533);
#6529 = LINE('',#6530,#6531);
#6530 = CARTESIAN_POINT('',(0.,-25.));
#6531 = VECTOR('',#6532,1.);
#6532 = DIRECTION('',(1.,0.));
#6533 = ( GEOMETRIC_REPRESENTATION_CONTEXT(2) 
PARAMETRIC_REPRESENTATION_CONTEXT() REPRESENTATION_CONTEXT('2D SPACE',''
  ) );
#6534 = PCURVE('',#5057,#6535);
#6535 = DEFINITIONAL_REPRESENTATION('',(#6536),#6540);
#6536 = LINE('',#6537,#6538);
#6537 = CARTESIAN_POINT('',(72.531526651133,-505.2330642594));
#6538 = VECTOR('',#6539,1.);
#6539 = DIRECTION('',(-0.156533836503,-0.987672596577));
#6540 = ( GEOMETRIC_REPRESENTATION_CONTEXT(2) 
PARAMETRIC_REPRESENTATION_CONTEXT() REPRESENTATION_CONTEXT('2D SPACE',''
  ) );
#6541 = ORIENTED_EDGE('',*,*,#6542,.F.);
#6542 = EDGE_CURVE('',#4519,#6520,#6543,.T.);
#6543 = SURFACE_CURVE('',#6544,(#6548,#6555),.PCURVE_S1.);
#6544 = LINE('',#6545,#6546);
#6545 = CARTESIAN_POINT('',(403.5566,-89.5898,-67.5003));
#6546 = VECTOR('',#6547,1.);
#6547 = DIRECTION('',(-0.,-0.,1.));
#6548 = PCURVE('',#4534,#6549);
#6549 = DEFINITIONAL_REPRESENTATION('',(#6550),#6554);
#6550 = LINE('',#6551,#6552);
#6551 = CARTESIAN_POINT('',(5.240400531448,0.));
#6552 = VECTOR('',#6553,1.);
#6553 = DIRECTION('',(0.,-1.));
#6554 = ( GEOMETRIC_REPRESENTATION_CONTEXT(2) 
PARAMETRIC_REPRESENTATION_CONTEXT() REPRESENTATION_CONTEXT('2D SPACE',''
  ) );
#6555 = PCURVE('',#4562,#6556);
#6556 = DEFINITIONAL_REPRESENTATION('',(#6557),#6561);
#6557 = LINE('',#6558,#6559);
#6558 = CARTESIAN_POINT('',(0.,0.));
#6559 = VECTOR('',#6560,1.);
#6560 = DIRECTION('',(0.,-1.));
#6561 = ( GEOMETRIC_REPRESENTATION_CONTEXT(2) 
PARAMETRIC_REPRESENTATION_CONTEXT() REPRESENTATION_CONTEXT('2D SPACE',''
  ) );
#6562 = ORIENTED_EDGE('',*,*,#4518,.F.);
#6563 = ADVANCED_FACE('',(#6564),#4562,.T.);
#6564 = FACE_BOUND('',#6565,.T.);
#6565 = EDGE_LOOP('',(#6566,#6567,#6590,#6611));
#6566 = ORIENTED_EDGE('',*,*,#6542,.T.);
#6567 = ORIENTED_EDGE('',*,*,#6568,.T.);
#6568 = EDGE_CURVE('',#6520,#6569,#6571,.T.);
#6569 = VERTEX_POINT('',#6570);
#6570 = CARTESIAN_POINT('',(402.2285,-84.5313,-42.5003));
#6571 = SURFACE_CURVE('',#6572,(#6576,#6583),.PCURVE_S1.);
#6572 = LINE('',#6573,#6574);
#6573 = CARTESIAN_POINT('',(403.5566,-89.5898,-42.5003));
#6574 = VECTOR('',#6575,1.);
#6575 = DIRECTION('',(-0.253941730344,0.967219518822,-0.));
#6576 = PCURVE('',#4562,#6577);
#6577 = DEFINITIONAL_REPRESENTATION('',(#6578),#6582);
#6578 = LINE('',#6579,#6580);
#6579 = CARTESIAN_POINT('',(0.,-25.));
#6580 = VECTOR('',#6581,1.);
#6581 = DIRECTION('',(1.,0.));
#6582 = ( GEOMETRIC_REPRESENTATION_CONTEXT(2) 
PARAMETRIC_REPRESENTATION_CONTEXT() REPRESENTATION_CONTEXT('2D SPACE',''
  ) );
#6583 = PCURVE('',#5057,#6584);
#6584 = DEFINITIONAL_REPRESENTATION('',(#6585),#6589);
#6585 = LINE('',#6586,#6587);
#6586 = CARTESIAN_POINT('',(71.711226651133,-510.4088642594));
#6587 = VECTOR('',#6588,1.);
#6588 = DIRECTION('',(-0.253941730344,-0.967219518822));
#6589 = ( GEOMETRIC_REPRESENTATION_CONTEXT(2) 
PARAMETRIC_REPRESENTATION_CONTEXT() REPRESENTATION_CONTEXT('2D SPACE',''
  ) );
#6590 = ORIENTED_EDGE('',*,*,#6591,.F.);
#6591 = EDGE_CURVE('',#4547,#6569,#6592,.T.);
#6592 = SURFACE_CURVE('',#6593,(#6597,#6604),.PCURVE_S1.);
#6593 = LINE('',#6594,#6595);
#6594 = CARTESIAN_POINT('',(402.2285,-84.5313,-67.5003));
#6595 = VECTOR('',#6596,1.);
#6596 = DIRECTION('',(-0.,-0.,1.));
#6597 = PCURVE('',#4562,#6598);
#6598 = DEFINITIONAL_REPRESENTATION('',(#6599),#6603);
#6599 = LINE('',#6600,#6601);
#6600 = CARTESIAN_POINT('',(5.22993994803,0.));
#6601 = VECTOR('',#6602,1.);
#6602 = DIRECTION('',(0.,-1.));
#6603 = ( GEOMETRIC_REPRESENTATION_CONTEXT(2) 
PARAMETRIC_REPRESENTATION_CONTEXT() REPRESENTATION_CONTEXT('2D SPACE',''
  ) );
#6604 = PCURVE('',#4590,#6605);
#6605 = DEFINITIONAL_REPRESENTATION('',(#6606),#6610);
#6606 = LINE('',#6607,#6608);
#6607 = CARTESIAN_POINT('',(0.,0.));
#6608 = VECTOR('',#6609,1.);
#6609 = DIRECTION('',(0.,-1.));
#6610 = ( GEOMETRIC_REPRESENTATION_CONTEXT(2) 
PARAMETRIC_REPRESENTATION_CONTEXT() REPRESENTATION_CONTEXT('2D SPACE',''
  ) );
#6611 = ORIENTED_EDGE('',*,*,#4546,.F.);
#6612 = ADVANCED_FACE('',(#6613),#4590,.T.);
#6613 = FACE_BOUND('',#6614,.T.);
#6614 = EDGE_LOOP('',(#6615,#6616,#6639,#6660));
#6615 = ORIENTED_EDGE('',*,*,#6591,.T.);
#6616 = ORIENTED_EDGE('',*,*,#6617,.T.);
#6617 = EDGE_CURVE('',#6569,#6618,#6620,.T.);
#6618 = VERTEX_POINT('',#6619);
#6619 = CARTESIAN_POINT('',(400.3535,-79.6484,-42.5003));
#6620 = SURFACE_CURVE('',#6621,(#6625,#6632),.PCURVE_S1.);
#6621 = LINE('',#6622,#6623);
#6622 = CARTESIAN_POINT('',(402.2285,-84.5313,-42.5003));
#6623 = VECTOR('',#6624,1.);
#6624 = DIRECTION('',(-0.358472976034,0.933540103827,-0.));
#6625 = PCURVE('',#4590,#6626);
#6626 = DEFINITIONAL_REPRESENTATION('',(#6627),#6631);
#6627 = LINE('',#6628,#6629);
#6628 = CARTESIAN_POINT('',(0.,-25.));
#6629 = VECTOR('',#6630,1.);
#6630 = DIRECTION('',(1.,0.));
#6631 = ( GEOMETRIC_REPRESENTATION_CONTEXT(2) 
PARAMETRIC_REPRESENTATION_CONTEXT() REPRESENTATION_CONTEXT('2D SPACE',''
  ) );
#6632 = PCURVE('',#5057,#6633);
#6633 = DEFINITIONAL_REPRESENTATION('',(#6634),#6638);
#6634 = LINE('',#6635,#6636);
#6635 = CARTESIAN_POINT('',(70.383126651133,-515.4673642594));
#6636 = VECTOR('',#6637,1.);
#6637 = DIRECTION('',(-0.358472976034,-0.933540103827));
#6638 = ( GEOMETRIC_REPRESENTATION_CONTEXT(2) 
PARAMETRIC_REPRESENTATION_CONTEXT() REPRESENTATION_CONTEXT('2D SPACE',''
  ) );
#6639 = ORIENTED_EDGE('',*,*,#6640,.F.);
#6640 = EDGE_CURVE('',#4575,#6618,#6641,.T.);
#6641 = SURFACE_CURVE('',#6642,(#6646,#6653),.PCURVE_S1.);
#6642 = LINE('',#6643,#6644);
#6643 = CARTESIAN_POINT('',(400.3535,-79.6484,-67.5003));
#6644 = VECTOR('',#6645,1.);
#6645 = DIRECTION('',(-0.,-0.,1.));
#6646 = PCURVE('',#4590,#6647);
#6647 = DEFINITIONAL_REPRESENTATION('',(#6648),#6652);
#6648 = LINE('',#6649,#6650);
#6649 = CARTESIAN_POINT('',(5.230519803041,0.));
#6650 = VECTOR('',#6651,1.);
#6651 = DIRECTION('',(0.,-1.));
#6652 = ( GEOMETRIC_REPRESENTATION_CONTEXT(2) 
PARAMETRIC_REPRESENTATION_CONTEXT() REPRESENTATION_CONTEXT('2D SPACE',''
  ) );
#6653 = PCURVE('',#4618,#6654);
#6654 = DEFINITIONAL_REPRESENTATION('',(#6655),#6659);
#6655 = LINE('',#6656,#6657);
#6656 = CARTESIAN_POINT('',(0.,0.));
#6657 = VECTOR('',#6658,1.);
#6658 = DIRECTION('',(0.,-1.));
#6659 = ( GEOMETRIC_REPRESENTATION_CONTEXT(2) 
PARAMETRIC_REPRESENTATION_CONTEXT() REPRESENTATION_CONTEXT('2D SPACE',''
  ) );
#6660 = ORIENTED_EDGE('',*,*,#4574,.F.);
#6661 = ADVANCED_FACE('',(#6662),#4618,.T.);
#6662 = FACE_BOUND('',#6663,.T.);
#6663 = EDGE_LOOP('',(#6664,#6665,#6688,#6709));
#6664 = ORIENTED_EDGE('',*,*,#6640,.T.);
#6665 = ORIENTED_EDGE('',*,*,#6666,.T.);
#6666 = EDGE_CURVE('',#6618,#6667,#6669,.T.);
#6667 = VERTEX_POINT('',#6668);
#6668 = CARTESIAN_POINT('',(397.9707,-75.,-42.5003));
#6669 = SURFACE_CURVE('',#6670,(#6674,#6681),.PCURVE_S1.);
#6670 = LINE('',#6671,#6672);
#6671 = CARTESIAN_POINT('',(400.3535,-79.6484,-42.5003));
#6672 = VECTOR('',#6673,1.);
#6673 = DIRECTION('',(-0.456165840073,0.889894783865,-0.));
#6674 = PCURVE('',#4618,#6675);
#6675 = DEFINITIONAL_REPRESENTATION('',(#6676),#6680);
#6676 = LINE('',#6677,#6678);
#6677 = CARTESIAN_POINT('',(0.,-25.));
#6678 = VECTOR('',#6679,1.);
#6679 = DIRECTION('',(1.,0.));
#6680 = ( GEOMETRIC_REPRESENTATION_CONTEXT(2) 
PARAMETRIC_REPRESENTATION_CONTEXT() REPRESENTATION_CONTEXT('2D SPACE',''
  ) );
#6681 = PCURVE('',#5057,#6682);
#6682 = DEFINITIONAL_REPRESENTATION('',(#6683),#6687);
#6683 = LINE('',#6684,#6685);
#6684 = CARTESIAN_POINT('',(68.508126651133,-520.3502642594));
#6685 = VECTOR('',#6686,1.);
#6686 = DIRECTION('',(-0.456165840073,-0.889894783865));
#6687 = ( GEOMETRIC_REPRESENTATION_CONTEXT(2) 
PARAMETRIC_REPRESENTATION_CONTEXT() REPRESENTATION_CONTEXT('2D SPACE',''
  ) );
#6688 = ORIENTED_EDGE('',*,*,#6689,.F.);
#6689 = EDGE_CURVE('',#4603,#6667,#6690,.T.);
#6690 = SURFACE_CURVE('',#6691,(#6695,#6702),.PCURVE_S1.);
#6691 = LINE('',#6692,#6693);
#6692 = CARTESIAN_POINT('',(397.9707,-75.,-67.5003));
#6693 = VECTOR('',#6694,1.);
#6694 = DIRECTION('',(-0.,-0.,1.));
#6695 = PCURVE('',#4618,#6696);
#6696 = DEFINITIONAL_REPRESENTATION('',(#6697),#6701);
#6697 = LINE('',#6698,#6699);
#6698 = CARTESIAN_POINT('',(5.223538877045,0.));
#6699 = VECTOR('',#6700,1.);
#6700 = DIRECTION('',(0.,-1.));
#6701 = ( GEOMETRIC_REPRESENTATION_CONTEXT(2) 
PARAMETRIC_REPRESENTATION_CONTEXT() REPRESENTATION_CONTEXT('2D SPACE',''
  ) );
#6702 = PCURVE('',#4646,#6703);
#6703 = DEFINITIONAL_REPRESENTATION('',(#6704),#6708);
#6704 = LINE('',#6705,#6706);
#6705 = CARTESIAN_POINT('',(0.,0.));
#6706 = VECTOR('',#6707,1.);
#6707 = DIRECTION('',(0.,-1.));
#6708 = ( GEOMETRIC_REPRESENTATION_CONTEXT(2) 
PARAMETRIC_REPRESENTATION_CONTEXT() REPRESENTATION_CONTEXT('2D SPACE',''
  ) );
#6709 = ORIENTED_EDGE('',*,*,#4602,.F.);
#6710 = ADVANCED_FACE('',(#6711),#4646,.T.);
#6711 = FACE_BOUND('',#6712,.T.);
#6712 = EDGE_LOOP('',(#6713,#6714,#6737,#6758));
#6713 = ORIENTED_EDGE('',*,*,#6689,.T.);
#6714 = ORIENTED_EDGE('',*,*,#6715,.T.);
#6715 = EDGE_CURVE('',#6667,#6716,#6718,.T.);
#6716 = VERTEX_POINT('',#6717);
#6717 = CARTESIAN_POINT('',(395.1191,-70.6055,-42.5003));
#6718 = SURFACE_CURVE('',#6719,(#6723,#6730),.PCURVE_S1.);
#6719 = LINE('',#6720,#6721);
#6720 = CARTESIAN_POINT('',(397.9707,-75.,-42.5003));
#6721 = VECTOR('',#6722,1.);
#6722 = DIRECTION('',(-0.544340706762,0.838864229158,-0.));
#6723 = PCURVE('',#4646,#6724);
#6724 = DEFINITIONAL_REPRESENTATION('',(#6725),#6729);
#6725 = LINE('',#6726,#6727);
#6726 = CARTESIAN_POINT('',(0.,-25.));
#6727 = VECTOR('',#6728,1.);
#6728 = DIRECTION('',(1.,0.));
#6729 = ( GEOMETRIC_REPRESENTATION_CONTEXT(2) 
PARAMETRIC_REPRESENTATION_CONTEXT() REPRESENTATION_CONTEXT('2D SPACE',''
  ) );
#6730 = PCURVE('',#5057,#6731);
#6731 = DEFINITIONAL_REPRESENTATION('',(#6732),#6736);
#6732 = LINE('',#6733,#6734);
#6733 = CARTESIAN_POINT('',(66.125326651133,-524.9986642594));
#6734 = VECTOR('',#6735,1.);
#6735 = DIRECTION('',(-0.544340706762,-0.838864229158));
#6736 = ( GEOMETRIC_REPRESENTATION_CONTEXT(2) 
PARAMETRIC_REPRESENTATION_CONTEXT() REPRESENTATION_CONTEXT('2D SPACE',''
  ) );
#6737 = ORIENTED_EDGE('',*,*,#6738,.F.);
#6738 = EDGE_CURVE('',#4631,#6716,#6739,.T.);
#6739 = SURFACE_CURVE('',#6740,(#6744,#6751),.PCURVE_S1.);
#6740 = LINE('',#6741,#6742);
#6741 = CARTESIAN_POINT('',(395.1191,-70.6055,-67.5003));
#6742 = VECTOR('',#6743,1.);
#6743 = DIRECTION('',(-0.,-0.,1.));
#6744 = PCURVE('',#4646,#6745);
#6745 = DEFINITIONAL_REPRESENTATION('',(#6746),#6750);
#6746 = LINE('',#6747,#6748);
#6747 = CARTESIAN_POINT('',(5.23863081444,0.));
#6748 = VECTOR('',#6749,1.);
#6749 = DIRECTION('',(0.,-1.));
#6750 = ( GEOMETRIC_REPRESENTATION_CONTEXT(2) 
PARAMETRIC_REPRESENTATION_CONTEXT() REPRESENTATION_CONTEXT('2D SPACE',''
  ) );
#6751 = PCURVE('',#4674,#6752);
#6752 = DEFINITIONAL_REPRESENTATION('',(#6753),#6757);
#6753 = LINE('',#6754,#6755);
#6754 = CARTESIAN_POINT('',(0.,0.));
#6755 = VECTOR('',#6756,1.);
#6756 = DIRECTION('',(0.,-1.));
#6757 = ( GEOMETRIC_REPRESENTATION_CONTEXT(2) 
PARAMETRIC_REPRESENTATION_CONTEXT() REPRESENTATION_CONTEXT('2D SPACE',''
  ) );
#6758 = ORIENTED_EDGE('',*,*,#4630,.F.);
#6759 = ADVANCED_FACE('',(#6760),#4674,.T.);
#6760 = FACE_BOUND('',#6761,.T.);
#6761 = EDGE_LOOP('',(#6762,#6763,#6786,#6807));
#6762 = ORIENTED_EDGE('',*,*,#6738,.T.);
#6763 = ORIENTED_EDGE('',*,*,#6764,.T.);
#6764 = EDGE_CURVE('',#6716,#6765,#6767,.T.);
#6765 = VERTEX_POINT('',#6766);
#6766 = CARTESIAN_POINT('',(391.7988,-66.543,-42.5003));
#6767 = SURFACE_CURVE('',#6768,(#6772,#6779),.PCURVE_S1.);
#6768 = LINE('',#6769,#6770);
#6769 = CARTESIAN_POINT('',(395.1191,-70.6055,-42.5003));
#6770 = VECTOR('',#6771,1.);
#6771 = DIRECTION('',(-0.632830849598,0.774290072129,-0.));
#6772 = PCURVE('',#4674,#6773);
#6773 = DEFINITIONAL_REPRESENTATION('',(#6774),#6778);
#6774 = LINE('',#6775,#6776);
#6775 = CARTESIAN_POINT('',(0.,-25.));
#6776 = VECTOR('',#6777,1.);
#6777 = DIRECTION('',(1.,0.));
#6778 = ( GEOMETRIC_REPRESENTATION_CONTEXT(2) 
PARAMETRIC_REPRESENTATION_CONTEXT() REPRESENTATION_CONTEXT('2D SPACE',''
  ) );
#6779 = PCURVE('',#5057,#6780);
#6780 = DEFINITIONAL_REPRESENTATION('',(#6781),#6785);
#6781 = LINE('',#6782,#6783);
#6782 = CARTESIAN_POINT('',(63.273726651133,-529.3931642594));
#6783 = VECTOR('',#6784,1.);
#6784 = DIRECTION('',(-0.632830849598,-0.774290072129));
#6785 = ( GEOMETRIC_REPRESENTATION_CONTEXT(2) 
PARAMETRIC_REPRESENTATION_CONTEXT() REPRESENTATION_CONTEXT('2D SPACE',''
  ) );
#6786 = ORIENTED_EDGE('',*,*,#6787,.F.);
#6787 = EDGE_CURVE('',#4659,#6765,#6788,.T.);
#6788 = SURFACE_CURVE('',#6789,(#6793,#6800),.PCURVE_S1.);
#6789 = LINE('',#6790,#6791);
#6790 = CARTESIAN_POINT('',(391.7988,-66.543,-67.5003));
#6791 = VECTOR('',#6792,1.);
#6792 = DIRECTION('',(-0.,-0.,1.));
#6793 = PCURVE('',#4674,#6794);
#6794 = DEFINITIONAL_REPRESENTATION('',(#6795),#6799);
#6795 = LINE('',#6796,#6797);
#6796 = CARTESIAN_POINT('',(5.246741687943,0.));
#6797 = VECTOR('',#6798,1.);
#6798 = DIRECTION('',(0.,-1.));
#6799 = ( GEOMETRIC_REPRESENTATION_CONTEXT(2) 
PARAMETRIC_REPRESENTATION_CONTEXT() REPRESENTATION_CONTEXT('2D SPACE',''
  ) );
#6800 = PCURVE('',#4702,#6801);
#6801 = DEFINITIONAL_REPRESENTATION('',(#6802),#6806);
#6802 = LINE('',#6803,#6804);
#6803 = CARTESIAN_POINT('',(0.,0.));
#6804 = VECTOR('',#6805,1.);
#6805 = DIRECTION('',(0.,-1.));
#6806 = ( GEOMETRIC_REPRESENTATION_CONTEXT(2) 
PARAMETRIC_REPRESENTATION_CONTEXT() REPRESENTATION_CONTEXT('2D SPACE',''
  ) );
#6807 = ORIENTED_EDGE('',*,*,#4658,.F.);
#6808 = ADVANCED_FACE('',(#6809),#4702,.T.);
#6809 = FACE_BOUND('',#6810,.T.);
#6810 = EDGE_LOOP('',(#6811,#6812,#6835,#6856));
#6811 = ORIENTED_EDGE('',*,*,#6787,.T.);
#6812 = ORIENTED_EDGE('',*,*,#6813,.T.);
#6813 = EDGE_CURVE('',#6765,#6814,#6816,.T.);
#6814 = VERTEX_POINT('',#6815);
#6815 = CARTESIAN_POINT('',(388.1269,-62.832,-42.5003));
#6816 = SURFACE_CURVE('',#6817,(#6821,#6828),.PCURVE_S1.);
#6817 = LINE('',#6818,#6819);
#6818 = CARTESIAN_POINT('',(391.7988,-66.543,-42.5003));
#6819 = VECTOR('',#6820,1.);
#6820 = DIRECTION('',(-0.703352064509,0.710841665458,-0.));
#6821 = PCURVE('',#4702,#6822);
#6822 = DEFINITIONAL_REPRESENTATION('',(#6823),#6827);
#6823 = LINE('',#6824,#6825);
#6824 = CARTESIAN_POINT('',(0.,-25.));
#6825 = VECTOR('',#6826,1.);
#6826 = DIRECTION('',(1.,0.));
#6827 = ( GEOMETRIC_REPRESENTATION_CONTEXT(2) 
PARAMETRIC_REPRESENTATION_CONTEXT() REPRESENTATION_CONTEXT('2D SPACE',''
  ) );
#6828 = PCURVE('',#5057,#6829);
#6829 = DEFINITIONAL_REPRESENTATION('',(#6830),#6834);
#6830 = LINE('',#6831,#6832);
#6831 = CARTESIAN_POINT('',(59.953426651133,-533.4556642594));
#6832 = VECTOR('',#6833,1.);
#6833 = DIRECTION('',(-0.703352064509,-0.710841665458));
#6834 = ( GEOMETRIC_REPRESENTATION_CONTEXT(2) 
PARAMETRIC_REPRESENTATION_CONTEXT() REPRESENTATION_CONTEXT('2D SPACE',''
  ) );
#6835 = ORIENTED_EDGE('',*,*,#6836,.F.);
#6836 = EDGE_CURVE('',#4687,#6814,#6837,.T.);
#6837 = SURFACE_CURVE('',#6838,(#6842,#6849),.PCURVE_S1.);
#6838 = LINE('',#6839,#6840);
#6839 = CARTESIAN_POINT('',(388.1269,-62.832,-67.5003));
#6840 = VECTOR('',#6841,1.);
#6841 = DIRECTION('',(-0.,-0.,1.));
#6842 = PCURVE('',#4702,#6843);
#6843 = DEFINITIONAL_REPRESENTATION('',(#6844),#6848);
#6844 = LINE('',#6845,#6846);
#6845 = CARTESIAN_POINT('',(5.220571866185,0.));
#6846 = VECTOR('',#6847,1.);
#6847 = DIRECTION('',(0.,-1.));
#6848 = ( GEOMETRIC_REPRESENTATION_CONTEXT(2) 
PARAMETRIC_REPRESENTATION_CONTEXT() REPRESENTATION_CONTEXT('2D SPACE',''
  ) );
#6849 = PCURVE('',#4730,#6850);
#6850 = DEFINITIONAL_REPRESENTATION('',(#6851),#6855);
#6851 = LINE('',#6852,#6853);
#6852 = CARTESIAN_POINT('',(0.,0.));
#6853 = VECTOR('',#6854,1.);
#6854 = DIRECTION('',(0.,-1.));
#6855 = ( GEOMETRIC_REPRESENTATION_CONTEXT(2) 
PARAMETRIC_REPRESENTATION_CONTEXT() REPRESENTATION_CONTEXT('2D SPACE',''
  ) );
#6856 = ORIENTED_EDGE('',*,*,#4686,.F.);
#6857 = ADVANCED_FACE('',(#6858),#4730,.T.);
#6858 = FACE_BOUND('',#6859,.T.);
#6859 = EDGE_LOOP('',(#6860,#6861,#6884,#6905));
#6860 = ORIENTED_EDGE('',*,*,#6836,.T.);
#6861 = ORIENTED_EDGE('',*,*,#6862,.T.);
#6862 = EDGE_CURVE('',#6814,#6863,#6865,.T.);
#6863 = VERTEX_POINT('',#6864);
#6864 = CARTESIAN_POINT('',(384.0644,-59.5313,-42.5003));
#6865 = SURFACE_CURVE('',#6866,(#6870,#6877),.PCURVE_S1.);
#6866 = LINE('',#6867,#6868);
#6867 = CARTESIAN_POINT('',(388.1269,-62.832,-42.5003));
#6868 = VECTOR('',#6869,1.);
#6869 = DIRECTION('',(-0.776121596921,0.630583275066,-0.));
#6870 = PCURVE('',#4730,#6871);
#6871 = DEFINITIONAL_REPRESENTATION('',(#6872),#6876);
#6872 = LINE('',#6873,#6874);
#6873 = CARTESIAN_POINT('',(0.,-25.));
#6874 = VECTOR('',#6875,1.);
#6875 = DIRECTION('',(1.,0.));
#6876 = ( GEOMETRIC_REPRESENTATION_CONTEXT(2) 
PARAMETRIC_REPRESENTATION_CONTEXT() REPRESENTATION_CONTEXT('2D SPACE',''
  ) );
#6877 = PCURVE('',#5057,#6878);
#6878 = DEFINITIONAL_REPRESENTATION('',(#6879),#6883);
#6879 = LINE('',#6880,#6881);
#6880 = CARTESIAN_POINT('',(56.281526651133,-537.1666642594));
#6881 = VECTOR('',#6882,1.);
#6882 = DIRECTION('',(-0.776121596921,-0.630583275066));
#6883 = ( GEOMETRIC_REPRESENTATION_CONTEXT(2) 
PARAMETRIC_REPRESENTATION_CONTEXT() REPRESENTATION_CONTEXT('2D SPACE',''
  ) );
#6884 = ORIENTED_EDGE('',*,*,#6885,.F.);
#6885 = EDGE_CURVE('',#4715,#6863,#6886,.T.);
#6886 = SURFACE_CURVE('',#6887,(#6891,#6898),.PCURVE_S1.);
#6887 = LINE('',#6888,#6889);
#6888 = CARTESIAN_POINT('',(384.0644,-59.5313,-67.5003));
#6889 = VECTOR('',#6890,1.);
#6890 = DIRECTION('',(-0.,-0.,1.));
#6891 = PCURVE('',#4730,#6892);
#6892 = DEFINITIONAL_REPRESENTATION('',(#6893),#6897);
#6893 = LINE('',#6894,#6895);
#6894 = CARTESIAN_POINT('',(5.234360203501,0.));
#6895 = VECTOR('',#6896,1.);
#6896 = DIRECTION('',(0.,-1.));
#6897 = ( GEOMETRIC_REPRESENTATION_CONTEXT(2) 
PARAMETRIC_REPRESENTATION_CONTEXT() REPRESENTATION_CONTEXT('2D SPACE',''
  ) );
#6898 = PCURVE('',#4758,#6899);
#6899 = DEFINITIONAL_REPRESENTATION('',(#6900),#6904);
#6900 = LINE('',#6901,#6902);
#6901 = CARTESIAN_POINT('',(0.,0.));
#6902 = VECTOR('',#6903,1.);
#6903 = DIRECTION('',(0.,-1.));
#6904 = ( GEOMETRIC_REPRESENTATION_CONTEXT(2) 
PARAMETRIC_REPRESENTATION_CONTEXT() REPRESENTATION_CONTEXT('2D SPACE',''
  ) );
#6905 = ORIENTED_EDGE('',*,*,#4714,.F.);
#6906 = ADVANCED_FACE('',(#6907),#4758,.T.);
#6907 = FACE_BOUND('',#6908,.T.);
#6908 = EDGE_LOOP('',(#6909,#6910,#6933,#6954));
#6909 = ORIENTED_EDGE('',*,*,#6885,.T.);
#6910 = ORIENTED_EDGE('',*,*,#6911,.T.);
#6911 = EDGE_CURVE('',#6863,#6912,#6914,.T.);
#6912 = VERTEX_POINT('',#6913);
#6913 = CARTESIAN_POINT('',(379.6504,-56.6992,-42.5003));
#6914 = SURFACE_CURVE('',#6915,(#6919,#6926),.PCURVE_S1.);
#6915 = LINE('',#6916,#6917);
#6916 = CARTESIAN_POINT('',(384.0644,-59.5313,-42.5003));
#6917 = VECTOR('',#6918,1.);
#6918 = DIRECTION('',(-0.841652712527,0.540019176971,-0.));
#6919 = PCURVE('',#4758,#6920);
#6920 = DEFINITIONAL_REPRESENTATION('',(#6921),#6925);
#6921 = LINE('',#6922,#6923);
#6922 = CARTESIAN_POINT('',(0.,-25.));
#6923 = VECTOR('',#6924,1.);
#6924 = DIRECTION('',(1.,0.));
#6925 = ( GEOMETRIC_REPRESENTATION_CONTEXT(2) 
PARAMETRIC_REPRESENTATION_CONTEXT() REPRESENTATION_CONTEXT('2D SPACE',''
  ) );
#6926 = PCURVE('',#5057,#6927);
#6927 = DEFINITIONAL_REPRESENTATION('',(#6928),#6932);
#6928 = LINE('',#6929,#6930);
#6929 = CARTESIAN_POINT('',(52.219026651133,-540.4673642594));
#6930 = VECTOR('',#6931,1.);
#6931 = DIRECTION('',(-0.841652712527,-0.540019176971));
#6932 = ( GEOMETRIC_REPRESENTATION_CONTEXT(2) 
PARAMETRIC_REPRESENTATION_CONTEXT() REPRESENTATION_CONTEXT('2D SPACE',''
  ) );
#6933 = ORIENTED_EDGE('',*,*,#6934,.F.);
#6934 = EDGE_CURVE('',#4743,#6912,#6935,.T.);
#6935 = SURFACE_CURVE('',#6936,(#6940,#6947),.PCURVE_S1.);
#6936 = LINE('',#6937,#6938);
#6937 = CARTESIAN_POINT('',(379.6504,-56.6992,-67.5003));
#6938 = VECTOR('',#6939,1.);
#6939 = DIRECTION('',(-0.,-0.,1.));
#6940 = PCURVE('',#4758,#6941);
#6941 = DEFINITIONAL_REPRESENTATION('',(#6942),#6946);
#6942 = LINE('',#6943,#6944);
#6943 = CARTESIAN_POINT('',(5.244443384192,0.));
#6944 = VECTOR('',#6945,1.);
#6945 = DIRECTION('',(0.,-1.));
#6946 = ( GEOMETRIC_REPRESENTATION_CONTEXT(2) 
PARAMETRIC_REPRESENTATION_CONTEXT() REPRESENTATION_CONTEXT('2D SPACE',''
  ) );
#6947 = PCURVE('',#4786,#6948);
#6948 = DEFINITIONAL_REPRESENTATION('',(#6949),#6953);
#6949 = LINE('',#6950,#6951);
#6950 = CARTESIAN_POINT('',(0.,0.));
#6951 = VECTOR('',#6952,1.);
#6952 = DIRECTION('',(0.,-1.));
#6953 = ( GEOMETRIC_REPRESENTATION_CONTEXT(2) 
PARAMETRIC_REPRESENTATION_CONTEXT() REPRESENTATION_CONTEXT('2D SPACE',''
  ) );
#6954 = ORIENTED_EDGE('',*,*,#4742,.F.);
#6955 = ADVANCED_FACE('',(#6956),#4786,.T.);
#6956 = FACE_BOUND('',#6957,.T.);
#6957 = EDGE_LOOP('',(#6958,#6959,#6982,#7003));
#6958 = ORIENTED_EDGE('',*,*,#6934,.T.);
#6959 = ORIENTED_EDGE('',*,*,#6960,.T.);
#6960 = EDGE_CURVE('',#6912,#6961,#6963,.T.);
#6961 = VERTEX_POINT('',#6962);
#6962 = CARTESIAN_POINT('',(375.0019,-54.3164,-42.5003));
#6963 = SURFACE_CURVE('',#6964,(#6968,#6975),.PCURVE_S1.);
#6964 = LINE('',#6965,#6966);
#6965 = CARTESIAN_POINT('',(379.6504,-56.6992,-42.5003));
#6966 = VECTOR('',#6967,1.);
#6967 = DIRECTION('',(-0.889898767409,0.456158068836,-0.));
#6968 = PCURVE('',#4786,#6969);
#6969 = DEFINITIONAL_REPRESENTATION('',(#6970),#6974);
#6970 = LINE('',#6971,#6972);
#6971 = CARTESIAN_POINT('',(0.,-25.));
#6972 = VECTOR('',#6973,1.);
#6973 = DIRECTION('',(1.,0.));
#6974 = ( GEOMETRIC_REPRESENTATION_CONTEXT(2) 
PARAMETRIC_REPRESENTATION_CONTEXT() REPRESENTATION_CONTEXT('2D SPACE',''
  ) );
#6975 = PCURVE('',#5057,#6976);
#6976 = DEFINITIONAL_REPRESENTATION('',(#6977),#6981);
#6977 = LINE('',#6978,#6979);
#6978 = CARTESIAN_POINT('',(47.805026651133,-543.2994642594));
#6979 = VECTOR('',#6980,1.);
#6980 = DIRECTION('',(-0.889898767409,-0.456158068836));
#6981 = ( GEOMETRIC_REPRESENTATION_CONTEXT(2) 
PARAMETRIC_REPRESENTATION_CONTEXT() REPRESENTATION_CONTEXT('2D SPACE',''
  ) );
#6982 = ORIENTED_EDGE('',*,*,#6983,.F.);
#6983 = EDGE_CURVE('',#4771,#6961,#6984,.T.);
#6984 = SURFACE_CURVE('',#6985,(#6989,#6996),.PCURVE_S1.);
#6985 = LINE('',#6986,#6987);
#6986 = CARTESIAN_POINT('',(375.0019,-54.3164,-67.5003));
#6987 = VECTOR('',#6988,1.);
#6988 = DIRECTION('',(-0.,-0.,1.));
#6989 = PCURVE('',#4786,#6990);
#6990 = DEFINITIONAL_REPRESENTATION('',(#6991),#6995);
#6991 = LINE('',#6992,#6993);
#6992 = CARTESIAN_POINT('',(5.223627866723,0.));
#6993 = VECTOR('',#6994,1.);
#6994 = DIRECTION('',(0.,-1.));
#6995 = ( GEOMETRIC_REPRESENTATION_CONTEXT(2) 
PARAMETRIC_REPRESENTATION_CONTEXT() REPRESENTATION_CONTEXT('2D SPACE',''
  ) );
#6996 = PCURVE('',#4814,#6997);
#6997 = DEFINITIONAL_REPRESENTATION('',(#6998),#7002);
#6998 = LINE('',#6999,#7000);
#6999 = CARTESIAN_POINT('',(0.,0.));
#7000 = VECTOR('',#7001,1.);
#7001 = DIRECTION('',(0.,-1.));
#7002 = ( GEOMETRIC_REPRESENTATION_CONTEXT(2) 
PARAMETRIC_REPRESENTATION_CONTEXT() REPRESENTATION_CONTEXT('2D SPACE',''
  ) );
#7003 = ORIENTED_EDGE('',*,*,#4770,.F.);
#7004 = ADVANCED_FACE('',(#7005),#4814,.T.);
#7005 = FACE_BOUND('',#7006,.T.);
#7006 = EDGE_LOOP('',(#7007,#7008,#7031,#7052));
#7007 = ORIENTED_EDGE('',*,*,#6983,.T.);
#7008 = ORIENTED_EDGE('',*,*,#7009,.T.);
#7009 = EDGE_CURVE('',#6961,#7010,#7012,.T.);
#7010 = VERTEX_POINT('',#7011);
#7011 = CARTESIAN_POINT('',(370.1191,-52.4414,-42.5003));
#7012 = SURFACE_CURVE('',#7013,(#7017,#7024),.PCURVE_S1.);
#7013 = LINE('',#7014,#7015);
#7014 = CARTESIAN_POINT('',(375.0019,-54.3164,-42.5003));
#7015 = VECTOR('',#7016,1.);
#7016 = DIRECTION('',(-0.933537646972,0.358479374144,-0.));
#7017 = PCURVE('',#4814,#7018);
#7018 = DEFINITIONAL_REPRESENTATION('',(#7019),#7023);
#7019 = LINE('',#7020,#7021);
#7020 = CARTESIAN_POINT('',(0.,-25.));
#7021 = VECTOR('',#7022,1.);
#7022 = DIRECTION('',(1.,0.));
#7023 = ( GEOMETRIC_REPRESENTATION_CONTEXT(2) 
PARAMETRIC_REPRESENTATION_CONTEXT() REPRESENTATION_CONTEXT('2D SPACE',''
  ) );
#7024 = PCURVE('',#5057,#7025);
#7025 = DEFINITIONAL_REPRESENTATION('',(#7026),#7030);
#7026 = LINE('',#7027,#7028);
#7027 = CARTESIAN_POINT('',(43.156526651133,-545.6822642594));
#7028 = VECTOR('',#7029,1.);
#7029 = DIRECTION('',(-0.933537646972,-0.358479374144));
#7030 = ( GEOMETRIC_REPRESENTATION_CONTEXT(2) 
PARAMETRIC_REPRESENTATION_CONTEXT() REPRESENTATION_CONTEXT('2D SPACE',''
  ) );
#7031 = ORIENTED_EDGE('',*,*,#7032,.F.);
#7032 = EDGE_CURVE('',#4799,#7010,#7033,.T.);
#7033 = SURFACE_CURVE('',#7034,(#7038,#7045),.PCURVE_S1.);
#7034 = LINE('',#7035,#7036);
#7035 = CARTESIAN_POINT('',(370.1191,-52.4414,-67.5003));
#7036 = VECTOR('',#7037,1.);
#7037 = DIRECTION('',(-0.,-0.,1.));
#7038 = PCURVE('',#4814,#7039);
#7039 = DEFINITIONAL_REPRESENTATION('',(#7040),#7044);
#7040 = LINE('',#7041,#7042);
#7041 = CARTESIAN_POINT('',(5.230426449153,0.));
#7042 = VECTOR('',#7043,1.);
#7043 = DIRECTION('',(0.,-1.));
#7044 = ( GEOMETRIC_REPRESENTATION_CONTEXT(2) 
PARAMETRIC_REPRESENTATION_CONTEXT() REPRESENTATION_CONTEXT('2D SPACE',''
  ) );
#7045 = PCURVE('',#4842,#7046);
#7046 = DEFINITIONAL_REPRESENTATION('',(#7047),#7051);
#7047 = LINE('',#7048,#7049);
#7048 = CARTESIAN_POINT('',(0.,0.));
#7049 = VECTOR('',#7050,1.);
#7050 = DIRECTION('',(0.,-1.));
#7051 = ( GEOMETRIC_REPRESENTATION_CONTEXT(2) 
PARAMETRIC_REPRESENTATION_CONTEXT() REPRESENTATION_CONTEXT('2D SPACE',''
  ) );
#7052 = ORIENTED_EDGE('',*,*,#4798,.F.);
#7053 = ADVANCED_FACE('',(#7054),#4842,.T.);
#7054 = FACE_BOUND('',#7055,.T.);
#7055 = EDGE_LOOP('',(#7056,#7057,#7080,#7101));
#7056 = ORIENTED_EDGE('',*,*,#7032,.T.);
#7057 = ORIENTED_EDGE('',*,*,#7058,.T.);
#7058 = EDGE_CURVE('',#7010,#7059,#7061,.T.);
#7059 = VERTEX_POINT('',#7060);
#7060 = CARTESIAN_POINT('',(365.041,-51.0938,-42.5003));
#7061 = SURFACE_CURVE('',#7062,(#7066,#7073),.PCURVE_S1.);
#7062 = LINE('',#7063,#7064);
#7063 = CARTESIAN_POINT('',(370.1191,-52.4414,-42.5003));
#7064 = VECTOR('',#7065,1.);
#7065 = DIRECTION('',(-0.966545092179,0.256496753947,-0.));
#7066 = PCURVE('',#4842,#7067);
#7067 = DEFINITIONAL_REPRESENTATION('',(#7068),#7072);
#7068 = LINE('',#7069,#7070);
#7069 = CARTESIAN_POINT('',(0.,-25.));
#7070 = VECTOR('',#7071,1.);
#7071 = DIRECTION('',(1.,0.));
#7072 = ( GEOMETRIC_REPRESENTATION_CONTEXT(2) 
PARAMETRIC_REPRESENTATION_CONTEXT() REPRESENTATION_CONTEXT('2D SPACE',''
  ) );
#7073 = PCURVE('',#5057,#7074);
#7074 = DEFINITIONAL_REPRESENTATION('',(#7075),#7079);
#7075 = LINE('',#7076,#7077);
#7076 = CARTESIAN_POINT('',(38.273726651133,-547.5572642594));
#7077 = VECTOR('',#7078,1.);
#7078 = DIRECTION('',(-0.966545092179,-0.256496753947));
#7079 = ( GEOMETRIC_REPRESENTATION_CONTEXT(2) 
PARAMETRIC_REPRESENTATION_CONTEXT() REPRESENTATION_CONTEXT('2D SPACE',''
  ) );
#7080 = ORIENTED_EDGE('',*,*,#7081,.F.);
#7081 = EDGE_CURVE('',#4827,#7059,#7082,.T.);
#7082 = SURFACE_CURVE('',#7083,(#7087,#7094),.PCURVE_S1.);
#7083 = LINE('',#7084,#7085);
#7084 = CARTESIAN_POINT('',(365.041,-51.0938,-67.5003));
#7085 = VECTOR('',#7086,1.);
#7086 = DIRECTION('',(-0.,-0.,1.));
#7087 = PCURVE('',#4842,#7088);
#7088 = DEFINITIONAL_REPRESENTATION('',(#7089),#7093);
#7089 = LINE('',#7090,#7091);
#7090 = CARTESIAN_POINT('',(5.253867658211,0.));
#7091 = VECTOR('',#7092,1.);
#7092 = DIRECTION('',(0.,-1.));
#7093 = ( GEOMETRIC_REPRESENTATION_CONTEXT(2) 
PARAMETRIC_REPRESENTATION_CONTEXT() REPRESENTATION_CONTEXT('2D SPACE',''
  ) );
#7094 = PCURVE('',#4870,#7095);
#7095 = DEFINITIONAL_REPRESENTATION('',(#7096),#7100);
#7096 = LINE('',#7097,#7098);
#7097 = CARTESIAN_POINT('',(0.,0.));
#7098 = VECTOR('',#7099,1.);
#7099 = DIRECTION('',(0.,-1.));
#7100 = ( GEOMETRIC_REPRESENTATION_CONTEXT(2) 
PARAMETRIC_REPRESENTATION_CONTEXT() REPRESENTATION_CONTEXT('2D SPACE',''
  ) );
#7101 = ORIENTED_EDGE('',*,*,#4826,.F.);
#7102 = ADVANCED_FACE('',(#7103),#4870,.T.);
#7103 = FACE_BOUND('',#7104,.T.);
#7104 = EDGE_LOOP('',(#7105,#7106,#7129,#7150));
#7105 = ORIENTED_EDGE('',*,*,#7081,.T.);
#7106 = ORIENTED_EDGE('',*,*,#7107,.T.);
#7107 = EDGE_CURVE('',#7059,#7108,#7110,.T.);
#7108 = VERTEX_POINT('',#7109);
#7109 = CARTESIAN_POINT('',(359.8848,-50.2734,-42.5003));
#7110 = SURFACE_CURVE('',#7111,(#7115,#7122),.PCURVE_S1.);
#7111 = LINE('',#7112,#7113);
#7112 = CARTESIAN_POINT('',(365.041,-51.0938,-42.5003));
#7113 = VECTOR('',#7114,1.);
#7114 = DIRECTION('',(-0.987577469377,0.157132880004,-0.));
#7115 = PCURVE('',#4870,#7116);
#7116 = DEFINITIONAL_REPRESENTATION('',(#7117),#7121);
#7117 = LINE('',#7118,#7119);
#7118 = CARTESIAN_POINT('',(0.,-25.));
#7119 = VECTOR('',#7120,1.);
#7120 = DIRECTION('',(1.,0.));
#7121 = ( GEOMETRIC_REPRESENTATION_CONTEXT(2) 
PARAMETRIC_REPRESENTATION_CONTEXT() REPRESENTATION_CONTEXT('2D SPACE',''
  ) );
#7122 = PCURVE('',#5057,#7123);
#7123 = DEFINITIONAL_REPRESENTATION('',(#7124),#7128);
#7124 = LINE('',#7125,#7126);
#7125 = CARTESIAN_POINT('',(33.195626651133,-548.9048642594));
#7126 = VECTOR('',#7127,1.);
#7127 = DIRECTION('',(-0.987577469377,-0.157132880004));
#7128 = ( GEOMETRIC_REPRESENTATION_CONTEXT(2) 
PARAMETRIC_REPRESENTATION_CONTEXT() REPRESENTATION_CONTEXT('2D SPACE',''
  ) );
#7129 = ORIENTED_EDGE('',*,*,#7130,.F.);
#7130 = EDGE_CURVE('',#4855,#7108,#7131,.T.);
#7131 = SURFACE_CURVE('',#7132,(#7136,#7143),.PCURVE_S1.);
#7132 = LINE('',#7133,#7134);
#7133 = CARTESIAN_POINT('',(359.8848,-50.2734,-67.5003));
#7134 = VECTOR('',#7135,1.);
#7135 = DIRECTION('',(-0.,-0.,1.));
#7136 = PCURVE('',#4870,#7137);
#7137 = DEFINITIONAL_REPRESENTATION('',(#7138),#7142);
#7138 = LINE('',#7139,#7140);
#7139 = CARTESIAN_POINT('',(5.221058762358,0.));
#7140 = VECTOR('',#7141,1.);
#7141 = DIRECTION('',(0.,-1.));
#7142 = ( GEOMETRIC_REPRESENTATION_CONTEXT(2) 
PARAMETRIC_REPRESENTATION_CONTEXT() REPRESENTATION_CONTEXT('2D SPACE',''
  ) );
#7143 = PCURVE('',#4898,#7144);
#7144 = DEFINITIONAL_REPRESENTATION('',(#7145),#7149);
#7145 = LINE('',#7146,#7147);
#7146 = CARTESIAN_POINT('',(0.,0.));
#7147 = VECTOR('',#7148,1.);
#7148 = DIRECTION('',(0.,-1.));
#7149 = ( GEOMETRIC_REPRESENTATION_CONTEXT(2) 
PARAMETRIC_REPRESENTATION_CONTEXT() REPRESENTATION_CONTEXT('2D SPACE',''
  ) );
#7150 = ORIENTED_EDGE('',*,*,#4854,.F.);
#7151 = ADVANCED_FACE('',(#7152),#4898,.T.);
#7152 = FACE_BOUND('',#7153,.T.);
#7153 = EDGE_LOOP('',(#7154,#7155,#7176,#7177));
#7154 = ORIENTED_EDGE('',*,*,#7130,.T.);
#7155 = ORIENTED_EDGE('',*,*,#7156,.T.);
#7156 = EDGE_CURVE('',#7108,#5386,#7157,.T.);
#7157 = SURFACE_CURVE('',#7158,(#7162,#7169),.PCURVE_S1.);
#7158 = LINE('',#7159,#7160);
#7159 = CARTESIAN_POINT('',(359.8848,-50.2734,-42.5003));
#7160 = VECTOR('',#7161,1.);
#7161 = DIRECTION('',(-0.998638725484,5.216029106436E-02,-0.));
#7162 = PCURVE('',#4898,#7163);
#7163 = DEFINITIONAL_REPRESENTATION('',(#7164),#7168);
#7164 = LINE('',#7165,#7166);
#7165 = CARTESIAN_POINT('',(0.,-25.));
#7166 = VECTOR('',#7167,1.);
#7167 = DIRECTION('',(1.,0.));
#7168 = ( GEOMETRIC_REPRESENTATION_CONTEXT(2) 
PARAMETRIC_REPRESENTATION_CONTEXT() REPRESENTATION_CONTEXT('2D SPACE',''
  ) );
#7169 = PCURVE('',#5057,#7170);
#7170 = DEFINITIONAL_REPRESENTATION('',(#7171),#7175);
#7171 = LINE('',#7172,#7173);
#7172 = CARTESIAN_POINT('',(28.039426651133,-549.7252642594));
#7173 = VECTOR('',#7174,1.);
#7174 = DIRECTION('',(-0.998638725484,-5.216029106436E-02));
#7175 = ( GEOMETRIC_REPRESENTATION_CONTEXT(2) 
PARAMETRIC_REPRESENTATION_CONTEXT() REPRESENTATION_CONTEXT('2D SPACE',''
  ) );
#7176 = ORIENTED_EDGE('',*,*,#5385,.F.);
#7177 = ORIENTED_EDGE('',*,*,#4882,.F.);
#7178 = ADVANCED_FACE('',(#7179),#4980,.F.);
#7179 = FACE_BOUND('',#7180,.F.);
#7180 = EDGE_LOOP('',(#7181,#7182,#7183,#7184,#7185,#7206,#7232,#7542,
    #7568,#7878));
#7181 = ORIENTED_EDGE('',*,*,#5362,.T.);
#7182 = ORIENTED_EDGE('',*,*,#4964,.T.);
#7183 = ORIENTED_EDGE('',*,*,#5435,.T.);
#7184 = ORIENTED_EDGE('',*,*,#5485,.T.);
#7185 = ORIENTED_EDGE('',*,*,#7186,.F.);
#7186 = EDGE_CURVE('',#7187,#5486,#7189,.T.);
#7187 = VERTEX_POINT('',#7188);
#7188 = CARTESIAN_POINT('',(9.014367294172,-1.242315588047E+03,-42.5003)
  );
#7189 = SURFACE_CURVE('',#7190,(#7194,#7200),.PCURVE_S1.);
#7190 = LINE('',#7191,#7192);
#7191 = CARTESIAN_POINT('',(9.014367300172,-1.25E+03,-42.5003));
#7192 = VECTOR('',#7193,1.);
#7193 = DIRECTION('',(-0.,-1.,-0.));
#7194 = PCURVE('',#4980,#7195);
#7195 = DEFINITIONAL_REPRESENTATION('',(#7196),#7199);
#7196 = B_SPLINE_CURVE_WITH_KNOTS('',1,(#7197,#7198),.UNSPECIFIED.,.F.,
  .F.,(2,2),(-100.0000006,6.000000212225E-07),.PIECEWISE_BEZIER_KNOTS.);
#7197 = CARTESIAN_POINT('',(-322.8310060486,550.00133514059));
#7198 = CARTESIAN_POINT('',(-322.8310060486,650.00133634059));
#7199 = ( GEOMETRIC_REPRESENTATION_CONTEXT(2) 
PARAMETRIC_REPRESENTATION_CONTEXT() REPRESENTATION_CONTEXT('2D SPACE',''
  ) );
#7200 = PCURVE('',#5525,#7201);
#7201 = DEFINITIONAL_REPRESENTATION('',(#7202),#7205);
#7202 = B_SPLINE_CURVE_WITH_KNOTS('',1,(#7203,#7204),.UNSPECIFIED.,.F.,
  .F.,(2,2),(-100.0000006,6.000000212225E-07),.PIECEWISE_BEZIER_KNOTS.);
#7203 = CARTESIAN_POINT('',(5.647986225311,-100.0000006));
#7204 = CARTESIAN_POINT('',(5.647986225311,6.000000212225E-07));
#7205 = ( GEOMETRIC_REPRESENTATION_CONTEXT(2) 
PARAMETRIC_REPRESENTATION_CONTEXT() REPRESENTATION_CONTEXT('2D SPACE',''
  ) );
#7206 = ORIENTED_EDGE('',*,*,#7207,.F.);
#7207 = EDGE_CURVE('',#7208,#7187,#7210,.T.);
#7208 = VERTEX_POINT('',#7209);
#7209 = CARTESIAN_POINT('',(454.75,-1.242315588059E+03,-42.5003));
#7210 = SURFACE_CURVE('',#7211,(#7215,#7221),.PCURVE_S1.);
#7211 = LINE('',#7212,#7213);
#7212 = CARTESIAN_POINT('',(504.65,-1.242315588048E+03,-42.5003));
#7213 = VECTOR('',#7214,1.);
#7214 = DIRECTION('',(-1.,0.,-0.));
#7215 = PCURVE('',#4980,#7216);
#7216 = DEFINITIONAL_REPRESENTATION('',(#7217),#7220);
#7217 = B_SPLINE_CURVE_WITH_KNOTS('',1,(#7218,#7219),.UNSPECIFIED.,.F.,
  .F.,(2,2),(49.899999399996,504.62410773195),.PIECEWISE_BEZIER_KNOTS.);
#7218 = CARTESIAN_POINT('',(122.90462725113,642.31692378819));
#7219 = CARTESIAN_POINT('',(-331.8194810808,642.31692378819));
#7220 = ( GEOMETRIC_REPRESENTATION_CONTEXT(2) 
PARAMETRIC_REPRESENTATION_CONTEXT() REPRESENTATION_CONTEXT('2D SPACE',''
  ) );
#7221 = PCURVE('',#7222,#7227);
#7222 = CYLINDRICAL_SURFACE('',#7223,30.);
#7223 = AXIS2_PLACEMENT_3D('',#7224,#7225,#7226);
#7224 = CARTESIAN_POINT('',(504.65,-1.22E+03,-22.45));
#7225 = DIRECTION('',(-1.,0.,-0.));
#7226 = DIRECTION('',(0.,0.,-1.));
#7227 = DEFINITIONAL_REPRESENTATION('',(#7228),#7231);
#7228 = B_SPLINE_CURVE_WITH_KNOTS('',1,(#7229,#7230),.UNSPECIFIED.,.F.,
  .F.,(2,2),(49.899999399996,504.62410773195),.PIECEWISE_BEZIER_KNOTS.);
#7229 = CARTESIAN_POINT('',(0.838816916731,49.899999399996));
#7230 = CARTESIAN_POINT('',(0.838816916731,504.62410773195));
#7231 = ( GEOMETRIC_REPRESENTATION_CONTEXT(2) 
PARAMETRIC_REPRESENTATION_CONTEXT() REPRESENTATION_CONTEXT('2D SPACE',''
  ) );
#7232 = ORIENTED_EDGE('',*,*,#7233,.T.);
#7233 = EDGE_CURVE('',#7208,#7234,#7236,.T.);
#7234 = VERTEX_POINT('',#7235);
#7235 = CARTESIAN_POINT('',(484.64955735434,-1.211860485692E+03,-42.5003
    ));
#7236 = SURFACE_CURVE('',#7237,(#7303,#7372),.PCURVE_S1.);
#7237 = B_SPLINE_CURVE_WITH_KNOTS('',8,(#7238,#7239,#7240,#7241,#7242,
    #7243,#7244,#7245,#7246,#7247,#7248,#7249,#7250,#7251,#7252,#7253,
    #7254,#7255,#7256,#7257,#7258,#7259,#7260,#7261,#7262,#7263,#7264,
    #7265,#7266,#7267,#7268,#7269,#7270,#7271,#7272,#7273,#7274,#7275,
    #7276,#7277,#7278,#7279,#7280,#7281,#7282,#7283,#7284,#7285,#7286,
    #7287,#7288,#7289,#7290,#7291,#7292,#7293,#7294,#7295,#7296,#7297,
    #7298,#7299,#7300,#7301,#7302),.UNSPECIFIED.,.F.,.F.,(9,7,7,7,7,7,7,
    7,7,9),(0.,7.115582023023E-02,0.248254458109,0.429936270426,
    0.579576335438,0.714136946463,0.828644240183,0.911282761534,
    0.983774249058,1.),.UNSPECIFIED.);
#7238 = CARTESIAN_POINT('',(454.75,-1.242315588059E+03,-42.5003));
#7239 = CARTESIAN_POINT('',(455.16719826326,-1.242295866248E+03,-42.5003
    ));
#7240 = CARTESIAN_POINT('',(455.58407060006,-1.242269264862E+03,-42.5003
    ));
#7241 = CARTESIAN_POINT('',(456.00048971307,-1.242235871377E+03,-42.5003
    ));
#7242 = CARTESIAN_POINT('',(456.41633273883,-1.242195771266E+03,-42.5003
    ));
#7243 = CARTESIAN_POINT('',(456.83148121538,-1.242149047694E+03,-42.5003
    ));
#7244 = CARTESIAN_POINT('',(457.24582104981,-1.242095781199E+03,-42.5003
    ));
#7245 = CARTESIAN_POINT('',(457.65924248586,-1.242036049389E+03,-42.5003
    ));
#7246 = CARTESIAN_POINT('',(459.09805014509,-1.241805354671E+03,-42.5003
    ));
#7247 = CARTESIAN_POINT('',(460.11805140167,-1.241601204339E+03,-42.5003
    ));
#7248 = CARTESIAN_POINT('',(461.13009437057,-1.241358618814E+03,-42.5003
    ));
#7249 = CARTESIAN_POINT('',(462.13266220825,-1.241078621322E+03,-42.5003
    ));
#7250 = CARTESIAN_POINT('',(463.1242743113,-1.240762128793E+03,-42.5003)
  );
#7251 = CARTESIAN_POINT('',(464.10348758097,-1.24040995746E+03,-42.5003)
  );
#7252 = CARTESIAN_POINT('',(465.06889533935,-1.240022820396E+03,-42.5003
    ));
#7253 = CARTESIAN_POINT('',(466.99394362769,-1.239168905386E+03,-42.5003
    ));
#7254 = CARTESIAN_POINT('',(467.95270322936,-1.238700363434E+03,-42.5003
    ));
#7255 = CARTESIAN_POINT('',(468.89389128847,-1.238196364351E+03,-42.5003
    ));
#7256 = CARTESIAN_POINT('',(469.81589931699,-1.237657522771E+03,-42.5003
    ));
#7257 = CARTESIAN_POINT('',(470.71704208903,-1.2370844281E+03,-42.5003)
  );
#7258 = CARTESIAN_POINT('',(471.59557123078,-1.236477666639E+03,-42.5003
    ));
#7259 = CARTESIAN_POINT('',(472.44969483547,-1.235837852677E+03,-42.5003
    ));
#7260 = CARTESIAN_POINT('',(473.959523197,-1.234612069045E+03,-42.5003)
  );
#7261 = CARTESIAN_POINT('',(474.62365591391,-1.234036503165E+03,-42.5003
    ));
#7262 = CARTESIAN_POINT('',(475.26895654092,-1.233439427333E+03,-42.5003
    ));
#7263 = CARTESIAN_POINT('',(475.89437448913,-1.232821327001E+03,-42.5003
    ));
#7264 = CARTESIAN_POINT('',(476.49888639077,-1.232182755763E+03,-42.5003
    ));
#7265 = CARTESIAN_POINT('',(477.08152498409,-1.231524362749E+03,-42.5003
    ));
#7266 = CARTESIAN_POINT('',(477.64141655752,-1.230846928563E+03,-42.5003
    ));
#7267 = CARTESIAN_POINT('',(478.66018246794,-1.229525979449E+03,-42.5003
    ));
#7268 = CARTESIAN_POINT('',(479.12358217502,-1.228885884894E+03,-42.5003
    ));
#7269 = CARTESIAN_POINT('',(479.56746974136,-1.228231840773E+03,-42.5003
    ));
#7270 = CARTESIAN_POINT('',(479.99143673799,-1.227564609601E+03,-42.5003
    ));
#7271 = CARTESIAN_POINT('',(480.3952300824,-1.226885006747E+03,-42.5003)
  );
#7272 = CARTESIAN_POINT('',(480.77875998575,-1.226193905955E+03,-42.5003
    ));
#7273 = CARTESIAN_POINT('',(481.1420886309,-1.22549223347E+03,-42.5003)
  );
#7274 = CARTESIAN_POINT('',(481.77751093824,-1.224175647145E+03,-42.5003
    ));
#7275 = CARTESIAN_POINT('',(482.05513432955,-1.223563382661E+03,-42.5003
    ));
#7276 = CARTESIAN_POINT('',(482.31837324046,-1.222944681677E+03,-42.5003
    ));
#7277 = CARTESIAN_POINT('',(482.56740690567,-1.222320075042E+03,-42.5003
    ));
#7278 = CARTESIAN_POINT('',(482.80243722443,-1.221690076408E+03,-42.5003
    ));
#7279 = CARTESIAN_POINT('',(483.02365203015,-1.221055168597E+03,-42.5003
    ));
#7280 = CARTESIAN_POINT('',(483.23115750538,-1.220415778426E+03,-42.5003
    ));
#7281 = CARTESIAN_POINT('',(483.56463949041,-1.219307789604E+03,-42.5003
    ));
#7282 = CARTESIAN_POINT('',(483.69722351196,-1.218841217249E+03,-42.5003
    ));
#7283 = CARTESIAN_POINT('',(483.82257531722,-1.218372606786E+03,-42.5003
    ));
#7284 = CARTESIAN_POINT('',(483.94059979811,-1.217902058101E+03,-42.5003
    ));
#7285 = CARTESIAN_POINT('',(484.05110188957,-1.217429670311E+03,-42.5003
    ));
#7286 = CARTESIAN_POINT('',(484.1537632924,-1.216955536346E+03,-42.5003)
  );
#7287 = CARTESIAN_POINT('',(484.24807806974,-1.216479728078E+03,-42.5003
    ));
#7288 = CARTESIAN_POINT('',(484.40786126118,-1.215583420727E+03,-42.5003
    ));
#7289 = CARTESIAN_POINT('',(484.475404047,-1.215163555819E+03,-42.5003)
  );
#7290 = CARTESIAN_POINT('',(484.53530808851,-1.21474245097E+03,-42.5003)
  );
#7291 = CARTESIAN_POINT('',(484.58677573118,-1.214320049894E+03,-42.5003
    ));
#7292 = CARTESIAN_POINT('',(484.6287311162,-1.213896451293E+03,-42.5003)
  );
#7293 = CARTESIAN_POINT('',(484.65952715389,-1.213471892305E+03,-42.5003
    ));
#7294 = CARTESIAN_POINT('',(484.67697400289,-1.213046745887E+03,-42.5003
    ));
#7295 = CARTESIAN_POINT('',(484.67696932042,-1.212526208351E+03,-42.5003
    ));
#7296 = CARTESIAN_POINT('',(484.67609421028,-1.212431007287E+03,-42.5003
    ));
#7297 = CARTESIAN_POINT('',(484.67429894096,-1.212335815711E+03,-42.5003
    ));
#7298 = CARTESIAN_POINT('',(484.67153325801,-1.212240644496E+03,-42.5003
    ));
#7299 = CARTESIAN_POINT('',(484.66774163418,-1.212145507492E+03,-42.5003
    ));
#7300 = CARTESIAN_POINT('',(484.66286234569,-1.21205042156E+03,-42.5003)
  );
#7301 = CARTESIAN_POINT('',(484.65682654846,-1.211955406622E+03,-42.5003
    ));
#7302 = CARTESIAN_POINT('',(484.64955735434,-1.211860485692E+03,-42.5003
    ));
#7303 = PCURVE('',#4980,#7304);
#7304 = DEFINITIONAL_REPRESENTATION('',(#7305),#7371);
#7305 = B_SPLINE_CURVE_WITH_KNOTS('',8,(#7306,#7307,#7308,#7309,#7310,
    #7311,#7312,#7313,#7314,#7315,#7316,#7317,#7318,#7319,#7320,#7321,
    #7322,#7323,#7324,#7325,#7326,#7327,#7328,#7329,#7330,#7331,#7332,
    #7333,#7334,#7335,#7336,#7337,#7338,#7339,#7340,#7341,#7342,#7343,
    #7344,#7345,#7346,#7347,#7348,#7349,#7350,#7351,#7352,#7353,#7354,
    #7355,#7356,#7357,#7358,#7359,#7360,#7361,#7362,#7363,#7364,#7365,
    #7366,#7367,#7368,#7369,#7370),.UNSPECIFIED.,.F.,.F.,(9,7,7,7,7,7,7,
    7,7,9),(0.,7.115582023023E-02,0.248254458109,0.429936270426,
    0.579576335438,0.714136946463,0.828644240183,0.911282761534,
    0.983774249058,1.),.UNSPECIFIED.);
#7306 = CARTESIAN_POINT('',(122.90462665113,642.31692379972));
#7307 = CARTESIAN_POINT('',(123.32182491439,642.29720198905));
#7308 = CARTESIAN_POINT('',(123.7386972512,642.27060060303));
#7309 = CARTESIAN_POINT('',(124.15511636421,642.23720711722));
#7310 = CARTESIAN_POINT('',(124.57095938997,642.1971070066));
#7311 = CARTESIAN_POINT('',(124.98610786651,642.15038343425));
#7312 = CARTESIAN_POINT('',(125.40044770094,642.09711694002));
#7313 = CARTESIAN_POINT('',(125.81386913699,642.03738512925));
#7314 = CARTESIAN_POINT('',(127.25267679622,641.80669041134));
#7315 = CARTESIAN_POINT('',(128.2726780528,641.60254008007));
#7316 = CARTESIAN_POINT('',(129.2847210217,641.35995455466));
#7317 = CARTESIAN_POINT('',(130.28728885939,641.07995706223));
#7318 = CARTESIAN_POINT('',(131.27890096243,640.76346453331));
#7319 = CARTESIAN_POINT('',(132.2581142321,640.41129320106));
#7320 = CARTESIAN_POINT('',(133.22352199048,640.02415613676));
#7321 = CARTESIAN_POINT('',(135.14857027882,639.17024112658));
#7322 = CARTESIAN_POINT('',(136.10732988049,638.70169917458));
#7323 = CARTESIAN_POINT('',(137.0485179396,638.19770009196));
#7324 = CARTESIAN_POINT('',(137.97052596812,637.65885851129));
#7325 = CARTESIAN_POINT('',(138.87166874016,637.08576384088));
#7326 = CARTESIAN_POINT('',(139.75019788191,636.47900237976));
#7327 = CARTESIAN_POINT('',(140.6043214866,635.83918841747));
#7328 = CARTESIAN_POINT('',(142.11414984813,634.61340478552));
#7329 = CARTESIAN_POINT('',(142.77828256504,634.03783890532));
#7330 = CARTESIAN_POINT('',(143.42358319206,633.44076307381));
#7331 = CARTESIAN_POINT('',(144.04900114026,632.82266274197));
#7332 = CARTESIAN_POINT('',(144.6535130419,632.18409150378));
#7333 = CARTESIAN_POINT('',(145.23615163522,631.52569848945));
#7334 = CARTESIAN_POINT('',(145.79604320865,630.84826430389));
#7335 = CARTESIAN_POINT('',(146.81480911907,629.52731518923));
#7336 = CARTESIAN_POINT('',(147.27820882615,628.88722063437));
#7337 = CARTESIAN_POINT('',(147.72209639249,628.23317651395));
#7338 = CARTESIAN_POINT('',(148.14606338913,627.56594534184));
#7339 = CARTESIAN_POINT('',(148.54985673353,626.88634248741));
#7340 = CARTESIAN_POINT('',(148.93338663688,626.19524169565));
#7341 = CARTESIAN_POINT('',(149.29671528203,625.49356921018));
#7342 = CARTESIAN_POINT('',(149.93213758937,624.17698288596));
#7343 = CARTESIAN_POINT('',(150.20976098068,623.56471840144));
#7344 = CARTESIAN_POINT('',(150.4729998916,622.94601741803));
#7345 = CARTESIAN_POINT('',(150.7220335568,622.32141078213));
#7346 = CARTESIAN_POINT('',(150.95706387556,621.69141214861));
#7347 = CARTESIAN_POINT('',(151.17827868128,621.05650433717));
#7348 = CARTESIAN_POINT('',(151.38578415651,620.41711416705));
#7349 = CARTESIAN_POINT('',(151.71926614154,619.30912534435));
#7350 = CARTESIAN_POINT('',(151.85185016309,618.84255298963));
#7351 = CARTESIAN_POINT('',(151.97720196835,618.37394252661));
#7352 = CARTESIAN_POINT('',(152.09522644924,617.90339384206));
#7353 = CARTESIAN_POINT('',(152.2057285407,617.43100605173));
#7354 = CARTESIAN_POINT('',(152.30838994353,616.95687208691));
#7355 = CARTESIAN_POINT('',(152.40270472087,616.48106381858));
#7356 = CARTESIAN_POINT('',(152.56248791231,615.58475646747));
#7357 = CARTESIAN_POINT('',(152.63003069813,615.16489155955));
#7358 = CARTESIAN_POINT('',(152.68993473964,614.74378671011));
#7359 = CARTESIAN_POINT('',(152.74140238232,614.32138563451));
#7360 = CARTESIAN_POINT('',(152.78335776733,613.89778703329));
#7361 = CARTESIAN_POINT('',(152.81415380502,613.47322804557));
#7362 = CARTESIAN_POINT('',(152.83160065403,613.04808162757));
#7363 = CARTESIAN_POINT('',(152.83159597156,612.52754409148));
#7364 = CARTESIAN_POINT('',(152.83072086142,612.43234302792));
#7365 = CARTESIAN_POINT('',(152.8289255921,612.33715145129));
#7366 = CARTESIAN_POINT('',(152.82615990914,612.24198023659));
#7367 = CARTESIAN_POINT('',(152.82236828531,612.14684323216));
#7368 = CARTESIAN_POINT('',(152.81748899682,612.051757301));
#7369 = CARTESIAN_POINT('',(152.81145319959,611.9567423622));
#7370 = CARTESIAN_POINT('',(152.80418400547,611.86182143236));
#7371 = ( GEOMETRIC_REPRESENTATION_CONTEXT(2) 
PARAMETRIC_REPRESENTATION_CONTEXT() REPRESENTATION_CONTEXT('2D SPACE',''
  ) );
#7372 = PCURVE('',#7373,#7474);
#7373 = B_SPLINE_SURFACE_WITH_KNOTS('',9,9,(
    (#7374,#7375,#7376,#7377,#7378,#7379,#7380,#7381,#7382,#7383)
    ,(#7384,#7385,#7386,#7387,#7388,#7389,#7390,#7391,#7392,#7393)
    ,(#7394,#7395,#7396,#7397,#7398,#7399,#7400,#7401,#7402,#7403)
    ,(#7404,#7405,#7406,#7407,#7408,#7409,#7410,#7411,#7412,#7413)
    ,(#7414,#7415,#7416,#7417,#7418,#7419,#7420,#7421,#7422,#7423)
    ,(#7424,#7425,#7426,#7427,#7428,#7429,#7430,#7431,#7432,#7433)
    ,(#7434,#7435,#7436,#7437,#7438,#7439,#7440,#7441,#7442,#7443)
    ,(#7444,#7445,#7446,#7447,#7448,#7449,#7450,#7451,#7452,#7453)
    ,(#7454,#7455,#7456,#7457,#7458,#7459,#7460,#7461,#7462,#7463)
    ,(#7464,#7465,#7466,#7467,#7468,#7469,#7470,#7471,#7472,#7473
  )),.UNSPECIFIED.,.F.,.F.,.F.,(10,10),(10,10),(0.,1.),(0.,1.),
  .PIECEWISE_BEZIER_KNOTS.);
#7374 = CARTESIAN_POINT('',(454.75,-1.25E+03,-22.45));
#7375 = CARTESIAN_POINT('',(463.45919296745,-1.25E+03,-20.23888888888));
#7376 = CARTESIAN_POINT('',(472.16838605973,-1.248289954098E+03,
    -18.02777777777));
#7377 = CARTESIAN_POINT('',(480.49384478669,-1.244869861097E+03,
    -15.81666666666));
#7378 = CARTESIAN_POINT('',(488.05184008962,-1.239840187317E+03,
    -13.60555555555));
#7379 = CARTESIAN_POINT('',(494.49018731654,-1.233401840089E+03,
    -11.39444444444));
#7380 = CARTESIAN_POINT('',(499.51986109741,-1.225843844787E+03,
    -9.183333333335));
#7381 = CARTESIAN_POINT('',(502.9399540979,-1.21751838606E+03,
    -6.972222222222));
#7382 = CARTESIAN_POINT('',(504.65,-1.208809192967E+03,-4.761111111111)
  );
#7383 = CARTESIAN_POINT('',(504.65,-1.2001E+03,-2.55));
#7384 = CARTESIAN_POINT('',(454.75,-1.25E+03,-27.68598716193));
#7385 = CARTESIAN_POINT('',(463.45919296745,-1.250192955823E+03,
    -25.50914908221));
#7386 = CARTESIAN_POINT('',(472.41051622896,-1.248579260488E+03,
    -23.14230590226));
#7387 = CARTESIAN_POINT('',(481.0905092477,-1.24501775039E+03,
    -20.58545748914));
#7388 = CARTESIAN_POINT('',(488.88169764485,-1.239596769692E+03,
    -17.84976676712));
#7389 = CARTESIAN_POINT('',(495.21126238609,-1.23274107854E+03,
    -14.95755677327));
#7390 = CARTESIAN_POINT('',(499.93331336785,-1.225049636185E+03,
    -11.94094143769));
#7391 = CARTESIAN_POINT('',(503.07819920231,-1.216863162865E+03,
    -8.839052388299));
#7392 = CARTESIAN_POINT('',(504.65,-1.208457554243E+03,-5.694526187216)
  );
#7393 = CARTESIAN_POINT('',(504.65,-1.2001E+03,-2.55));
#7394 = CARTESIAN_POINT('',(454.75000000004,-1.248971915991E+03,
    -32.92197767927));
#7395 = CARTESIAN_POINT('',(463.45919296749,-1.249440880838E+03,
    -31.12466950858));
#7396 = CARTESIAN_POINT('',(472.59211385591,-1.247094110191E+03,
    -29.62649835101));
#7397 = CARTESIAN_POINT('',(481.53800759348,-1.243234017717E+03,
    -27.02363046428));
#7398 = CARTESIAN_POINT('',(489.50409081131,-1.237513249235E+03,
    -23.78297163728));
#7399 = CARTESIAN_POINT('',(495.75206868826,-1.230500388936E+03,
    -20.01962960506));
#7400 = CARTESIAN_POINT('',(500.2434025707,-1.222964126585E+03,
    -15.90450049399));
#7401 = CARTESIAN_POINT('',(503.18188303062,-1.215241932813E+03,
    -11.55269279958));
#7402 = CARTESIAN_POINT('',(504.65,-1.207071070459E+03,-7.517342234372)
  );
#7403 = CARTESIAN_POINT('',(504.65,-1.2001E+03,-2.55));
#7404 = CARTESIAN_POINT('',(454.74999999993,-1.246915749574E+03,
    -37.92725754944));
#7405 = CARTESIAN_POINT('',(463.45919296739,-1.247491929673E+03,
    -36.81486004926));
#7406 = CARTESIAN_POINT('',(472.71317894044,-1.245371301064E+03,
    -35.32652965654));
#7407 = CARTESIAN_POINT('',(481.83633982392,-1.241615362701E+03,
    -32.41183702235));
#7408 = CARTESIAN_POINT('',(489.91901958886,-1.235989484102E+03,
    -28.46039118331));
#7409 = CARTESIAN_POINT('',(496.11260622299,-1.229106832848E+03,
    -23.73850207236));
#7410 = CARTESIAN_POINT('',(500.45012870589,-1.22178396059E+03,
    -18.61292549178));
#7411 = CARTESIAN_POINT('',(503.2510055828,-1.214367503574E+03,
    -13.27613559159));
#7412 = CARTESIAN_POINT('',(504.65,-1.206678084566E+03,-8.201216302941)
  );
#7413 = CARTESIAN_POINT('',(504.65,-1.2001E+03,-2.55));
#7414 = CARTESIAN_POINT('',(454.75000000009,-1.243891892938E+03,
    -42.47115077594));
#7415 = CARTESIAN_POINT('',(463.45919296754,-1.244216245701E+03,
    -42.16097102539));
#7416 = CARTESIAN_POINT('',(472.77371148287,-1.242392698066E+03,
    -40.56060814914));
#7417 = CARTESIAN_POINT('',(481.98550593928,-1.238864576616E+03,
    -37.32574504984));
#7418 = CARTESIAN_POINT('',(490.12648397776,-1.233609442395E+03,
    -32.66299447733));
#7419 = CARTESIAN_POINT('',(496.29287499045,-1.22718919249E+03,
    -27.00436473394));
#7420 = CARTESIAN_POINT('',(500.55349177355,-1.220348141648E+03,
    -20.92724439507));
#7421 = CARTESIAN_POINT('',(503.28556685894,-1.213414071646E+03,
    -14.70276279543));
#7422 = CARTESIAN_POINT('',(504.65,-1.206418903133E+03,-8.605841823881)
  );
#7423 = CARTESIAN_POINT('',(504.65,-1.2001E+03,-2.55));
#7424 = CARTESIAN_POINT('',(454.74999999991,-1.240021150776E+03,
    -46.34189293819));
#7425 = CARTESIAN_POINT('',(463.45919296736,-1.239710971025E+03,
    -46.66624570061));
#7426 = CARTESIAN_POINT('',(472.77371148273,-1.238110608149E+03,
    -44.84269806573));
#7427 = CARTESIAN_POINT('',(481.98550593915,-1.23487574505E+03,
    -41.31457661635));
#7428 = CARTESIAN_POINT('',(490.12648397766,-1.230212994477E+03,
    -36.05944239459));
#7429 = CARTESIAN_POINT('',(496.29287499036,-1.224554364734E+03,
    -29.63919249014));
#7430 = CARTESIAN_POINT('',(500.55349177349,-1.218477244395E+03,
    -22.79814164829));
#7431 = CARTESIAN_POINT('',(503.2855668589,-1.212252762795E+03,
    -15.86407164592));
#7432 = CARTESIAN_POINT('',(504.65,-1.206155841824E+03,-8.868903132999)
  );
#7433 = CARTESIAN_POINT('',(504.65,-1.2001E+03,-2.55));
#7434 = CARTESIAN_POINT('',(454.75000000005,-1.23547725755E+03,
    -49.36574957366));
#7435 = CARTESIAN_POINT('',(463.4591929675,-1.234364860049E+03,
    -49.94192967268));
#7436 = CARTESIAN_POINT('',(472.71317894053,-1.232876529657E+03,
    -47.82130106361));
#7437 = CARTESIAN_POINT('',(481.83633982399,-1.229961837022E+03,
    -44.06536270128));
#7438 = CARTESIAN_POINT('',(489.91901958893,-1.226010391184E+03,
    -38.43948410209));
#7439 = CARTESIAN_POINT('',(496.11260622304,-1.221288502072E+03,
    -31.55683284781));
#7440 = CARTESIAN_POINT('',(500.45012870593,-1.216162925492E+03,
    -24.23396059033));
#7441 = CARTESIAN_POINT('',(503.25100558283,-1.210826135592E+03,
    -16.81750357371));
#7442 = CARTESIAN_POINT('',(504.65,-1.205751216303E+03,-9.128084566107)
  );
#7443 = CARTESIAN_POINT('',(504.65,-1.2001E+03,-2.55));
#7444 = CARTESIAN_POINT('',(454.74999999996,-1.230471977679E+03,
    -51.42191599134));
#7445 = CARTESIAN_POINT('',(463.45919296741,-1.228674669509E+03,
    -51.89088083822));
#7446 = CARTESIAN_POINT('',(472.59211385585,-1.227176498351E+03,
    -49.54411019116));
#7447 = CARTESIAN_POINT('',(481.53800759343,-1.224573630464E+03,
    -45.68401771727));
#7448 = CARTESIAN_POINT('',(489.50409081127,-1.221332971637E+03,
    -39.96324923447));
#7449 = CARTESIAN_POINT('',(495.75206868822,-1.217569629605E+03,
    -32.950388936));
#7450 = CARTESIAN_POINT('',(500.24340257067,-1.213454500494E+03,
    -25.41412658482));
#7451 = CARTESIAN_POINT('',(503.1818830306,-1.2091026928E+03,
    -17.69193281273));
#7452 = CARTESIAN_POINT('',(504.65,-1.205067342234E+03,-9.521070459013)
  );
#7453 = CARTESIAN_POINT('',(504.65,-1.2001E+03,-2.55));
#7454 = CARTESIAN_POINT('',(454.75,-1.225235987162E+03,-52.45));
#7455 = CARTESIAN_POINT('',(463.45919296745,-1.223059149082E+03,
    -52.64295582319));
#7456 = CARTESIAN_POINT('',(472.41051622896,-1.220692305902E+03,
    -51.02926048762));
#7457 = CARTESIAN_POINT('',(481.09050924769,-1.218135457489E+03,
    -47.4677503905));
#7458 = CARTESIAN_POINT('',(488.88169764487,-1.215399766767E+03,
    -42.04676969152));
#7459 = CARTESIAN_POINT('',(495.21126238608,-1.212507556773E+03,
    -35.19107853992));
#7460 = CARTESIAN_POINT('',(499.93331336786,-1.209490941438E+03,
    -27.49963618534));
#7461 = CARTESIAN_POINT('',(503.07819920231,-1.206389052388E+03,
    -19.31316286458));
#7462 = CARTESIAN_POINT('',(504.65,-1.203244526187E+03,-10.90755424267)
  );
#7463 = CARTESIAN_POINT('',(504.65,-1.2001E+03,-2.55));
#7464 = CARTESIAN_POINT('',(454.75,-1.22E+03,-52.45));
#7465 = CARTESIAN_POINT('',(463.45919296745,-1.217788888889E+03,-52.45)
  );
#7466 = CARTESIAN_POINT('',(472.16838605973,-1.215577777778E+03,
    -50.73995409792));
#7467 = CARTESIAN_POINT('',(480.49384478668,-1.213366666667E+03,
    -47.31986109737));
#7468 = CARTESIAN_POINT('',(488.05184008963,-1.211155555556E+03,
    -42.29018731659));
#7469 = CARTESIAN_POINT('',(494.49018731653,-1.208944444444E+03,
    -35.85184008956));
#7470 = CARTESIAN_POINT('',(499.51986109741,-1.206733333333E+03,
    -28.29384478672));
#7471 = CARTESIAN_POINT('',(502.9399540979,-1.204522222222E+03,
    -19.9683860597));
#7472 = CARTESIAN_POINT('',(504.65,-1.202311111111E+03,-11.25919296745)
  );
#7473 = CARTESIAN_POINT('',(504.65,-1.2001E+03,-2.55));
#7474 = DEFINITIONAL_REPRESENTATION('',(#7475),#7541);
#7475 = B_SPLINE_CURVE_WITH_KNOTS('',8,(#7476,#7477,#7478,#7479,#7480,
    #7481,#7482,#7483,#7484,#7485,#7486,#7487,#7488,#7489,#7490,#7491,
    #7492,#7493,#7494,#7495,#7496,#7497,#7498,#7499,#7500,#7501,#7502,
    #7503,#7504,#7505,#7506,#7507,#7508,#7509,#7510,#7511,#7512,#7513,
    #7514,#7515,#7516,#7517,#7518,#7519,#7520,#7521,#7522,#7523,#7524,
    #7525,#7526,#7527,#7528,#7529,#7530,#7531,#7532,#7533,#7534,#7535,
    #7536,#7537,#7538,#7539,#7540),.UNSPECIFIED.,.F.,.F.,(9,7,7,7,7,7,7,
    7,7,9),(0.,7.115582023023E-02,0.248254458109,0.429936270426,
    0.579576335438,0.714136946463,0.828644240183,0.911282761534,
    0.983774249058,1.),.UNSPECIFIED.);
#7476 = CARTESIAN_POINT('',(0.465992565114,0.));
#7477 = CARTESIAN_POINT('',(0.466495368152,5.322578424614E-03));
#7478 = CARTESIAN_POINT('',(0.467081100701,1.062487110135E-02));
#7479 = CARTESIAN_POINT('',(0.467747893561,1.590645690638E-02));
#7480 = CARTESIAN_POINT('',(0.468494211735,2.116695901385E-02));
#7481 = CARTESIAN_POINT('',(0.469318813701,2.640604194101E-02));
#7482 = CARTESIAN_POINT('',(0.470220710684,3.162340859324E-02));
#7483 = CARTESIAN_POINT('',(0.471199125931,3.681879730905E-02));
#7484 = CARTESIAN_POINT('',(0.474877555022,5.486743183672E-02));
#7485 = CARTESIAN_POINT('',(0.477971726716,6.760448811889E-02));
#7486 = CARTESIAN_POINT('',(0.481527006652,8.020059174621E-02));
#7487 = CARTESIAN_POINT('',(0.485541189526,9.265276840417E-02));
#7488 = CARTESIAN_POINT('',(0.490017024047,0.104957601936));
#7489 = CARTESIAN_POINT('',(0.494961113795,0.117111193911));
#7490 = CARTESIAN_POINT('',(0.500383522053,0.129109106291));
#7491 = CARTESIAN_POINT('',(0.512365703263,0.153089805101));
#7492 = CARTESIAN_POINT('',(0.518950727834,0.165063104475));
#7493 = CARTESIAN_POINT('',(0.526067625276,0.176860369823));
#7494 = CARTESIAN_POINT('',(0.533733825548,0.188473426585));
#7495 = CARTESIAN_POINT('',(0.54196896178,0.199891916426));
#7496 = CARTESIAN_POINT('',(0.550794174435,0.21110331412));
#7497 = CARTESIAN_POINT('',(0.560230899311,0.222092986405));
#7498 = CARTESIAN_POINT('',(0.578590674877,0.241699843845));
#7499 = CARTESIAN_POINT('',(0.587310819375,0.250393637619));
#7500 = CARTESIAN_POINT('',(0.596469167206,0.258915991556));
#7501 = CARTESIAN_POINT('',(0.606074876219,0.2672562915));
#7502 = CARTESIAN_POINT('',(0.616135121735,0.275403357226));
#7503 = CARTESIAN_POINT('',(0.62665398883,0.283345759031));
#7504 = CARTESIAN_POINT('',(0.637631226759,0.291072285745));
#7505 = CARTESIAN_POINT('',(0.659338722435,0.305317028221));
#7506 = CARTESIAN_POINT('',(0.669983073825,0.311878984362));
#7507 = CARTESIAN_POINT('',(0.68098932391,0.318250596838));
#7508 = CARTESIAN_POINT('',(0.692350301321,0.324425361632));
#7509 = CARTESIAN_POINT('',(0.704056062955,0.330398287254));
#7510 = CARTESIAN_POINT('',(0.716093993193,0.336166133003));
#7511 = CARTESIAN_POINT('',(0.728449700667,0.341727418027));
#7512 = CARTESIAN_POINT('',(0.751882105197,0.351638440397));
#7513 = CARTESIAN_POINT('',(0.762875082259,0.35604525773));
#7514 = CARTESIAN_POINT('',(0.774080425286,0.360302578225));
#7515 = CARTESIAN_POINT('',(0.785490934388,0.364411340931));
#7516 = CARTESIAN_POINT('',(0.797101064665,0.368372846889));
#7517 = CARTESIAN_POINT('',(0.808908102197,0.372188332025));
#7518 = CARTESIAN_POINT('',(0.820914235598,0.375858115684));
#7519 = CARTESIAN_POINT('',(0.841946617297,0.381921635958));
#7520 = CARTESIAN_POINT('',(0.850871589109,0.384386074893));
#7521 = CARTESIAN_POINT('',(0.85990995192,0.386772596336));
#7522 = CARTESIAN_POINT('',(0.869068034436,0.389079651442));
#7523 = CARTESIAN_POINT('',(0.878354813579,0.391304363907));
#7524 = CARTESIAN_POINT('',(0.887782605225,0.393442208846));
#7525 = CARTESIAN_POINT('',(0.897368885667,0.395486140166));
#7526 = CARTESIAN_POINT('',(0.915712581556,0.399124804758));
#7527 = CARTESIAN_POINT('',(0.924422103617,0.400742845469));
#7528 = CARTESIAN_POINT('',(0.933291761591,0.402271851042));
#7529 = CARTESIAN_POINT('',(0.942346561889,0.403700992658));
#7530 = CARTESIAN_POINT('',(0.9516143557,0.405015358241));
#7531 = CARTESIAN_POINT('',(0.96113261206,0.406191875854));
#7532 = CARTESIAN_POINT('',(0.970948198858,0.407199644176));
#7533 = CARTESIAN_POINT('',(0.983431985324,0.408156075979));
#7534 = CARTESIAN_POINT('',(0.985734205676,0.408319645016));
#7535 = CARTESIAN_POINT('',(0.98805634824,0.408471208138));
#7536 = CARTESIAN_POINT('',(0.990399334956,0.408610048966));
#7537 = CARTESIAN_POINT('',(0.992764129752,0.408735372051));
#7538 = CARTESIAN_POINT('',(0.995151756085,0.408846289787));
#7539 = CARTESIAN_POINT('',(0.997563314466,0.40894180933));
#7540 = CARTESIAN_POINT('',(1.,0.40902081951));
#7541 = ( GEOMETRIC_REPRESENTATION_CONTEXT(2) 
PARAMETRIC_REPRESENTATION_CONTEXT() REPRESENTATION_CONTEXT('2D SPACE',''
  ) );
#7542 = ORIENTED_EDGE('',*,*,#7543,.T.);
#7543 = EDGE_CURVE('',#7234,#7544,#7546,.T.);
#7544 = VERTEX_POINT('',#7545);
#7545 = CARTESIAN_POINT('',(484.64954218363,11.860503865693,-42.5003));
#7546 = SURFACE_CURVE('',#7547,(#7551,#7557),.PCURVE_S1.);
#7547 = LINE('',#7548,#7549);
#7548 = CARTESIAN_POINT('',(484.64955735307,-1.22E+03,-42.5003));
#7549 = VECTOR('',#7550,1.);
#7550 = DIRECTION('',(-0.,1.,-0.));
#7551 = PCURVE('',#4980,#7552);
#7552 = DEFINITIONAL_REPRESENTATION('',(#7553),#7556);
#7553 = B_SPLINE_CURVE_WITH_KNOTS('',1,(#7554,#7555),.UNSPECIFIED.,.F.,
  .F.,(2,2),(-6.000000212225E-07,1.2400000006E+03),
  .PIECEWISE_BEZIER_KNOTS.);
#7554 = CARTESIAN_POINT('',(152.80418400421,620.00133634059));
#7555 = CARTESIAN_POINT('',(152.80418400421,-619.9986648594));
#7556 = ( GEOMETRIC_REPRESENTATION_CONTEXT(2) 
PARAMETRIC_REPRESENTATION_CONTEXT() REPRESENTATION_CONTEXT('2D SPACE',''
  ) );
#7557 = PCURVE('',#7558,#7563);
#7558 = CYLINDRICAL_SURFACE('',#7559,49.9);
#7559 = AXIS2_PLACEMENT_3D('',#7560,#7561,#7562);
#7560 = CARTESIAN_POINT('',(454.75,-1.22E+03,-2.55));
#7561 = DIRECTION('',(-0.,1.,-0.));
#7562 = DIRECTION('',(0.,0.,-1.));
#7563 = DEFINITIONAL_REPRESENTATION('',(#7564),#7567);
#7564 = B_SPLINE_CURVE_WITH_KNOTS('',1,(#7565,#7566),.UNSPECIFIED.,.F.,
  .F.,(2,2),(-6.000000212225E-07,1.2400000006E+03),
  .PIECEWISE_BEZIER_KNOTS.);
#7565 = CARTESIAN_POINT('',(-0.642488400854,-6.000000212225E-07));
#7566 = CARTESIAN_POINT('',(-0.642488400854,1.2400000006E+03));
#7567 = ( GEOMETRIC_REPRESENTATION_CONTEXT(2) 
PARAMETRIC_REPRESENTATION_CONTEXT() REPRESENTATION_CONTEXT('2D SPACE',''
  ) );
#7568 = ORIENTED_EDGE('',*,*,#7569,.F.);
#7569 = EDGE_CURVE('',#7570,#7544,#7572,.T.);
#7570 = VERTEX_POINT('',#7571);
#7571 = CARTESIAN_POINT('',(454.74999999999,42.315588059122,-42.5003));
#7572 = SURFACE_CURVE('',#7573,(#7639,#7708),.PCURVE_S1.);
#7573 = B_SPLINE_CURVE_WITH_KNOTS('',8,(#7574,#7575,#7576,#7577,#7578,
    #7579,#7580,#7581,#7582,#7583,#7584,#7585,#7586,#7587,#7588,#7589,
    #7590,#7591,#7592,#7593,#7594,#7595,#7596,#7597,#7598,#7599,#7600,
    #7601,#7602,#7603,#7604,#7605,#7606,#7607,#7608,#7609,#7610,#7611,
    #7612,#7613,#7614,#7615,#7616,#7617,#7618,#7619,#7620,#7621,#7622,
    #7623,#7624,#7625,#7626,#7627,#7628,#7629,#7630,#7631,#7632,#7633,
    #7634,#7635,#7636,#7637,#7638),.UNSPECIFIED.,.F.,.F.,(9,7,7,7,7,7,7,
    7,7,9),(0.,7.115582023046E-02,0.24825445811,0.429936270427,
    0.579576335439,0.714136946464,0.828644240184,0.911282761535,
    0.983774249059,1.),.UNSPECIFIED.);
#7574 = CARTESIAN_POINT('',(454.75,42.315588059122,-42.5003));
#7575 = CARTESIAN_POINT('',(455.16719826325,42.295866248455,-42.5003));
#7576 = CARTESIAN_POINT('',(455.58407060006,42.269264862425,-42.5003));
#7577 = CARTESIAN_POINT('',(456.00048971307,42.235871376615,-42.5003));
#7578 = CARTESIAN_POINT('',(456.41633273883,42.195771266001,-42.5003));
#7579 = CARTESIAN_POINT('',(456.83148121538,42.149047693648,-42.5003));
#7580 = CARTESIAN_POINT('',(457.24582104981,42.095781199413,-42.5003));
#7581 = CARTESIAN_POINT('',(457.65924248585,42.03604938865,-42.5003));
#7582 = CARTESIAN_POINT('',(459.09805014509,41.805354670737,-42.5003));
#7583 = CARTESIAN_POINT('',(460.11805140167,41.601204339467,-42.5003));
#7584 = CARTESIAN_POINT('',(461.13009437057,41.35861881405,-42.5003));
#7585 = CARTESIAN_POINT('',(462.13266220825,41.078621321625,-42.5003));
#7586 = CARTESIAN_POINT('',(463.1242743113,40.7621287927,-42.5003));
#7587 = CARTESIAN_POINT('',(464.10348758097,40.409957460454,-42.5003));
#7588 = CARTESIAN_POINT('',(465.06889533935,40.02282039615,-42.5003));
#7589 = CARTESIAN_POINT('',(466.99394362768,39.168905385968,-42.5003));
#7590 = CARTESIAN_POINT('',(467.95270322936,38.700363433967,-42.5003));
#7591 = CARTESIAN_POINT('',(468.89389128846,38.196364351352,-42.5003));
#7592 = CARTESIAN_POINT('',(469.81589931699,37.657522770681,-42.5003));
#7593 = CARTESIAN_POINT('',(470.71704208903,37.084428100266,-42.5003));
#7594 = CARTESIAN_POINT('',(471.59557123078,36.477666639157,-42.5003));
#7595 = CARTESIAN_POINT('',(472.44969483547,35.837852676865,-42.5003));
#7596 = CARTESIAN_POINT('',(473.95952319701,34.612069044908,-42.5003));
#7597 = CARTESIAN_POINT('',(474.62365591391,34.036503164711,-42.5003));
#7598 = CARTESIAN_POINT('',(475.26895654093,33.439427333199,-42.5003));
#7599 = CARTESIAN_POINT('',(475.89437448913,32.821327001368,-42.5003));
#7600 = CARTESIAN_POINT('',(476.49888639077,32.182755763171,-42.5003));
#7601 = CARTESIAN_POINT('',(477.0815249841,31.524362748843,-42.5003));
#7602 = CARTESIAN_POINT('',(477.64141655753,30.846928563282,-42.5003));
#7603 = CARTESIAN_POINT('',(478.66018246794,29.525979448631,-42.5003));
#7604 = CARTESIAN_POINT('',(479.12358217503,28.88588489376,-42.5003));
#7605 = CARTESIAN_POINT('',(479.56746974136,28.231840773349,-42.5003));
#7606 = CARTESIAN_POINT('',(479.991436738,27.564609601234,-42.5003));
#7607 = CARTESIAN_POINT('',(480.39523008241,26.885006746797,-42.5003));
#7608 = CARTESIAN_POINT('',(480.77875998575,26.193905955055,-42.5003));
#7609 = CARTESIAN_POINT('',(481.1420886309,25.492233469577,-42.5003));
#7610 = CARTESIAN_POINT('',(481.77751093825,24.175647145352,-42.5003));
#7611 = CARTESIAN_POINT('',(482.05513432956,23.563382660831,-42.5003));
#7612 = CARTESIAN_POINT('',(482.31837324047,22.944681677426,-42.5003));
#7613 = CARTESIAN_POINT('',(482.56740690568,22.320075041526,-42.5003));
#7614 = CARTESIAN_POINT('',(482.80243722444,21.690076408001,-42.5003));
#7615 = CARTESIAN_POINT('',(483.02365203016,21.055168596564,-42.5003));
#7616 = CARTESIAN_POINT('',(483.23115750539,20.415778426441,-42.5003));
#7617 = CARTESIAN_POINT('',(483.56463949042,19.307789603746,-42.5003));
#7618 = CARTESIAN_POINT('',(483.69722351196,18.841217249035,-42.5003));
#7619 = CARTESIAN_POINT('',(483.82257531723,18.372606785986,-42.5003));
#7620 = CARTESIAN_POINT('',(483.94059979811,17.902058101455,-42.5003));
#7621 = CARTESIAN_POINT('',(484.05110188957,17.429670311133,-42.5003));
#7622 = CARTESIAN_POINT('',(484.15376329241,16.955536346286,-42.5003));
#7623 = CARTESIAN_POINT('',(484.24807806974,16.479728077979,-42.5003));
#7624 = CARTESIAN_POINT('',(484.40786126118,15.583420726866,-42.5003));
#7625 = CARTESIAN_POINT('',(484.475404047,15.16355581892,-42.5003));
#7626 = CARTESIAN_POINT('',(484.53530808853,14.742450969544,-42.5003));
#7627 = CARTESIAN_POINT('',(484.58677573116,14.320049893833,-42.5003));
#7628 = CARTESIAN_POINT('',(484.62873111622,13.896451292736,-42.5003));
#7629 = CARTESIAN_POINT('',(484.65952715388,13.471892304934,-42.5003));
#7630 = CARTESIAN_POINT('',(484.67697400289,13.046745886959,-42.5003));
#7631 = CARTESIAN_POINT('',(484.67696932042,12.526208350866,-42.5003));
#7632 = CARTESIAN_POINT('',(484.67609421028,12.43100728731,-42.5003));
#7633 = CARTESIAN_POINT('',(484.67429894096,12.335815710671,-42.5003));
#7634 = CARTESIAN_POINT('',(484.67153325801,12.24064449598,-42.5003));
#7635 = CARTESIAN_POINT('',(484.66774163418,12.14550749155,-42.5003));
#7636 = CARTESIAN_POINT('',(484.66286234569,12.050421560384,-42.5003));
#7637 = CARTESIAN_POINT('',(484.65682654846,11.955406621582,-42.5003));
#7638 = CARTESIAN_POINT('',(484.64955735434,11.860485691742,-42.5003));
#7639 = PCURVE('',#4980,#7640);
#7640 = DEFINITIONAL_REPRESENTATION('',(#7641),#7707);
#7641 = B_SPLINE_CURVE_WITH_KNOTS('',8,(#7642,#7643,#7644,#7645,#7646,
    #7647,#7648,#7649,#7650,#7651,#7652,#7653,#7654,#7655,#7656,#7657,
    #7658,#7659,#7660,#7661,#7662,#7663,#7664,#7665,#7666,#7667,#7668,
    #7669,#7670,#7671,#7672,#7673,#7674,#7675,#7676,#7677,#7678,#7679,
    #7680,#7681,#7682,#7683,#7684,#7685,#7686,#7687,#7688,#7689,#7690,
    #7691,#7692,#7693,#7694,#7695,#7696,#7697,#7698,#7699,#7700,#7701,
    #7702,#7703,#7704,#7705,#7706),.UNSPECIFIED.,.F.,.F.,(9,7,7,7,7,7,7,
    7,7,9),(0.,7.115582023046E-02,0.24825445811,0.429936270427,
    0.579576335439,0.714136946464,0.828644240184,0.911282761535,
    0.983774249059,1.),.UNSPECIFIED.);
#7642 = CARTESIAN_POINT('',(122.90462665113,-642.3142523185));
#7643 = CARTESIAN_POINT('',(123.32182491439,-642.2945305078));
#7644 = CARTESIAN_POINT('',(123.7386972512,-642.2679291218));
#7645 = CARTESIAN_POINT('',(124.1551163642,-642.234535636));
#7646 = CARTESIAN_POINT('',(124.57095938996,-642.1944355254));
#7647 = CARTESIAN_POINT('',(124.98610786651,-642.147711953));
#7648 = CARTESIAN_POINT('',(125.40044770094,-642.0944454588));
#7649 = CARTESIAN_POINT('',(125.81386913699,-642.034713648));
#7650 = CARTESIAN_POINT('',(127.25267679622,-641.8040189301));
#7651 = CARTESIAN_POINT('',(128.2726780528,-641.5998685988));
#7652 = CARTESIAN_POINT('',(129.2847210217,-641.3572830734));
#7653 = CARTESIAN_POINT('',(130.28728885939,-641.077285581));
#7654 = CARTESIAN_POINT('',(131.27890096243,-640.7607930521));
#7655 = CARTESIAN_POINT('',(132.2581142321,-640.4086217198));
#7656 = CARTESIAN_POINT('',(133.22352199048,-640.0214846555));
#7657 = CARTESIAN_POINT('',(135.14857027882,-639.1675696453));
#7658 = CARTESIAN_POINT('',(136.1073298805,-638.6990276933));
#7659 = CARTESIAN_POINT('',(137.0485179396,-638.1950286107));
#7660 = CARTESIAN_POINT('',(137.97052596812,-637.65618703));
#7661 = CARTESIAN_POINT('',(138.87166874017,-637.0830923596));
#7662 = CARTESIAN_POINT('',(139.75019788191,-636.4763308985));
#7663 = CARTESIAN_POINT('',(140.60432148661,-635.8365169362));
#7664 = CARTESIAN_POINT('',(142.11414984814,-634.6107333043));
#7665 = CARTESIAN_POINT('',(142.77828256505,-634.0351674241));
#7666 = CARTESIAN_POINT('',(143.42358319206,-633.4380915926));
#7667 = CARTESIAN_POINT('',(144.04900114027,-632.8199912607));
#7668 = CARTESIAN_POINT('',(144.65351304191,-632.1814200225));
#7669 = CARTESIAN_POINT('',(145.23615163523,-631.5230270082));
#7670 = CARTESIAN_POINT('',(145.79604320866,-630.8455928226));
#7671 = CARTESIAN_POINT('',(146.81480911908,-629.524643708));
#7672 = CARTESIAN_POINT('',(147.27820882617,-628.8845491531));
#7673 = CARTESIAN_POINT('',(147.72209639249,-628.2305050327));
#7674 = CARTESIAN_POINT('',(148.14606338913,-627.5632738606));
#7675 = CARTESIAN_POINT('',(148.54985673355,-626.8836710061));
#7676 = CARTESIAN_POINT('',(148.93338663688,-626.1925702144));
#7677 = CARTESIAN_POINT('',(149.29671528204,-625.4908977289));
#7678 = CARTESIAN_POINT('',(149.93213758938,-624.1743114047));
#7679 = CARTESIAN_POINT('',(150.20976098069,-623.5620469202));
#7680 = CARTESIAN_POINT('',(150.4729998916,-622.9433459368));
#7681 = CARTESIAN_POINT('',(150.72203355681,-622.3187393009));
#7682 = CARTESIAN_POINT('',(150.95706387557,-621.6887406674));
#7683 = CARTESIAN_POINT('',(151.17827868129,-621.0538328559));
#7684 = CARTESIAN_POINT('',(151.38578415652,-620.4144426858));
#7685 = CARTESIAN_POINT('',(151.71926614155,-619.3064538631));
#7686 = CARTESIAN_POINT('',(151.8518501631,-618.8398815084));
#7687 = CARTESIAN_POINT('',(151.97720196836,-618.3712710453));
#7688 = CARTESIAN_POINT('',(152.09522644925,-617.9007223608));
#7689 = CARTESIAN_POINT('',(152.20572854071,-617.4283345705));
#7690 = CARTESIAN_POINT('',(152.30838994354,-616.9542006056));
#7691 = CARTESIAN_POINT('',(152.40270472088,-616.4783923373));
#7692 = CARTESIAN_POINT('',(152.56248791232,-615.5820849862));
#7693 = CARTESIAN_POINT('',(152.63003069813,-615.1622200783));
#7694 = CARTESIAN_POINT('',(152.68993473966,-614.7411152289));
#7695 = CARTESIAN_POINT('',(152.7414023823,-614.3187141532));
#7696 = CARTESIAN_POINT('',(152.78335776735,-613.8951155521));
#7697 = CARTESIAN_POINT('',(152.81415380502,-613.4705565643));
#7698 = CARTESIAN_POINT('',(152.83160065403,-613.0454101463));
#7699 = CARTESIAN_POINT('',(152.83159597156,-612.5248726102));
#7700 = CARTESIAN_POINT('',(152.83072086142,-612.4296715467));
#7701 = CARTESIAN_POINT('',(152.8289255921,-612.33447997));
#7702 = CARTESIAN_POINT('',(152.82615990914,-612.2393087553));
#7703 = CARTESIAN_POINT('',(152.82236828531,-612.1441717509));
#7704 = CARTESIAN_POINT('',(152.81748899682,-612.0490858197));
#7705 = CARTESIAN_POINT('',(152.81145319959,-611.9540708809));
#7706 = CARTESIAN_POINT('',(152.80418400547,-611.8591499511));
#7707 = ( GEOMETRIC_REPRESENTATION_CONTEXT(2) 
PARAMETRIC_REPRESENTATION_CONTEXT() REPRESENTATION_CONTEXT('2D SPACE',''
  ) );
#7708 = PCURVE('',#7709,#7810);
#7709 = B_SPLINE_SURFACE_WITH_KNOTS('',9,9,(
    (#7710,#7711,#7712,#7713,#7714,#7715,#7716,#7717,#7718,#7719)
    ,(#7720,#7721,#7722,#7723,#7724,#7725,#7726,#7727,#7728,#7729)
    ,(#7730,#7731,#7732,#7733,#7734,#7735,#7736,#7737,#7738,#7739)
    ,(#7740,#7741,#7742,#7743,#7744,#7745,#7746,#7747,#7748,#7749)
    ,(#7750,#7751,#7752,#7753,#7754,#7755,#7756,#7757,#7758,#7759)
    ,(#7760,#7761,#7762,#7763,#7764,#7765,#7766,#7767,#7768,#7769)
    ,(#7770,#7771,#7772,#7773,#7774,#7775,#7776,#7777,#7778,#7779)
    ,(#7780,#7781,#7782,#7783,#7784,#7785,#7786,#7787,#7788,#7789)
    ,(#7790,#7791,#7792,#7793,#7794,#7795,#7796,#7797,#7798,#7799)
    ,(#7800,#7801,#7802,#7803,#7804,#7805,#7806,#7807,#7808,#7809
  )),.UNSPECIFIED.,.F.,.F.,.F.,(10,10),(10,10),(0.,1.),(0.,1.),
  .PIECEWISE_BEZIER_KNOTS.);
#7710 = CARTESIAN_POINT('',(454.75,20.,-52.45));
#7711 = CARTESIAN_POINT('',(463.45919296745,17.788888888889,-52.45));
#7712 = CARTESIAN_POINT('',(472.16838605973,15.577777777779,
    -50.73995409792));
#7713 = CARTESIAN_POINT('',(480.49384478668,13.366666666663,
    -47.31986109737));
#7714 = CARTESIAN_POINT('',(488.05184008963,11.155555555563,
    -42.29018731659));
#7715 = CARTESIAN_POINT('',(494.49018731653,8.944444444437,
    -35.85184008956));
#7716 = CARTESIAN_POINT('',(499.51986109741,6.733333333338,
    -28.29384478672));
#7717 = CARTESIAN_POINT('',(502.9399540979,4.522222222221,-19.9683860597
    ));
#7718 = CARTESIAN_POINT('',(504.65,2.311111111111,-11.25919296745));
#7719 = CARTESIAN_POINT('',(504.65,9.999999999993E-02,-2.55));
#7720 = CARTESIAN_POINT('',(454.74999999999,25.23598716194,-52.45));
#7721 = CARTESIAN_POINT('',(463.45919296745,23.059149082218,
    -52.64295582319));
#7722 = CARTESIAN_POINT('',(472.41051622896,20.692305902266,
    -51.02926048762));
#7723 = CARTESIAN_POINT('',(481.09050924769,18.135457489146,
    -47.4677503905));
#7724 = CARTESIAN_POINT('',(488.88169764487,15.399766767125,
    -42.04676969152));
#7725 = CARTESIAN_POINT('',(495.21126238608,12.507556773275,
    -35.19107853992));
#7726 = CARTESIAN_POINT('',(499.93331336786,9.490941437695,
    -27.49963618534));
#7727 = CARTESIAN_POINT('',(503.07819920231,6.389052388298,
    -19.31316286458));
#7728 = CARTESIAN_POINT('',(504.65,3.244526187216,-10.90755424267));
#7729 = CARTESIAN_POINT('',(504.65,9.999999999994E-02,-2.55));
#7730 = CARTESIAN_POINT('',(454.75000000003,30.471977679269,
    -51.42191599134));
#7731 = CARTESIAN_POINT('',(463.45919296748,28.674669508585,
    -51.89088083822));
#7732 = CARTESIAN_POINT('',(472.59211385591,27.17649835101,
    -49.54411019116));
#7733 = CARTESIAN_POINT('',(481.53800759347,24.573630464283,
    -45.68401771727));
#7734 = CARTESIAN_POINT('',(489.50409081131,21.332971637283,
    -39.96324923447));
#7735 = CARTESIAN_POINT('',(495.75206868826,17.56962960506,-32.950388936
    ));
#7736 = CARTESIAN_POINT('',(500.2434025707,13.454500493997,
    -25.41412658482));
#7737 = CARTESIAN_POINT('',(503.18188303062,9.102692799588,
    -17.69193281273));
#7738 = CARTESIAN_POINT('',(504.65,5.067342234373,-9.521070459013));
#7739 = CARTESIAN_POINT('',(504.65,9.999999999995E-02,-2.55));
#7740 = CARTESIAN_POINT('',(454.74999999994,35.477257549451,
    -49.36574957367));
#7741 = CARTESIAN_POINT('',(463.4591929674,34.364860049266,
    -49.94192967269));
#7742 = CARTESIAN_POINT('',(472.71317894045,32.876529656543,
    -47.82130106361));
#7743 = CARTESIAN_POINT('',(481.83633982392,29.961837022356,
    -44.06536270128));
#7744 = CARTESIAN_POINT('',(489.91901958888,26.010391183312,
    -38.43948410209));
#7745 = CARTESIAN_POINT('',(496.11260622299,21.288502072358,
    -31.55683284781));
#7746 = CARTESIAN_POINT('',(500.45012870589,16.162925491782,
    -24.23396059034));
#7747 = CARTESIAN_POINT('',(503.2510055828,10.826135591597,
    -16.81750357371));
#7748 = CARTESIAN_POINT('',(504.65,5.751216302941,-9.128084566107));
#7749 = CARTESIAN_POINT('',(504.65,9.999999999996E-02,-2.55));
#7750 = CARTESIAN_POINT('',(454.75000000007,40.021150775953,
    -46.34189293817));
#7751 = CARTESIAN_POINT('',(463.45919296753,39.710971025403,
    -46.6662457006));
#7752 = CARTESIAN_POINT('',(472.77371148286,38.110608149149,
    -44.84269806571));
#7753 = CARTESIAN_POINT('',(481.98550593926,34.875745049851,
    -41.31457661634));
#7754 = CARTESIAN_POINT('',(490.12648397776,30.212994477338,
    -36.05944239458));
#7755 = CARTESIAN_POINT('',(496.29287499044,24.554364733944,
    -29.63919249013));
#7756 = CARTESIAN_POINT('',(500.55349177355,18.477244395074,
    -22.79814164828));
#7757 = CARTESIAN_POINT('',(503.28556685894,12.252762795431,
    -15.86407164591));
#7758 = CARTESIAN_POINT('',(504.65,6.155841823881,-8.868903132999));
#7759 = CARTESIAN_POINT('',(504.65,9.999999999996E-02,-2.55));
#7760 = CARTESIAN_POINT('',(454.74999999992,43.891892938188,
    -42.47115077596));
#7761 = CARTESIAN_POINT('',(463.45919296737,44.21624570061,
    -42.16097102541));
#7762 = CARTESIAN_POINT('',(472.77371148274,42.392698065725,
    -40.56060814915));
#7763 = CARTESIAN_POINT('',(481.98550593916,38.864576616352,
    -37.32574504985));
#7764 = CARTESIAN_POINT('',(490.12648397767,33.609442394596,
    -32.66299447734));
#7765 = CARTESIAN_POINT('',(496.29287499037,27.189192490135,
    -27.00436473395));
#7766 = CARTESIAN_POINT('',(500.55349177349,20.348141648293,
    -20.92724439507));
#7767 = CARTESIAN_POINT('',(503.2855668589,13.414071645918,
    -14.70276279543));
#7768 = CARTESIAN_POINT('',(504.65,6.418903132999,-8.60584182388));
#7769 = CARTESIAN_POINT('',(504.65,9.999999999996E-02,-2.55));
#7770 = CARTESIAN_POINT('',(454.75000000004,46.91574957367,
    -37.92725754943));
#7771 = CARTESIAN_POINT('',(463.45919296749,47.491929672693,
    -36.81486004925));
#7772 = CARTESIAN_POINT('',(472.71317894053,45.371301063617,
    -35.32652965653));
#7773 = CARTESIAN_POINT('',(481.83633982398,41.615362701282,
    -32.41183702234));
#7774 = CARTESIAN_POINT('',(489.91901958893,35.989484102098,
    -28.4603911833));
#7775 = CARTESIAN_POINT('',(496.11260622303,29.106832847813,
    -23.73850207235));
#7776 = CARTESIAN_POINT('',(500.45012870592,21.783960590341,
    -18.61292549177));
#7777 = CARTESIAN_POINT('',(503.25100558283,14.367503573714,
    -13.27613559159));
#7778 = CARTESIAN_POINT('',(504.65,6.678084566107,-8.20121630294));
#7779 = CARTESIAN_POINT('',(504.65,9.999999999997E-02,-2.55));
#7780 = CARTESIAN_POINT('',(454.74999999997,48.971915991344,
    -32.92197767927));
#7781 = CARTESIAN_POINT('',(463.45919296742,49.440880838223,
    -31.12466950859));
#7782 = CARTESIAN_POINT('',(472.59211385586,47.094110191161,
    -29.62649835101));
#7783 = CARTESIAN_POINT('',(481.53800759343,43.234017717275,
    -27.02363046428));
#7784 = CARTESIAN_POINT('',(489.50409081127,37.513249234473,
    -23.78297163728));
#7785 = CARTESIAN_POINT('',(495.75206868823,30.500388935998,
    -20.01962960506));
#7786 = CARTESIAN_POINT('',(500.24340257067,22.964126584829,
    -15.90450049399));
#7787 = CARTESIAN_POINT('',(503.18188303061,15.241932812732,
    -11.55269279959));
#7788 = CARTESIAN_POINT('',(504.65,7.071070459013,-7.517342234372));
#7789 = CARTESIAN_POINT('',(504.65,9.999999999997E-02,-2.55));
#7790 = CARTESIAN_POINT('',(454.75,50.,-27.68598716193));
#7791 = CARTESIAN_POINT('',(463.45919296745,50.19295582319,
    -25.50914908221));
#7792 = CARTESIAN_POINT('',(472.41051622896,48.579260487624,
    -23.14230590226));
#7793 = CARTESIAN_POINT('',(481.09050924769,45.017750390507,
    -20.58545748914));
#7794 = CARTESIAN_POINT('',(488.88169764487,39.596769691523,
    -17.84976676711));
#7795 = CARTESIAN_POINT('',(495.21126238608,32.741078539922,
    -14.95755677327));
#7796 = CARTESIAN_POINT('',(499.93331336785,25.049636185344,
    -11.94094143769));
#7797 = CARTESIAN_POINT('',(503.07819920231,16.863162864585,
    -8.839052388298));
#7798 = CARTESIAN_POINT('',(504.65,8.457554242674,-5.694526187216));
#7799 = CARTESIAN_POINT('',(504.65,9.999999999998E-02,-2.55));
#7800 = CARTESIAN_POINT('',(454.75,50.,-22.45));
#7801 = CARTESIAN_POINT('',(463.45919296745,50.,-20.23888888888));
#7802 = CARTESIAN_POINT('',(472.16838605974,48.28995409792,
    -18.02777777777));
#7803 = CARTESIAN_POINT('',(480.49384478668,44.869861097374,
    -15.81666666666));
#7804 = CARTESIAN_POINT('',(488.05184008963,39.840187316592,
    -13.60555555555));
#7805 = CARTESIAN_POINT('',(494.49018731654,33.401840089562,
    -11.39444444444));
#7806 = CARTESIAN_POINT('',(499.51986109741,25.843844786729,
    -9.183333333334));
#7807 = CARTESIAN_POINT('',(502.9399540979,17.518386059706,
    -6.972222222222));
#7808 = CARTESIAN_POINT('',(504.65,8.809192967452,-4.761111111111));
#7809 = CARTESIAN_POINT('',(504.65,9.999999999999E-02,-2.55));
#7810 = DEFINITIONAL_REPRESENTATION('',(#7811),#7877);
#7811 = B_SPLINE_CURVE_WITH_KNOTS('',8,(#7812,#7813,#7814,#7815,#7816,
    #7817,#7818,#7819,#7820,#7821,#7822,#7823,#7824,#7825,#7826,#7827,
    #7828,#7829,#7830,#7831,#7832,#7833,#7834,#7835,#7836,#7837,#7838,
    #7839,#7840,#7841,#7842,#7843,#7844,#7845,#7846,#7847,#7848,#7849,
    #7850,#7851,#7852,#7853,#7854,#7855,#7856,#7857,#7858,#7859,#7860,
    #7861,#7862,#7863,#7864,#7865,#7866,#7867,#7868,#7869,#7870,#7871,
    #7872,#7873,#7874,#7875,#7876),.UNSPECIFIED.,.F.,.F.,(9,7,7,7,7,7,7,
    7,7,9),(0.,7.115582023046E-02,0.24825445811,0.429936270427,
    0.579576335439,0.714136946464,0.828644240184,0.911282761535,
    0.983774249059,1.),.UNSPECIFIED.);
#7812 = CARTESIAN_POINT('',(0.534007434886,0.));
#7813 = CARTESIAN_POINT('',(0.533504631848,5.322578424614E-03));
#7814 = CARTESIAN_POINT('',(0.532918899299,1.062487110136E-02));
#7815 = CARTESIAN_POINT('',(0.532252106439,1.590645690638E-02));
#7816 = CARTESIAN_POINT('',(0.531505788265,2.116695901385E-02));
#7817 = CARTESIAN_POINT('',(0.530681186299,2.640604194102E-02));
#7818 = CARTESIAN_POINT('',(0.529779289316,3.162340859324E-02));
#7819 = CARTESIAN_POINT('',(0.528800874069,3.681879730905E-02));
#7820 = CARTESIAN_POINT('',(0.525122444978,5.486743183672E-02));
#7821 = CARTESIAN_POINT('',(0.522028273284,6.760448811889E-02));
#7822 = CARTESIAN_POINT('',(0.518472993348,8.020059174621E-02));
#7823 = CARTESIAN_POINT('',(0.514458810474,9.265276840417E-02));
#7824 = CARTESIAN_POINT('',(0.509982975953,0.104957601936));
#7825 = CARTESIAN_POINT('',(0.505038886205,0.117111193911));
#7826 = CARTESIAN_POINT('',(0.499616477947,0.129109106291));
#7827 = CARTESIAN_POINT('',(0.487634296737,0.153089805101));
#7828 = CARTESIAN_POINT('',(0.481049272166,0.165063104475));
#7829 = CARTESIAN_POINT('',(0.473932374724,0.176860369823));
#7830 = CARTESIAN_POINT('',(0.466266174452,0.188473426585));
#7831 = CARTESIAN_POINT('',(0.45803103822,0.199891916426));
#7832 = CARTESIAN_POINT('',(0.449205825565,0.21110331412));
#7833 = CARTESIAN_POINT('',(0.439769100689,0.222092986405));
#7834 = CARTESIAN_POINT('',(0.421409325123,0.241699843845));
#7835 = CARTESIAN_POINT('',(0.412689180625,0.250393637619));
#7836 = CARTESIAN_POINT('',(0.403530832794,0.258915991556));
#7837 = CARTESIAN_POINT('',(0.393925123781,0.2672562915));
#7838 = CARTESIAN_POINT('',(0.383864878265,0.275403357226));
#7839 = CARTESIAN_POINT('',(0.37334601117,0.283345759031));
#7840 = CARTESIAN_POINT('',(0.362368773241,0.291072285745));
#7841 = CARTESIAN_POINT('',(0.340661277565,0.305317028221));
#7842 = CARTESIAN_POINT('',(0.330016926175,0.311878984362));
#7843 = CARTESIAN_POINT('',(0.31901067609,0.318250596838));
#7844 = CARTESIAN_POINT('',(0.307649698679,0.324425361632));
#7845 = CARTESIAN_POINT('',(0.295943937045,0.330398287254));
#7846 = CARTESIAN_POINT('',(0.283906006807,0.336166133003));
#7847 = CARTESIAN_POINT('',(0.271550299333,0.341727418027));
#7848 = CARTESIAN_POINT('',(0.248117894803,0.351638440397));
#7849 = CARTESIAN_POINT('',(0.237124917741,0.35604525773));
#7850 = CARTESIAN_POINT('',(0.225919574714,0.360302578225));
#7851 = CARTESIAN_POINT('',(0.214509065612,0.364411340931));
#7852 = CARTESIAN_POINT('',(0.202898935335,0.368372846889));
#7853 = CARTESIAN_POINT('',(0.191091897803,0.372188332025));
#7854 = CARTESIAN_POINT('',(0.179085764402,0.375858115684));
#7855 = CARTESIAN_POINT('',(0.158053382703,0.381921635958));
#7856 = CARTESIAN_POINT('',(0.149128410891,0.384386074893));
#7857 = CARTESIAN_POINT('',(0.14009004808,0.386772596336));
#7858 = CARTESIAN_POINT('',(0.130931965564,0.389079651442));
#7859 = CARTESIAN_POINT('',(0.121645186421,0.391304363907));
#7860 = CARTESIAN_POINT('',(0.112217394774,0.393442208846));
#7861 = CARTESIAN_POINT('',(0.102631114333,0.395486140166));
#7862 = CARTESIAN_POINT('',(8.428741844397E-02,0.399124804758));
#7863 = CARTESIAN_POINT('',(7.557789638266E-02,0.400742845469));
#7864 = CARTESIAN_POINT('',(6.670823841009E-02,0.402271851043));
#7865 = CARTESIAN_POINT('',(5.765343810974E-02,0.403700992658));
#7866 = CARTESIAN_POINT('',(4.838564430091E-02,0.405015358241));
#7867 = CARTESIAN_POINT('',(3.88673879394E-02,0.406191875854));
#7868 = CARTESIAN_POINT('',(2.905180114234E-02,0.407199644176));
#7869 = CARTESIAN_POINT('',(1.656801467565E-02,0.408156075979));
#7870 = CARTESIAN_POINT('',(1.426579432409E-02,0.408319645016));
#7871 = CARTESIAN_POINT('',(1.194365175954E-02,0.408471208138));
#7872 = CARTESIAN_POINT('',(9.600665044108E-03,0.408610048966));
#7873 = CARTESIAN_POINT('',(7.235870247684E-03,0.408735372051));
#7874 = CARTESIAN_POINT('',(4.848243915159E-03,0.408846289787));
#7875 = CARTESIAN_POINT('',(2.4366855337E-03,0.40894180933));
#7876 = CARTESIAN_POINT('',(0.,0.40902081951));
#7877 = ( GEOMETRIC_REPRESENTATION_CONTEXT(2) 
PARAMETRIC_REPRESENTATION_CONTEXT() REPRESENTATION_CONTEXT('2D SPACE',''
  ) );
#7878 = ORIENTED_EDGE('',*,*,#7879,.F.);
#7879 = EDGE_CURVE('',#5230,#7570,#7880,.T.);
#7880 = SURFACE_CURVE('',#7881,(#7885,#7891),.PCURVE_S1.);
#7881 = LINE('',#7882,#7883);
#7882 = CARTESIAN_POINT('',(0.,42.315588047596,-42.5003));
#7883 = VECTOR('',#7884,1.);
#7884 = DIRECTION('',(1.,-0.,0.));
#7885 = PCURVE('',#4980,#7886);
#7886 = DEFINITIONAL_REPRESENTATION('',(#7887),#7890);
#7887 = B_SPLINE_CURVE_WITH_KNOTS('',1,(#7888,#7889),.UNSPECIFIED.,.F.,
  .F.,(2,2),(2.58922680426E-02,454.75000060007),
  .PIECEWISE_BEZIER_KNOTS.);
#7888 = CARTESIAN_POINT('',(-331.8194810808,-642.3142523069));
#7889 = CARTESIAN_POINT('',(122.90462725121,-642.3142523069));
#7890 = ( GEOMETRIC_REPRESENTATION_CONTEXT(2) 
PARAMETRIC_REPRESENTATION_CONTEXT() REPRESENTATION_CONTEXT('2D SPACE',''
  ) );
#7891 = PCURVE('',#5315,#7892);
#7892 = DEFINITIONAL_REPRESENTATION('',(#7893),#7896);
#7893 = B_SPLINE_CURVE_WITH_KNOTS('',1,(#7894,#7895),.UNSPECIFIED.,.F.,
  .F.,(2,2),(2.58922680426E-02,454.75000060007),
  .PIECEWISE_BEZIER_KNOTS.);
#7894 = CARTESIAN_POINT('',(0.838816916731,2.58922680426E-02));
#7895 = CARTESIAN_POINT('',(0.838816916731,454.75000060007));
#7896 = ( GEOMETRIC_REPRESENTATION_CONTEXT(2) 
PARAMETRIC_REPRESENTATION_CONTEXT() REPRESENTATION_CONTEXT('2D SPACE',''
  ) );
#7897 = ADVANCED_FACE('',(#7898),#5315,.F.);
#7898 = FACE_BOUND('',#7899,.F.);
#7899 = EDGE_LOOP('',(#7900,#7923,#7924,#7925));
#7900 = ORIENTED_EDGE('',*,*,#7901,.F.);
#7901 = EDGE_CURVE('',#5202,#7902,#7904,.T.);
#7902 = VERTEX_POINT('',#7903);
#7903 = CARTESIAN_POINT('',(454.75,20.,-52.45));
#7904 = SURFACE_CURVE('',#7905,(#7909,#7916),.PCURVE_S1.);
#7905 = LINE('',#7906,#7907);
#7906 = CARTESIAN_POINT('',(0.,20.,-52.45));
#7907 = VECTOR('',#7908,1.);
#7908 = DIRECTION('',(1.,-0.,0.));
#7909 = PCURVE('',#5315,#7910);
#7910 = DEFINITIONAL_REPRESENTATION('',(#7911),#7915);
#7911 = LINE('',#7912,#7913);
#7912 = CARTESIAN_POINT('',(0.,0.));
#7913 = VECTOR('',#7914,1.);
#7914 = DIRECTION('',(0.,1.));
#7915 = ( GEOMETRIC_REPRESENTATION_CONTEXT(2) 
PARAMETRIC_REPRESENTATION_CONTEXT() REPRESENTATION_CONTEXT('2D SPACE',''
  ) );
#7916 = PCURVE('',#5217,#7917);
#7917 = DEFINITIONAL_REPRESENTATION('',(#7918),#7922);
#7918 = LINE('',#7919,#7920);
#7919 = CARTESIAN_POINT('',(20.,0.));
#7920 = VECTOR('',#7921,1.);
#7921 = DIRECTION('',(0.,1.));
#7922 = ( GEOMETRIC_REPRESENTATION_CONTEXT(2) 
PARAMETRIC_REPRESENTATION_CONTEXT() REPRESENTATION_CONTEXT('2D SPACE',''
  ) );
#7923 = ORIENTED_EDGE('',*,*,#5229,.T.);
#7924 = ORIENTED_EDGE('',*,*,#7879,.T.);
#7925 = ORIENTED_EDGE('',*,*,#7926,.F.);
#7926 = EDGE_CURVE('',#7902,#7570,#7927,.T.);
#7927 = SURFACE_CURVE('',#7928,(#7939,#7953),.PCURVE_S1.);
#7928 = B_SPLINE_CURVE_WITH_KNOTS('',9,(#7929,#7930,#7931,#7932,#7933,
    #7934,#7935,#7936,#7937,#7938),.UNSPECIFIED.,.F.,.F.,(10,10),(0.,1.)
  ,.PIECEWISE_BEZIER_KNOTS.);
#7929 = CARTESIAN_POINT('',(454.75,20.,-52.45));
#7930 = CARTESIAN_POINT('',(454.74999999999,25.23598716194,-52.45));
#7931 = CARTESIAN_POINT('',(454.75000000003,30.471977679269,
    -51.42191599134));
#7932 = CARTESIAN_POINT('',(454.74999999994,35.477257549451,
    -49.36574957367));
#7933 = CARTESIAN_POINT('',(454.75000000007,40.021150775953,
    -46.34189293817));
#7934 = CARTESIAN_POINT('',(454.74999999992,43.891892938188,
    -42.47115077596));
#7935 = CARTESIAN_POINT('',(454.75000000004,46.91574957367,
    -37.92725754943));
#7936 = CARTESIAN_POINT('',(454.74999999997,48.971915991344,
    -32.92197767927));
#7937 = CARTESIAN_POINT('',(454.75,50.,-27.68598716193));
#7938 = CARTESIAN_POINT('',(454.75,50.,-22.45));
#7939 = PCURVE('',#5315,#7940);
#7940 = DEFINITIONAL_REPRESENTATION('',(#7941),#7952);
#7941 = B_SPLINE_CURVE_WITH_KNOTS('',9,(#7942,#7943,#7944,#7945,#7946,
    #7947,#7948,#7949,#7950,#7951),.UNSPECIFIED.,.F.,.F.,(10,10),(0.,1.)
  ,.PIECEWISE_BEZIER_KNOTS.);
#7942 = CARTESIAN_POINT('',(1.887379141863E-15,454.75));
#7943 = CARTESIAN_POINT('',(0.174532905398,454.74999999999));
#7944 = CARTESIAN_POINT('',(0.349065921449,454.75000000002));
#7945 = CARTESIAN_POINT('',(0.523598641889,454.74999999994));
#7946 = CARTESIAN_POINT('',(0.698131869334,454.75000000007));
#7947 = CARTESIAN_POINT('',(0.872664457461,454.74999999992));
#7948 = CARTESIAN_POINT('',(1.047197684906,454.75000000004));
#7949 = CARTESIAN_POINT('',(1.221730405345,454.74999999997));
#7950 = CARTESIAN_POINT('',(1.396263421397,454.75));
#7951 = CARTESIAN_POINT('',(1.570796326795,454.75));
#7952 = ( GEOMETRIC_REPRESENTATION_CONTEXT(2) 
PARAMETRIC_REPRESENTATION_CONTEXT() REPRESENTATION_CONTEXT('2D SPACE',''
  ) );
#7953 = PCURVE('',#7709,#7954);
#7954 = DEFINITIONAL_REPRESENTATION('',(#7955),#7959);
#7955 = LINE('',#7956,#7957);
#7956 = CARTESIAN_POINT('',(0.,0.));
#7957 = VECTOR('',#7958,1.);
#7958 = DIRECTION('',(1.,0.));
#7959 = ( GEOMETRIC_REPRESENTATION_CONTEXT(2) 
PARAMETRIC_REPRESENTATION_CONTEXT() REPRESENTATION_CONTEXT('2D SPACE',''
  ) );
#7960 = ADVANCED_FACE('',(#7961),#5217,.F.);
#7961 = FACE_BOUND('',#7962,.F.);
#7962 = EDGE_LOOP('',(#7963,#7986,#7987,#7988,#8011,#8034,#8057,#8085,
    #8114,#8142));
#7963 = ORIENTED_EDGE('',*,*,#7964,.F.);
#7964 = EDGE_CURVE('',#5069,#7965,#7967,.T.);
#7965 = VERTEX_POINT('',#7966);
#7966 = CARTESIAN_POINT('',(354.65,-20.,-52.45));
#7967 = SURFACE_CURVE('',#7968,(#7972,#7979),.PCURVE_S1.);
#7968 = LINE('',#7969,#7970);
#7969 = CARTESIAN_POINT('',(0.,-20.,-52.45));
#7970 = VECTOR('',#7971,1.);
#7971 = DIRECTION('',(1.,0.,0.));
#7972 = PCURVE('',#5217,#7973);
#7973 = DEFINITIONAL_REPRESENTATION('',(#7974),#7978);
#7974 = LINE('',#7975,#7976);
#7975 = CARTESIAN_POINT('',(-20.,0.));
#7976 = VECTOR('',#7977,1.);
#7977 = DIRECTION('',(0.,1.));
#7978 = ( GEOMETRIC_REPRESENTATION_CONTEXT(2) 
PARAMETRIC_REPRESENTATION_CONTEXT() REPRESENTATION_CONTEXT('2D SPACE',''
  ) );
#7979 = PCURVE('',#5154,#7980);
#7980 = DEFINITIONAL_REPRESENTATION('',(#7981),#7985);
#7981 = LINE('',#7982,#7983);
#7982 = CARTESIAN_POINT('',(1.570796326795,0.));
#7983 = VECTOR('',#7984,1.);
#7984 = DIRECTION('',(0.,1.));
#7985 = ( GEOMETRIC_REPRESENTATION_CONTEXT(2) 
PARAMETRIC_REPRESENTATION_CONTEXT() REPRESENTATION_CONTEXT('2D SPACE',''
  ) );
#7986 = ORIENTED_EDGE('',*,*,#5201,.T.);
#7987 = ORIENTED_EDGE('',*,*,#7901,.T.);
#7988 = ORIENTED_EDGE('',*,*,#7989,.F.);
#7989 = EDGE_CURVE('',#7990,#7902,#7992,.T.);
#7990 = VERTEX_POINT('',#7991);
#7991 = CARTESIAN_POINT('',(454.75,-1.22E+03,-52.45));
#7992 = SURFACE_CURVE('',#7993,(#7997,#8004),.PCURVE_S1.);
#7993 = LINE('',#7994,#7995);
#7994 = CARTESIAN_POINT('',(454.75,-1.22E+03,-52.45));
#7995 = VECTOR('',#7996,1.);
#7996 = DIRECTION('',(-0.,1.,-0.));
#7997 = PCURVE('',#5217,#7998);
#7998 = DEFINITIONAL_REPRESENTATION('',(#7999),#8003);
#7999 = LINE('',#8000,#8001);
#8000 = CARTESIAN_POINT('',(-1.22E+03,454.75));
#8001 = VECTOR('',#8002,1.);
#8002 = DIRECTION('',(1.,0.));
#8003 = ( GEOMETRIC_REPRESENTATION_CONTEXT(2) 
PARAMETRIC_REPRESENTATION_CONTEXT() REPRESENTATION_CONTEXT('2D SPACE',''
  ) );
#8004 = PCURVE('',#7558,#8005);
#8005 = DEFINITIONAL_REPRESENTATION('',(#8006),#8010);
#8006 = LINE('',#8007,#8008);
#8007 = CARTESIAN_POINT('',(-0.,0.));
#8008 = VECTOR('',#8009,1.);
#8009 = DIRECTION('',(-0.,1.));
#8010 = ( GEOMETRIC_REPRESENTATION_CONTEXT(2) 
PARAMETRIC_REPRESENTATION_CONTEXT() REPRESENTATION_CONTEXT('2D SPACE',''
  ) );
#8011 = ORIENTED_EDGE('',*,*,#8012,.T.);
#8012 = EDGE_CURVE('',#7990,#8013,#8015,.T.);
#8013 = VERTEX_POINT('',#8014);
#8014 = CARTESIAN_POINT('',(2.589286804312E-02,-1.22E+03,-52.45));
#8015 = SURFACE_CURVE('',#8016,(#8020,#8027),.PCURVE_S1.);
#8016 = LINE('',#8017,#8018);
#8017 = CARTESIAN_POINT('',(504.65,-1.22E+03,-52.45));
#8018 = VECTOR('',#8019,1.);
#8019 = DIRECTION('',(-1.,0.,-0.));
#8020 = PCURVE('',#5217,#8021);
#8021 = DEFINITIONAL_REPRESENTATION('',(#8022),#8026);
#8022 = LINE('',#8023,#8024);
#8023 = CARTESIAN_POINT('',(-1.22E+03,504.65));
#8024 = VECTOR('',#8025,1.);
#8025 = DIRECTION('',(0.,-1.));
#8026 = ( GEOMETRIC_REPRESENTATION_CONTEXT(2) 
PARAMETRIC_REPRESENTATION_CONTEXT() REPRESENTATION_CONTEXT('2D SPACE',''
  ) );
#8027 = PCURVE('',#7222,#8028);
#8028 = DEFINITIONAL_REPRESENTATION('',(#8029),#8033);
#8029 = LINE('',#8030,#8031);
#8030 = CARTESIAN_POINT('',(0.,0.));
#8031 = VECTOR('',#8032,1.);
#8032 = DIRECTION('',(0.,1.));
#8033 = ( GEOMETRIC_REPRESENTATION_CONTEXT(2) 
PARAMETRIC_REPRESENTATION_CONTEXT() REPRESENTATION_CONTEXT('2D SPACE',''
  ) );
#8034 = ORIENTED_EDGE('',*,*,#8035,.F.);
#8035 = EDGE_CURVE('',#8036,#8013,#8038,.T.);
#8036 = VERTEX_POINT('',#8037);
#8037 = CARTESIAN_POINT('',(2.589286804255E-02,-1.18E+03,-52.45));
#8038 = SURFACE_CURVE('',#8039,(#8043,#8050),.PCURVE_S1.);
#8039 = LINE('',#8040,#8041);
#8040 = CARTESIAN_POINT('',(2.589286804263E-02,-1.25E+03,-52.45));
#8041 = VECTOR('',#8042,1.);
#8042 = DIRECTION('',(-0.,-1.,-0.));
#8043 = PCURVE('',#5217,#8044);
#8044 = DEFINITIONAL_REPRESENTATION('',(#8045),#8049);
#8045 = LINE('',#8046,#8047);
#8046 = CARTESIAN_POINT('',(-1.25E+03,2.589286804263E-02));
#8047 = VECTOR('',#8048,1.);
#8048 = DIRECTION('',(-1.,0.));
#8049 = ( GEOMETRIC_REPRESENTATION_CONTEXT(2) 
PARAMETRIC_REPRESENTATION_CONTEXT() REPRESENTATION_CONTEXT('2D SPACE',''
  ) );
#8050 = PCURVE('',#5525,#8051);
#8051 = DEFINITIONAL_REPRESENTATION('',(#8052),#8056);
#8052 = LINE('',#8053,#8054);
#8053 = CARTESIAN_POINT('',(5.449012982404,0.));
#8054 = VECTOR('',#8055,1.);
#8055 = DIRECTION('',(0.,1.));
#8056 = ( GEOMETRIC_REPRESENTATION_CONTEXT(2) 
PARAMETRIC_REPRESENTATION_CONTEXT() REPRESENTATION_CONTEXT('2D SPACE',''
  ) );
#8057 = ORIENTED_EDGE('',*,*,#8058,.F.);
#8058 = EDGE_CURVE('',#8059,#8036,#8061,.T.);
#8059 = VERTEX_POINT('',#8060);
#8060 = CARTESIAN_POINT('',(354.65,-1.18E+03,-52.45));
#8061 = SURFACE_CURVE('',#8062,(#8066,#8073),.PCURVE_S1.);
#8062 = LINE('',#8063,#8064);
#8063 = CARTESIAN_POINT('',(354.65,-1.18E+03,-52.45));
#8064 = VECTOR('',#8065,1.);
#8065 = DIRECTION('',(-1.,0.,0.));
#8066 = PCURVE('',#5217,#8067);
#8067 = DEFINITIONAL_REPRESENTATION('',(#8068),#8072);
#8068 = LINE('',#8069,#8070);
#8069 = CARTESIAN_POINT('',(-1.18E+03,354.65));
#8070 = VECTOR('',#8071,1.);
#8071 = DIRECTION('',(0.,-1.));
#8072 = ( GEOMETRIC_REPRESENTATION_CONTEXT(2) 
PARAMETRIC_REPRESENTATION_CONTEXT() REPRESENTATION_CONTEXT('2D SPACE',''
  ) );
#8073 = PCURVE('',#8074,#8079);
#8074 = CYLINDRICAL_SURFACE('',#8075,30.);
#8075 = AXIS2_PLACEMENT_3D('',#8076,#8077,#8078);
#8076 = CARTESIAN_POINT('',(354.65,-1.18E+03,-22.45));
#8077 = DIRECTION('',(-1.,0.,0.));
#8078 = DIRECTION('',(0.,1.,1.224646799147E-16));
#8079 = DEFINITIONAL_REPRESENTATION('',(#8080),#8084);
#8080 = LINE('',#8081,#8082);
#8081 = CARTESIAN_POINT('',(1.570796326795,0.));
#8082 = VECTOR('',#8083,1.);
#8083 = DIRECTION('',(0.,1.));
#8084 = ( GEOMETRIC_REPRESENTATION_CONTEXT(2) 
PARAMETRIC_REPRESENTATION_CONTEXT() REPRESENTATION_CONTEXT('2D SPACE',''
  ) );
#8085 = ORIENTED_EDGE('',*,*,#8086,.F.);
#8086 = EDGE_CURVE('',#8087,#8059,#8089,.T.);
#8087 = VERTEX_POINT('',#8088);
#8088 = CARTESIAN_POINT('',(434.65,-1.1E+03,-52.45));
#8089 = SURFACE_CURVE('',#8090,(#8095,#8102),.PCURVE_S1.);
#8090 = CIRCLE('',#8091,80.);
#8091 = AXIS2_PLACEMENT_3D('',#8092,#8093,#8094);
#8092 = CARTESIAN_POINT('',(354.65,-1.1E+03,-52.45));
#8093 = DIRECTION('',(0.,0.,-1.));
#8094 = DIRECTION('',(1.,0.,0.));
#8095 = PCURVE('',#5217,#8096);
#8096 = DEFINITIONAL_REPRESENTATION('',(#8097),#8101);
#8097 = CIRCLE('',#8098,80.);
#8098 = AXIS2_PLACEMENT_2D('',#8099,#8100);
#8099 = CARTESIAN_POINT('',(-1.1E+03,354.65));
#8100 = DIRECTION('',(0.,1.));
#8101 = ( GEOMETRIC_REPRESENTATION_CONTEXT(2) 
PARAMETRIC_REPRESENTATION_CONTEXT() REPRESENTATION_CONTEXT('2D SPACE',''
  ) );
#8102 = PCURVE('',#8103,#8108);
#8103 = TOROIDAL_SURFACE('',#8104,80.,30.);
#8104 = AXIS2_PLACEMENT_3D('',#8105,#8106,#8107);
#8105 = CARTESIAN_POINT('',(354.65,-1.1E+03,-22.45));
#8106 = DIRECTION('',(-0.,-0.,1.));
#8107 = DIRECTION('',(1.,0.,0.));
#8108 = DEFINITIONAL_REPRESENTATION('',(#8109),#8113);
#8109 = LINE('',#8110,#8111);
#8110 = CARTESIAN_POINT('',(-0.,4.712388980385));
#8111 = VECTOR('',#8112,1.);
#8112 = DIRECTION('',(-1.,0.));
#8113 = ( GEOMETRIC_REPRESENTATION_CONTEXT(2) 
PARAMETRIC_REPRESENTATION_CONTEXT() REPRESENTATION_CONTEXT('2D SPACE',''
  ) );
#8114 = ORIENTED_EDGE('',*,*,#8115,.F.);
#8115 = EDGE_CURVE('',#8116,#8087,#8118,.T.);
#8116 = VERTEX_POINT('',#8117);
#8117 = CARTESIAN_POINT('',(434.65,-100.,-52.45));
#8118 = SURFACE_CURVE('',#8119,(#8123,#8130),.PCURVE_S1.);
#8119 = LINE('',#8120,#8121);
#8120 = CARTESIAN_POINT('',(434.65,-100.,-52.45));
#8121 = VECTOR('',#8122,1.);
#8122 = DIRECTION('',(-0.,-1.,0.));
#8123 = PCURVE('',#5217,#8124);
#8124 = DEFINITIONAL_REPRESENTATION('',(#8125),#8129);
#8125 = LINE('',#8126,#8127);
#8126 = CARTESIAN_POINT('',(-100.,434.65));
#8127 = VECTOR('',#8128,1.);
#8128 = DIRECTION('',(-1.,0.));
#8129 = ( GEOMETRIC_REPRESENTATION_CONTEXT(2) 
PARAMETRIC_REPRESENTATION_CONTEXT() REPRESENTATION_CONTEXT('2D SPACE',''
  ) );
#8130 = PCURVE('',#8131,#8136);
#8131 = CYLINDRICAL_SURFACE('',#8132,30.);
#8132 = AXIS2_PLACEMENT_3D('',#8133,#8134,#8135);
#8133 = CARTESIAN_POINT('',(434.65,-100.,-22.45));
#8134 = DIRECTION('',(-0.,-1.,0.));
#8135 = DIRECTION('',(-1.,0.,1.224646799147E-16));
#8136 = DEFINITIONAL_REPRESENTATION('',(#8137),#8141);
#8137 = LINE('',#8138,#8139);
#8138 = CARTESIAN_POINT('',(1.570796326795,0.));
#8139 = VECTOR('',#8140,1.);
#8140 = DIRECTION('',(0.,1.));
#8141 = ( GEOMETRIC_REPRESENTATION_CONTEXT(2) 
PARAMETRIC_REPRESENTATION_CONTEXT() REPRESENTATION_CONTEXT('2D SPACE',''
  ) );
#8142 = ORIENTED_EDGE('',*,*,#8143,.F.);
#8143 = EDGE_CURVE('',#7965,#8116,#8144,.T.);
#8144 = SURFACE_CURVE('',#8145,(#8150,#8157),.PCURVE_S1.);
#8145 = CIRCLE('',#8146,80.);
#8146 = AXIS2_PLACEMENT_3D('',#8147,#8148,#8149);
#8147 = CARTESIAN_POINT('',(354.65,-100.,-52.45));
#8148 = DIRECTION('',(0.,0.,-1.));
#8149 = DIRECTION('',(0.,1.,0.));
#8150 = PCURVE('',#5217,#8151);
#8151 = DEFINITIONAL_REPRESENTATION('',(#8152),#8156);
#8152 = CIRCLE('',#8153,80.);
#8153 = AXIS2_PLACEMENT_2D('',#8154,#8155);
#8154 = CARTESIAN_POINT('',(-100.,354.65));
#8155 = DIRECTION('',(1.,0.));
#8156 = ( GEOMETRIC_REPRESENTATION_CONTEXT(2) 
PARAMETRIC_REPRESENTATION_CONTEXT() REPRESENTATION_CONTEXT('2D SPACE',''
  ) );
#8157 = PCURVE('',#8158,#8163);
#8158 = TOROIDAL_SURFACE('',#8159,80.,30.);
#8159 = AXIS2_PLACEMENT_3D('',#8160,#8161,#8162);
#8160 = CARTESIAN_POINT('',(354.65,-100.,-22.45));
#8161 = DIRECTION('',(-0.,-0.,1.));
#8162 = DIRECTION('',(-0.,1.,0.));
#8163 = DEFINITIONAL_REPRESENTATION('',(#8164),#8168);
#8164 = LINE('',#8165,#8166);
#8165 = CARTESIAN_POINT('',(-0.,4.712388980385));
#8166 = VECTOR('',#8167,1.);
#8167 = DIRECTION('',(-1.,0.));
#8168 = ( GEOMETRIC_REPRESENTATION_CONTEXT(2) 
PARAMETRIC_REPRESENTATION_CONTEXT() REPRESENTATION_CONTEXT('2D SPACE',''
  ) );
#8169 = ADVANCED_FACE('',(#8170),#5154,.F.);
#8170 = FACE_BOUND('',#8171,.F.);
#8171 = EDGE_LOOP('',(#8172,#8193,#8194,#8195));
#8172 = ORIENTED_EDGE('',*,*,#8173,.F.);
#8173 = EDGE_CURVE('',#5043,#8174,#8176,.T.);
#8174 = VERTEX_POINT('',#8175);
#8175 = CARTESIAN_POINT('',(354.65,-42.31558804759,-42.5003));
#8176 = SURFACE_CURVE('',#8177,(#8181,#8187),.PCURVE_S1.);
#8177 = LINE('',#8178,#8179);
#8178 = CARTESIAN_POINT('',(0.,-42.31558804759,-42.5003));
#8179 = VECTOR('',#8180,1.);
#8180 = DIRECTION('',(1.,0.,0.));
#8181 = PCURVE('',#5154,#8182);
#8182 = DEFINITIONAL_REPRESENTATION('',(#8183),#8186);
#8183 = B_SPLINE_CURVE_WITH_KNOTS('',1,(#8184,#8185),.UNSPECIFIED.,.F.,
  .F.,(2,2),(2.58922680426E-02,354.6500006),.PIECEWISE_BEZIER_KNOTS.);
#8184 = CARTESIAN_POINT('',(0.731979410064,2.58922680426E-02));
#8185 = CARTESIAN_POINT('',(0.731979410064,354.6500006));
#8186 = ( GEOMETRIC_REPRESENTATION_CONTEXT(2) 
PARAMETRIC_REPRESENTATION_CONTEXT() REPRESENTATION_CONTEXT('2D SPACE',''
  ) );
#8187 = PCURVE('',#5057,#8188);
#8188 = DEFINITIONAL_REPRESENTATION('',(#8189),#8192);
#8189 = B_SPLINE_CURVE_WITH_KNOTS('',1,(#8190,#8191),.UNSPECIFIED.,.F.,
  .F.,(2,2),(2.58922680426E-02,354.6500006),.PIECEWISE_BEZIER_KNOTS.);
#8190 = CARTESIAN_POINT('',(-331.8194810808,-557.6830762118));
#8191 = CARTESIAN_POINT('',(22.804627251133,-557.6830762118));
#8192 = ( GEOMETRIC_REPRESENTATION_CONTEXT(2) 
PARAMETRIC_REPRESENTATION_CONTEXT() REPRESENTATION_CONTEXT('2D SPACE',''
  ) );
#8193 = ORIENTED_EDGE('',*,*,#5068,.F.);
#8194 = ORIENTED_EDGE('',*,*,#7964,.T.);
#8195 = ORIENTED_EDGE('',*,*,#8196,.F.);
#8196 = EDGE_CURVE('',#8174,#7965,#8197,.T.);
#8197 = SURFACE_CURVE('',#8198,(#8203,#8210),.PCURVE_S1.);
#8198 = CIRCLE('',#8199,30.);
#8199 = AXIS2_PLACEMENT_3D('',#8200,#8201,#8202);
#8200 = CARTESIAN_POINT('',(354.65,-20.,-22.45));
#8201 = DIRECTION('',(1.,0.,0.));
#8202 = DIRECTION('',(0.,-1.,0.));
#8203 = PCURVE('',#5154,#8204);
#8204 = DEFINITIONAL_REPRESENTATION('',(#8205),#8209);
#8205 = LINE('',#8206,#8207);
#8206 = CARTESIAN_POINT('',(0.,354.65));
#8207 = VECTOR('',#8208,1.);
#8208 = DIRECTION('',(1.,0.));
#8209 = ( GEOMETRIC_REPRESENTATION_CONTEXT(2) 
PARAMETRIC_REPRESENTATION_CONTEXT() REPRESENTATION_CONTEXT('2D SPACE',''
  ) );
#8210 = PCURVE('',#8158,#8211);
#8211 = DEFINITIONAL_REPRESENTATION('',(#8212),#8216);
#8212 = LINE('',#8213,#8214);
#8213 = CARTESIAN_POINT('',(-0.,3.14159265359));
#8214 = VECTOR('',#8215,1.);
#8215 = DIRECTION('',(-0.,1.));
#8216 = ( GEOMETRIC_REPRESENTATION_CONTEXT(2) 
PARAMETRIC_REPRESENTATION_CONTEXT() REPRESENTATION_CONTEXT('2D SPACE',''
  ) );
#8217 = ADVANCED_FACE('',(#8218),#5057,.F.);
#8218 = FACE_BOUND('',#8219,.F.);
#8219 = EDGE_LOOP('',(#8220,#8221,#8222,#8223,#8251,#8272,#8300,#8321,
    #8340,#8341,#8342,#8343,#8344,#8345,#8346,#8347,#8348,#8349,#8350,
    #8351,#8352,#8353,#8354,#8355,#8356,#8357,#8358,#8359,#8360,#8361,
    #8362,#8363,#8364,#8365,#8366,#8367,#8368,#8369,#8370,#8371));
#8220 = ORIENTED_EDGE('',*,*,#5408,.T.);
#8221 = ORIENTED_EDGE('',*,*,#5042,.T.);
#8222 = ORIENTED_EDGE('',*,*,#8173,.T.);
#8223 = ORIENTED_EDGE('',*,*,#8224,.F.);
#8224 = EDGE_CURVE('',#8225,#8174,#8227,.T.);
#8225 = VERTEX_POINT('',#8226);
#8226 = CARTESIAN_POINT('',(412.3344119524,-100.,-42.5003));
#8227 = SURFACE_CURVE('',#8228,(#8233,#8244),.PCURVE_S1.);
#8228 = CIRCLE('',#8229,57.684411952404);
#8229 = AXIS2_PLACEMENT_3D('',#8230,#8231,#8232);
#8230 = CARTESIAN_POINT('',(354.65,-100.,-42.5003));
#8231 = DIRECTION('',(-0.,-0.,1.));
#8232 = DIRECTION('',(-0.,1.,0.));
#8233 = PCURVE('',#5057,#8234);
#8234 = DEFINITIONAL_REPRESENTATION('',(#8235),#8243);
#8235 = ( BOUNDED_CURVE() B_SPLINE_CURVE(2,(#8236,#8237,#8238,#8239,
#8240,#8241,#8242),.UNSPECIFIED.,.T.,.F.) B_SPLINE_CURVE_WITH_KNOTS((1,2
    ,2,2,2,1),(-2.094395102393,0.,2.094395102393,4.188790204786,
6.28318530718,8.377580409573),.UNSPECIFIED.) CURVE() 
GEOMETRIC_REPRESENTATION_ITEM() RATIONAL_B_SPLINE_CURVE((1.,0.5,1.,0.5,
1.,0.5,1.)) REPRESENTATION_ITEM('') );
#8236 = CARTESIAN_POINT('',(22.804626651133,-557.6830762118));
#8237 = CARTESIAN_POINT('',(-77.10770565516,-557.6830762118));
#8238 = CARTESIAN_POINT('',(-27.15153950201,-471.1564582831));
#8239 = CARTESIAN_POINT('',(22.804626651133,-384.6298403545));
#8240 = CARTESIAN_POINT('',(72.760792804282,-471.1564582831));
#8241 = CARTESIAN_POINT('',(122.71695895743,-557.6830762118));
#8242 = CARTESIAN_POINT('',(22.804626651133,-557.6830762118));
#8243 = ( GEOMETRIC_REPRESENTATION_CONTEXT(2) 
PARAMETRIC_REPRESENTATION_CONTEXT() REPRESENTATION_CONTEXT('2D SPACE',''
  ) );
#8244 = PCURVE('',#8158,#8245);
#8245 = DEFINITIONAL_REPRESENTATION('',(#8246),#8250);
#8246 = LINE('',#8247,#8248);
#8247 = CARTESIAN_POINT('',(-6.28318530718,3.873572063654));
#8248 = VECTOR('',#8249,1.);
#8249 = DIRECTION('',(1.,-0.));
#8250 = ( GEOMETRIC_REPRESENTATION_CONTEXT(2) 
PARAMETRIC_REPRESENTATION_CONTEXT() REPRESENTATION_CONTEXT('2D SPACE',''
  ) );
#8251 = ORIENTED_EDGE('',*,*,#8252,.T.);
#8252 = EDGE_CURVE('',#8225,#8253,#8255,.T.);
#8253 = VERTEX_POINT('',#8254);
#8254 = CARTESIAN_POINT('',(412.3344119524,-1.1E+03,-42.5003));
#8255 = SURFACE_CURVE('',#8256,(#8260,#8266),.PCURVE_S1.);
#8256 = LINE('',#8257,#8258);
#8257 = CARTESIAN_POINT('',(412.3344119524,-100.,-42.5003));
#8258 = VECTOR('',#8259,1.);
#8259 = DIRECTION('',(-0.,-1.,0.));
#8260 = PCURVE('',#5057,#8261);
#8261 = DEFINITIONAL_REPRESENTATION('',(#8262),#8265);
#8262 = B_SPLINE_CURVE_WITH_KNOTS('',1,(#8263,#8264),.UNSPECIFIED.,.F.,
  .F.,(2,2),(-6.000000070117E-07,1.0000000006E+03),
  .PIECEWISE_BEZIER_KNOTS.);
#8263 = CARTESIAN_POINT('',(80.489038603537,-499.9986648594));
#8264 = CARTESIAN_POINT('',(80.489038603537,500.00133634059));
#8265 = ( GEOMETRIC_REPRESENTATION_CONTEXT(2) 
PARAMETRIC_REPRESENTATION_CONTEXT() REPRESENTATION_CONTEXT('2D SPACE',''
  ) );
#8266 = PCURVE('',#8131,#8267);
#8267 = DEFINITIONAL_REPRESENTATION('',(#8268),#8271);
#8268 = B_SPLINE_CURVE_WITH_KNOTS('',1,(#8269,#8270),.UNSPECIFIED.,.F.,
  .F.,(2,2),(-6.000000070117E-07,1.0000000006E+03),
  .PIECEWISE_BEZIER_KNOTS.);
#8269 = CARTESIAN_POINT('',(0.731979410064,-6.000000070117E-07));
#8270 = CARTESIAN_POINT('',(0.731979410064,1.0000000006E+03));
#8271 = ( GEOMETRIC_REPRESENTATION_CONTEXT(2) 
PARAMETRIC_REPRESENTATION_CONTEXT() REPRESENTATION_CONTEXT('2D SPACE',''
  ) );
#8272 = ORIENTED_EDGE('',*,*,#8273,.F.);
#8273 = EDGE_CURVE('',#8274,#8253,#8276,.T.);
#8274 = VERTEX_POINT('',#8275);
#8275 = CARTESIAN_POINT('',(354.65,-1.157684411952E+03,-42.5003));
#8276 = SURFACE_CURVE('',#8277,(#8282,#8293),.PCURVE_S1.);
#8277 = CIRCLE('',#8278,57.684411952404);
#8278 = AXIS2_PLACEMENT_3D('',#8279,#8280,#8281);
#8279 = CARTESIAN_POINT('',(354.65,-1.1E+03,-42.5003));
#8280 = DIRECTION('',(0.,-0.,1.));
#8281 = DIRECTION('',(1.,0.,0.));
#8282 = PCURVE('',#5057,#8283);
#8283 = DEFINITIONAL_REPRESENTATION('',(#8284),#8292);
#8284 = ( BOUNDED_CURVE() B_SPLINE_CURVE(2,(#8285,#8286,#8287,#8288,
#8289,#8290,#8291),.UNSPECIFIED.,.T.,.F.) B_SPLINE_CURVE_WITH_KNOTS((1,2
    ,2,2,2,1),(-2.094395102393,0.,2.094395102393,4.188790204786,
6.28318530718,8.377580409573),.UNSPECIFIED.) CURVE() 
GEOMETRIC_REPRESENTATION_ITEM() RATIONAL_B_SPLINE_CURVE((1.,0.5,1.,0.5,
1.,0.5,1.)) REPRESENTATION_ITEM('') );
#8285 = CARTESIAN_POINT('',(80.489038603537,500.00133574059));
#8286 = CARTESIAN_POINT('',(80.489038603537,400.0890034343));
#8287 = CARTESIAN_POINT('',(-6.037579325069,450.04516958745));
#8288 = CARTESIAN_POINT('',(-92.56419725367,500.00133574059));
#8289 = CARTESIAN_POINT('',(-6.037579325069,549.95750189374));
#8290 = CARTESIAN_POINT('',(80.489038603537,599.91366804689));
#8291 = CARTESIAN_POINT('',(80.489038603537,500.00133574059));
#8292 = ( GEOMETRIC_REPRESENTATION_CONTEXT(2) 
PARAMETRIC_REPRESENTATION_CONTEXT() REPRESENTATION_CONTEXT('2D SPACE',''
  ) );
#8293 = PCURVE('',#8103,#8294);
#8294 = DEFINITIONAL_REPRESENTATION('',(#8295),#8299);
#8295 = LINE('',#8296,#8297);
#8296 = CARTESIAN_POINT('',(-6.28318530718,3.873572063654));
#8297 = VECTOR('',#8298,1.);
#8298 = DIRECTION('',(1.,-0.));
#8299 = ( GEOMETRIC_REPRESENTATION_CONTEXT(2) 
PARAMETRIC_REPRESENTATION_CONTEXT() REPRESENTATION_CONTEXT('2D SPACE',''
  ) );
#8300 = ORIENTED_EDGE('',*,*,#8301,.T.);
#8301 = EDGE_CURVE('',#8274,#8302,#8304,.T.);
#8302 = VERTEX_POINT('',#8303);
#8303 = CARTESIAN_POINT('',(9.014367294172,-1.157684411953E+03,-42.5003)
  );
#8304 = SURFACE_CURVE('',#8305,(#8309,#8315),.PCURVE_S1.);
#8305 = LINE('',#8306,#8307);
#8306 = CARTESIAN_POINT('',(354.65,-1.157684411952E+03,-42.5003));
#8307 = VECTOR('',#8308,1.);
#8308 = DIRECTION('',(-1.,0.,0.));
#8309 = PCURVE('',#5057,#8310);
#8310 = DEFINITIONAL_REPRESENTATION('',(#8311),#8314);
#8311 = B_SPLINE_CURVE_WITH_KNOTS('',1,(#8312,#8313),.UNSPECIFIED.,.F.,
  .F.,(2,2),(-5.999999643791E-07,354.62410773195),
  .PIECEWISE_BEZIER_KNOTS.);
#8312 = CARTESIAN_POINT('',(22.804627251133,557.685747693));
#8313 = CARTESIAN_POINT('',(-331.8194810808,557.685747693));
#8314 = ( GEOMETRIC_REPRESENTATION_CONTEXT(2) 
PARAMETRIC_REPRESENTATION_CONTEXT() REPRESENTATION_CONTEXT('2D SPACE',''
  ) );
#8315 = PCURVE('',#8074,#8316);
#8316 = DEFINITIONAL_REPRESENTATION('',(#8317),#8320);
#8317 = B_SPLINE_CURVE_WITH_KNOTS('',1,(#8318,#8319),.UNSPECIFIED.,.F.,
  .F.,(2,2),(-5.999999643791E-07,354.62410773195),
  .PIECEWISE_BEZIER_KNOTS.);
#8318 = CARTESIAN_POINT('',(0.731979410064,-5.999999643791E-07));
#8319 = CARTESIAN_POINT('',(0.731979410064,354.62410773195));
#8320 = ( GEOMETRIC_REPRESENTATION_CONTEXT(2) 
PARAMETRIC_REPRESENTATION_CONTEXT() REPRESENTATION_CONTEXT('2D SPACE',''
  ) );
#8321 = ORIENTED_EDGE('',*,*,#8322,.F.);
#8322 = EDGE_CURVE('',#5611,#8302,#8323,.T.);
#8323 = SURFACE_CURVE('',#8324,(#8328,#8334),.PCURVE_S1.);
#8324 = LINE('',#8325,#8326);
#8325 = CARTESIAN_POINT('',(9.014367300172,-1.25E+03,-42.5003));
#8326 = VECTOR('',#8327,1.);
#8327 = DIRECTION('',(-0.,-1.,-0.));
#8328 = PCURVE('',#5057,#8329);
#8329 = DEFINITIONAL_REPRESENTATION('',(#8330),#8333);
#8330 = B_SPLINE_CURVE_WITH_KNOTS('',1,(#8331,#8332),.UNSPECIFIED.,.F.,
  .F.,(2,2),(-100.0000006,6.000000212225E-07),.PIECEWISE_BEZIER_KNOTS.);
#8331 = CARTESIAN_POINT('',(-322.8310060486,550.00133514059));
#8332 = CARTESIAN_POINT('',(-322.8310060486,650.00133634059));
#8333 = ( GEOMETRIC_REPRESENTATION_CONTEXT(2) 
PARAMETRIC_REPRESENTATION_CONTEXT() REPRESENTATION_CONTEXT('2D SPACE',''
  ) );
#8334 = PCURVE('',#5525,#8335);
#8335 = DEFINITIONAL_REPRESENTATION('',(#8336),#8339);
#8336 = B_SPLINE_CURVE_WITH_KNOTS('',1,(#8337,#8338),.UNSPECIFIED.,.F.,
  .F.,(2,2),(-100.0000006,6.000000212225E-07),.PIECEWISE_BEZIER_KNOTS.);
#8337 = CARTESIAN_POINT('',(5.647986225311,-100.0000006));
#8338 = CARTESIAN_POINT('',(5.647986225311,6.000000212225E-07));
#8339 = ( GEOMETRIC_REPRESENTATION_CONTEXT(2) 
PARAMETRIC_REPRESENTATION_CONTEXT() REPRESENTATION_CONTEXT('2D SPACE',''
  ) );
#8340 = ORIENTED_EDGE('',*,*,#5638,.T.);
#8341 = ORIENTED_EDGE('',*,*,#5686,.T.);
#8342 = ORIENTED_EDGE('',*,*,#5735,.T.);
#8343 = ORIENTED_EDGE('',*,*,#5784,.T.);
#8344 = ORIENTED_EDGE('',*,*,#5833,.T.);
#8345 = ORIENTED_EDGE('',*,*,#5882,.T.);
#8346 = ORIENTED_EDGE('',*,*,#5931,.T.);
#8347 = ORIENTED_EDGE('',*,*,#5980,.T.);
#8348 = ORIENTED_EDGE('',*,*,#6029,.T.);
#8349 = ORIENTED_EDGE('',*,*,#6078,.T.);
#8350 = ORIENTED_EDGE('',*,*,#6127,.T.);
#8351 = ORIENTED_EDGE('',*,*,#6176,.T.);
#8352 = ORIENTED_EDGE('',*,*,#6225,.T.);
#8353 = ORIENTED_EDGE('',*,*,#6274,.T.);
#8354 = ORIENTED_EDGE('',*,*,#6323,.T.);
#8355 = ORIENTED_EDGE('',*,*,#6372,.T.);
#8356 = ORIENTED_EDGE('',*,*,#6421,.T.);
#8357 = ORIENTED_EDGE('',*,*,#6470,.T.);
#8358 = ORIENTED_EDGE('',*,*,#6519,.T.);
#8359 = ORIENTED_EDGE('',*,*,#6568,.T.);
#8360 = ORIENTED_EDGE('',*,*,#6617,.T.);
#8361 = ORIENTED_EDGE('',*,*,#6666,.T.);
#8362 = ORIENTED_EDGE('',*,*,#6715,.T.);
#8363 = ORIENTED_EDGE('',*,*,#6764,.T.);
#8364 = ORIENTED_EDGE('',*,*,#6813,.T.);
#8365 = ORIENTED_EDGE('',*,*,#6862,.T.);
#8366 = ORIENTED_EDGE('',*,*,#6911,.T.);
#8367 = ORIENTED_EDGE('',*,*,#6960,.T.);
#8368 = ORIENTED_EDGE('',*,*,#7009,.T.);
#8369 = ORIENTED_EDGE('',*,*,#7058,.T.);
#8370 = ORIENTED_EDGE('',*,*,#7107,.T.);
#8371 = ORIENTED_EDGE('',*,*,#7156,.T.);
#8372 = ADVANCED_FACE('',(#8373),#5525,.F.);
#8373 = FACE_BOUND('',#8374,.F.);
#8374 = EDGE_LOOP('',(#8375,#8376,#8377,#8378,#8379,#8505,#8506,#8632));
#8375 = ORIENTED_EDGE('',*,*,#5508,.F.);
#8376 = ORIENTED_EDGE('',*,*,#5563,.F.);
#8377 = ORIENTED_EDGE('',*,*,#5610,.T.);
#8378 = ORIENTED_EDGE('',*,*,#8322,.T.);
#8379 = ORIENTED_EDGE('',*,*,#8380,.F.);
#8380 = EDGE_CURVE('',#8036,#8302,#8381,.T.);
#8381 = SURFACE_CURVE('',#8382,(#8421,#8463),.PCURVE_S1.);
#8382 = B_SPLINE_CURVE_WITH_KNOTS('',7,(#8383,#8384,#8385,#8386,#8387,
    #8388,#8389,#8390,#8391,#8392,#8393,#8394,#8395,#8396,#8397,#8398,
    #8399,#8400,#8401,#8402,#8403,#8404,#8405,#8406,#8407,#8408,#8409,
    #8410,#8411,#8412,#8413,#8414,#8415,#8416,#8417,#8418,#8419,#8420),
  .UNSPECIFIED.,.F.,.F.,(8,6,6,6,6,6,8),(0.,0.21605432588,0.485201979951
    ,0.667468186089,0.740014239427,0.83899878194,1.),.UNSPECIFIED.);
#8383 = CARTESIAN_POINT('',(2.58928680426E-02,-1.18E+03,-52.45));
#8384 = CARTESIAN_POINT('',(2.58928680426E-02,-1.178593388576E+03,-52.45
    ));
#8385 = CARTESIAN_POINT('',(0.110733778775,-1.177190472987E+03,
    -52.37305543219));
#8386 = CARTESIAN_POINT('',(0.279613233307,-1.175796969733E+03,
    -52.21989836017));
#8387 = CARTESIAN_POINT('',(0.529213471369,-1.17441868473E+03,
    -51.99187549958));
#8388 = CARTESIAN_POINT('',(0.853682582755,-1.173061889235E+03,
    -51.69108325368));
#8389 = CARTESIAN_POINT('',(1.244818254772,-1.171733490848E+03,
    -51.32081796513));
#8390 = CARTESIAN_POINT('',(2.250092092823,-1.168830890721E+03,
    -50.34509624994));
#8391 = CARTESIAN_POINT('',(2.896624176472,-1.16727299901E+03,
    -49.70302431928));
#8392 = CARTESIAN_POINT('',(3.617972324038,-1.165768150629E+03,
    -48.96475897931));
#8393 = CARTESIAN_POINT('',(4.400931133896,-1.164317777503E+03,
    -48.133234948));
#8394 = CARTESIAN_POINT('',(5.233573891822,-1.162923909163E+03,
    -47.21019272979));
#8395 = CARTESIAN_POINT('',(6.105158596367,-1.161589330304E+03,
    -46.19626537144));
#8396 = CARTESIAN_POINT('',(7.615732381177,-1.159456990073E+03,
    -44.34260571627));
#8397 = CARTESIAN_POINT('',(8.239368504839,-1.158624464657E+03,
    -43.5518232927));
#8398 = CARTESIAN_POINT('',(8.87407381792,-1.157821115508E+03,
    -42.71800714924));
#8399 = CARTESIAN_POINT('',(9.517358454558,-1.15704812157E+03,
    -41.8401573498));
#8400 = CARTESIAN_POINT('',(10.166749327694,-1.156307196843E+03,
    -40.91705053333));
#8401 = CARTESIAN_POINT('',(10.819672069292,-1.155600686472E+03,
    -39.94733598407));
#8402 = CARTESIAN_POINT('',(11.733535148489,-1.154665387232E+03,
    -38.52458795473));
#8403 = CARTESIAN_POINT('',(11.993848285792,-1.154405031264E+03,
    -38.11190724335));
#8404 = CARTESIAN_POINT('',(12.254123118969,-1.154150794095E+03,
    -37.69151438559));
#8405 = CARTESIAN_POINT('',(12.514181359636,-1.153902888444E+03,
    -37.26331902221));
#8406 = CARTESIAN_POINT('',(12.773837456399,-1.153661548363E+03,
    -36.82723383436));
#8407 = CARTESIAN_POINT('',(13.032898594847,-1.153427029235E+03,
    -36.3831745435));
#8408 = CARTESIAN_POINT('',(13.643552606312,-1.152889305438E+03,
    -35.3141778351));
#8409 = CARTESIAN_POINT('',(13.994501726714,-1.152592180368E+03,
    -34.68222713826));
#8410 = CARTESIAN_POINT('',(14.343451513811,-1.152308988495E+03,
    -34.03508680995));
#8411 = CARTESIAN_POINT('',(14.689813337704,-1.152040552116E+03,
    -33.37266717248));
#8412 = CARTESIAN_POINT('',(15.032973832447,-1.15178776162E+03,
    -32.69491207935));
#8413 = CARTESIAN_POINT('',(15.372298244942,-1.151551577222E+03,
    -32.00180111325));
#8414 = CARTESIAN_POINT('',(16.251753461241,-1.15097755845E+03,
    -30.14103848261));
#8415 = CARTESIAN_POINT('',(16.785729422392,-1.150667945571E+03,
    -28.94553960049));
#8416 = CARTESIAN_POINT('',(17.304468548014,-1.150410116624E+03,
    -27.71017047322));
#8417 = CARTESIAN_POINT('',(17.803715410585,-1.150209543375E+03,
    -26.43863647198));
#8418 = CARTESIAN_POINT('',(18.279651551193,-1.150071281657E+03,
    -25.13503837535));
#8419 = CARTESIAN_POINT('',(18.72897853583,-1.15E+03,-23.80386884428));
#8420 = CARTESIAN_POINT('',(19.148984791138,-1.15E+03,-22.45));
#8421 = PCURVE('',#5525,#8422);
#8422 = DEFINITIONAL_REPRESENTATION('',(#8423),#8462);
#8423 = B_SPLINE_CURVE_WITH_KNOTS('',7,(#8424,#8425,#8426,#8427,#8428,
    #8429,#8430,#8431,#8432,#8433,#8434,#8435,#8436,#8437,#8438,#8439,
    #8440,#8441,#8442,#8443,#8444,#8445,#8446,#8447,#8448,#8449,#8450,
    #8451,#8452,#8453,#8454,#8455,#8456,#8457,#8458,#8459,#8460,#8461),
  .UNSPECIFIED.,.F.,.F.,(8,6,6,6,6,6,8),(0.,0.21605432588,0.485201979951
    ,0.667468186089,0.740014239427,0.83899878194,1.),.UNSPECIFIED.);
#8424 = CARTESIAN_POINT('',(5.449012982404,-70.));
#8425 = CARTESIAN_POINT('',(5.449012982404,-71.40661142391));
#8426 = CARTESIAN_POINT('',(5.450709796884,-72.8095270127));
#8427 = CARTESIAN_POINT('',(5.454087399543,-74.20303026746));
#8428 = CARTESIAN_POINT('',(5.459095834368,-75.58131527017));
#8429 = CARTESIAN_POINT('',(5.465650168645,-76.9381107645));
#8430 = CARTESIAN_POINT('',(5.473628702703,-78.26650915179));
#8431 = CARTESIAN_POINT('',(5.494383239675,-81.16910927949));
#8432 = CARTESIAN_POINT('',(5.507881406646,-82.72700099034));
#8433 = CARTESIAN_POINT('',(5.523169966657,-84.23184937139));
#8434 = CARTESIAN_POINT('',(5.540084597868,-85.68222249709));
#8435 = CARTESIAN_POINT('',(5.558493117437,-87.07609083687));
#8436 = CARTESIAN_POINT('',(5.578294459106,-88.41066969629));
#8437 = CARTESIAN_POINT('',(5.613719798673,-90.54300992746));
#8438 = CARTESIAN_POINT('',(5.62863795106,-91.37553534296));
#8439 = CARTESIAN_POINT('',(5.644158695604,-92.17888449157));
#8440 = CARTESIAN_POINT('',(5.660276838657,-92.95187843049));
#8441 = CARTESIAN_POINT('',(5.676992055642,-93.69280315726));
#8442 = CARTESIAN_POINT('',(5.694307113947,-94.39931352752));
#8443 = CARTESIAN_POINT('',(5.719358425602,-95.33461276824));
#8444 = CARTESIAN_POINT('',(5.726586665286,-95.59496873576));
#8445 = CARTESIAN_POINT('',(5.733911318314,-95.84920590522));
#8446 = CARTESIAN_POINT('',(5.741332749573,-96.09711155597));
#8447 = CARTESIAN_POINT('',(5.748851308131,-96.33845163671));
#8448 = CARTESIAN_POINT('',(5.756467327241,-96.57297076548));
#8449 = CARTESIAN_POINT('',(5.774706116965,-97.11069456249));
#8450 = CARTESIAN_POINT('',(5.785414378551,-97.40781963202));
#8451 = CARTESIAN_POINT('',(5.796305249366,-97.69101150458));
#8452 = CARTESIAN_POINT('',(5.807377762199,-97.95944788383));
#8453 = CARTESIAN_POINT('',(5.818630655617,-98.21223837975));
#8454 = CARTESIAN_POINT('',(5.830062387215,-98.44842277755));
#8455 = CARTESIAN_POINT('',(5.860553129861,-99.02244154992));
#8456 = CARTESIAN_POINT('',(5.879946168122,-99.33205442923));
#8457 = CARTESIAN_POINT('',(5.899787769639,-99.58988337608));
#8458 = CARTESIAN_POINT('',(5.920015050291,-99.79045662546));
#8459 = CARTESIAN_POINT('',(5.940564685402,-99.92871834281));
#8460 = CARTESIAN_POINT('',(5.961372519158,-100.));
#8461 = CARTESIAN_POINT('',(5.982372831923,-100.));
#8462 = ( GEOMETRIC_REPRESENTATION_CONTEXT(2) 
PARAMETRIC_REPRESENTATION_CONTEXT() REPRESENTATION_CONTEXT('2D SPACE',''
  ) );
#8463 = PCURVE('',#8074,#8464);
#8464 = DEFINITIONAL_REPRESENTATION('',(#8465),#8504);
#8465 = B_SPLINE_CURVE_WITH_KNOTS('',7,(#8466,#8467,#8468,#8469,#8470,
    #8471,#8472,#8473,#8474,#8475,#8476,#8477,#8478,#8479,#8480,#8481,
    #8482,#8483,#8484,#8485,#8486,#8487,#8488,#8489,#8490,#8491,#8492,
    #8493,#8494,#8495,#8496,#8497,#8498,#8499,#8500,#8501,#8502,#8503),
  .UNSPECIFIED.,.F.,.F.,(8,6,6,6,6,6,8),(0.,0.21605432588,0.485201979951
    ,0.667468186089,0.740014239427,0.83899878194,1.),.UNSPECIFIED.);
#8466 = CARTESIAN_POINT('',(1.570796326795,354.62410713195));
#8467 = CARTESIAN_POINT('',(1.523909279331,354.62410713195));
#8468 = CARTESIAN_POINT('',(1.477145483369,354.53926622122));
#8469 = CARTESIAN_POINT('',(1.43052681244,354.37038676669));
#8470 = CARTESIAN_POINT('',(1.384083193838,354.12078652863));
#8471 = CARTESIAN_POINT('',(1.337865641947,353.79631741724));
#8472 = CARTESIAN_POINT('',(1.291961086015,353.40518174522));
#8473 = CARTESIAN_POINT('',(1.189887472237,352.39990790717));
#8474 = CARTESIAN_POINT('',(1.133844904841,351.75337582352));
#8475 = CARTESIAN_POINT('',(1.078160146226,351.03202767596));
#8476 = CARTESIAN_POINT('',(1.022640246274,350.2490688661));
#8477 = CARTESIAN_POINT('',(0.96709990655,349.41642610817));
#8478 = CARTESIAN_POINT('',(0.911352766936,348.54484140363));
#8479 = CARTESIAN_POINT('',(0.817172508455,347.03426761882));
#8480 = CARTESIAN_POINT('',(0.778935320047,346.41063149516));
#8481 = CARTESIAN_POINT('',(0.740401222212,345.77592618208));
#8482 = CARTESIAN_POINT('',(0.701483644597,345.13264154544));
#8483 = CARTESIAN_POINT('',(0.662095580442,344.4832506723));
#8484 = CARTESIAN_POINT('',(0.622148721842,343.8303279307));
#8485 = CARTESIAN_POINT('',(0.565393921509,342.91646485151));
#8486 = CARTESIAN_POINT('',(0.549131894291,342.6561517142));
#8487 = CARTESIAN_POINT('',(0.532760255227,342.39587688103));
#8488 = CARTESIAN_POINT('',(0.516273073689,342.13581864036));
#8489 = CARTESIAN_POINT('',(0.499664388117,341.8761625436));
#8490 = CARTESIAN_POINT('',(0.482928206013,341.61710140515));
#8491 = CARTESIAN_POINT('',(0.443040852902,341.00644739368));
#8492 = CARTESIAN_POINT('',(0.419771872337,340.65549827328));
#8493 = CARTESIAN_POINT('',(0.396239343092,340.30654848618));
#8494 = CARTESIAN_POINT('',(0.372431057908,339.96018666229));
#8495 = CARTESIAN_POINT('',(0.348334527415,339.61702616755));
#8496 = CARTESIAN_POINT('',(0.323936686102,339.27770175505));
#8497 = CARTESIAN_POINT('',(0.259027047042,338.39824653875));
#8498 = CARTESIAN_POINT('',(0.21790554941,337.8642705776));
#8499 = CARTESIAN_POINT('',(0.175916853801,337.34553145198));
#8500 = CARTESIAN_POINT('',(0.133104664326,336.84628458941));
#8501 = CARTESIAN_POINT('',(8.950128120578E-02,336.3703484488));
#8502 = CARTESIAN_POINT('',(4.512896147602E-02,335.92102146417));
#8503 = CARTESIAN_POINT('',(0.,335.50101520886));
#8504 = ( GEOMETRIC_REPRESENTATION_CONTEXT(2) 
PARAMETRIC_REPRESENTATION_CONTEXT() REPRESENTATION_CONTEXT('2D SPACE',''
  ) );
#8505 = ORIENTED_EDGE('',*,*,#8035,.T.);
#8506 = ORIENTED_EDGE('',*,*,#8507,.T.);
#8507 = EDGE_CURVE('',#8013,#7187,#8508,.T.);
#8508 = SURFACE_CURVE('',#8509,(#8548,#8590),.PCURVE_S1.);
#8509 = B_SPLINE_CURVE_WITH_KNOTS('',7,(#8510,#8511,#8512,#8513,#8514,
    #8515,#8516,#8517,#8518,#8519,#8520,#8521,#8522,#8523,#8524,#8525,
    #8526,#8527,#8528,#8529,#8530,#8531,#8532,#8533,#8534,#8535,#8536,
    #8537,#8538,#8539,#8540,#8541,#8542,#8543,#8544,#8545,#8546,#8547),
  .UNSPECIFIED.,.F.,.F.,(8,6,6,6,6,6,8),(0.,0.216054325883,
    0.485201979926,0.667468186081,0.740014239426,0.838998781951,1.),
  .UNSPECIFIED.);
#8510 = CARTESIAN_POINT('',(2.589286804262E-02,-1.22E+03,-52.45));
#8511 = CARTESIAN_POINT('',(2.589286804262E-02,-1.221406611424E+03,
    -52.45));
#8512 = CARTESIAN_POINT('',(0.110733778812,-1.222809527013E+03,
    -52.37305543216));
#8513 = CARTESIAN_POINT('',(0.279613233418,-1.224203030268E+03,
    -52.21989836007));
#8514 = CARTESIAN_POINT('',(0.529213471585,-1.225581315271E+03,
    -51.99187549938));
#8515 = CARTESIAN_POINT('',(0.853682583105,-1.226938110766E+03,
    -51.69108325336));
#8516 = CARTESIAN_POINT('',(1.244818255282,-1.228266509154E+03,
    -51.32081796465));
#8517 = CARTESIAN_POINT('',(2.25009209365,-1.231169109282E+03,
    -50.34509624912));
#8518 = CARTESIAN_POINT('',(2.896624177297,-1.232727000992E+03,
    -49.70302431844));
#8519 = CARTESIAN_POINT('',(3.617972324772,-1.234231849373E+03,
    -48.96475897852));
#8520 = CARTESIAN_POINT('',(4.400931134571,-1.235682222498E+03,
    -48.13323494727));
#8521 = CARTESIAN_POINT('',(5.233573892605,-1.237076090838E+03,
    -47.21019272892));
#8522 = CARTESIAN_POINT('',(6.10515859726,-1.238410669698E+03,
    -46.19626537038));
#8523 = CARTESIAN_POINT('',(7.615732381915,-1.240543009928E+03,
    -44.34260571534));
#8524 = CARTESIAN_POINT('',(8.239368505582,-1.241375535344E+03,
    -43.55182329174));
#8525 = CARTESIAN_POINT('',(8.874073818664,-1.242178884492E+03,
    -42.71800714824));
#8526 = CARTESIAN_POINT('',(9.517358455303,-1.242951878431E+03,
    -41.84015734877));
#8527 = CARTESIAN_POINT('',(10.166749328437,-1.243692803158E+03,
    -40.91705053226));
#8528 = CARTESIAN_POINT('',(10.81967207003,-1.244399313528E+03,
    -39.94733598297));
#8529 = CARTESIAN_POINT('',(11.733535149222,-1.245334612769E+03,
    -38.52458795358));
#8530 = CARTESIAN_POINT('',(11.993848286525,-1.245594968736E+03,
    -38.11190724217));
#8531 = CARTESIAN_POINT('',(12.254123119702,-1.245849205906E+03,
    -37.69151438439));
#8532 = CARTESIAN_POINT('',(12.514181360369,-1.246097111557E+03,
    -37.263319021));
#8533 = CARTESIAN_POINT('',(12.773837457131,-1.246338451637E+03,
    -36.82723383312));
#8534 = CARTESIAN_POINT('',(13.032898595579,-1.246572970766E+03,
    -36.38317454224));
#8535 = CARTESIAN_POINT('',(13.643552607049,-1.247110694563E+03,
    -35.31417783377));
#8536 = CARTESIAN_POINT('',(13.99450172745,-1.247407819633E+03,
    -34.68222713691));
#8537 = CARTESIAN_POINT('',(14.343451514546,-1.247691011505E+03,
    -34.03508680857));
#8538 = CARTESIAN_POINT('',(14.689813338439,-1.247959447884E+03,
    -33.37266717105));
#8539 = CARTESIAN_POINT('',(15.032973833184,-1.24821223838E+03,
    -32.69491207788));
#8540 = CARTESIAN_POINT('',(15.372298245679,-1.248448422778E+03,
    -32.00180111174));
#8541 = CARTESIAN_POINT('',(16.251753461854,-1.24902244155E+03,
    -30.14103848123));
#8542 = CARTESIAN_POINT('',(16.78572942289,-1.249332054429E+03,
    -28.9455395993));
#8543 = CARTESIAN_POINT('',(17.304468548395,-1.249589883376E+03,
    -27.71017047225));
#8544 = CARTESIAN_POINT('',(17.803715410858,-1.249790456626E+03,
    -26.43863647123));
#8545 = CARTESIAN_POINT('',(18.279651551366,-1.249928718343E+03,
    -25.13503837484));
#8546 = CARTESIAN_POINT('',(18.728978535911,-1.25E+03,-23.80386884402));
#8547 = CARTESIAN_POINT('',(19.148984791138,-1.25E+03,-22.45));
#8548 = PCURVE('',#5525,#8549);
#8549 = DEFINITIONAL_REPRESENTATION('',(#8550),#8589);
#8550 = B_SPLINE_CURVE_WITH_KNOTS('',7,(#8551,#8552,#8553,#8554,#8555,
    #8556,#8557,#8558,#8559,#8560,#8561,#8562,#8563,#8564,#8565,#8566,
    #8567,#8568,#8569,#8570,#8571,#8572,#8573,#8574,#8575,#8576,#8577,
    #8578,#8579,#8580,#8581,#8582,#8583,#8584,#8585,#8586,#8587,#8588),
  .UNSPECIFIED.,.F.,.F.,(8,6,6,6,6,6,8),(0.,0.216054325883,
    0.485201979926,0.667468186081,0.740014239426,0.838998781951,1.),
  .UNSPECIFIED.);
#8551 = CARTESIAN_POINT('',(5.449012982404,-30.));
#8552 = CARTESIAN_POINT('',(5.449012982404,-28.59338857577));
#8553 = CARTESIAN_POINT('',(5.450709796885,-27.19047298668));
#8554 = CARTESIAN_POINT('',(5.454087399545,-25.79696973163));
#8555 = CARTESIAN_POINT('',(5.459095834373,-24.41868472862));
#8556 = CARTESIAN_POINT('',(5.465650168652,-23.06188923403));
#8557 = CARTESIAN_POINT('',(5.473628702713,-21.73349084647));
#8558 = CARTESIAN_POINT('',(5.494383239692,-18.83089071843));
#8559 = CARTESIAN_POINT('',(5.507881406664,-17.27299900794));
#8560 = CARTESIAN_POINT('',(5.523169966673,-15.76815062722));
#8561 = CARTESIAN_POINT('',(5.540084597883,-14.31777750169));
#8562 = CARTESIAN_POINT('',(5.558493117455,-12.92390916182));
#8563 = CARTESIAN_POINT('',(5.578294459126,-11.58933030237));
#8564 = CARTESIAN_POINT('',(5.613719798691,-9.45699007154));
#8565 = CARTESIAN_POINT('',(5.628637951078,-8.624464656086));
#8566 = CARTESIAN_POINT('',(5.644158695622,-7.821115507507));
#8567 = CARTESIAN_POINT('',(5.660276838676,-7.048121568634));
#8568 = CARTESIAN_POINT('',(5.676992055661,-6.307196841906));
#8569 = CARTESIAN_POINT('',(5.694307113967,-5.600686471683));
#8570 = CARTESIAN_POINT('',(5.719358425622,-4.665387231025));
#8571 = CARTESIAN_POINT('',(5.726586665307,-4.405031263509));
#8572 = CARTESIAN_POINT('',(5.733911318335,-4.150794094066));
#8573 = CARTESIAN_POINT('',(5.741332749594,-3.902888443333));
#8574 = CARTESIAN_POINT('',(5.748851308153,-3.66154836261));
#8575 = CARTESIAN_POINT('',(5.756467327262,-3.427029233858));
#8576 = CARTESIAN_POINT('',(5.774706116987,-2.889305436878));
#8577 = CARTESIAN_POINT('',(5.785414378574,-2.592180367367));
#8578 = CARTESIAN_POINT('',(5.796305249389,-2.308988494836));
#8579 = CARTESIAN_POINT('',(5.807377762223,-2.040552115606));
#8580 = CARTESIAN_POINT('',(5.818630655641,-1.787761619708));
#8581 = CARTESIAN_POINT('',(5.83006238724,-1.551577221937));
#8582 = CARTESIAN_POINT('',(5.860553129884,-0.977558449715));
#8583 = CARTESIAN_POINT('',(5.879946168141,-0.667945570522));
#8584 = CARTESIAN_POINT('',(5.899787769654,-0.410116623759));
#8585 = CARTESIAN_POINT('',(5.920015050303,-0.209543374456));
#8586 = CARTESIAN_POINT('',(5.94056468541,-7.128165715681E-02));
#8587 = CARTESIAN_POINT('',(5.961372519162,0.));
#8588 = CARTESIAN_POINT('',(5.982372831923,0.));
#8589 = ( GEOMETRIC_REPRESENTATION_CONTEXT(2) 
PARAMETRIC_REPRESENTATION_CONTEXT() REPRESENTATION_CONTEXT('2D SPACE',''
  ) );
#8590 = PCURVE('',#7222,#8591);
#8591 = DEFINITIONAL_REPRESENTATION('',(#8592),#8631);
#8592 = B_SPLINE_CURVE_WITH_KNOTS('',7,(#8593,#8594,#8595,#8596,#8597,
    #8598,#8599,#8600,#8601,#8602,#8603,#8604,#8605,#8606,#8607,#8608,
    #8609,#8610,#8611,#8612,#8613,#8614,#8615,#8616,#8617,#8618,#8619,
    #8620,#8621,#8622,#8623,#8624,#8625,#8626,#8627,#8628,#8629,#8630),
  .UNSPECIFIED.,.F.,.F.,(8,6,6,6,6,6,8),(0.,0.216054325883,
    0.485201979926,0.667468186081,0.740014239426,0.838998781951,1.),
  .UNSPECIFIED.);
#8593 = CARTESIAN_POINT('',(0.,504.62410713195));
#8594 = CARTESIAN_POINT('',(4.688704747407E-02,504.62410713195));
#8595 = CARTESIAN_POINT('',(9.365084344596E-02,504.53926622118));
#8596 = CARTESIAN_POINT('',(0.140269514386,504.37038676658));
#8597 = CARTESIAN_POINT('',(0.186713132997,504.12078652841));
#8598 = CARTESIAN_POINT('',(0.232930684898,503.79631741689));
#8599 = CARTESIAN_POINT('',(0.278835240839,503.40518174471));
#8600 = CARTESIAN_POINT('',(0.380908854632,502.39990790635));
#8601 = CARTESIAN_POINT('',(0.436951422018,501.7533758227));
#8602 = CARTESIAN_POINT('',(0.492636180621,501.03202767522));
#8603 = CARTESIAN_POINT('',(0.548156080569,500.24906886543));
#8604 = CARTESIAN_POINT('',(0.603696420296,499.41642610739));
#8605 = CARTESIAN_POINT('',(0.659443559916,498.54484140274));
#8606 = CARTESIAN_POINT('',(0.753623818385,497.03426761808));
#8607 = CARTESIAN_POINT('',(0.791861006793,496.41063149441));
#8608 = CARTESIAN_POINT('',(0.830395104628,495.77592618133));
#8609 = CARTESIAN_POINT('',(0.869312682243,495.13264154469));
#8610 = CARTESIAN_POINT('',(0.908700746398,494.48325067156));
#8611 = CARTESIAN_POINT('',(0.948647604999,493.83032792997));
#8612 = CARTESIAN_POINT('',(1.005402405331,492.91646485077));
#8613 = CARTESIAN_POINT('',(1.02166443255,492.65615171347));
#8614 = CARTESIAN_POINT('',(1.038036071614,492.39587688029));
#8615 = CARTESIAN_POINT('',(1.054523253152,492.13581863963));
#8616 = CARTESIAN_POINT('',(1.071131938725,491.87616254286));
#8617 = CARTESIAN_POINT('',(1.087868120829,491.61710140442));
#8618 = CARTESIAN_POINT('',(1.127755473942,491.00644739295));
#8619 = CARTESIAN_POINT('',(1.151024454507,490.65549827255));
#8620 = CARTESIAN_POINT('',(1.174556983753,490.30654848545));
#8621 = CARTESIAN_POINT('',(1.198365268937,489.96018666156));
#8622 = CARTESIAN_POINT('',(1.222461799432,489.61702616681));
#8623 = CARTESIAN_POINT('',(1.246859640746,489.27770175432));
#8624 = CARTESIAN_POINT('',(1.3117692798,488.39824653814));
#8625 = CARTESIAN_POINT('',(1.352890777425,487.86427057711));
#8626 = CARTESIAN_POINT('',(1.394879473027,487.3455314516));
#8627 = CARTESIAN_POINT('',(1.437691662494,486.84628458914));
#8628 = CARTESIAN_POINT('',(1.481295045606,486.37034844863));
#8629 = CARTESIAN_POINT('',(1.525667365328,485.92102146408));
#8630 = CARTESIAN_POINT('',(1.570796326795,485.50101520886));
#8631 = ( GEOMETRIC_REPRESENTATION_CONTEXT(2) 
PARAMETRIC_REPRESENTATION_CONTEXT() REPRESENTATION_CONTEXT('2D SPACE',''
  ) );
#8632 = ORIENTED_EDGE('',*,*,#7186,.T.);
#8633 = ADVANCED_FACE('',(#8634),#7709,.F.);
#8634 = FACE_BOUND('',#8635,.F.);
#8635 = EDGE_LOOP('',(#8636,#8671,#8672));
#8636 = ORIENTED_EDGE('',*,*,#8637,.F.);
#8637 = EDGE_CURVE('',#7902,#7544,#8638,.T.);
#8638 = SURFACE_CURVE('',#8639,(#8647,#8659),.PCURVE_S1.);
#8639 = B_SPLINE_CURVE_WITH_KNOTS('',6,(#8640,#8641,#8642,#8643,#8644,
    #8645,#8646),.UNSPECIFIED.,.F.,.F.,(7,7),(0.,1.),
  .PIECEWISE_BEZIER_KNOTS.);
#8640 = CARTESIAN_POINT('',(454.75,20.,-52.45));
#8641 = CARTESIAN_POINT('',(467.81378945117,16.683333333333,-52.45));
#8642 = CARTESIAN_POINT('',(480.87646738518,13.366666666667,
    -48.34683846758));
#8643 = CARTESIAN_POINT('',(492.33418846704,10.05,-40.13418846704));
#8644 = CARTESIAN_POINT('',(500.54683846758,6.733333333333,
    -28.67646738518));
#8645 = CARTESIAN_POINT('',(504.65,3.416666666667,-15.61378945117));
#8646 = CARTESIAN_POINT('',(504.65,9.999999999991E-02,-2.55));
#8647 = PCURVE('',#7709,#8648);
#8648 = DEFINITIONAL_REPRESENTATION('',(#8649),#8658);
#8649 = B_SPLINE_CURVE_WITH_KNOTS('',7,(#8650,#8651,#8652,#8653,#8654,
    #8655,#8656,#8657),.UNSPECIFIED.,.F.,.F.,(8,8),(0.,1.),
  .PIECEWISE_BEZIER_KNOTS.);
#8650 = CARTESIAN_POINT('',(0.,0.));
#8651 = CARTESIAN_POINT('',(0.,0.142857142857));
#8652 = CARTESIAN_POINT('',(0.,0.285703034428));
#8653 = CARTESIAN_POINT('',(0.,0.42860014374));
#8654 = CARTESIAN_POINT('',(0.,0.57139985626));
#8655 = CARTESIAN_POINT('',(0.,0.714296965572));
#8656 = CARTESIAN_POINT('',(0.,0.857142857143));
#8657 = CARTESIAN_POINT('',(0.,1.));
#8658 = ( GEOMETRIC_REPRESENTATION_CONTEXT(2) 
PARAMETRIC_REPRESENTATION_CONTEXT() REPRESENTATION_CONTEXT('2D SPACE',''
  ) );
#8659 = PCURVE('',#7558,#8660);
#8660 = DEFINITIONAL_REPRESENTATION('',(#8661),#8670);
#8661 = B_SPLINE_CURVE_WITH_KNOTS('',7,(#8662,#8663,#8664,#8665,#8666,
    #8667,#8668,#8669),.UNSPECIFIED.,.F.,.F.,(8,8),(0.,1.),
  .PIECEWISE_BEZIER_KNOTS.);
#8662 = CARTESIAN_POINT('',(-2.22044604925E-16,1.24E+03));
#8663 = CARTESIAN_POINT('',(-0.224399475256,1.237157142857E+03));
#8664 = CARTESIAN_POINT('',(-0.448781277025,1.234314509615E+03));
#8665 = CARTESIAN_POINT('',(-0.673243531471,1.231470857139E+03));
#8666 = CARTESIAN_POINT('',(-0.897552795324,1.228629142861E+03));
#8667 = CARTESIAN_POINT('',(-1.12201504977,1.225785490385E+03));
#8668 = CARTESIAN_POINT('',(-1.346396851538,1.222942857143E+03));
#8669 = CARTESIAN_POINT('',(-1.570796326795,1.2201E+03));
#8670 = ( GEOMETRIC_REPRESENTATION_CONTEXT(2) 
PARAMETRIC_REPRESENTATION_CONTEXT() REPRESENTATION_CONTEXT('2D SPACE',''
  ) );
#8671 = ORIENTED_EDGE('',*,*,#7926,.T.);
#8672 = ORIENTED_EDGE('',*,*,#7569,.T.);
#8673 = ADVANCED_FACE('',(#8674),#7558,.F.);
#8674 = FACE_BOUND('',#8675,.T.);
#8675 = EDGE_LOOP('',(#8676,#8677,#8704,#8705));
#8676 = ORIENTED_EDGE('',*,*,#7989,.F.);
#8677 = ORIENTED_EDGE('',*,*,#8678,.T.);
#8678 = EDGE_CURVE('',#7990,#7234,#8679,.T.);
#8679 = SURFACE_CURVE('',#8680,(#8691,#8697),.PCURVE_S1.);
#8680 = B_SPLINE_CURVE_WITH_KNOTS('',9,(#8681,#8682,#8683,#8684,#8685,
    #8686,#8687,#8688,#8689,#8690),.UNSPECIFIED.,.F.,.F.,(10,10),(0.,1.)
  ,.PIECEWISE_BEZIER_KNOTS.);
#8681 = CARTESIAN_POINT('',(454.75,-1.22E+03,-52.45));
#8682 = CARTESIAN_POINT('',(463.45919296745,-1.217788888889E+03,-52.45)
  );
#8683 = CARTESIAN_POINT('',(472.16838605973,-1.215577777778E+03,
    -50.73995409792));
#8684 = CARTESIAN_POINT('',(480.49384478668,-1.213366666667E+03,
    -47.31986109737));
#8685 = CARTESIAN_POINT('',(488.05184008963,-1.211155555556E+03,
    -42.29018731659));
#8686 = CARTESIAN_POINT('',(494.49018731653,-1.208944444444E+03,
    -35.85184008956));
#8687 = CARTESIAN_POINT('',(499.51986109741,-1.206733333333E+03,
    -28.29384478672));
#8688 = CARTESIAN_POINT('',(502.9399540979,-1.204522222222E+03,
    -19.9683860597));
#8689 = CARTESIAN_POINT('',(504.65,-1.202311111111E+03,-11.25919296745)
  );
#8690 = CARTESIAN_POINT('',(504.65,-1.2001E+03,-2.55));
#8691 = PCURVE('',#7558,#8692);
#8692 = DEFINITIONAL_REPRESENTATION('',(#8693),#8696);
#8693 = B_SPLINE_CURVE_WITH_KNOTS('',1,(#8694,#8695),.UNSPECIFIED.,.F.,
  .F.,(2,2),(0.,1.),.PIECEWISE_BEZIER_KNOTS.);
#8694 = CARTESIAN_POINT('',(0.,0.));
#8695 = CARTESIAN_POINT('',(-1.570796326795,19.9));
#8696 = ( GEOMETRIC_REPRESENTATION_CONTEXT(2) 
PARAMETRIC_REPRESENTATION_CONTEXT() REPRESENTATION_CONTEXT('2D SPACE',''
  ) );
#8697 = PCURVE('',#7373,#8698);
#8698 = DEFINITIONAL_REPRESENTATION('',(#8699),#8703);
#8699 = LINE('',#8700,#8701);
#8700 = CARTESIAN_POINT('',(1.,0.));
#8701 = VECTOR('',#8702,1.);
#8702 = DIRECTION('',(0.,1.));
#8703 = ( GEOMETRIC_REPRESENTATION_CONTEXT(2) 
PARAMETRIC_REPRESENTATION_CONTEXT() REPRESENTATION_CONTEXT('2D SPACE',''
  ) );
#8704 = ORIENTED_EDGE('',*,*,#7543,.T.);
#8705 = ORIENTED_EDGE('',*,*,#8637,.F.);
#8706 = ADVANCED_FACE('',(#8707),#7373,.F.);
#8707 = FACE_BOUND('',#8708,.F.);
#8708 = EDGE_LOOP('',(#8709,#8710,#8745));
#8709 = ORIENTED_EDGE('',*,*,#7233,.F.);
#8710 = ORIENTED_EDGE('',*,*,#8711,.T.);
#8711 = EDGE_CURVE('',#7208,#7990,#8712,.T.);
#8712 = SURFACE_CURVE('',#8713,(#8724,#8731),.PCURVE_S1.);
#8713 = B_SPLINE_CURVE_WITH_KNOTS('',9,(#8714,#8715,#8716,#8717,#8718,
    #8719,#8720,#8721,#8722,#8723),.UNSPECIFIED.,.F.,.F.,(10,10),(0.,1.)
  ,.PIECEWISE_BEZIER_KNOTS.);
#8714 = CARTESIAN_POINT('',(454.75,-1.25E+03,-22.45));
#8715 = CARTESIAN_POINT('',(454.75,-1.25E+03,-27.68598716193));
#8716 = CARTESIAN_POINT('',(454.75000000004,-1.248971915991E+03,
    -32.92197767927));
#8717 = CARTESIAN_POINT('',(454.74999999993,-1.246915749574E+03,
    -37.92725754944));
#8718 = CARTESIAN_POINT('',(454.75000000009,-1.243891892938E+03,
    -42.47115077594));
#8719 = CARTESIAN_POINT('',(454.74999999991,-1.240021150776E+03,
    -46.34189293819));
#8720 = CARTESIAN_POINT('',(454.75000000005,-1.23547725755E+03,
    -49.36574957366));
#8721 = CARTESIAN_POINT('',(454.74999999996,-1.230471977679E+03,
    -51.42191599134));
#8722 = CARTESIAN_POINT('',(454.75,-1.225235987162E+03,-52.45));
#8723 = CARTESIAN_POINT('',(454.75,-1.22E+03,-52.45));
#8724 = PCURVE('',#7373,#8725);
#8725 = DEFINITIONAL_REPRESENTATION('',(#8726),#8730);
#8726 = LINE('',#8727,#8728);
#8727 = CARTESIAN_POINT('',(0.,0.));
#8728 = VECTOR('',#8729,1.);
#8729 = DIRECTION('',(1.,0.));
#8730 = ( GEOMETRIC_REPRESENTATION_CONTEXT(2) 
PARAMETRIC_REPRESENTATION_CONTEXT() REPRESENTATION_CONTEXT('2D SPACE',''
  ) );
#8731 = PCURVE('',#7222,#8732);
#8732 = DEFINITIONAL_REPRESENTATION('',(#8733),#8744);
#8733 = B_SPLINE_CURVE_WITH_KNOTS('',9,(#8734,#8735,#8736,#8737,#8738,
    #8739,#8740,#8741,#8742,#8743),.UNSPECIFIED.,.F.,.F.,(10,10),(0.,1.)
  ,.PIECEWISE_BEZIER_KNOTS.);
#8734 = CARTESIAN_POINT('',(1.570796326795,49.9));
#8735 = CARTESIAN_POINT('',(1.396263421397,49.9));
#8736 = CARTESIAN_POINT('',(1.221730405345,49.900000000001));
#8737 = CARTESIAN_POINT('',(1.047197684911,49.899999999997));
#8738 = CARTESIAN_POINT('',(0.872664457453,49.900000000004));
#8739 = CARTESIAN_POINT('',(0.698131869341,49.899999999996));
#8740 = CARTESIAN_POINT('',(0.523598641887,49.900000000002));
#8741 = CARTESIAN_POINT('',(0.349065921448,49.899999999999));
#8742 = CARTESIAN_POINT('',(0.174532905398,49.9));
#8743 = CARTESIAN_POINT('',(-1.665334536938E-14,49.9));
#8744 = ( GEOMETRIC_REPRESENTATION_CONTEXT(2) 
PARAMETRIC_REPRESENTATION_CONTEXT() REPRESENTATION_CONTEXT('2D SPACE',''
  ) );
#8745 = ORIENTED_EDGE('',*,*,#8678,.T.);
#8746 = ADVANCED_FACE('',(#8747),#7222,.F.);
#8747 = FACE_BOUND('',#8748,.F.);
#8748 = EDGE_LOOP('',(#8749,#8750,#8751,#8752));
#8749 = ORIENTED_EDGE('',*,*,#8012,.F.);
#8750 = ORIENTED_EDGE('',*,*,#8711,.F.);
#8751 = ORIENTED_EDGE('',*,*,#7207,.T.);
#8752 = ORIENTED_EDGE('',*,*,#8507,.F.);
#8753 = ADVANCED_FACE('',(#8754),#8158,.F.);
#8754 = FACE_BOUND('',#8755,.T.);
#8755 = EDGE_LOOP('',(#8756,#8757,#8758,#8780));
#8756 = ORIENTED_EDGE('',*,*,#8196,.F.);
#8757 = ORIENTED_EDGE('',*,*,#8224,.F.);
#8758 = ORIENTED_EDGE('',*,*,#8759,.T.);
#8759 = EDGE_CURVE('',#8225,#8116,#8760,.T.);
#8760 = SURFACE_CURVE('',#8761,(#8766,#8773),.PCURVE_S1.);
#8761 = CIRCLE('',#8762,30.);
#8762 = AXIS2_PLACEMENT_3D('',#8763,#8764,#8765);
#8763 = CARTESIAN_POINT('',(434.65,-100.,-22.45));
#8764 = DIRECTION('',(6.123233995737E-17,-1.,0.));
#8765 = DIRECTION('',(1.,6.123233995737E-17,0.));
#8766 = PCURVE('',#8158,#8767);
#8767 = DEFINITIONAL_REPRESENTATION('',(#8768),#8772);
#8768 = LINE('',#8769,#8770);
#8769 = CARTESIAN_POINT('',(-1.570796326795,0.));
#8770 = VECTOR('',#8771,1.);
#8771 = DIRECTION('',(-0.,1.));
#8772 = ( GEOMETRIC_REPRESENTATION_CONTEXT(2) 
PARAMETRIC_REPRESENTATION_CONTEXT() REPRESENTATION_CONTEXT('2D SPACE',''
  ) );
#8773 = PCURVE('',#8131,#8774);
#8774 = DEFINITIONAL_REPRESENTATION('',(#8775),#8779);
#8775 = LINE('',#8776,#8777);
#8776 = CARTESIAN_POINT('',(-3.14159265359,0.));
#8777 = VECTOR('',#8778,1.);
#8778 = DIRECTION('',(1.,0.));
#8779 = ( GEOMETRIC_REPRESENTATION_CONTEXT(2) 
PARAMETRIC_REPRESENTATION_CONTEXT() REPRESENTATION_CONTEXT('2D SPACE',''
  ) );
#8780 = ORIENTED_EDGE('',*,*,#8143,.F.);
#8781 = ADVANCED_FACE('',(#8782),#8131,.F.);
#8782 = FACE_BOUND('',#8783,.F.);
#8783 = EDGE_LOOP('',(#8784,#8785,#8786,#8787));
#8784 = ORIENTED_EDGE('',*,*,#8252,.F.);
#8785 = ORIENTED_EDGE('',*,*,#8759,.T.);
#8786 = ORIENTED_EDGE('',*,*,#8115,.T.);
#8787 = ORIENTED_EDGE('',*,*,#8788,.F.);
#8788 = EDGE_CURVE('',#8253,#8087,#8789,.T.);
#8789 = SURFACE_CURVE('',#8790,(#8795,#8802),.PCURVE_S1.);
#8790 = CIRCLE('',#8791,30.);
#8791 = AXIS2_PLACEMENT_3D('',#8792,#8793,#8794);
#8792 = CARTESIAN_POINT('',(434.65,-1.1E+03,-22.45));
#8793 = DIRECTION('',(-0.,-1.,0.));
#8794 = DIRECTION('',(-1.,0.,1.224646799147E-16));
#8795 = PCURVE('',#8131,#8796);
#8796 = DEFINITIONAL_REPRESENTATION('',(#8797),#8801);
#8797 = LINE('',#8798,#8799);
#8798 = CARTESIAN_POINT('',(0.,1.E+03));
#8799 = VECTOR('',#8800,1.);
#8800 = DIRECTION('',(1.,0.));
#8801 = ( GEOMETRIC_REPRESENTATION_CONTEXT(2) 
PARAMETRIC_REPRESENTATION_CONTEXT() REPRESENTATION_CONTEXT('2D SPACE',''
  ) );
#8802 = PCURVE('',#8103,#8803);
#8803 = DEFINITIONAL_REPRESENTATION('',(#8804),#8808);
#8804 = LINE('',#8805,#8806);
#8805 = CARTESIAN_POINT('',(-0.,3.14159265359));
#8806 = VECTOR('',#8807,1.);
#8807 = DIRECTION('',(-0.,1.));
#8808 = ( GEOMETRIC_REPRESENTATION_CONTEXT(2) 
PARAMETRIC_REPRESENTATION_CONTEXT() REPRESENTATION_CONTEXT('2D SPACE',''
  ) );
#8809 = ADVANCED_FACE('',(#8810),#8103,.F.);
#8810 = FACE_BOUND('',#8811,.T.);
#8811 = EDGE_LOOP('',(#8812,#8813,#8814,#8836));
#8812 = ORIENTED_EDGE('',*,*,#8788,.F.);
#8813 = ORIENTED_EDGE('',*,*,#8273,.F.);
#8814 = ORIENTED_EDGE('',*,*,#8815,.T.);
#8815 = EDGE_CURVE('',#8274,#8059,#8816,.T.);
#8816 = SURFACE_CURVE('',#8817,(#8822,#8829),.PCURVE_S1.);
#8817 = CIRCLE('',#8818,30.);
#8818 = AXIS2_PLACEMENT_3D('',#8819,#8820,#8821);
#8819 = CARTESIAN_POINT('',(354.65,-1.18E+03,-22.45));
#8820 = DIRECTION('',(-1.,-6.123233995737E-17,0.));
#8821 = DIRECTION('',(6.123233995737E-17,-1.,0.));
#8822 = PCURVE('',#8103,#8823);
#8823 = DEFINITIONAL_REPRESENTATION('',(#8824),#8828);
#8824 = LINE('',#8825,#8826);
#8825 = CARTESIAN_POINT('',(-1.570796326795,0.));
#8826 = VECTOR('',#8827,1.);
#8827 = DIRECTION('',(-0.,1.));
#8828 = ( GEOMETRIC_REPRESENTATION_CONTEXT(2) 
PARAMETRIC_REPRESENTATION_CONTEXT() REPRESENTATION_CONTEXT('2D SPACE',''
  ) );
#8829 = PCURVE('',#8074,#8830);
#8830 = DEFINITIONAL_REPRESENTATION('',(#8831),#8835);
#8831 = LINE('',#8832,#8833);
#8832 = CARTESIAN_POINT('',(-3.14159265359,8.572527594031E-15));
#8833 = VECTOR('',#8834,1.);
#8834 = DIRECTION('',(1.,0.));
#8835 = ( GEOMETRIC_REPRESENTATION_CONTEXT(2) 
PARAMETRIC_REPRESENTATION_CONTEXT() REPRESENTATION_CONTEXT('2D SPACE',''
  ) );
#8836 = ORIENTED_EDGE('',*,*,#8086,.F.);
#8837 = ADVANCED_FACE('',(#8838),#8074,.F.);
#8838 = FACE_BOUND('',#8839,.F.);
#8839 = EDGE_LOOP('',(#8840,#8841,#8842,#8843));
#8840 = ORIENTED_EDGE('',*,*,#8301,.F.);
#8841 = ORIENTED_EDGE('',*,*,#8815,.T.);
#8842 = ORIENTED_EDGE('',*,*,#8058,.T.);
#8843 = ORIENTED_EDGE('',*,*,#8380,.T.);
#8844 = MANIFOLD_SOLID_BREP('',#8845);
#8845 = CLOSED_SHELL('',(#8846,#8966,#9042,#9118,#9194,#9270,#9346,#9422
    ,#9498,#9574,#9645,#9692,#9706));
#8846 = ADVANCED_FACE('',(#8847),#8861,.T.);
#8847 = FACE_BOUND('',#8848,.T.);
#8848 = EDGE_LOOP('',(#8849,#8884,#8912,#8940));
#8849 = ORIENTED_EDGE('',*,*,#8850,.T.);
#8850 = EDGE_CURVE('',#8851,#8853,#8855,.T.);
#8851 = VERTEX_POINT('',#8852);
#8852 = CARTESIAN_POINT('',(-100.9716,-1.25E+03,-42.5003));
#8853 = VERTEX_POINT('',#8854);
#8854 = CARTESIAN_POINT('',(-100.9716,-1.15E+03,-42.5003));
#8855 = SURFACE_CURVE('',#8856,(#8860,#8872),.PCURVE_S1.);
#8856 = LINE('',#8857,#8858);
#8857 = CARTESIAN_POINT('',(-100.9716,-1.25E+03,-42.5003));
#8858 = VECTOR('',#8859,1.);
#8859 = DIRECTION('',(0.,1.,0.));
#8860 = PCURVE('',#8861,#8866);
#8861 = PLANE('',#8862);
#8862 = AXIS2_PLACEMENT_3D('',#8863,#8864,#8865);
#8863 = CARTESIAN_POINT('',(-100.9716,-1.25E+03,-42.5003));
#8864 = DIRECTION('',(0.,-0.,1.));
#8865 = DIRECTION('',(-1.,0.,0.));
#8866 = DEFINITIONAL_REPRESENTATION('',(#8867),#8871);
#8867 = LINE('',#8868,#8869);
#8868 = CARTESIAN_POINT('',(0.,0.));
#8869 = VECTOR('',#8870,1.);
#8870 = DIRECTION('',(0.,-1.));
#8871 = ( GEOMETRIC_REPRESENTATION_CONTEXT(2) 
PARAMETRIC_REPRESENTATION_CONTEXT() REPRESENTATION_CONTEXT('2D SPACE',''
  ) );
#8872 = PCURVE('',#8873,#8878);
#8873 = PLANE('',#8874);
#8874 = AXIS2_PLACEMENT_3D('',#8875,#8876,#8877);
#8875 = CARTESIAN_POINT('',(-97.3388,-1.25E+03,-46.8762));
#8876 = DIRECTION('',(0.769411840848,-0.,0.638753018907));
#8877 = DIRECTION('',(-0.638753018907,0.,0.769411840848));
#8878 = DEFINITIONAL_REPRESENTATION('',(#8879),#8883);
#8879 = LINE('',#8880,#8881);
#8880 = CARTESIAN_POINT('',(5.687331241452,0.));
#8881 = VECTOR('',#8882,1.);
#8882 = DIRECTION('',(0.,-1.));
#8883 = ( GEOMETRIC_REPRESENTATION_CONTEXT(2) 
PARAMETRIC_REPRESENTATION_CONTEXT() REPRESENTATION_CONTEXT('2D SPACE',''
  ) );
#8884 = ORIENTED_EDGE('',*,*,#8885,.T.);
#8885 = EDGE_CURVE('',#8853,#8886,#8888,.T.);
#8886 = VERTEX_POINT('',#8887);
#8887 = CARTESIAN_POINT('',(-112.8466,-1.15E+03,-42.5003));
#8888 = SURFACE_CURVE('',#8889,(#8893,#8900),.PCURVE_S1.);
#8889 = LINE('',#8890,#8891);
#8890 = CARTESIAN_POINT('',(-100.9716,-1.15E+03,-42.5003));
#8891 = VECTOR('',#8892,1.);
#8892 = DIRECTION('',(-1.,0.,0.));
#8893 = PCURVE('',#8861,#8894);
#8894 = DEFINITIONAL_REPRESENTATION('',(#8895),#8899);
#8895 = LINE('',#8896,#8897);
#8896 = CARTESIAN_POINT('',(0.,-100.));
#8897 = VECTOR('',#8898,1.);
#8898 = DIRECTION('',(1.,0.));
#8899 = ( GEOMETRIC_REPRESENTATION_CONTEXT(2) 
PARAMETRIC_REPRESENTATION_CONTEXT() REPRESENTATION_CONTEXT('2D SPACE',''
  ) );
#8900 = PCURVE('',#8901,#8906);
#8901 = PLANE('',#8902);
#8902 = AXIS2_PLACEMENT_3D('',#8903,#8904,#8905);
#8903 = CARTESIAN_POINT('',(-93.09997220111,-1.15E+03,-59.22271085033));
#8904 = DIRECTION('',(-0.,-1.,0.));
#8905 = DIRECTION('',(-1.,0.,0.));
#8906 = DEFINITIONAL_REPRESENTATION('',(#8907),#8911);
#8907 = LINE('',#8908,#8909);
#8908 = CARTESIAN_POINT('',(7.871627798885,-16.72241085033));
#8909 = VECTOR('',#8910,1.);
#8910 = DIRECTION('',(1.,0.));
#8911 = ( GEOMETRIC_REPRESENTATION_CONTEXT(2) 
PARAMETRIC_REPRESENTATION_CONTEXT() REPRESENTATION_CONTEXT('2D SPACE',''
  ) );
#8912 = ORIENTED_EDGE('',*,*,#8913,.F.);
#8913 = EDGE_CURVE('',#8914,#8886,#8916,.T.);
#8914 = VERTEX_POINT('',#8915);
#8915 = CARTESIAN_POINT('',(-112.8466,-1.25E+03,-42.5003));
#8916 = SURFACE_CURVE('',#8917,(#8921,#8928),.PCURVE_S1.);
#8917 = LINE('',#8918,#8919);
#8918 = CARTESIAN_POINT('',(-112.8466,-1.25E+03,-42.5003));
#8919 = VECTOR('',#8920,1.);
#8920 = DIRECTION('',(0.,1.,0.));
#8921 = PCURVE('',#8861,#8922);
#8922 = DEFINITIONAL_REPRESENTATION('',(#8923),#8927);
#8923 = LINE('',#8924,#8925);
#8924 = CARTESIAN_POINT('',(11.875,0.));
#8925 = VECTOR('',#8926,1.);
#8926 = DIRECTION('',(0.,-1.));
#8927 = ( GEOMETRIC_REPRESENTATION_CONTEXT(2) 
PARAMETRIC_REPRESENTATION_CONTEXT() REPRESENTATION_CONTEXT('2D SPACE',''
  ) );
#8928 = PCURVE('',#8929,#8934);
#8929 = PLANE('',#8930);
#8930 = AXIS2_PLACEMENT_3D('',#8931,#8932,#8933);
#8931 = CARTESIAN_POINT('',(-112.8466,-1.25E+03,-42.5003));
#8932 = DIRECTION('',(-1.,0.,0.));
#8933 = DIRECTION('',(0.,0.,-1.));
#8934 = DEFINITIONAL_REPRESENTATION('',(#8935),#8939);
#8935 = LINE('',#8936,#8937);
#8936 = CARTESIAN_POINT('',(0.,-0.));
#8937 = VECTOR('',#8938,1.);
#8938 = DIRECTION('',(0.,-1.));
#8939 = ( GEOMETRIC_REPRESENTATION_CONTEXT(2) 
PARAMETRIC_REPRESENTATION_CONTEXT() REPRESENTATION_CONTEXT('2D SPACE',''
  ) );
#8940 = ORIENTED_EDGE('',*,*,#8941,.F.);
#8941 = EDGE_CURVE('',#8851,#8914,#8942,.T.);
#8942 = SURFACE_CURVE('',#8943,(#8947,#8954),.PCURVE_S1.);
#8943 = LINE('',#8944,#8945);
#8944 = CARTESIAN_POINT('',(-100.9716,-1.25E+03,-42.5003));
#8945 = VECTOR('',#8946,1.);
#8946 = DIRECTION('',(-1.,0.,0.));
#8947 = PCURVE('',#8861,#8948);
#8948 = DEFINITIONAL_REPRESENTATION('',(#8949),#8953);
#8949 = LINE('',#8950,#8951);
#8950 = CARTESIAN_POINT('',(0.,0.));
#8951 = VECTOR('',#8952,1.);
#8952 = DIRECTION('',(1.,0.));
#8953 = ( GEOMETRIC_REPRESENTATION_CONTEXT(2) 
PARAMETRIC_REPRESENTATION_CONTEXT() REPRESENTATION_CONTEXT('2D SPACE',''
  ) );
#8954 = PCURVE('',#8955,#8960);
#8955 = PLANE('',#8956);
#8956 = AXIS2_PLACEMENT_3D('',#8957,#8958,#8959);
#8957 = CARTESIAN_POINT('',(-93.09997220111,-1.25E+03,-59.22271085033));
#8958 = DIRECTION('',(-0.,-1.,0.));
#8959 = DIRECTION('',(-1.,0.,0.));
#8960 = DEFINITIONAL_REPRESENTATION('',(#8961),#8965);
#8961 = LINE('',#8962,#8963);
#8962 = CARTESIAN_POINT('',(7.871627798885,-16.72241085033));
#8963 = VECTOR('',#8964,1.);
#8964 = DIRECTION('',(1.,0.));
#8965 = ( GEOMETRIC_REPRESENTATION_CONTEXT(2) 
PARAMETRIC_REPRESENTATION_CONTEXT() REPRESENTATION_CONTEXT('2D SPACE',''
  ) );
#8966 = ADVANCED_FACE('',(#8967),#8929,.T.);
#8967 = FACE_BOUND('',#8968,.T.);
#8968 = EDGE_LOOP('',(#8969,#8970,#8993,#9021));
#8969 = ORIENTED_EDGE('',*,*,#8913,.T.);
#8970 = ORIENTED_EDGE('',*,*,#8971,.T.);
#8971 = EDGE_CURVE('',#8886,#8972,#8974,.T.);
#8972 = VERTEX_POINT('',#8973);
#8973 = CARTESIAN_POINT('',(-112.8466,-1.15E+03,-67.5003));
#8974 = SURFACE_CURVE('',#8975,(#8979,#8986),.PCURVE_S1.);
#8975 = LINE('',#8976,#8977);
#8976 = CARTESIAN_POINT('',(-112.8466,-1.15E+03,-42.5003));
#8977 = VECTOR('',#8978,1.);
#8978 = DIRECTION('',(0.,0.,-1.));
#8979 = PCURVE('',#8929,#8980);
#8980 = DEFINITIONAL_REPRESENTATION('',(#8981),#8985);
#8981 = LINE('',#8982,#8983);
#8982 = CARTESIAN_POINT('',(0.,-100.));
#8983 = VECTOR('',#8984,1.);
#8984 = DIRECTION('',(1.,0.));
#8985 = ( GEOMETRIC_REPRESENTATION_CONTEXT(2) 
PARAMETRIC_REPRESENTATION_CONTEXT() REPRESENTATION_CONTEXT('2D SPACE',''
  ) );
#8986 = PCURVE('',#8901,#8987);
#8987 = DEFINITIONAL_REPRESENTATION('',(#8988),#8992);
#8988 = LINE('',#8989,#8990);
#8989 = CARTESIAN_POINT('',(19.746627798885,-16.72241085033));
#8990 = VECTOR('',#8991,1.);
#8991 = DIRECTION('',(0.,1.));
#8992 = ( GEOMETRIC_REPRESENTATION_CONTEXT(2) 
PARAMETRIC_REPRESENTATION_CONTEXT() REPRESENTATION_CONTEXT('2D SPACE',''
  ) );
#8993 = ORIENTED_EDGE('',*,*,#8994,.F.);
#8994 = EDGE_CURVE('',#8995,#8972,#8997,.T.);
#8995 = VERTEX_POINT('',#8996);
#8996 = CARTESIAN_POINT('',(-112.8466,-1.25E+03,-67.5003));
#8997 = SURFACE_CURVE('',#8998,(#9002,#9009),.PCURVE_S1.);
#8998 = LINE('',#8999,#9000);
#8999 = CARTESIAN_POINT('',(-112.8466,-1.25E+03,-67.5003));
#9000 = VECTOR('',#9001,1.);
#9001 = DIRECTION('',(0.,1.,0.));
#9002 = PCURVE('',#8929,#9003);
#9003 = DEFINITIONAL_REPRESENTATION('',(#9004),#9008);
#9004 = LINE('',#9005,#9006);
#9005 = CARTESIAN_POINT('',(25.,0.));
#9006 = VECTOR('',#9007,1.);
#9007 = DIRECTION('',(0.,-1.));
#9008 = ( GEOMETRIC_REPRESENTATION_CONTEXT(2) 
PARAMETRIC_REPRESENTATION_CONTEXT() REPRESENTATION_CONTEXT('2D SPACE',''
  ) );
#9009 = PCURVE('',#9010,#9015);
#9010 = PLANE('',#9011);
#9011 = AXIS2_PLACEMENT_3D('',#9012,#9013,#9014);
#9012 = CARTESIAN_POINT('',(-112.8466,-1.25E+03,-67.5003));
#9013 = DIRECTION('',(0.,0.,-1.));
#9014 = DIRECTION('',(1.,0.,0.));
#9015 = DEFINITIONAL_REPRESENTATION('',(#9016),#9020);
#9016 = LINE('',#9017,#9018);
#9017 = CARTESIAN_POINT('',(0.,0.));
#9018 = VECTOR('',#9019,1.);
#9019 = DIRECTION('',(0.,-1.));
#9020 = ( GEOMETRIC_REPRESENTATION_CONTEXT(2) 
PARAMETRIC_REPRESENTATION_CONTEXT() REPRESENTATION_CONTEXT('2D SPACE',''
  ) );
#9021 = ORIENTED_EDGE('',*,*,#9022,.F.);
#9022 = EDGE_CURVE('',#8914,#8995,#9023,.T.);
#9023 = SURFACE_CURVE('',#9024,(#9028,#9035),.PCURVE_S1.);
#9024 = LINE('',#9025,#9026);
#9025 = CARTESIAN_POINT('',(-112.8466,-1.25E+03,-42.5003));
#9026 = VECTOR('',#9027,1.);
#9027 = DIRECTION('',(0.,0.,-1.));
#9028 = PCURVE('',#8929,#9029);
#9029 = DEFINITIONAL_REPRESENTATION('',(#9030),#9034);
#9030 = LINE('',#9031,#9032);
#9031 = CARTESIAN_POINT('',(0.,-0.));
#9032 = VECTOR('',#9033,1.);
#9033 = DIRECTION('',(1.,0.));
#9034 = ( GEOMETRIC_REPRESENTATION_CONTEXT(2) 
PARAMETRIC_REPRESENTATION_CONTEXT() REPRESENTATION_CONTEXT('2D SPACE',''
  ) );
#9035 = PCURVE('',#8955,#9036);
#9036 = DEFINITIONAL_REPRESENTATION('',(#9037),#9041);
#9037 = LINE('',#9038,#9039);
#9038 = CARTESIAN_POINT('',(19.746627798885,-16.72241085033));
#9039 = VECTOR('',#9040,1.);
#9040 = DIRECTION('',(0.,1.));
#9041 = ( GEOMETRIC_REPRESENTATION_CONTEXT(2) 
PARAMETRIC_REPRESENTATION_CONTEXT() REPRESENTATION_CONTEXT('2D SPACE',''
  ) );
#9042 = ADVANCED_FACE('',(#9043),#9010,.T.);
#9043 = FACE_BOUND('',#9044,.T.);
#9044 = EDGE_LOOP('',(#9045,#9046,#9069,#9097));
#9045 = ORIENTED_EDGE('',*,*,#8994,.T.);
#9046 = ORIENTED_EDGE('',*,*,#9047,.T.);
#9047 = EDGE_CURVE('',#8972,#9048,#9050,.T.);
#9048 = VERTEX_POINT('',#9049);
#9049 = CARTESIAN_POINT('',(-63.8622,-1.15E+03,-67.5003));
#9050 = SURFACE_CURVE('',#9051,(#9055,#9062),.PCURVE_S1.);
#9051 = LINE('',#9052,#9053);
#9052 = CARTESIAN_POINT('',(-112.8466,-1.15E+03,-67.5003));
#9053 = VECTOR('',#9054,1.);
#9054 = DIRECTION('',(1.,0.,0.));
#9055 = PCURVE('',#9010,#9056);
#9056 = DEFINITIONAL_REPRESENTATION('',(#9057),#9061);
#9057 = LINE('',#9058,#9059);
#9058 = CARTESIAN_POINT('',(0.,-100.));
#9059 = VECTOR('',#9060,1.);
#9060 = DIRECTION('',(1.,0.));
#9061 = ( GEOMETRIC_REPRESENTATION_CONTEXT(2) 
PARAMETRIC_REPRESENTATION_CONTEXT() REPRESENTATION_CONTEXT('2D SPACE',''
  ) );
#9062 = PCURVE('',#8901,#9063);
#9063 = DEFINITIONAL_REPRESENTATION('',(#9064),#9068);
#9064 = LINE('',#9065,#9066);
#9065 = CARTESIAN_POINT('',(19.746627798885,8.277589149667));
#9066 = VECTOR('',#9067,1.);
#9067 = DIRECTION('',(-1.,0.));
#9068 = ( GEOMETRIC_REPRESENTATION_CONTEXT(2) 
PARAMETRIC_REPRESENTATION_CONTEXT() REPRESENTATION_CONTEXT('2D SPACE',''
  ) );
#9069 = ORIENTED_EDGE('',*,*,#9070,.F.);
#9070 = EDGE_CURVE('',#9071,#9048,#9073,.T.);
#9071 = VERTEX_POINT('',#9072);
#9072 = CARTESIAN_POINT('',(-63.8622,-1.25E+03,-67.5003));
#9073 = SURFACE_CURVE('',#9074,(#9078,#9085),.PCURVE_S1.);
#9074 = LINE('',#9075,#9076);
#9075 = CARTESIAN_POINT('',(-63.8622,-1.25E+03,-67.5003));
#9076 = VECTOR('',#9077,1.);
#9077 = DIRECTION('',(0.,1.,0.));
#9078 = PCURVE('',#9010,#9079);
#9079 = DEFINITIONAL_REPRESENTATION('',(#9080),#9084);
#9080 = LINE('',#9081,#9082);
#9081 = CARTESIAN_POINT('',(48.9844,0.));
#9082 = VECTOR('',#9083,1.);
#9083 = DIRECTION('',(0.,-1.));
#9084 = ( GEOMETRIC_REPRESENTATION_CONTEXT(2) 
PARAMETRIC_REPRESENTATION_CONTEXT() REPRESENTATION_CONTEXT('2D SPACE',''
  ) );
#9085 = PCURVE('',#9086,#9091);
#9086 = PLANE('',#9087);
#9087 = AXIS2_PLACEMENT_3D('',#9088,#9089,#9090);
#9088 = CARTESIAN_POINT('',(-63.8622,-1.25E+03,-67.5003));
#9089 = DIRECTION('',(0.303294203227,-0.,0.952896965201));
#9090 = DIRECTION('',(-0.952896965201,0.,0.303294203227));
#9091 = DEFINITIONAL_REPRESENTATION('',(#9092),#9096);
#9092 = LINE('',#9093,#9094);
#9093 = CARTESIAN_POINT('',(0.,0.));
#9094 = VECTOR('',#9095,1.);
#9095 = DIRECTION('',(0.,-1.));
#9096 = ( GEOMETRIC_REPRESENTATION_CONTEXT(2) 
PARAMETRIC_REPRESENTATION_CONTEXT() REPRESENTATION_CONTEXT('2D SPACE',''
  ) );
#9097 = ORIENTED_EDGE('',*,*,#9098,.F.);
#9098 = EDGE_CURVE('',#8995,#9071,#9099,.T.);
#9099 = SURFACE_CURVE('',#9100,(#9104,#9111),.PCURVE_S1.);
#9100 = LINE('',#9101,#9102);
#9101 = CARTESIAN_POINT('',(-112.8466,-1.25E+03,-67.5003));
#9102 = VECTOR('',#9103,1.);
#9103 = DIRECTION('',(1.,0.,0.));
#9104 = PCURVE('',#9010,#9105);
#9105 = DEFINITIONAL_REPRESENTATION('',(#9106),#9110);
#9106 = LINE('',#9107,#9108);
#9107 = CARTESIAN_POINT('',(0.,0.));
#9108 = VECTOR('',#9109,1.);
#9109 = DIRECTION('',(1.,0.));
#9110 = ( GEOMETRIC_REPRESENTATION_CONTEXT(2) 
PARAMETRIC_REPRESENTATION_CONTEXT() REPRESENTATION_CONTEXT('2D SPACE',''
  ) );
#9111 = PCURVE('',#8955,#9112);
#9112 = DEFINITIONAL_REPRESENTATION('',(#9113),#9117);
#9113 = LINE('',#9114,#9115);
#9114 = CARTESIAN_POINT('',(19.746627798885,8.277589149667));
#9115 = VECTOR('',#9116,1.);
#9116 = DIRECTION('',(-1.,0.));
#9117 = ( GEOMETRIC_REPRESENTATION_CONTEXT(2) 
PARAMETRIC_REPRESENTATION_CONTEXT() REPRESENTATION_CONTEXT('2D SPACE',''
  ) );
#9118 = ADVANCED_FACE('',(#9119),#9086,.T.);
#9119 = FACE_BOUND('',#9120,.T.);
#9120 = EDGE_LOOP('',(#9121,#9122,#9145,#9173));
#9121 = ORIENTED_EDGE('',*,*,#9070,.T.);
#9122 = ORIENTED_EDGE('',*,*,#9123,.T.);
#9123 = EDGE_CURVE('',#9048,#9124,#9126,.T.);
#9124 = VERTEX_POINT('',#9125);
#9125 = CARTESIAN_POINT('',(-69.2919,-1.15E+03,-65.7721));
#9126 = SURFACE_CURVE('',#9127,(#9131,#9138),.PCURVE_S1.);
#9127 = LINE('',#9128,#9129);
#9128 = CARTESIAN_POINT('',(-63.8622,-1.15E+03,-67.5003));
#9129 = VECTOR('',#9130,1.);
#9130 = DIRECTION('',(-0.952896965201,0.,0.303294203227));
#9131 = PCURVE('',#9086,#9132);
#9132 = DEFINITIONAL_REPRESENTATION('',(#9133),#9137);
#9133 = LINE('',#9134,#9135);
#9134 = CARTESIAN_POINT('',(0.,-100.));
#9135 = VECTOR('',#9136,1.);
#9136 = DIRECTION('',(1.,0.));
#9137 = ( GEOMETRIC_REPRESENTATION_CONTEXT(2) 
PARAMETRIC_REPRESENTATION_CONTEXT() REPRESENTATION_CONTEXT('2D SPACE',''
  ) );
#9138 = PCURVE('',#8901,#9139);
#9139 = DEFINITIONAL_REPRESENTATION('',(#9140),#9144);
#9140 = LINE('',#9141,#9142);
#9141 = CARTESIAN_POINT('',(-29.23777220111,8.277589149667));
#9142 = VECTOR('',#9143,1.);
#9143 = DIRECTION('',(0.952896965201,-0.303294203227));
#9144 = ( GEOMETRIC_REPRESENTATION_CONTEXT(2) 
PARAMETRIC_REPRESENTATION_CONTEXT() REPRESENTATION_CONTEXT('2D SPACE',''
  ) );
#9145 = ORIENTED_EDGE('',*,*,#9146,.F.);
#9146 = EDGE_CURVE('',#9147,#9124,#9149,.T.);
#9147 = VERTEX_POINT('',#9148);
#9148 = CARTESIAN_POINT('',(-69.2919,-1.25E+03,-65.7721));
#9149 = SURFACE_CURVE('',#9150,(#9154,#9161),.PCURVE_S1.);
#9150 = LINE('',#9151,#9152);
#9151 = CARTESIAN_POINT('',(-69.2919,-1.25E+03,-65.7721));
#9152 = VECTOR('',#9153,1.);
#9153 = DIRECTION('',(0.,1.,0.));
#9154 = PCURVE('',#9086,#9155);
#9155 = DEFINITIONAL_REPRESENTATION('',(#9156),#9160);
#9156 = LINE('',#9157,#9158);
#9157 = CARTESIAN_POINT('',(5.698097693968,0.));
#9158 = VECTOR('',#9159,1.);
#9159 = DIRECTION('',(0.,-1.));
#9160 = ( GEOMETRIC_REPRESENTATION_CONTEXT(2) 
PARAMETRIC_REPRESENTATION_CONTEXT() REPRESENTATION_CONTEXT('2D SPACE',''
  ) );
#9161 = PCURVE('',#9162,#9167);
#9162 = PLANE('',#9163);
#9163 = AXIS2_PLACEMENT_3D('',#9164,#9165,#9166);
#9164 = CARTESIAN_POINT('',(-69.2919,-1.25E+03,-65.7721));
#9165 = DIRECTION('',(0.379423122675,-0.,0.925223267098));
#9166 = DIRECTION('',(-0.925223267098,0.,0.379423122675));
#9167 = DEFINITIONAL_REPRESENTATION('',(#9168),#9172);
#9168 = LINE('',#9169,#9170);
#9169 = CARTESIAN_POINT('',(0.,0.));
#9170 = VECTOR('',#9171,1.);
#9171 = DIRECTION('',(0.,-1.));
#9172 = ( GEOMETRIC_REPRESENTATION_CONTEXT(2) 
PARAMETRIC_REPRESENTATION_CONTEXT() REPRESENTATION_CONTEXT('2D SPACE',''
  ) );
#9173 = ORIENTED_EDGE('',*,*,#9174,.F.);
#9174 = EDGE_CURVE('',#9071,#9147,#9175,.T.);
#9175 = SURFACE_CURVE('',#9176,(#9180,#9187),.PCURVE_S1.);
#9176 = LINE('',#9177,#9178);
#9177 = CARTESIAN_POINT('',(-63.8622,-1.25E+03,-67.5003));
#9178 = VECTOR('',#9179,1.);
#9179 = DIRECTION('',(-0.952896965201,0.,0.303294203227));
#9180 = PCURVE('',#9086,#9181);
#9181 = DEFINITIONAL_REPRESENTATION('',(#9182),#9186);
#9182 = LINE('',#9183,#9184);
#9183 = CARTESIAN_POINT('',(0.,0.));
#9184 = VECTOR('',#9185,1.);
#9185 = DIRECTION('',(1.,0.));
#9186 = ( GEOMETRIC_REPRESENTATION_CONTEXT(2) 
PARAMETRIC_REPRESENTATION_CONTEXT() REPRESENTATION_CONTEXT('2D SPACE',''
  ) );
#9187 = PCURVE('',#8955,#9188);
#9188 = DEFINITIONAL_REPRESENTATION('',(#9189),#9193);
#9189 = LINE('',#9190,#9191);
#9190 = CARTESIAN_POINT('',(-29.23777220111,8.277589149667));
#9191 = VECTOR('',#9192,1.);
#9192 = DIRECTION('',(0.952896965201,-0.303294203227));
#9193 = ( GEOMETRIC_REPRESENTATION_CONTEXT(2) 
PARAMETRIC_REPRESENTATION_CONTEXT() REPRESENTATION_CONTEXT('2D SPACE',''
  ) );
#9194 = ADVANCED_FACE('',(#9195),#9162,.T.);
#9195 = FACE_BOUND('',#9196,.T.);
#9196 = EDGE_LOOP('',(#9197,#9198,#9221,#9249));
#9197 = ORIENTED_EDGE('',*,*,#9146,.T.);
#9198 = ORIENTED_EDGE('',*,*,#9199,.T.);
#9199 = EDGE_CURVE('',#9124,#9200,#9202,.T.);
#9200 = VERTEX_POINT('',#9201);
#9201 = CARTESIAN_POINT('',(-74.5654,-1.15E+03,-63.6095));
#9202 = SURFACE_CURVE('',#9203,(#9207,#9214),.PCURVE_S1.);
#9203 = LINE('',#9204,#9205);
#9204 = CARTESIAN_POINT('',(-69.2919,-1.15E+03,-65.7721));
#9205 = VECTOR('',#9206,1.);
#9206 = DIRECTION('',(-0.925223267098,0.,0.379423122675));
#9207 = PCURVE('',#9162,#9208);
#9208 = DEFINITIONAL_REPRESENTATION('',(#9209),#9213);
#9209 = LINE('',#9210,#9211);
#9210 = CARTESIAN_POINT('',(0.,-100.));
#9211 = VECTOR('',#9212,1.);
#9212 = DIRECTION('',(1.,0.));
#9213 = ( GEOMETRIC_REPRESENTATION_CONTEXT(2) 
PARAMETRIC_REPRESENTATION_CONTEXT() REPRESENTATION_CONTEXT('2D SPACE',''
  ) );
#9214 = PCURVE('',#8901,#9215);
#9215 = DEFINITIONAL_REPRESENTATION('',(#9216),#9220);
#9216 = LINE('',#9217,#9218);
#9217 = CARTESIAN_POINT('',(-23.80807220111,6.549389149667));
#9218 = VECTOR('',#9219,1.);
#9219 = DIRECTION('',(0.925223267098,-0.379423122675));
#9220 = ( GEOMETRIC_REPRESENTATION_CONTEXT(2) 
PARAMETRIC_REPRESENTATION_CONTEXT() REPRESENTATION_CONTEXT('2D SPACE',''
  ) );
#9221 = ORIENTED_EDGE('',*,*,#9222,.F.);
#9222 = EDGE_CURVE('',#9223,#9200,#9225,.T.);
#9223 = VERTEX_POINT('',#9224);
#9224 = CARTESIAN_POINT('',(-74.5654,-1.25E+03,-63.6095));
#9225 = SURFACE_CURVE('',#9226,(#9230,#9237),.PCURVE_S1.);
#9226 = LINE('',#9227,#9228);
#9227 = CARTESIAN_POINT('',(-74.5654,-1.25E+03,-63.6095));
#9228 = VECTOR('',#9229,1.);
#9229 = DIRECTION('',(0.,1.,0.));
#9230 = PCURVE('',#9162,#9231);
#9231 = DEFINITIONAL_REPRESENTATION('',(#9232),#9236);
#9232 = LINE('',#9233,#9234);
#9233 = CARTESIAN_POINT('',(5.699705344138,0.));
#9234 = VECTOR('',#9235,1.);
#9235 = DIRECTION('',(0.,-1.));
#9236 = ( GEOMETRIC_REPRESENTATION_CONTEXT(2) 
PARAMETRIC_REPRESENTATION_CONTEXT() REPRESENTATION_CONTEXT('2D SPACE',''
  ) );
#9237 = PCURVE('',#9238,#9243);
#9238 = PLANE('',#9239);
#9239 = AXIS2_PLACEMENT_3D('',#9240,#9241,#9242);
#9240 = CARTESIAN_POINT('',(-74.5654,-1.25E+03,-63.6095));
#9241 = DIRECTION('',(0.4533185368,-0.,0.891348587363));
#9242 = DIRECTION('',(-0.891348587363,0.,0.4533185368));
#9243 = DEFINITIONAL_REPRESENTATION('',(#9244),#9248);
#9244 = LINE('',#9245,#9246);
#9245 = CARTESIAN_POINT('',(0.,0.));
#9246 = VECTOR('',#9247,1.);
#9247 = DIRECTION('',(0.,-1.));
#9248 = ( GEOMETRIC_REPRESENTATION_CONTEXT(2) 
PARAMETRIC_REPRESENTATION_CONTEXT() REPRESENTATION_CONTEXT('2D SPACE',''
  ) );
#9249 = ORIENTED_EDGE('',*,*,#9250,.F.);
#9250 = EDGE_CURVE('',#9147,#9223,#9251,.T.);
#9251 = SURFACE_CURVE('',#9252,(#9256,#9263),.PCURVE_S1.);
#9252 = LINE('',#9253,#9254);
#9253 = CARTESIAN_POINT('',(-69.2919,-1.25E+03,-65.7721));
#9254 = VECTOR('',#9255,1.);
#9255 = DIRECTION('',(-0.925223267098,0.,0.379423122675));
#9256 = PCURVE('',#9162,#9257);
#9257 = DEFINITIONAL_REPRESENTATION('',(#9258),#9262);
#9258 = LINE('',#9259,#9260);
#9259 = CARTESIAN_POINT('',(0.,0.));
#9260 = VECTOR('',#9261,1.);
#9261 = DIRECTION('',(1.,0.));
#9262 = ( GEOMETRIC_REPRESENTATION_CONTEXT(2) 
PARAMETRIC_REPRESENTATION_CONTEXT() REPRESENTATION_CONTEXT('2D SPACE',''
  ) );
#9263 = PCURVE('',#8955,#9264);
#9264 = DEFINITIONAL_REPRESENTATION('',(#9265),#9269);
#9265 = LINE('',#9266,#9267);
#9266 = CARTESIAN_POINT('',(-23.80807220111,6.549389149667));
#9267 = VECTOR('',#9268,1.);
#9268 = DIRECTION('',(0.925223267098,-0.379423122675));
#9269 = ( GEOMETRIC_REPRESENTATION_CONTEXT(2) 
PARAMETRIC_REPRESENTATION_CONTEXT() REPRESENTATION_CONTEXT('2D SPACE',''
  ) );
#9270 = ADVANCED_FACE('',(#9271),#9238,.T.);
#9271 = FACE_BOUND('',#9272,.T.);
#9272 = EDGE_LOOP('',(#9273,#9274,#9297,#9325));
#9273 = ORIENTED_EDGE('',*,*,#9222,.T.);
#9274 = ORIENTED_EDGE('',*,*,#9275,.T.);
#9275 = EDGE_CURVE('',#9200,#9276,#9278,.T.);
#9276 = VERTEX_POINT('',#9277);
#9277 = CARTESIAN_POINT('',(-79.6435,-1.15E+03,-61.0269));
#9278 = SURFACE_CURVE('',#9279,(#9283,#9290),.PCURVE_S1.);
#9279 = LINE('',#9280,#9281);
#9280 = CARTESIAN_POINT('',(-74.5654,-1.15E+03,-63.6095));
#9281 = VECTOR('',#9282,1.);
#9282 = DIRECTION('',(-0.891348587363,0.,0.4533185368));
#9283 = PCURVE('',#9238,#9284);
#9284 = DEFINITIONAL_REPRESENTATION('',(#9285),#9289);
#9285 = LINE('',#9286,#9287);
#9286 = CARTESIAN_POINT('',(0.,-100.));
#9287 = VECTOR('',#9288,1.);
#9288 = DIRECTION('',(1.,0.));
#9289 = ( GEOMETRIC_REPRESENTATION_CONTEXT(2) 
PARAMETRIC_REPRESENTATION_CONTEXT() REPRESENTATION_CONTEXT('2D SPACE',''
  ) );
#9290 = PCURVE('',#8901,#9291);
#9291 = DEFINITIONAL_REPRESENTATION('',(#9292),#9296);
#9292 = LINE('',#9293,#9294);
#9293 = CARTESIAN_POINT('',(-18.53457220111,4.386789149667));
#9294 = VECTOR('',#9295,1.);
#9295 = DIRECTION('',(0.891348587363,-0.4533185368));
#9296 = ( GEOMETRIC_REPRESENTATION_CONTEXT(2) 
PARAMETRIC_REPRESENTATION_CONTEXT() REPRESENTATION_CONTEXT('2D SPACE',''
  ) );
#9297 = ORIENTED_EDGE('',*,*,#9298,.F.);
#9298 = EDGE_CURVE('',#9299,#9276,#9301,.T.);
#9299 = VERTEX_POINT('',#9300);
#9300 = CARTESIAN_POINT('',(-79.6435,-1.25E+03,-61.0269));
#9301 = SURFACE_CURVE('',#9302,(#9306,#9313),.PCURVE_S1.);
#9302 = LINE('',#9303,#9304);
#9303 = CARTESIAN_POINT('',(-79.6435,-1.25E+03,-61.0269));
#9304 = VECTOR('',#9305,1.);
#9305 = DIRECTION('',(0.,1.,0.));
#9306 = PCURVE('',#9238,#9307);
#9307 = DEFINITIONAL_REPRESENTATION('',(#9308),#9312);
#9308 = LINE('',#9309,#9310);
#9309 = CARTESIAN_POINT('',(5.697097714626,0.));
#9310 = VECTOR('',#9311,1.);
#9311 = DIRECTION('',(0.,-1.));
#9312 = ( GEOMETRIC_REPRESENTATION_CONTEXT(2) 
PARAMETRIC_REPRESENTATION_CONTEXT() REPRESENTATION_CONTEXT('2D SPACE',''
  ) );
#9313 = PCURVE('',#9314,#9319);
#9314 = PLANE('',#9315);
#9315 = AXIS2_PLACEMENT_3D('',#9316,#9317,#9318);
#9316 = CARTESIAN_POINT('',(-79.6435,-1.25E+03,-61.0269));
#9317 = DIRECTION('',(0.524717010504,-0.,0.851276722863));
#9318 = DIRECTION('',(-0.851276722863,0.,0.524717010504));
#9319 = DEFINITIONAL_REPRESENTATION('',(#9320),#9324);
#9320 = LINE('',#9321,#9322);
#9321 = CARTESIAN_POINT('',(0.,0.));
#9322 = VECTOR('',#9323,1.);
#9323 = DIRECTION('',(0.,-1.));
#9324 = ( GEOMETRIC_REPRESENTATION_CONTEXT(2) 
PARAMETRIC_REPRESENTATION_CONTEXT() REPRESENTATION_CONTEXT('2D SPACE',''
  ) );
#9325 = ORIENTED_EDGE('',*,*,#9326,.F.);
#9326 = EDGE_CURVE('',#9223,#9299,#9327,.T.);
#9327 = SURFACE_CURVE('',#9328,(#9332,#9339),.PCURVE_S1.);
#9328 = LINE('',#9329,#9330);
#9329 = CARTESIAN_POINT('',(-74.5654,-1.25E+03,-63.6095));
#9330 = VECTOR('',#9331,1.);
#9331 = DIRECTION('',(-0.891348587363,0.,0.4533185368));
#9332 = PCURVE('',#9238,#9333);
#9333 = DEFINITIONAL_REPRESENTATION('',(#9334),#9338);
#9334 = LINE('',#9335,#9336);
#9335 = CARTESIAN_POINT('',(0.,0.));
#9336 = VECTOR('',#9337,1.);
#9337 = DIRECTION('',(1.,0.));
#9338 = ( GEOMETRIC_REPRESENTATION_CONTEXT(2) 
PARAMETRIC_REPRESENTATION_CONTEXT() REPRESENTATION_CONTEXT('2D SPACE',''
  ) );
#9339 = PCURVE('',#8955,#9340);
#9340 = DEFINITIONAL_REPRESENTATION('',(#9341),#9345);
#9341 = LINE('',#9342,#9343);
#9342 = CARTESIAN_POINT('',(-18.53457220111,4.386789149667));
#9343 = VECTOR('',#9344,1.);
#9344 = DIRECTION('',(0.891348587363,-0.4533185368));
#9345 = ( GEOMETRIC_REPRESENTATION_CONTEXT(2) 
PARAMETRIC_REPRESENTATION_CONTEXT() REPRESENTATION_CONTEXT('2D SPACE',''
  ) );
#9346 = ADVANCED_FACE('',(#9347),#9314,.T.);
#9347 = FACE_BOUND('',#9348,.T.);
#9348 = EDGE_LOOP('',(#9349,#9350,#9373,#9401));
#9349 = ORIENTED_EDGE('',*,*,#9298,.T.);
#9350 = ORIENTED_EDGE('',*,*,#9351,.T.);
#9351 = EDGE_CURVE('',#9276,#9352,#9354,.T.);
#9352 = VERTEX_POINT('',#9353);
#9353 = CARTESIAN_POINT('',(-84.4872,-1.15E+03,-58.0413));
#9354 = SURFACE_CURVE('',#9355,(#9359,#9366),.PCURVE_S1.);
#9355 = LINE('',#9356,#9357);
#9356 = CARTESIAN_POINT('',(-79.6435,-1.15E+03,-61.0269));
#9357 = VECTOR('',#9358,1.);
#9358 = DIRECTION('',(-0.851276722863,0.,0.524717010504));
#9359 = PCURVE('',#9314,#9360);
#9360 = DEFINITIONAL_REPRESENTATION('',(#9361),#9365);
#9361 = LINE('',#9362,#9363);
#9362 = CARTESIAN_POINT('',(0.,-100.));
#9363 = VECTOR('',#9364,1.);
#9364 = DIRECTION('',(1.,0.));
#9365 = ( GEOMETRIC_REPRESENTATION_CONTEXT(2) 
PARAMETRIC_REPRESENTATION_CONTEXT() REPRESENTATION_CONTEXT('2D SPACE',''
  ) );
#9366 = PCURVE('',#8901,#9367);
#9367 = DEFINITIONAL_REPRESENTATION('',(#9368),#9372);
#9368 = LINE('',#9369,#9370);
#9369 = CARTESIAN_POINT('',(-13.45647220111,1.804189149667));
#9370 = VECTOR('',#9371,1.);
#9371 = DIRECTION('',(0.851276722863,-0.524717010504));
#9372 = ( GEOMETRIC_REPRESENTATION_CONTEXT(2) 
PARAMETRIC_REPRESENTATION_CONTEXT() REPRESENTATION_CONTEXT('2D SPACE',''
  ) );
#9373 = ORIENTED_EDGE('',*,*,#9374,.F.);
#9374 = EDGE_CURVE('',#9375,#9352,#9377,.T.);
#9375 = VERTEX_POINT('',#9376);
#9376 = CARTESIAN_POINT('',(-84.4872,-1.25E+03,-58.0413));
#9377 = SURFACE_CURVE('',#9378,(#9382,#9389),.PCURVE_S1.);
#9378 = LINE('',#9379,#9380);
#9379 = CARTESIAN_POINT('',(-84.4872,-1.25E+03,-58.0413));
#9380 = VECTOR('',#9381,1.);
#9381 = DIRECTION('',(0.,1.,0.));
#9382 = PCURVE('',#9314,#9383);
#9383 = DEFINITIONAL_REPRESENTATION('',(#9384),#9388);
#9384 = LINE('',#9385,#9386);
#9385 = CARTESIAN_POINT('',(5.68992416909,0.));
#9386 = VECTOR('',#9387,1.);
#9387 = DIRECTION('',(0.,-1.));
#9388 = ( GEOMETRIC_REPRESENTATION_CONTEXT(2) 
PARAMETRIC_REPRESENTATION_CONTEXT() REPRESENTATION_CONTEXT('2D SPACE',''
  ) );
#9389 = PCURVE('',#9390,#9395);
#9390 = PLANE('',#9391);
#9391 = AXIS2_PLACEMENT_3D('',#9392,#9393,#9394);
#9392 = CARTESIAN_POINT('',(-84.4872,-1.25E+03,-58.0413));
#9393 = DIRECTION('',(0.593340211773,-0.,0.804951795509));
#9394 = DIRECTION('',(-0.804951795509,0.,0.593340211773));
#9395 = DEFINITIONAL_REPRESENTATION('',(#9396),#9400);
#9396 = LINE('',#9397,#9398);
#9397 = CARTESIAN_POINT('',(0.,0.));
#9398 = VECTOR('',#9399,1.);
#9399 = DIRECTION('',(0.,-1.));
#9400 = ( GEOMETRIC_REPRESENTATION_CONTEXT(2) 
PARAMETRIC_REPRESENTATION_CONTEXT() REPRESENTATION_CONTEXT('2D SPACE',''
  ) );
#9401 = ORIENTED_EDGE('',*,*,#9402,.F.);
#9402 = EDGE_CURVE('',#9299,#9375,#9403,.T.);
#9403 = SURFACE_CURVE('',#9404,(#9408,#9415),.PCURVE_S1.);
#9404 = LINE('',#9405,#9406);
#9405 = CARTESIAN_POINT('',(-79.6435,-1.25E+03,-61.0269));
#9406 = VECTOR('',#9407,1.);
#9407 = DIRECTION('',(-0.851276722863,0.,0.524717010504));
#9408 = PCURVE('',#9314,#9409);
#9409 = DEFINITIONAL_REPRESENTATION('',(#9410),#9414);
#9410 = LINE('',#9411,#9412);
#9411 = CARTESIAN_POINT('',(0.,0.));
#9412 = VECTOR('',#9413,1.);
#9413 = DIRECTION('',(1.,0.));
#9414 = ( GEOMETRIC_REPRESENTATION_CONTEXT(2) 
PARAMETRIC_REPRESENTATION_CONTEXT() REPRESENTATION_CONTEXT('2D SPACE',''
  ) );
#9415 = PCURVE('',#8955,#9416);
#9416 = DEFINITIONAL_REPRESENTATION('',(#9417),#9421);
#9417 = LINE('',#9418,#9419);
#9418 = CARTESIAN_POINT('',(-13.45647220111,1.804189149667));
#9419 = VECTOR('',#9420,1.);
#9420 = DIRECTION('',(0.851276722863,-0.524717010504));
#9421 = ( GEOMETRIC_REPRESENTATION_CONTEXT(2) 
PARAMETRIC_REPRESENTATION_CONTEXT() REPRESENTATION_CONTEXT('2D SPACE',''
  ) );
#9422 = ADVANCED_FACE('',(#9423),#9390,.T.);
#9423 = FACE_BOUND('',#9424,.T.);
#9424 = EDGE_LOOP('',(#9425,#9426,#9449,#9477));
#9425 = ORIENTED_EDGE('',*,*,#9374,.T.);
#9426 = ORIENTED_EDGE('',*,*,#9427,.T.);
#9427 = EDGE_CURVE('',#9352,#9428,#9430,.T.);
#9428 = VERTEX_POINT('',#9429);
#9429 = CARTESIAN_POINT('',(-89.0576,-1.15E+03,-54.6724));
#9430 = SURFACE_CURVE('',#9431,(#9435,#9442),.PCURVE_S1.);
#9431 = LINE('',#9432,#9433);
#9432 = CARTESIAN_POINT('',(-84.4872,-1.15E+03,-58.0413));
#9433 = VECTOR('',#9434,1.);
#9434 = DIRECTION('',(-0.804951795509,0.,0.593340211773));
#9435 = PCURVE('',#9390,#9436);
#9436 = DEFINITIONAL_REPRESENTATION('',(#9437),#9441);
#9437 = LINE('',#9438,#9439);
#9438 = CARTESIAN_POINT('',(0.,-100.));
#9439 = VECTOR('',#9440,1.);
#9440 = DIRECTION('',(1.,0.));
#9441 = ( GEOMETRIC_REPRESENTATION_CONTEXT(2) 
PARAMETRIC_REPRESENTATION_CONTEXT() REPRESENTATION_CONTEXT('2D SPACE',''
  ) );
#9442 = PCURVE('',#8901,#9443);
#9443 = DEFINITIONAL_REPRESENTATION('',(#9444),#9448);
#9444 = LINE('',#9445,#9446);
#9445 = CARTESIAN_POINT('',(-8.612772201115,-1.181410850333));
#9446 = VECTOR('',#9447,1.);
#9447 = DIRECTION('',(0.804951795509,-0.593340211773));
#9448 = ( GEOMETRIC_REPRESENTATION_CONTEXT(2) 
PARAMETRIC_REPRESENTATION_CONTEXT() REPRESENTATION_CONTEXT('2D SPACE',''
  ) );
#9449 = ORIENTED_EDGE('',*,*,#9450,.F.);
#9450 = EDGE_CURVE('',#9451,#9428,#9453,.T.);
#9451 = VERTEX_POINT('',#9452);
#9452 = CARTESIAN_POINT('',(-89.0576,-1.25E+03,-54.6724));
#9453 = SURFACE_CURVE('',#9454,(#9458,#9465),.PCURVE_S1.);
#9454 = LINE('',#9455,#9456);
#9455 = CARTESIAN_POINT('',(-89.0576,-1.25E+03,-54.6724));
#9456 = VECTOR('',#9457,1.);
#9457 = DIRECTION('',(0.,1.,0.));
#9458 = PCURVE('',#9390,#9459);
#9459 = DEFINITIONAL_REPRESENTATION('',(#9460),#9464);
#9460 = LINE('',#9461,#9462);
#9461 = CARTESIAN_POINT('',(5.677855525636,0.));
#9462 = VECTOR('',#9463,1.);
#9463 = DIRECTION('',(0.,-1.));
#9464 = ( GEOMETRIC_REPRESENTATION_CONTEXT(2) 
PARAMETRIC_REPRESENTATION_CONTEXT() REPRESENTATION_CONTEXT('2D SPACE',''
  ) );
#9465 = PCURVE('',#9466,#9471);
#9466 = PLANE('',#9467);
#9467 = AXIS2_PLACEMENT_3D('',#9468,#9469,#9470);
#9468 = CARTESIAN_POINT('',(-89.0576,-1.25E+03,-54.6724));
#9469 = DIRECTION('',(0.655533191199,-0.,0.755166362622));
#9470 = DIRECTION('',(-0.755166362622,0.,0.655533191199));
#9471 = DEFINITIONAL_REPRESENTATION('',(#9472),#9476);
#9472 = LINE('',#9473,#9474);
#9473 = CARTESIAN_POINT('',(0.,0.));
#9474 = VECTOR('',#9475,1.);
#9475 = DIRECTION('',(0.,-1.));
#9476 = ( GEOMETRIC_REPRESENTATION_CONTEXT(2) 
PARAMETRIC_REPRESENTATION_CONTEXT() REPRESENTATION_CONTEXT('2D SPACE',''
  ) );
#9477 = ORIENTED_EDGE('',*,*,#9478,.F.);
#9478 = EDGE_CURVE('',#9375,#9451,#9479,.T.);
#9479 = SURFACE_CURVE('',#9480,(#9484,#9491),.PCURVE_S1.);
#9480 = LINE('',#9481,#9482);
#9481 = CARTESIAN_POINT('',(-84.4872,-1.25E+03,-58.0413));
#9482 = VECTOR('',#9483,1.);
#9483 = DIRECTION('',(-0.804951795509,0.,0.593340211773));
#9484 = PCURVE('',#9390,#9485);
#9485 = DEFINITIONAL_REPRESENTATION('',(#9486),#9490);
#9486 = LINE('',#9487,#9488);
#9487 = CARTESIAN_POINT('',(0.,0.));
#9488 = VECTOR('',#9489,1.);
#9489 = DIRECTION('',(1.,0.));
#9490 = ( GEOMETRIC_REPRESENTATION_CONTEXT(2) 
PARAMETRIC_REPRESENTATION_CONTEXT() REPRESENTATION_CONTEXT('2D SPACE',''
  ) );
#9491 = PCURVE('',#8955,#9492);
#9492 = DEFINITIONAL_REPRESENTATION('',(#9493),#9497);
#9493 = LINE('',#9494,#9495);
#9494 = CARTESIAN_POINT('',(-8.612772201115,-1.181410850333));
#9495 = VECTOR('',#9496,1.);
#9496 = DIRECTION('',(0.804951795509,-0.593340211773));
#9497 = ( GEOMETRIC_REPRESENTATION_CONTEXT(2) 
PARAMETRIC_REPRESENTATION_CONTEXT() REPRESENTATION_CONTEXT('2D SPACE',''
  ) );
#9498 = ADVANCED_FACE('',(#9499),#9466,.T.);
#9499 = FACE_BOUND('',#9500,.T.);
#9500 = EDGE_LOOP('',(#9501,#9502,#9525,#9553));
#9501 = ORIENTED_EDGE('',*,*,#9450,.T.);
#9502 = ORIENTED_EDGE('',*,*,#9503,.T.);
#9503 = EDGE_CURVE('',#9428,#9504,#9506,.T.);
#9504 = VERTEX_POINT('',#9505);
#9505 = CARTESIAN_POINT('',(-93.3544,-1.15E+03,-50.9425));
#9506 = SURFACE_CURVE('',#9507,(#9511,#9518),.PCURVE_S1.);
#9507 = LINE('',#9508,#9509);
#9508 = CARTESIAN_POINT('',(-89.0576,-1.15E+03,-54.6724));
#9509 = VECTOR('',#9510,1.);
#9510 = DIRECTION('',(-0.755166362622,0.,0.655533191199));
#9511 = PCURVE('',#9466,#9512);
#9512 = DEFINITIONAL_REPRESENTATION('',(#9513),#9517);
#9513 = LINE('',#9514,#9515);
#9514 = CARTESIAN_POINT('',(0.,-100.));
#9515 = VECTOR('',#9516,1.);
#9516 = DIRECTION('',(1.,0.));
#9517 = ( GEOMETRIC_REPRESENTATION_CONTEXT(2) 
PARAMETRIC_REPRESENTATION_CONTEXT() REPRESENTATION_CONTEXT('2D SPACE',''
  ) );
#9518 = PCURVE('',#8901,#9519);
#9519 = DEFINITIONAL_REPRESENTATION('',(#9520),#9524);
#9520 = LINE('',#9521,#9522);
#9521 = CARTESIAN_POINT('',(-4.042372201115,-4.550310850333));
#9522 = VECTOR('',#9523,1.);
#9523 = DIRECTION('',(0.755166362622,-0.655533191199));
#9524 = ( GEOMETRIC_REPRESENTATION_CONTEXT(2) 
PARAMETRIC_REPRESENTATION_CONTEXT() REPRESENTATION_CONTEXT('2D SPACE',''
  ) );
#9525 = ORIENTED_EDGE('',*,*,#9526,.F.);
#9526 = EDGE_CURVE('',#9527,#9504,#9529,.T.);
#9527 = VERTEX_POINT('',#9528);
#9528 = CARTESIAN_POINT('',(-93.3544,-1.25E+03,-50.9425));
#9529 = SURFACE_CURVE('',#9530,(#9534,#9541),.PCURVE_S1.);
#9530 = LINE('',#9531,#9532);
#9531 = CARTESIAN_POINT('',(-93.3544,-1.25E+03,-50.9425));
#9532 = VECTOR('',#9533,1.);
#9533 = DIRECTION('',(0.,1.,0.));
#9534 = PCURVE('',#9466,#9535);
#9535 = DEFINITIONAL_REPRESENTATION('',(#9536),#9540);
#9536 = LINE('',#9537,#9538);
#9537 = CARTESIAN_POINT('',(5.689872076769,0.));
#9538 = VECTOR('',#9539,1.);
#9539 = DIRECTION('',(0.,-1.));
#9540 = ( GEOMETRIC_REPRESENTATION_CONTEXT(2) 
PARAMETRIC_REPRESENTATION_CONTEXT() REPRESENTATION_CONTEXT('2D SPACE',''
  ) );
#9541 = PCURVE('',#9542,#9547);
#9542 = PLANE('',#9543);
#9543 = AXIS2_PLACEMENT_3D('',#9544,#9545,#9546);
#9544 = CARTESIAN_POINT('',(-93.3544,-1.25E+03,-50.9425));
#9545 = DIRECTION('',(0.7142632398,-0.,0.699877149413));
#9546 = DIRECTION('',(-0.699877149413,0.,0.7142632398));
#9547 = DEFINITIONAL_REPRESENTATION('',(#9548),#9552);
#9548 = LINE('',#9549,#9550);
#9549 = CARTESIAN_POINT('',(0.,0.));
#9550 = VECTOR('',#9551,1.);
#9551 = DIRECTION('',(0.,-1.));
#9552 = ( GEOMETRIC_REPRESENTATION_CONTEXT(2) 
PARAMETRIC_REPRESENTATION_CONTEXT() REPRESENTATION_CONTEXT('2D SPACE',''
  ) );
#9553 = ORIENTED_EDGE('',*,*,#9554,.F.);
#9554 = EDGE_CURVE('',#9451,#9527,#9555,.T.);
#9555 = SURFACE_CURVE('',#9556,(#9560,#9567),.PCURVE_S1.);
#9556 = LINE('',#9557,#9558);
#9557 = CARTESIAN_POINT('',(-89.0576,-1.25E+03,-54.6724));
#9558 = VECTOR('',#9559,1.);
#9559 = DIRECTION('',(-0.755166362622,0.,0.655533191199));
#9560 = PCURVE('',#9466,#9561);
#9561 = DEFINITIONAL_REPRESENTATION('',(#9562),#9566);
#9562 = LINE('',#9563,#9564);
#9563 = CARTESIAN_POINT('',(0.,0.));
#9564 = VECTOR('',#9565,1.);
#9565 = DIRECTION('',(1.,0.));
#9566 = ( GEOMETRIC_REPRESENTATION_CONTEXT(2) 
PARAMETRIC_REPRESENTATION_CONTEXT() REPRESENTATION_CONTEXT('2D SPACE',''
  ) );
#9567 = PCURVE('',#8955,#9568);
#9568 = DEFINITIONAL_REPRESENTATION('',(#9569),#9573);
#9569 = LINE('',#9570,#9571);
#9570 = CARTESIAN_POINT('',(-4.042372201115,-4.550310850333));
#9571 = VECTOR('',#9572,1.);
#9572 = DIRECTION('',(0.755166362622,-0.655533191199));
#9573 = ( GEOMETRIC_REPRESENTATION_CONTEXT(2) 
PARAMETRIC_REPRESENTATION_CONTEXT() REPRESENTATION_CONTEXT('2D SPACE',''
  ) );
#9574 = ADVANCED_FACE('',(#9575),#9542,.T.);
#9575 = FACE_BOUND('',#9576,.T.);
#9576 = EDGE_LOOP('',(#9577,#9578,#9601,#9624));
#9577 = ORIENTED_EDGE('',*,*,#9526,.T.);
#9578 = ORIENTED_EDGE('',*,*,#9579,.T.);
#9579 = EDGE_CURVE('',#9504,#9580,#9582,.T.);
#9580 = VERTEX_POINT('',#9581);
#9581 = CARTESIAN_POINT('',(-97.3388,-1.15E+03,-46.8762));
#9582 = SURFACE_CURVE('',#9583,(#9587,#9594),.PCURVE_S1.);
#9583 = LINE('',#9584,#9585);
#9584 = CARTESIAN_POINT('',(-93.3544,-1.15E+03,-50.9425));
#9585 = VECTOR('',#9586,1.);
#9586 = DIRECTION('',(-0.699877149413,0.,0.7142632398));
#9587 = PCURVE('',#9542,#9588);
#9588 = DEFINITIONAL_REPRESENTATION('',(#9589),#9593);
#9589 = LINE('',#9590,#9591);
#9590 = CARTESIAN_POINT('',(0.,-100.));
#9591 = VECTOR('',#9592,1.);
#9592 = DIRECTION('',(1.,0.));
#9593 = ( GEOMETRIC_REPRESENTATION_CONTEXT(2) 
PARAMETRIC_REPRESENTATION_CONTEXT() REPRESENTATION_CONTEXT('2D SPACE',''
  ) );
#9594 = PCURVE('',#8901,#9595);
#9595 = DEFINITIONAL_REPRESENTATION('',(#9596),#9600);
#9596 = LINE('',#9597,#9598);
#9597 = CARTESIAN_POINT('',(0.254427798885,-8.280210850333));
#9598 = VECTOR('',#9599,1.);
#9599 = DIRECTION('',(0.699877149413,-0.7142632398));
#9600 = ( GEOMETRIC_REPRESENTATION_CONTEXT(2) 
PARAMETRIC_REPRESENTATION_CONTEXT() REPRESENTATION_CONTEXT('2D SPACE',''
  ) );
#9601 = ORIENTED_EDGE('',*,*,#9602,.F.);
#9602 = EDGE_CURVE('',#9603,#9580,#9605,.T.);
#9603 = VERTEX_POINT('',#9604);
#9604 = CARTESIAN_POINT('',(-97.3388,-1.25E+03,-46.8762));
#9605 = SURFACE_CURVE('',#9606,(#9610,#9617),.PCURVE_S1.);
#9606 = LINE('',#9607,#9608);
#9607 = CARTESIAN_POINT('',(-97.3388,-1.25E+03,-46.8762));
#9608 = VECTOR('',#9609,1.);
#9609 = DIRECTION('',(0.,1.,0.));
#9610 = PCURVE('',#9542,#9611);
#9611 = DEFINITIONAL_REPRESENTATION('',(#9612),#9616);
#9612 = LINE('',#9613,#9614);
#9613 = CARTESIAN_POINT('',(5.69299912612,0.));
#9614 = VECTOR('',#9615,1.);
#9615 = DIRECTION('',(0.,-1.));
#9616 = ( GEOMETRIC_REPRESENTATION_CONTEXT(2) 
PARAMETRIC_REPRESENTATION_CONTEXT() REPRESENTATION_CONTEXT('2D SPACE',''
  ) );
#9617 = PCURVE('',#8873,#9618);
#9618 = DEFINITIONAL_REPRESENTATION('',(#9619),#9623);
#9619 = LINE('',#9620,#9621);
#9620 = CARTESIAN_POINT('',(0.,0.));
#9621 = VECTOR('',#9622,1.);
#9622 = DIRECTION('',(0.,-1.));
#9623 = ( GEOMETRIC_REPRESENTATION_CONTEXT(2) 
PARAMETRIC_REPRESENTATION_CONTEXT() REPRESENTATION_CONTEXT('2D SPACE',''
  ) );
#9624 = ORIENTED_EDGE('',*,*,#9625,.F.);
#9625 = EDGE_CURVE('',#9527,#9603,#9626,.T.);
#9626 = SURFACE_CURVE('',#9627,(#9631,#9638),.PCURVE_S1.);
#9627 = LINE('',#9628,#9629);
#9628 = CARTESIAN_POINT('',(-93.3544,-1.25E+03,-50.9425));
#9629 = VECTOR('',#9630,1.);
#9630 = DIRECTION('',(-0.699877149413,0.,0.7142632398));
#9631 = PCURVE('',#9542,#9632);
#9632 = DEFINITIONAL_REPRESENTATION('',(#9633),#9637);
#9633 = LINE('',#9634,#9635);
#9634 = CARTESIAN_POINT('',(0.,0.));
#9635 = VECTOR('',#9636,1.);
#9636 = DIRECTION('',(1.,0.));
#9637 = ( GEOMETRIC_REPRESENTATION_CONTEXT(2) 
PARAMETRIC_REPRESENTATION_CONTEXT() REPRESENTATION_CONTEXT('2D SPACE',''
  ) );
#9638 = PCURVE('',#8955,#9639);
#9639 = DEFINITIONAL_REPRESENTATION('',(#9640),#9644);
#9640 = LINE('',#9641,#9642);
#9641 = CARTESIAN_POINT('',(0.254427798885,-8.280210850333));
#9642 = VECTOR('',#9643,1.);
#9643 = DIRECTION('',(0.699877149413,-0.7142632398));
#9644 = ( GEOMETRIC_REPRESENTATION_CONTEXT(2) 
PARAMETRIC_REPRESENTATION_CONTEXT() REPRESENTATION_CONTEXT('2D SPACE',''
  ) );
#9645 = ADVANCED_FACE('',(#9646),#8873,.T.);
#9646 = FACE_BOUND('',#9647,.T.);
#9647 = EDGE_LOOP('',(#9648,#9649,#9670,#9671));
#9648 = ORIENTED_EDGE('',*,*,#9602,.T.);
#9649 = ORIENTED_EDGE('',*,*,#9650,.T.);
#9650 = EDGE_CURVE('',#9580,#8853,#9651,.T.);
#9651 = SURFACE_CURVE('',#9652,(#9656,#9663),.PCURVE_S1.);
#9652 = LINE('',#9653,#9654);
#9653 = CARTESIAN_POINT('',(-97.3388,-1.15E+03,-46.8762));
#9654 = VECTOR('',#9655,1.);
#9655 = DIRECTION('',(-0.638753018907,0.,0.769411840848));
#9656 = PCURVE('',#8873,#9657);
#9657 = DEFINITIONAL_REPRESENTATION('',(#9658),#9662);
#9658 = LINE('',#9659,#9660);
#9659 = CARTESIAN_POINT('',(0.,-100.));
#9660 = VECTOR('',#9661,1.);
#9661 = DIRECTION('',(1.,0.));
#9662 = ( GEOMETRIC_REPRESENTATION_CONTEXT(2) 
PARAMETRIC_REPRESENTATION_CONTEXT() REPRESENTATION_CONTEXT('2D SPACE',''
  ) );
#9663 = PCURVE('',#8901,#9664);
#9664 = DEFINITIONAL_REPRESENTATION('',(#9665),#9669);
#9665 = LINE('',#9666,#9667);
#9666 = CARTESIAN_POINT('',(4.238827798885,-12.34651085033));
#9667 = VECTOR('',#9668,1.);
#9668 = DIRECTION('',(0.638753018907,-0.769411840848));
#9669 = ( GEOMETRIC_REPRESENTATION_CONTEXT(2) 
PARAMETRIC_REPRESENTATION_CONTEXT() REPRESENTATION_CONTEXT('2D SPACE',''
  ) );
#9670 = ORIENTED_EDGE('',*,*,#8850,.F.);
#9671 = ORIENTED_EDGE('',*,*,#9672,.F.);
#9672 = EDGE_CURVE('',#9603,#8851,#9673,.T.);
#9673 = SURFACE_CURVE('',#9674,(#9678,#9685),.PCURVE_S1.);
#9674 = LINE('',#9675,#9676);
#9675 = CARTESIAN_POINT('',(-97.3388,-1.25E+03,-46.8762));
#9676 = VECTOR('',#9677,1.);
#9677 = DIRECTION('',(-0.638753018907,0.,0.769411840848));
#9678 = PCURVE('',#8873,#9679);
#9679 = DEFINITIONAL_REPRESENTATION('',(#9680),#9684);
#9680 = LINE('',#9681,#9682);
#9681 = CARTESIAN_POINT('',(0.,0.));
#9682 = VECTOR('',#9683,1.);
#9683 = DIRECTION('',(1.,0.));
#9684 = ( GEOMETRIC_REPRESENTATION_CONTEXT(2) 
PARAMETRIC_REPRESENTATION_CONTEXT() REPRESENTATION_CONTEXT('2D SPACE',''
  ) );
#9685 = PCURVE('',#8955,#9686);
#9686 = DEFINITIONAL_REPRESENTATION('',(#9687),#9691);
#9687 = LINE('',#9688,#9689);
#9688 = CARTESIAN_POINT('',(4.238827798885,-12.34651085033));
#9689 = VECTOR('',#9690,1.);
#9690 = DIRECTION('',(0.638753018907,-0.769411840848));
#9691 = ( GEOMETRIC_REPRESENTATION_CONTEXT(2) 
PARAMETRIC_REPRESENTATION_CONTEXT() REPRESENTATION_CONTEXT('2D SPACE',''
  ) );
#9692 = ADVANCED_FACE('',(#9693),#8955,.T.);
#9693 = FACE_BOUND('',#9694,.T.);
#9694 = EDGE_LOOP('',(#9695,#9696,#9697,#9698,#9699,#9700,#9701,#9702,
    #9703,#9704,#9705));
#9695 = ORIENTED_EDGE('',*,*,#8941,.T.);
#9696 = ORIENTED_EDGE('',*,*,#9022,.T.);
#9697 = ORIENTED_EDGE('',*,*,#9098,.T.);
#9698 = ORIENTED_EDGE('',*,*,#9174,.T.);
#9699 = ORIENTED_EDGE('',*,*,#9250,.T.);
#9700 = ORIENTED_EDGE('',*,*,#9326,.T.);
#9701 = ORIENTED_EDGE('',*,*,#9402,.T.);
#9702 = ORIENTED_EDGE('',*,*,#9478,.T.);
#9703 = ORIENTED_EDGE('',*,*,#9554,.T.);
#9704 = ORIENTED_EDGE('',*,*,#9625,.T.);
#9705 = ORIENTED_EDGE('',*,*,#9672,.T.);
#9706 = ADVANCED_FACE('',(#9707),#8901,.F.);
#9707 = FACE_BOUND('',#9708,.F.);
#9708 = EDGE_LOOP('',(#9709,#9710,#9711,#9712,#9713,#9714,#9715,#9716,
    #9717,#9718,#9719));
#9709 = ORIENTED_EDGE('',*,*,#8885,.T.);
#9710 = ORIENTED_EDGE('',*,*,#8971,.T.);
#9711 = ORIENTED_EDGE('',*,*,#9047,.T.);
#9712 = ORIENTED_EDGE('',*,*,#9123,.T.);
#9713 = ORIENTED_EDGE('',*,*,#9199,.T.);
#9714 = ORIENTED_EDGE('',*,*,#9275,.T.);
#9715 = ORIENTED_EDGE('',*,*,#9351,.T.);
#9716 = ORIENTED_EDGE('',*,*,#9427,.T.);
#9717 = ORIENTED_EDGE('',*,*,#9503,.T.);
#9718 = ORIENTED_EDGE('',*,*,#9579,.T.);
#9719 = ORIENTED_EDGE('',*,*,#9650,.T.);
#9720 = ( GEOMETRIC_REPRESENTATION_CONTEXT(3) 
GLOBAL_UNCERTAINTY_ASSIGNED_CONTEXT((#9724)) 
GLOBAL_UNIT_ASSIGNED_CONTEXT((#9721,#9722,#9723)) REPRESENTATION_CONTEXT
('Context #1','3D Context with UNIT and UNCERTAINTY') );
#9721 = ( LENGTH_UNIT() NAMED_UNIT(*) SI_UNIT(.MILLI.,.METRE.) );
#9722 = ( NAMED_UNIT(*) PLANE_ANGLE_UNIT() SI_UNIT($,.RADIAN.) );
#9723 = ( NAMED_UNIT(*) SI_UNIT($,.STERADIAN.) SOLID_ANGLE_UNIT() );
#9724 = UNCERTAINTY_MEASURE_WITH_UNIT(LENGTH_MEASURE(2.E-05),#9721,
  'distance_accuracy_value','confusion accuracy');
#9725 = PRODUCT_RELATED_PRODUCT_CATEGORY('part',$,(#7));
ENDSEC;
END-ISO-10303-21;
