ISO-10303-21;
HEADER;
FILE_DESCRIPTION(('Open CASCADE Model'),'2;1');
FILE_NAME('Open CASCADE Shape Model','2026-05-18T17:24:55',('Author'),(
    'Open CASCADE'),'Open CASCADE STEP processor 7.8','build123d',
  'Unknown');
FILE_SCHEMA(('AUTOMOTIVE_DESIGN { 1 0 10303 214 1 1 1 1 }'));
ENDSEC;
DATA;
#1 = APPLICATION_PROTOCOL_DEFINITION('international standard',
  'automotive_design',2000,#2);
#2 = APPLICATION_CONTEXT(
  'core data for automotive mechanical design processes');
#3 = SHAPE_DEFINITION_REPRESENTATION(#4,#10);
#4 = PRODUCT_DEFINITION_SHAPE('','',#5);
#5 = PRODUCT_DEFINITION('design','',#6,#9);
#6 = PRODUCT_DEFINITION_FORMATION('','',#7);
#7 = PRODUCT('SOLID','SOLID','',(#8));
#8 = PRODUCT_CONTEXT('',#2,'mechanical');
#9 = PRODUCT_DEFINITION_CONTEXT('part definition',#2,'design');
#10 = ADVANCED_BREP_SHAPE_REPRESENTATION('',(#11,#15),#17097);
#11 = AXIS2_PLACEMENT_3D('',#12,#13,#14);
#12 = CARTESIAN_POINT('',(0.,0.,0.));
#13 = DIRECTION('',(0.,0.,1.));
#14 = DIRECTION('',(1.,0.,-0.));
#15 = MANIFOLD_SOLID_BREP('',#16);
#16 = CLOSED_SHELL('',(#17,#275,#1779,#1854,#1941,#2014,#2066,#3878,
    #3927,#6835,#6862,#6889,#6916,#6943,#6970,#6997,#7024,#7051,#7078,
    #7105,#7132,#7159,#7186,#7213,#7240,#7267,#7294,#7321,#7348,#7375,
    #7402,#7429,#7456,#7483,#7510,#7537,#7564,#7591,#7618,#7645,#7672,
    #7699,#7726,#7753,#7780,#7807,#7834,#7861,#7888,#7964,#8013,#8062,
    #8111,#8160,#8209,#8258,#8307,#8355,#8403,#8451,#8499,#8547,#8597,
    #8651,#8698,#8745,#8793,#11460,#11486,#11513,#11540,#11567,#11594,
    #11621,#11648,#11675,#11702,#11729,#11756,#11783,#11810,#11837,
    #11864,#11891,#11918,#11945,#11972,#11999,#12026,#12053,#12080,
    #12107,#12247,#12272,#12298,#12325,#12351,#12377,#12403,#12429,
    #12455,#12481,#12507,#12533,#12559,#12585,#12611,#12637,#12663,
    #12689,#12715,#12741,#12767,#12793,#12819,#12845,#12871,#12897,
    #12923,#12949,#12975,#13001,#13027,#13053,#13079,#13105,#13131,
    #13157,#13183,#13209,#13235,#13242,#13313,#13485,#13512,#13539,
    #13566,#13593,#13620,#13647,#13674,#13701,#13728,#13755,#13782,
    #13809,#13836,#13863,#13890,#13917,#13944,#13971,#13998,#14025,
    #14052,#14079,#14106,#14133,#14160,#14187,#14214,#14241,#14268,
    #14295,#14322,#14349,#14376,#14403,#14410,#14460,#14509,#14558,
    #14607,#14656,#14705,#14754,#14803,#14852,#14901,#14950,#14999,
    #15048,#15075,#16049,#16076,#16102,#16128,#16154,#16180,#16206,
    #16232,#16258,#16284,#16310,#16336,#16362,#16388,#16414,#16440,
    #16466,#16492,#16518,#16544,#16570,#16596,#16622,#16648,#16674,
    #16700,#16726,#16752,#16778,#16804,#16830,#16856,#16882,#16908,
    #16934,#16960,#16986,#17012,#17038,#17065,#17090));
#17 = ADVANCED_FACE('',(#18),#32,.T.);
#18 = FACE_BOUND('',#19,.T.);
#19 = EDGE_LOOP('',(#20,#55,#83,#111,#139,#167,#195,#221,#249));
#20 = ORIENTED_EDGE('',*,*,#21,.F.);
#21 = EDGE_CURVE('',#22,#24,#26,.T.);
#22 = VERTEX_POINT('',#23);
#23 = CARTESIAN_POINT('',(8.281300000031,-34.668,0.));
#24 = VERTEX_POINT('',#25);
#25 = CARTESIAN_POINT('',(-88.55469999997,-34.668,0.));
#26 = SURFACE_CURVE('',#27,(#31,#43),.PCURVE_S1.);
#27 = LINE('',#28,#29);
#28 = CARTESIAN_POINT('',(8.281300000031,-34.668,0.));
#29 = VECTOR('',#30,1.);
#30 = DIRECTION('',(-1.,0.,0.));
#31 = PCURVE('',#32,#37);
#32 = PLANE('',#33);
#33 = AXIS2_PLACEMENT_3D('',#34,#35,#36);
#34 = CARTESIAN_POINT('',(8.281300000031,-34.668,0.));
#35 = DIRECTION('',(0.,-1.,0.));
#36 = DIRECTION('',(-1.,0.,0.));
#37 = DEFINITIONAL_REPRESENTATION('',(#38),#42);
#38 = LINE('',#39,#40);
#39 = CARTESIAN_POINT('',(0.,-0.));
#40 = VECTOR('',#41,1.);
#41 = DIRECTION('',(1.,0.));
#42 = ( GEOMETRIC_REPRESENTATION_CONTEXT(2) 
PARAMETRIC_REPRESENTATION_CONTEXT() REPRESENTATION_CONTEXT('2D SPACE',''
  ) );
#43 = PCURVE('',#44,#49);
#44 = PLANE('',#45);
#45 = AXIS2_PLACEMENT_3D('',#46,#47,#48);
#46 = CARTESIAN_POINT('',(8.89257856066,10.146220803758,0.));
#47 = DIRECTION('',(-0.,-0.,-1.));
#48 = DIRECTION('',(-1.,0.,0.));
#49 = DEFINITIONAL_REPRESENTATION('',(#50),#54);
#50 = LINE('',#51,#52);
#51 = CARTESIAN_POINT('',(0.611278560629,-44.81422080376));
#52 = VECTOR('',#53,1.);
#53 = DIRECTION('',(1.,0.));
#54 = ( GEOMETRIC_REPRESENTATION_CONTEXT(2) 
PARAMETRIC_REPRESENTATION_CONTEXT() REPRESENTATION_CONTEXT('2D SPACE',''
  ) );
#55 = ORIENTED_EDGE('',*,*,#56,.T.);
#56 = EDGE_CURVE('',#22,#57,#59,.T.);
#57 = VERTEX_POINT('',#58);
#58 = CARTESIAN_POINT('',(8.281300000031,-34.668,7.5));
#59 = SURFACE_CURVE('',#60,(#64,#71),.PCURVE_S1.);
#60 = LINE('',#61,#62);
#61 = CARTESIAN_POINT('',(8.281300000031,-34.668,0.));
#62 = VECTOR('',#63,1.);
#63 = DIRECTION('',(0.,0.,1.));
#64 = PCURVE('',#32,#65);
#65 = DEFINITIONAL_REPRESENTATION('',(#66),#70);
#66 = LINE('',#67,#68);
#67 = CARTESIAN_POINT('',(0.,-0.));
#68 = VECTOR('',#69,1.);
#69 = DIRECTION('',(0.,-1.));
#70 = ( GEOMETRIC_REPRESENTATION_CONTEXT(2) 
PARAMETRIC_REPRESENTATION_CONTEXT() REPRESENTATION_CONTEXT('2D SPACE',''
  ) );
#71 = PCURVE('',#72,#77);
#72 = PLANE('',#73);
#73 = AXIS2_PLACEMENT_3D('',#74,#75,#76);
#74 = CARTESIAN_POINT('',(14.453100000042,-34.45309999998,0.));
#75 = DIRECTION('',(3.479857497244E-02,-0.999394346182,0.));
#76 = DIRECTION('',(-0.999394346182,-3.479857497244E-02,0.));
#77 = DEFINITIONAL_REPRESENTATION('',(#78),#82);
#78 = LINE('',#79,#80);
#79 = CARTESIAN_POINT('',(6.175540239537,0.));
#80 = VECTOR('',#81,1.);
#81 = DIRECTION('',(0.,-1.));
#82 = ( GEOMETRIC_REPRESENTATION_CONTEXT(2) 
PARAMETRIC_REPRESENTATION_CONTEXT() REPRESENTATION_CONTEXT('2D SPACE',''
  ) );
#83 = ORIENTED_EDGE('',*,*,#84,.T.);
#84 = EDGE_CURVE('',#57,#85,#87,.T.);
#85 = VERTEX_POINT('',#86);
#86 = CARTESIAN_POINT('',(5.862614138401,-34.668,7.5));
#87 = SURFACE_CURVE('',#88,(#92,#99),.PCURVE_S1.);
#88 = LINE('',#89,#90);
#89 = CARTESIAN_POINT('',(8.281300000031,-34.668,7.5));
#90 = VECTOR('',#91,1.);
#91 = DIRECTION('',(-1.,0.,0.));
#92 = PCURVE('',#32,#93);
#93 = DEFINITIONAL_REPRESENTATION('',(#94),#98);
#94 = LINE('',#95,#96);
#95 = CARTESIAN_POINT('',(0.,-7.5));
#96 = VECTOR('',#97,1.);
#97 = DIRECTION('',(1.,0.));
#98 = ( GEOMETRIC_REPRESENTATION_CONTEXT(2) 
PARAMETRIC_REPRESENTATION_CONTEXT() REPRESENTATION_CONTEXT('2D SPACE',''
  ) );
#99 = PCURVE('',#100,#105);
#100 = PLANE('',#101);
#101 = AXIS2_PLACEMENT_3D('',#102,#103,#104);
#102 = CARTESIAN_POINT('',(-41.21528900089,-3.856402122259,7.5));
#103 = DIRECTION('',(0.,0.,1.));
#104 = DIRECTION('',(1.,0.,0.));
#105 = DEFINITIONAL_REPRESENTATION('',(#106),#110);
#106 = LINE('',#107,#108);
#107 = CARTESIAN_POINT('',(49.496589000924,-30.81159787774));
#108 = VECTOR('',#109,1.);
#109 = DIRECTION('',(-1.,0.));
#110 = ( GEOMETRIC_REPRESENTATION_CONTEXT(2) 
PARAMETRIC_REPRESENTATION_CONTEXT() REPRESENTATION_CONTEXT('2D SPACE',''
  ) );
#111 = ORIENTED_EDGE('',*,*,#112,.F.);
#112 = EDGE_CURVE('',#113,#85,#115,.T.);
#113 = VERTEX_POINT('',#114);
#114 = CARTESIAN_POINT('',(2.437583400718,-34.668,7.5));
#115 = SURFACE_CURVE('',#116,(#120,#127),.PCURVE_S1.);
#116 = LINE('',#117,#118);
#117 = CARTESIAN_POINT('',(0.122388631338,-34.668,7.5));
#118 = VECTOR('',#119,1.);
#119 = DIRECTION('',(1.,0.,0.));
#120 = PCURVE('',#32,#121);
#121 = DEFINITIONAL_REPRESENTATION('',(#122),#126);
#122 = LINE('',#123,#124);
#123 = CARTESIAN_POINT('',(8.158911368693,-7.5));
#124 = VECTOR('',#125,1.);
#125 = DIRECTION('',(-1.,-0.));
#126 = ( GEOMETRIC_REPRESENTATION_CONTEXT(2) 
PARAMETRIC_REPRESENTATION_CONTEXT() REPRESENTATION_CONTEXT('2D SPACE',''
  ) );
#127 = PCURVE('',#128,#133);
#128 = B_SPLINE_SURFACE_WITH_KNOTS('',1,1,(
    (#129,#130)
    ,(#131,#132
    )),.UNSPECIFIED.,.F.,.F.,.F.,(2,2),(2,2),(2.31519476938,
    5.740225507063),(0.,1.),.PIECEWISE_BEZIER_KNOTS.);
#129 = CARTESIAN_POINT('',(2.437583400718,-34.668,7.5));
#130 = CARTESIAN_POINT('',(3.209325465607,-29.25414000768,15.));
#131 = CARTESIAN_POINT('',(5.862614138401,-34.668,7.5));
#132 = CARTESIAN_POINT('',(6.172509846386,-29.4434863812,15.));
#133 = DEFINITIONAL_REPRESENTATION('',(#134),#138);
#134 = LINE('',#135,#136);
#135 = CARTESIAN_POINT('',(0.,0.));
#136 = VECTOR('',#137,1.);
#137 = DIRECTION('',(1.,0.));
#138 = ( GEOMETRIC_REPRESENTATION_CONTEXT(2) 
PARAMETRIC_REPRESENTATION_CONTEXT() REPRESENTATION_CONTEXT('2D SPACE',''
  ) );
#139 = ORIENTED_EDGE('',*,*,#140,.F.);
#140 = EDGE_CURVE('',#141,#113,#143,.T.);
#141 = VERTEX_POINT('',#142);
#142 = CARTESIAN_POINT('',(0.122388631338,-34.668,7.5));
#143 = SURFACE_CURVE('',#144,(#148,#155),.PCURVE_S1.);
#144 = LINE('',#145,#146);
#145 = CARTESIAN_POINT('',(0.122388631338,-34.668,7.5));
#146 = VECTOR('',#147,1.);
#147 = DIRECTION('',(1.,0.,0.));
#148 = PCURVE('',#32,#149);
#149 = DEFINITIONAL_REPRESENTATION('',(#150),#154);
#150 = LINE('',#151,#152);
#151 = CARTESIAN_POINT('',(8.158911368693,-7.5));
#152 = VECTOR('',#153,1.);
#153 = DIRECTION('',(-1.,-0.));
#154 = ( GEOMETRIC_REPRESENTATION_CONTEXT(2) 
PARAMETRIC_REPRESENTATION_CONTEXT() REPRESENTATION_CONTEXT('2D SPACE',''
  ) );
#155 = PCURVE('',#156,#161);
#156 = B_SPLINE_SURFACE_WITH_KNOTS('',1,1,(
    (#157,#158)
    ,(#159,#160
    )),.UNSPECIFIED.,.F.,.F.,.F.,(2,2),(2,2),(0.,2.31519476938),(0.,1.),
  .PIECEWISE_BEZIER_KNOTS.);
#157 = CARTESIAN_POINT('',(0.122388631338,-34.668,7.5));
#158 = CARTESIAN_POINT('',(1.267669159429,-28.88422197562,15.));
#159 = CARTESIAN_POINT('',(2.437583400718,-34.668,7.5));
#160 = CARTESIAN_POINT('',(3.209325465607,-29.25414000768,15.));
#161 = DEFINITIONAL_REPRESENTATION('',(#162),#166);
#162 = LINE('',#163,#164);
#163 = CARTESIAN_POINT('',(0.,0.));
#164 = VECTOR('',#165,1.);
#165 = DIRECTION('',(1.,0.));
#166 = ( GEOMETRIC_REPRESENTATION_CONTEXT(2) 
PARAMETRIC_REPRESENTATION_CONTEXT() REPRESENTATION_CONTEXT('2D SPACE',''
  ) );
#167 = ORIENTED_EDGE('',*,*,#168,.T.);
#168 = EDGE_CURVE('',#141,#169,#171,.T.);
#169 = VERTEX_POINT('',#170);
#170 = CARTESIAN_POINT('',(-88.55449999996,-34.668,7.5));
#171 = SURFACE_CURVE('',#172,(#176,#183),.PCURVE_S1.);
#172 = LINE('',#173,#174);
#173 = CARTESIAN_POINT('',(8.281300000031,-34.668,7.5));
#174 = VECTOR('',#175,1.);
#175 = DIRECTION('',(-1.,0.,0.));
#176 = PCURVE('',#32,#177);
#177 = DEFINITIONAL_REPRESENTATION('',(#178),#182);
#178 = LINE('',#179,#180);
#179 = CARTESIAN_POINT('',(0.,-7.5));
#180 = VECTOR('',#181,1.);
#181 = DIRECTION('',(1.,0.));
#182 = ( GEOMETRIC_REPRESENTATION_CONTEXT(2) 
PARAMETRIC_REPRESENTATION_CONTEXT() REPRESENTATION_CONTEXT('2D SPACE',''
  ) );
#183 = PCURVE('',#184,#189);
#184 = PLANE('',#185);
#185 = AXIS2_PLACEMENT_3D('',#186,#187,#188);
#186 = CARTESIAN_POINT('',(-41.21528900089,-3.856402122259,7.5));
#187 = DIRECTION('',(0.,0.,1.));
#188 = DIRECTION('',(1.,0.,0.));
#189 = DEFINITIONAL_REPRESENTATION('',(#190),#194);
#190 = LINE('',#191,#192);
#191 = CARTESIAN_POINT('',(49.496589000924,-30.81159787774));
#192 = VECTOR('',#193,1.);
#193 = DIRECTION('',(-1.,0.));
#194 = ( GEOMETRIC_REPRESENTATION_CONTEXT(2) 
PARAMETRIC_REPRESENTATION_CONTEXT() REPRESENTATION_CONTEXT('2D SPACE',''
  ) );
#195 = ORIENTED_EDGE('',*,*,#196,.T.);
#196 = EDGE_CURVE('',#169,#197,#199,.T.);
#197 = VERTEX_POINT('',#198);
#198 = CARTESIAN_POINT('',(-88.55449999996,-34.668,40.));
#199 = SURFACE_CURVE('',#200,(#204,#210),.PCURVE_S1.);
#200 = LINE('',#201,#202);
#201 = CARTESIAN_POINT('',(-88.55449999996,-34.668,3.75));
#202 = VECTOR('',#203,1.);
#203 = DIRECTION('',(0.,0.,1.));
#204 = PCURVE('',#32,#205);
#205 = DEFINITIONAL_REPRESENTATION('',(#206),#209);
#206 = B_SPLINE_CURVE_WITH_KNOTS('',1,(#207,#208),.UNSPECIFIED.,.F.,.F.,
  (2,2),(3.75,36.25),.PIECEWISE_BEZIER_KNOTS.);
#207 = CARTESIAN_POINT('',(96.835800000001,-7.5));
#208 = CARTESIAN_POINT('',(96.835800000001,-40.));
#209 = ( GEOMETRIC_REPRESENTATION_CONTEXT(2) 
PARAMETRIC_REPRESENTATION_CONTEXT() REPRESENTATION_CONTEXT('2D SPACE',''
  ) );
#210 = PCURVE('',#211,#216);
#211 = PLANE('',#212);
#212 = AXIS2_PLACEMENT_3D('',#213,#214,#215);
#213 = CARTESIAN_POINT('',(-88.55449999996,-34.1018,7.5));
#214 = DIRECTION('',(1.,0.,-0.));
#215 = DIRECTION('',(0.,-1.,0.));
#216 = DEFINITIONAL_REPRESENTATION('',(#217),#220);
#217 = B_SPLINE_CURVE_WITH_KNOTS('',1,(#218,#219),.UNSPECIFIED.,.F.,.F.,
  (2,2),(3.75,36.25),.PIECEWISE_BEZIER_KNOTS.);
#218 = CARTESIAN_POINT('',(0.566200000001,0.));
#219 = CARTESIAN_POINT('',(0.566200000001,-32.5));
#220 = ( GEOMETRIC_REPRESENTATION_CONTEXT(2) 
PARAMETRIC_REPRESENTATION_CONTEXT() REPRESENTATION_CONTEXT('2D SPACE',''
  ) );
#221 = ORIENTED_EDGE('',*,*,#222,.T.);
#222 = EDGE_CURVE('',#197,#223,#225,.T.);
#223 = VERTEX_POINT('',#224);
#224 = CARTESIAN_POINT('',(-88.55469999997,-34.668,40.));
#225 = SURFACE_CURVE('',#226,(#230,#237),.PCURVE_S1.);
#226 = LINE('',#227,#228);
#227 = CARTESIAN_POINT('',(8.281300000031,-34.668,40.));
#228 = VECTOR('',#229,1.);
#229 = DIRECTION('',(-1.,0.,0.));
#230 = PCURVE('',#32,#231);
#231 = DEFINITIONAL_REPRESENTATION('',(#232),#236);
#232 = LINE('',#233,#234);
#233 = CARTESIAN_POINT('',(0.,-40.));
#234 = VECTOR('',#235,1.);
#235 = DIRECTION('',(1.,0.));
#236 = ( GEOMETRIC_REPRESENTATION_CONTEXT(2) 
PARAMETRIC_REPRESENTATION_CONTEXT() REPRESENTATION_CONTEXT('2D SPACE',''
  ) );
#237 = PCURVE('',#238,#243);
#238 = PLANE('',#239);
#239 = AXIS2_PLACEMENT_3D('',#240,#241,#242);
#240 = CARTESIAN_POINT('',(8.89257856066,10.146220803758,40.));
#241 = DIRECTION('',(-0.,-0.,-1.));
#242 = DIRECTION('',(-1.,0.,0.));
#243 = DEFINITIONAL_REPRESENTATION('',(#244),#248);
#244 = LINE('',#245,#246);
#245 = CARTESIAN_POINT('',(0.611278560629,-44.81422080376));
#246 = VECTOR('',#247,1.);
#247 = DIRECTION('',(1.,0.));
#248 = ( GEOMETRIC_REPRESENTATION_CONTEXT(2) 
PARAMETRIC_REPRESENTATION_CONTEXT() REPRESENTATION_CONTEXT('2D SPACE',''
  ) );
#249 = ORIENTED_EDGE('',*,*,#250,.F.);
#250 = EDGE_CURVE('',#24,#223,#251,.T.);
#251 = SURFACE_CURVE('',#252,(#256,#263),.PCURVE_S1.);
#252 = LINE('',#253,#254);
#253 = CARTESIAN_POINT('',(-88.55469999997,-34.668,0.));
#254 = VECTOR('',#255,1.);
#255 = DIRECTION('',(0.,0.,1.));
#256 = PCURVE('',#32,#257);
#257 = DEFINITIONAL_REPRESENTATION('',(#258),#262);
#258 = LINE('',#259,#260);
#259 = CARTESIAN_POINT('',(96.83600000001,0.));
#260 = VECTOR('',#261,1.);
#261 = DIRECTION('',(0.,-1.));
#262 = ( GEOMETRIC_REPRESENTATION_CONTEXT(2) 
PARAMETRIC_REPRESENTATION_CONTEXT() REPRESENTATION_CONTEXT('2D SPACE',''
  ) );
#263 = PCURVE('',#264,#269);
#264 = PLANE('',#265);
#265 = AXIS2_PLACEMENT_3D('',#266,#267,#268);
#266 = CARTESIAN_POINT('',(-88.55469999997,-34.668,0.));
#267 = DIRECTION('',(-1.,0.,0.));
#268 = DIRECTION('',(0.,1.,0.));
#269 = DEFINITIONAL_REPRESENTATION('',(#270),#274);
#270 = LINE('',#271,#272);
#271 = CARTESIAN_POINT('',(0.,0.));
#272 = VECTOR('',#273,1.);
#273 = DIRECTION('',(0.,-1.));
#274 = ( GEOMETRIC_REPRESENTATION_CONTEXT(2) 
PARAMETRIC_REPRESENTATION_CONTEXT() REPRESENTATION_CONTEXT('2D SPACE',''
  ) );
#275 = ADVANCED_FACE('',(#276),#44,.T.);
#276 = FACE_BOUND('',#277,.T.);
#277 = EDGE_LOOP('',(#278,#279,#302,#330,#358,#386,#414,#442,#470,#498,
    #526,#554,#582,#610,#638,#666,#694,#722,#750,#778,#806,#834,#862,
    #890,#918,#946,#974,#1002,#1030,#1058,#1086,#1114,#1142,#1170,#1198,
    #1226,#1254,#1282,#1310,#1338,#1366,#1394,#1422,#1450,#1478,#1506,
    #1534,#1562,#1590,#1618,#1646,#1674,#1702,#1730,#1758));
#278 = ORIENTED_EDGE('',*,*,#21,.T.);
#279 = ORIENTED_EDGE('',*,*,#280,.T.);
#280 = EDGE_CURVE('',#24,#281,#283,.T.);
#281 = VERTEX_POINT('',#282);
#282 = CARTESIAN_POINT('',(-88.55469999997,40.918000000005,0.));
#283 = SURFACE_CURVE('',#284,(#288,#295),.PCURVE_S1.);
#284 = LINE('',#285,#286);
#285 = CARTESIAN_POINT('',(-88.55469999997,-34.668,0.));
#286 = VECTOR('',#287,1.);
#287 = DIRECTION('',(0.,1.,0.));
#288 = PCURVE('',#44,#289);
#289 = DEFINITIONAL_REPRESENTATION('',(#290),#294);
#290 = LINE('',#291,#292);
#291 = CARTESIAN_POINT('',(97.447278560639,-44.81422080376));
#292 = VECTOR('',#293,1.);
#293 = DIRECTION('',(0.,1.));
#294 = ( GEOMETRIC_REPRESENTATION_CONTEXT(2) 
PARAMETRIC_REPRESENTATION_CONTEXT() REPRESENTATION_CONTEXT('2D SPACE',''
  ) );
#295 = PCURVE('',#264,#296);
#296 = DEFINITIONAL_REPRESENTATION('',(#297),#301);
#297 = LINE('',#298,#299);
#298 = CARTESIAN_POINT('',(0.,0.));
#299 = VECTOR('',#300,1.);
#300 = DIRECTION('',(1.,0.));
#301 = ( GEOMETRIC_REPRESENTATION_CONTEXT(2) 
PARAMETRIC_REPRESENTATION_CONTEXT() REPRESENTATION_CONTEXT('2D SPACE',''
  ) );
#302 = ORIENTED_EDGE('',*,*,#303,.T.);
#303 = EDGE_CURVE('',#281,#304,#306,.T.);
#304 = VERTEX_POINT('',#305);
#305 = CARTESIAN_POINT('',(-88.24219999997,46.503900000011,0.));
#306 = SURFACE_CURVE('',#307,(#311,#318),.PCURVE_S1.);
#307 = LINE('',#308,#309);
#308 = CARTESIAN_POINT('',(-88.55469999997,40.918000000005,0.));
#309 = VECTOR('',#310,1.);
#310 = DIRECTION('',(5.585708961714E-02,0.998438774057,0.));
#311 = PCURVE('',#44,#312);
#312 = DEFINITIONAL_REPRESENTATION('',(#313),#317);
#313 = LINE('',#314,#315);
#314 = CARTESIAN_POINT('',(97.447278560639,30.771779196247));
#315 = VECTOR('',#316,1.);
#316 = DIRECTION('',(-5.585708961714E-02,0.998438774057));
#317 = ( GEOMETRIC_REPRESENTATION_CONTEXT(2) 
PARAMETRIC_REPRESENTATION_CONTEXT() REPRESENTATION_CONTEXT('2D SPACE',''
  ) );
#318 = PCURVE('',#319,#324);
#319 = PLANE('',#320);
#320 = AXIS2_PLACEMENT_3D('',#321,#322,#323);
#321 = CARTESIAN_POINT('',(-88.55469999997,40.918000000005,0.));
#322 = DIRECTION('',(-0.998438774057,5.585708961714E-02,0.));
#323 = DIRECTION('',(5.585708961714E-02,0.998438774057,0.));
#324 = DEFINITIONAL_REPRESENTATION('',(#325),#329);
#325 = LINE('',#326,#327);
#326 = CARTESIAN_POINT('',(0.,0.));
#327 = VECTOR('',#328,1.);
#328 = DIRECTION('',(1.,0.));
#329 = ( GEOMETRIC_REPRESENTATION_CONTEXT(2) 
PARAMETRIC_REPRESENTATION_CONTEXT() REPRESENTATION_CONTEXT('2D SPACE',''
  ) );
#330 = ORIENTED_EDGE('',*,*,#331,.T.);
#331 = EDGE_CURVE('',#304,#332,#334,.T.);
#332 = VERTEX_POINT('',#333);
#333 = CARTESIAN_POINT('',(-87.30469999997,52.031300000002,0.));
#334 = SURFACE_CURVE('',#335,(#339,#346),.PCURVE_S1.);
#335 = LINE('',#336,#337);
#336 = CARTESIAN_POINT('',(-88.24219999997,46.503900000011,0.));
#337 = VECTOR('',#338,1.);
#338 = DIRECTION('',(0.16722137233,0.985919374308,0.));
#339 = PCURVE('',#44,#340);
#340 = DEFINITIONAL_REPRESENTATION('',(#341),#345);
#341 = LINE('',#342,#343);
#342 = CARTESIAN_POINT('',(97.134778560639,36.357679196252));
#343 = VECTOR('',#344,1.);
#344 = DIRECTION('',(-0.16722137233,0.985919374308));
#345 = ( GEOMETRIC_REPRESENTATION_CONTEXT(2) 
PARAMETRIC_REPRESENTATION_CONTEXT() REPRESENTATION_CONTEXT('2D SPACE',''
  ) );
#346 = PCURVE('',#347,#352);
#347 = PLANE('',#348);
#348 = AXIS2_PLACEMENT_3D('',#349,#350,#351);
#349 = CARTESIAN_POINT('',(-88.24219999997,46.503900000011,0.));
#350 = DIRECTION('',(-0.985919374308,0.16722137233,0.));
#351 = DIRECTION('',(0.16722137233,0.985919374308,0.));
#352 = DEFINITIONAL_REPRESENTATION('',(#353),#357);
#353 = LINE('',#354,#355);
#354 = CARTESIAN_POINT('',(0.,0.));
#355 = VECTOR('',#356,1.);
#356 = DIRECTION('',(1.,0.));
#357 = ( GEOMETRIC_REPRESENTATION_CONTEXT(2) 
PARAMETRIC_REPRESENTATION_CONTEXT() REPRESENTATION_CONTEXT('2D SPACE',''
  ) );
#358 = ORIENTED_EDGE('',*,*,#359,.T.);
#359 = EDGE_CURVE('',#332,#360,#362,.T.);
#360 = VERTEX_POINT('',#361);
#361 = CARTESIAN_POINT('',(-85.78130000003,57.421900000016,0.));
#362 = SURFACE_CURVE('',#363,(#367,#374),.PCURVE_S1.);
#363 = LINE('',#364,#365);
#364 = CARTESIAN_POINT('',(-87.30469999997,52.031300000002,0.));
#365 = VECTOR('',#366,1.);
#366 = DIRECTION('',(0.271951973939,0.962310824978,0.));
#367 = PCURVE('',#44,#368);
#368 = DEFINITIONAL_REPRESENTATION('',(#369),#373);
#369 = LINE('',#370,#371);
#370 = CARTESIAN_POINT('',(96.197278560639,41.885079196244));
#371 = VECTOR('',#372,1.);
#372 = DIRECTION('',(-0.271951973939,0.962310824978));
#373 = ( GEOMETRIC_REPRESENTATION_CONTEXT(2) 
PARAMETRIC_REPRESENTATION_CONTEXT() REPRESENTATION_CONTEXT('2D SPACE',''
  ) );
#374 = PCURVE('',#375,#380);
#375 = PLANE('',#376);
#376 = AXIS2_PLACEMENT_3D('',#377,#378,#379);
#377 = CARTESIAN_POINT('',(-87.30469999997,52.031300000002,0.));
#378 = DIRECTION('',(-0.962310824978,0.271951973939,0.));
#379 = DIRECTION('',(0.271951973939,0.962310824978,0.));
#380 = DEFINITIONAL_REPRESENTATION('',(#381),#385);
#381 = LINE('',#382,#383);
#382 = CARTESIAN_POINT('',(0.,0.));
#383 = VECTOR('',#384,1.);
#384 = DIRECTION('',(1.,0.));
#385 = ( GEOMETRIC_REPRESENTATION_CONTEXT(2) 
PARAMETRIC_REPRESENTATION_CONTEXT() REPRESENTATION_CONTEXT('2D SPACE',''
  ) );
#386 = ORIENTED_EDGE('',*,*,#387,.T.);
#387 = EDGE_CURVE('',#360,#388,#390,.T.);
#388 = VERTEX_POINT('',#389);
#389 = CARTESIAN_POINT('',(-83.63280000002,62.597700000013,0.));
#390 = SURFACE_CURVE('',#391,(#395,#402),.PCURVE_S1.);
#391 = LINE('',#392,#393);
#392 = CARTESIAN_POINT('',(-85.78130000003,57.421900000016,0.));
#393 = VECTOR('',#394,1.);
#394 = DIRECTION('',(0.383386000439,0.923588206219,0.));
#395 = PCURVE('',#44,#396);
#396 = DEFINITIONAL_REPRESENTATION('',(#397),#401);
#397 = LINE('',#398,#399);
#398 = CARTESIAN_POINT('',(94.673878560691,47.275679196257));
#399 = VECTOR('',#400,1.);
#400 = DIRECTION('',(-0.383386000439,0.923588206219));
#401 = ( GEOMETRIC_REPRESENTATION_CONTEXT(2) 
PARAMETRIC_REPRESENTATION_CONTEXT() REPRESENTATION_CONTEXT('2D SPACE',''
  ) );
#402 = PCURVE('',#403,#408);
#403 = PLANE('',#404);
#404 = AXIS2_PLACEMENT_3D('',#405,#406,#407);
#405 = CARTESIAN_POINT('',(-85.78130000003,57.421900000016,0.));
#406 = DIRECTION('',(-0.923588206219,0.383386000439,0.));
#407 = DIRECTION('',(0.383386000439,0.923588206219,0.));
#408 = DEFINITIONAL_REPRESENTATION('',(#409),#413);
#409 = LINE('',#410,#411);
#410 = CARTESIAN_POINT('',(0.,0.));
#411 = VECTOR('',#412,1.);
#412 = DIRECTION('',(1.,0.));
#413 = ( GEOMETRIC_REPRESENTATION_CONTEXT(2) 
PARAMETRIC_REPRESENTATION_CONTEXT() REPRESENTATION_CONTEXT('2D SPACE',''
  ) );
#414 = ORIENTED_EDGE('',*,*,#415,.T.);
#415 = EDGE_CURVE('',#388,#416,#418,.T.);
#416 = VERTEX_POINT('',#417);
#417 = CARTESIAN_POINT('',(-80.89839999994,67.519499999995,0.));
#418 = SURFACE_CURVE('',#419,(#423,#430),.PCURVE_S1.);
#419 = LINE('',#420,#421);
#420 = CARTESIAN_POINT('',(-83.63280000002,62.597700000013,0.));
#421 = VECTOR('',#422,1.);
#422 = DIRECTION('',(0.485651979131,0.87415224942,0.));
#423 = PCURVE('',#44,#424);
#424 = DEFINITIONAL_REPRESENTATION('',(#425),#429);
#425 = LINE('',#426,#427);
#426 = CARTESIAN_POINT('',(92.525378560681,52.451479196255));
#427 = VECTOR('',#428,1.);
#428 = DIRECTION('',(-0.485651979131,0.87415224942));
#429 = ( GEOMETRIC_REPRESENTATION_CONTEXT(2) 
PARAMETRIC_REPRESENTATION_CONTEXT() REPRESENTATION_CONTEXT('2D SPACE',''
  ) );
#430 = PCURVE('',#431,#436);
#431 = PLANE('',#432);
#432 = AXIS2_PLACEMENT_3D('',#433,#434,#435);
#433 = CARTESIAN_POINT('',(-83.63280000002,62.597700000013,0.));
#434 = DIRECTION('',(-0.87415224942,0.485651979131,0.));
#435 = DIRECTION('',(0.485651979131,0.87415224942,0.));
#436 = DEFINITIONAL_REPRESENTATION('',(#437),#441);
#437 = LINE('',#438,#439);
#438 = CARTESIAN_POINT('',(0.,0.));
#439 = VECTOR('',#440,1.);
#440 = DIRECTION('',(1.,0.));
#441 = ( GEOMETRIC_REPRESENTATION_CONTEXT(2) 
PARAMETRIC_REPRESENTATION_CONTEXT() REPRESENTATION_CONTEXT('2D SPACE',''
  ) );
#442 = ORIENTED_EDGE('',*,*,#443,.T.);
#443 = EDGE_CURVE('',#416,#444,#446,.T.);
#444 = VERTEX_POINT('',#445);
#445 = CARTESIAN_POINT('',(-77.65630000003,72.089900000021,0.));
#446 = SURFACE_CURVE('',#447,(#451,#458),.PCURVE_S1.);
#447 = LINE('',#448,#449);
#448 = CARTESIAN_POINT('',(-80.89839999994,67.519499999995,0.));
#449 = VECTOR('',#450,1.);
#450 = DIRECTION('',(0.57857968754,0.815625861021,0.));
#451 = PCURVE('',#44,#452);
#452 = DEFINITIONAL_REPRESENTATION('',(#453),#457);
#453 = LINE('',#454,#455);
#454 = CARTESIAN_POINT('',(89.790978560607,57.373279196237));
#455 = VECTOR('',#456,1.);
#456 = DIRECTION('',(-0.57857968754,0.815625861021));
#457 = ( GEOMETRIC_REPRESENTATION_CONTEXT(2) 
PARAMETRIC_REPRESENTATION_CONTEXT() REPRESENTATION_CONTEXT('2D SPACE',''
  ) );
#458 = PCURVE('',#459,#464);
#459 = PLANE('',#460);
#460 = AXIS2_PLACEMENT_3D('',#461,#462,#463);
#461 = CARTESIAN_POINT('',(-80.89839999994,67.519499999995,0.));
#462 = DIRECTION('',(-0.815625861021,0.57857968754,0.));
#463 = DIRECTION('',(0.57857968754,0.815625861021,0.));
#464 = DEFINITIONAL_REPRESENTATION('',(#465),#469);
#465 = LINE('',#466,#467);
#466 = CARTESIAN_POINT('',(0.,0.));
#467 = VECTOR('',#468,1.);
#468 = DIRECTION('',(1.,0.));
#469 = ( GEOMETRIC_REPRESENTATION_CONTEXT(2) 
PARAMETRIC_REPRESENTATION_CONTEXT() REPRESENTATION_CONTEXT('2D SPACE',''
  ) );
#470 = ORIENTED_EDGE('',*,*,#471,.T.);
#471 = EDGE_CURVE('',#444,#472,#474,.T.);
#472 = VERTEX_POINT('',#473);
#473 = CARTESIAN_POINT('',(-73.94530000002,76.269499999995,0.));
#474 = SURFACE_CURVE('',#475,(#479,#486),.PCURVE_S1.);
#475 = LINE('',#476,#477);
#476 = CARTESIAN_POINT('',(-77.65630000003,72.089900000021,0.));
#477 = VECTOR('',#478,1.);
#478 = DIRECTION('',(0.663943968515,0.747782325729,0.));
#479 = PCURVE('',#44,#480);
#480 = DEFINITIONAL_REPRESENTATION('',(#481),#485);
#481 = LINE('',#482,#483);
#482 = CARTESIAN_POINT('',(86.548878560691,61.943679196263));
#483 = VECTOR('',#484,1.);
#484 = DIRECTION('',(-0.663943968515,0.747782325729));
#485 = ( GEOMETRIC_REPRESENTATION_CONTEXT(2) 
PARAMETRIC_REPRESENTATION_CONTEXT() REPRESENTATION_CONTEXT('2D SPACE',''
  ) );
#486 = PCURVE('',#487,#492);
#487 = PLANE('',#488);
#488 = AXIS2_PLACEMENT_3D('',#489,#490,#491);
#489 = CARTESIAN_POINT('',(-77.65630000003,72.089900000021,0.));
#490 = DIRECTION('',(-0.747782325729,0.663943968515,0.));
#491 = DIRECTION('',(0.663943968515,0.747782325729,0.));
#492 = DEFINITIONAL_REPRESENTATION('',(#493),#497);
#493 = LINE('',#494,#495);
#494 = CARTESIAN_POINT('',(0.,0.));
#495 = VECTOR('',#496,1.);
#496 = DIRECTION('',(1.,0.));
#497 = ( GEOMETRIC_REPRESENTATION_CONTEXT(2) 
PARAMETRIC_REPRESENTATION_CONTEXT() REPRESENTATION_CONTEXT('2D SPACE',''
  ) );
#498 = ORIENTED_EDGE('',*,*,#499,.T.);
#499 = EDGE_CURVE('',#472,#500,#502,.T.);
#500 = VERTEX_POINT('',#501);
#501 = CARTESIAN_POINT('',(-69.76560000004,80.,0.));
#502 = SURFACE_CURVE('',#503,(#507,#514),.PCURVE_S1.);
#503 = LINE('',#504,#505);
#504 = CARTESIAN_POINT('',(-73.94530000002,76.269499999995,0.));
#505 = VECTOR('',#506,1.);
#506 = DIRECTION('',(0.746059581249,0.665879194169,0.));
#507 = PCURVE('',#44,#508);
#508 = DEFINITIONAL_REPRESENTATION('',(#509),#513);
#509 = LINE('',#510,#511);
#510 = CARTESIAN_POINT('',(82.837878560681,66.123279196237));
#511 = VECTOR('',#512,1.);
#512 = DIRECTION('',(-0.746059581249,0.665879194169));
#513 = ( GEOMETRIC_REPRESENTATION_CONTEXT(2) 
PARAMETRIC_REPRESENTATION_CONTEXT() REPRESENTATION_CONTEXT('2D SPACE',''
  ) );
#514 = PCURVE('',#515,#520);
#515 = PLANE('',#516);
#516 = AXIS2_PLACEMENT_3D('',#517,#518,#519);
#517 = CARTESIAN_POINT('',(-73.94530000002,76.269499999995,0.));
#518 = DIRECTION('',(-0.665879194169,0.746059581249,0.));
#519 = DIRECTION('',(0.746059581249,0.665879194169,0.));
#520 = DEFINITIONAL_REPRESENTATION('',(#521),#525);
#521 = LINE('',#522,#523);
#522 = CARTESIAN_POINT('',(0.,0.));
#523 = VECTOR('',#524,1.);
#524 = DIRECTION('',(1.,0.));
#525 = ( GEOMETRIC_REPRESENTATION_CONTEXT(2) 
PARAMETRIC_REPRESENTATION_CONTEXT() REPRESENTATION_CONTEXT('2D SPACE',''
  ) );
#526 = ORIENTED_EDGE('',*,*,#527,.T.);
#527 = EDGE_CURVE('',#500,#528,#530,.T.);
#528 = VERTEX_POINT('',#529);
#529 = CARTESIAN_POINT('',(-65.15630000003,83.242200000008,0.));
#530 = SURFACE_CURVE('',#531,(#535,#542),.PCURVE_S1.);
#531 = LINE('',#532,#533);
#532 = CARTESIAN_POINT('',(-69.76560000004,80.,0.));
#533 = VECTOR('',#534,1.);
#534 = DIRECTION('',(0.817921778136,0.575329440278,0.));
#535 = PCURVE('',#44,#536);
#536 = DEFINITIONAL_REPRESENTATION('',(#537),#541);
#537 = LINE('',#538,#539);
#538 = CARTESIAN_POINT('',(78.658178560702,69.853779196242));
#539 = VECTOR('',#540,1.);
#540 = DIRECTION('',(-0.817921778136,0.575329440278));
#541 = ( GEOMETRIC_REPRESENTATION_CONTEXT(2) 
PARAMETRIC_REPRESENTATION_CONTEXT() REPRESENTATION_CONTEXT('2D SPACE',''
  ) );
#542 = PCURVE('',#543,#548);
#543 = PLANE('',#544);
#544 = AXIS2_PLACEMENT_3D('',#545,#546,#547);
#545 = CARTESIAN_POINT('',(-69.76560000004,80.,0.));
#546 = DIRECTION('',(-0.575329440278,0.817921778136,0.));
#547 = DIRECTION('',(0.817921778136,0.575329440278,0.));
#548 = DEFINITIONAL_REPRESENTATION('',(#549),#553);
#549 = LINE('',#550,#551);
#550 = CARTESIAN_POINT('',(0.,0.));
#551 = VECTOR('',#552,1.);
#552 = DIRECTION('',(1.,0.));
#553 = ( GEOMETRIC_REPRESENTATION_CONTEXT(2) 
PARAMETRIC_REPRESENTATION_CONTEXT() REPRESENTATION_CONTEXT('2D SPACE',''
  ) );
#554 = ORIENTED_EDGE('',*,*,#555,.T.);
#555 = EDGE_CURVE('',#528,#556,#558,.T.);
#556 = VERTEX_POINT('',#557);
#557 = CARTESIAN_POINT('',(-60.27339999994,85.956999999995,0.));
#558 = SURFACE_CURVE('',#559,(#563,#570),.PCURVE_S1.);
#559 = LINE('',#560,#561);
#560 = CARTESIAN_POINT('',(-65.15630000003,83.242200000008,0.));
#561 = VECTOR('',#562,1.);
#562 = DIRECTION('',(0.873999345602,0.485927097296,0.));
#563 = PCURVE('',#44,#564);
#564 = DEFINITIONAL_REPRESENTATION('',(#565),#569);
#565 = LINE('',#566,#567);
#566 = CARTESIAN_POINT('',(74.048878560691,73.09597919625));
#567 = VECTOR('',#568,1.);
#568 = DIRECTION('',(-0.873999345602,0.485927097296));
#569 = ( GEOMETRIC_REPRESENTATION_CONTEXT(2) 
PARAMETRIC_REPRESENTATION_CONTEXT() REPRESENTATION_CONTEXT('2D SPACE',''
  ) );
#570 = PCURVE('',#571,#576);
#571 = PLANE('',#572);
#572 = AXIS2_PLACEMENT_3D('',#573,#574,#575);
#573 = CARTESIAN_POINT('',(-65.15630000003,83.242200000008,0.));
#574 = DIRECTION('',(-0.485927097296,0.873999345602,0.));
#575 = DIRECTION('',(0.873999345602,0.485927097296,0.));
#576 = DEFINITIONAL_REPRESENTATION('',(#577),#581);
#577 = LINE('',#578,#579);
#578 = CARTESIAN_POINT('',(0.,0.));
#579 = VECTOR('',#580,1.);
#580 = DIRECTION('',(1.,0.));
#581 = ( GEOMETRIC_REPRESENTATION_CONTEXT(2) 
PARAMETRIC_REPRESENTATION_CONTEXT() REPRESENTATION_CONTEXT('2D SPACE',''
  ) );
#582 = ORIENTED_EDGE('',*,*,#583,.T.);
#583 = EDGE_CURVE('',#556,#584,#586,.T.);
#584 = VERTEX_POINT('',#585);
#585 = CARTESIAN_POINT('',(-55.07810000004,88.105500000005,0.));
#586 = SURFACE_CURVE('',#587,(#591,#598),.PCURVE_S1.);
#587 = LINE('',#588,#589);
#588 = CARTESIAN_POINT('',(-60.27339999994,85.956999999995,0.));
#589 = VECTOR('',#590,1.);
#590 = DIRECTION('',(0.924097206422,0.382157497747,0.));
#591 = PCURVE('',#44,#592);
#592 = DEFINITIONAL_REPRESENTATION('',(#593),#597);
#593 = LINE('',#594,#595);
#594 = CARTESIAN_POINT('',(69.165978560607,75.810779196237));
#595 = VECTOR('',#596,1.);
#596 = DIRECTION('',(-0.924097206422,0.382157497747));
#597 = ( GEOMETRIC_REPRESENTATION_CONTEXT(2) 
PARAMETRIC_REPRESENTATION_CONTEXT() REPRESENTATION_CONTEXT('2D SPACE',''
  ) );
#598 = PCURVE('',#599,#604);
#599 = PLANE('',#600);
#600 = AXIS2_PLACEMENT_3D('',#601,#602,#603);
#601 = CARTESIAN_POINT('',(-60.27339999994,85.956999999995,0.));
#602 = DIRECTION('',(-0.382157497747,0.924097206422,0.));
#603 = DIRECTION('',(0.924097206422,0.382157497747,0.));
#604 = DEFINITIONAL_REPRESENTATION('',(#605),#609);
#605 = LINE('',#606,#607);
#606 = CARTESIAN_POINT('',(0.,0.));
#607 = VECTOR('',#608,1.);
#608 = DIRECTION('',(1.,0.));
#609 = ( GEOMETRIC_REPRESENTATION_CONTEXT(2) 
PARAMETRIC_REPRESENTATION_CONTEXT() REPRESENTATION_CONTEXT('2D SPACE',''
  ) );
#610 = ORIENTED_EDGE('',*,*,#611,.T.);
#611 = EDGE_CURVE('',#584,#612,#614,.T.);
#612 = VERTEX_POINT('',#613);
#613 = CARTESIAN_POINT('',(-49.6875,89.648400000005,0.));
#614 = SURFACE_CURVE('',#615,(#619,#626),.PCURVE_S1.);
#615 = LINE('',#616,#617);
#616 = CARTESIAN_POINT('',(-55.07810000004,88.105500000005,0.));
#617 = VECTOR('',#618,1.);
#618 = DIRECTION('',(0.961395298216,0.275171002413,0.));
#619 = PCURVE('',#44,#620);
#620 = DEFINITIONAL_REPRESENTATION('',(#621),#625);
#621 = LINE('',#622,#623);
#622 = CARTESIAN_POINT('',(63.970678560702,77.959279196247));
#623 = VECTOR('',#624,1.);
#624 = DIRECTION('',(-0.961395298216,0.275171002413));
#625 = ( GEOMETRIC_REPRESENTATION_CONTEXT(2) 
PARAMETRIC_REPRESENTATION_CONTEXT() REPRESENTATION_CONTEXT('2D SPACE',''
  ) );
#626 = PCURVE('',#627,#632);
#627 = PLANE('',#628);
#628 = AXIS2_PLACEMENT_3D('',#629,#630,#631);
#629 = CARTESIAN_POINT('',(-55.07810000004,88.105500000005,0.));
#630 = DIRECTION('',(-0.275171002413,0.961395298216,0.));
#631 = DIRECTION('',(0.961395298216,0.275171002413,0.));
#632 = DEFINITIONAL_REPRESENTATION('',(#633),#637);
#633 = LINE('',#634,#635);
#634 = CARTESIAN_POINT('',(0.,0.));
#635 = VECTOR('',#636,1.);
#636 = DIRECTION('',(1.,0.));
#637 = ( GEOMETRIC_REPRESENTATION_CONTEXT(2) 
PARAMETRIC_REPRESENTATION_CONTEXT() REPRESENTATION_CONTEXT('2D SPACE',''
  ) );
#638 = ORIENTED_EDGE('',*,*,#639,.T.);
#639 = EDGE_CURVE('',#612,#640,#642,.T.);
#640 = VERTEX_POINT('',#641);
#641 = CARTESIAN_POINT('',(-44.17969999997,90.58600000001,0.));
#642 = SURFACE_CURVE('',#643,(#647,#654),.PCURVE_S1.);
#643 = LINE('',#644,#645);
#644 = CARTESIAN_POINT('',(-49.6875,89.648400000005,0.));
#645 = VECTOR('',#646,1.);
#646 = DIRECTION('',(0.985818145842,0.167817112739,0.));
#647 = PCURVE('',#44,#648);
#648 = DEFINITIONAL_REPRESENTATION('',(#649),#653);
#649 = LINE('',#650,#651);
#650 = CARTESIAN_POINT('',(58.58007856066,79.502179196247));
#651 = VECTOR('',#652,1.);
#652 = DIRECTION('',(-0.985818145842,0.167817112739));
#653 = ( GEOMETRIC_REPRESENTATION_CONTEXT(2) 
PARAMETRIC_REPRESENTATION_CONTEXT() REPRESENTATION_CONTEXT('2D SPACE',''
  ) );
#654 = PCURVE('',#655,#660);
#655 = PLANE('',#656);
#656 = AXIS2_PLACEMENT_3D('',#657,#658,#659);
#657 = CARTESIAN_POINT('',(-49.6875,89.648400000005,0.));
#658 = DIRECTION('',(-0.167817112739,0.985818145842,0.));
#659 = DIRECTION('',(0.985818145842,0.167817112739,0.));
#660 = DEFINITIONAL_REPRESENTATION('',(#661),#665);
#661 = LINE('',#662,#663);
#662 = CARTESIAN_POINT('',(0.,0.));
#663 = VECTOR('',#664,1.);
#664 = DIRECTION('',(1.,0.));
#665 = ( GEOMETRIC_REPRESENTATION_CONTEXT(2) 
PARAMETRIC_REPRESENTATION_CONTEXT() REPRESENTATION_CONTEXT('2D SPACE',''
  ) );
#666 = ORIENTED_EDGE('',*,*,#667,.T.);
#667 = EDGE_CURVE('',#640,#668,#670,.T.);
#668 = VERTEX_POINT('',#669);
#669 = CARTESIAN_POINT('',(-38.55469999997,90.918000000005,0.));
#670 = SURFACE_CURVE('',#671,(#675,#682),.PCURVE_S1.);
#671 = LINE('',#672,#673);
#672 = CARTESIAN_POINT('',(-44.17969999997,90.58600000001,0.));
#673 = VECTOR('',#674,1.);
#674 = DIRECTION('',(0.998262726331,5.891968446877E-02,0.));
#675 = PCURVE('',#44,#676);
#676 = DEFINITIONAL_REPRESENTATION('',(#677),#681);
#677 = LINE('',#678,#679);
#678 = CARTESIAN_POINT('',(53.072278560639,80.439779196252));
#679 = VECTOR('',#680,1.);
#680 = DIRECTION('',(-0.998262726331,5.891968446877E-02));
#681 = ( GEOMETRIC_REPRESENTATION_CONTEXT(2) 
PARAMETRIC_REPRESENTATION_CONTEXT() REPRESENTATION_CONTEXT('2D SPACE',''
  ) );
#682 = PCURVE('',#683,#688);
#683 = PLANE('',#684);
#684 = AXIS2_PLACEMENT_3D('',#685,#686,#687);
#685 = CARTESIAN_POINT('',(-44.17969999997,90.58600000001,0.));
#686 = DIRECTION('',(-5.891968446877E-02,0.998262726331,0.));
#687 = DIRECTION('',(0.998262726331,5.891968446877E-02,0.));
#688 = DEFINITIONAL_REPRESENTATION('',(#689),#693);
#689 = LINE('',#690,#691);
#690 = CARTESIAN_POINT('',(0.,0.));
#691 = VECTOR('',#692,1.);
#692 = DIRECTION('',(1.,0.));
#693 = ( GEOMETRIC_REPRESENTATION_CONTEXT(2) 
PARAMETRIC_REPRESENTATION_CONTEXT() REPRESENTATION_CONTEXT('2D SPACE',''
  ) );
#694 = ORIENTED_EDGE('',*,*,#695,.T.);
#695 = EDGE_CURVE('',#668,#696,#698,.T.);
#696 = VERTEX_POINT('',#697);
#697 = CARTESIAN_POINT('',(38.554699999979,90.918000000005,0.));
#698 = SURFACE_CURVE('',#699,(#703,#710),.PCURVE_S1.);
#699 = LINE('',#700,#701);
#700 = CARTESIAN_POINT('',(-38.55469999997,90.918000000005,0.));
#701 = VECTOR('',#702,1.);
#702 = DIRECTION('',(1.,0.,0.));
#703 = PCURVE('',#44,#704);
#704 = DEFINITIONAL_REPRESENTATION('',(#705),#709);
#705 = LINE('',#706,#707);
#706 = CARTESIAN_POINT('',(47.447278560639,80.771779196247));
#707 = VECTOR('',#708,1.);
#708 = DIRECTION('',(-1.,0.));
#709 = ( GEOMETRIC_REPRESENTATION_CONTEXT(2) 
PARAMETRIC_REPRESENTATION_CONTEXT() REPRESENTATION_CONTEXT('2D SPACE',''
  ) );
#710 = PCURVE('',#711,#716);
#711 = PLANE('',#712);
#712 = AXIS2_PLACEMENT_3D('',#713,#714,#715);
#713 = CARTESIAN_POINT('',(-38.55469999997,90.918000000005,0.));
#714 = DIRECTION('',(0.,1.,0.));
#715 = DIRECTION('',(1.,0.,0.));
#716 = DEFINITIONAL_REPRESENTATION('',(#717),#721);
#717 = LINE('',#718,#719);
#718 = CARTESIAN_POINT('',(0.,0.));
#719 = VECTOR('',#720,1.);
#720 = DIRECTION('',(1.,0.));
#721 = ( GEOMETRIC_REPRESENTATION_CONTEXT(2) 
PARAMETRIC_REPRESENTATION_CONTEXT() REPRESENTATION_CONTEXT('2D SPACE',''
  ) );
#722 = ORIENTED_EDGE('',*,*,#723,.T.);
#723 = EDGE_CURVE('',#696,#724,#726,.T.);
#724 = VERTEX_POINT('',#725);
#725 = CARTESIAN_POINT('',(44.140600000042,90.58600000001,0.));
#726 = SURFACE_CURVE('',#727,(#731,#738),.PCURVE_S1.);
#727 = LINE('',#728,#729);
#728 = CARTESIAN_POINT('',(38.554699999979,90.918000000005,0.));
#729 = VECTOR('',#730,1.);
#730 = DIRECTION('',(0.998238384641,-5.933066178988E-02,0.));
#731 = PCURVE('',#44,#732);
#732 = DEFINITIONAL_REPRESENTATION('',(#733),#737);
#733 = LINE('',#734,#735);
#734 = CARTESIAN_POINT('',(-29.66212143931,80.771779196247));
#735 = VECTOR('',#736,1.);
#736 = DIRECTION('',(-0.998238384641,-5.933066178988E-02));
#737 = ( GEOMETRIC_REPRESENTATION_CONTEXT(2) 
PARAMETRIC_REPRESENTATION_CONTEXT() REPRESENTATION_CONTEXT('2D SPACE',''
  ) );
#738 = PCURVE('',#739,#744);
#739 = PLANE('',#740);
#740 = AXIS2_PLACEMENT_3D('',#741,#742,#743);
#741 = CARTESIAN_POINT('',(38.554699999979,90.918000000005,0.));
#742 = DIRECTION('',(5.933066178988E-02,0.998238384641,-0.));
#743 = DIRECTION('',(0.998238384641,-5.933066178988E-02,0.));
#744 = DEFINITIONAL_REPRESENTATION('',(#745),#749);
#745 = LINE('',#746,#747);
#746 = CARTESIAN_POINT('',(0.,0.));
#747 = VECTOR('',#748,1.);
#748 = DIRECTION('',(1.,0.));
#749 = ( GEOMETRIC_REPRESENTATION_CONTEXT(2) 
PARAMETRIC_REPRESENTATION_CONTEXT() REPRESENTATION_CONTEXT('2D SPACE',''
  ) );
#750 = ORIENTED_EDGE('',*,*,#751,.T.);
#751 = EDGE_CURVE('',#724,#752,#754,.T.);
#752 = VERTEX_POINT('',#753);
#753 = CARTESIAN_POINT('',(49.6875,89.648400000005,0.));
#754 = SURFACE_CURVE('',#755,(#759,#766),.PCURVE_S1.);
#755 = LINE('',#756,#757);
#756 = CARTESIAN_POINT('',(44.140600000042,90.58600000001,0.));
#757 = VECTOR('',#758,1.);
#758 = DIRECTION('',(0.986013216181,-0.166667145884,0.));
#759 = PCURVE('',#44,#760);
#760 = DEFINITIONAL_REPRESENTATION('',(#761),#765);
#761 = LINE('',#762,#763);
#762 = CARTESIAN_POINT('',(-35.24802143938,80.439779196252));
#763 = VECTOR('',#764,1.);
#764 = DIRECTION('',(-0.986013216181,-0.166667145884));
#765 = ( GEOMETRIC_REPRESENTATION_CONTEXT(2) 
PARAMETRIC_REPRESENTATION_CONTEXT() REPRESENTATION_CONTEXT('2D SPACE',''
  ) );
#766 = PCURVE('',#767,#772);
#767 = PLANE('',#768);
#768 = AXIS2_PLACEMENT_3D('',#769,#770,#771);
#769 = CARTESIAN_POINT('',(44.140600000042,90.58600000001,0.));
#770 = DIRECTION('',(0.166667145884,0.986013216181,-0.));
#771 = DIRECTION('',(0.986013216181,-0.166667145884,0.));
#772 = DEFINITIONAL_REPRESENTATION('',(#773),#777);
#773 = LINE('',#774,#775);
#774 = CARTESIAN_POINT('',(0.,0.));
#775 = VECTOR('',#776,1.);
#776 = DIRECTION('',(1.,0.));
#777 = ( GEOMETRIC_REPRESENTATION_CONTEXT(2) 
PARAMETRIC_REPRESENTATION_CONTEXT() REPRESENTATION_CONTEXT('2D SPACE',''
  ) );
#778 = ORIENTED_EDGE('',*,*,#779,.T.);
#779 = EDGE_CURVE('',#752,#780,#782,.T.);
#780 = VERTEX_POINT('',#781);
#781 = CARTESIAN_POINT('',(55.078100000042,88.105500000005,0.));
#782 = SURFACE_CURVE('',#783,(#787,#794),.PCURVE_S1.);
#783 = LINE('',#784,#785);
#784 = CARTESIAN_POINT('',(49.6875,89.648400000005,0.));
#785 = VECTOR('',#786,1.);
#786 = DIRECTION('',(0.961395298216,-0.275171002413,0.));
#787 = PCURVE('',#44,#788);
#788 = DEFINITIONAL_REPRESENTATION('',(#789),#793);
#789 = LINE('',#790,#791);
#790 = CARTESIAN_POINT('',(-40.79492143934,79.502179196247));
#791 = VECTOR('',#792,1.);
#792 = DIRECTION('',(-0.961395298216,-0.275171002413));
#793 = ( GEOMETRIC_REPRESENTATION_CONTEXT(2) 
PARAMETRIC_REPRESENTATION_CONTEXT() REPRESENTATION_CONTEXT('2D SPACE',''
  ) );
#794 = PCURVE('',#795,#800);
#795 = PLANE('',#796);
#796 = AXIS2_PLACEMENT_3D('',#797,#798,#799);
#797 = CARTESIAN_POINT('',(49.6875,89.648400000005,0.));
#798 = DIRECTION('',(0.275171002413,0.961395298216,-0.));
#799 = DIRECTION('',(0.961395298216,-0.275171002413,0.));
#800 = DEFINITIONAL_REPRESENTATION('',(#801),#805);
#801 = LINE('',#802,#803);
#802 = CARTESIAN_POINT('',(0.,0.));
#803 = VECTOR('',#804,1.);
#804 = DIRECTION('',(1.,0.));
#805 = ( GEOMETRIC_REPRESENTATION_CONTEXT(2) 
PARAMETRIC_REPRESENTATION_CONTEXT() REPRESENTATION_CONTEXT('2D SPACE',''
  ) );
#806 = ORIENTED_EDGE('',*,*,#807,.T.);
#807 = EDGE_CURVE('',#780,#808,#810,.T.);
#808 = VERTEX_POINT('',#809);
#809 = CARTESIAN_POINT('',(60.234399999958,85.956999999995,0.));
#810 = SURFACE_CURVE('',#811,(#815,#822),.PCURVE_S1.);
#811 = LINE('',#812,#813);
#812 = CARTESIAN_POINT('',(55.078100000042,88.105500000005,0.));
#813 = VECTOR('',#814,1.);
#814 = DIRECTION('',(0.923074274846,-0.384621740308,0.));
#815 = PCURVE('',#44,#816);
#816 = DEFINITIONAL_REPRESENTATION('',(#817),#821);
#817 = LINE('',#818,#819);
#818 = CARTESIAN_POINT('',(-46.18552143938,77.959279196247));
#819 = VECTOR('',#820,1.);
#820 = DIRECTION('',(-0.923074274846,-0.384621740308));
#821 = ( GEOMETRIC_REPRESENTATION_CONTEXT(2) 
PARAMETRIC_REPRESENTATION_CONTEXT() REPRESENTATION_CONTEXT('2D SPACE',''
  ) );
#822 = PCURVE('',#823,#828);
#823 = PLANE('',#824);
#824 = AXIS2_PLACEMENT_3D('',#825,#826,#827);
#825 = CARTESIAN_POINT('',(55.078100000042,88.105500000005,0.));
#826 = DIRECTION('',(0.384621740308,0.923074274846,-0.));
#827 = DIRECTION('',(0.923074274846,-0.384621740308,0.));
#828 = DEFINITIONAL_REPRESENTATION('',(#829),#833);
#829 = LINE('',#830,#831);
#830 = CARTESIAN_POINT('',(0.,0.));
#831 = VECTOR('',#832,1.);
#832 = DIRECTION('',(1.,0.));
#833 = ( GEOMETRIC_REPRESENTATION_CONTEXT(2) 
PARAMETRIC_REPRESENTATION_CONTEXT() REPRESENTATION_CONTEXT('2D SPACE',''
  ) );
#834 = ORIENTED_EDGE('',*,*,#835,.T.);
#835 = EDGE_CURVE('',#808,#836,#838,.T.);
#836 = VERTEX_POINT('',#837);
#837 = CARTESIAN_POINT('',(65.156300000031,83.242200000008,0.));
#838 = SURFACE_CURVE('',#839,(#843,#850),.PCURVE_S1.);
#839 = LINE('',#840,#841);
#840 = CARTESIAN_POINT('',(60.234399999958,85.956999999995,0.));
#841 = VECTOR('',#842,1.);
#842 = DIRECTION('',(0.875632687942,-0.482977634893,0.));
#843 = PCURVE('',#44,#844);
#844 = DEFINITIONAL_REPRESENTATION('',(#845),#849);
#845 = LINE('',#846,#847);
#846 = CARTESIAN_POINT('',(-51.34182143929,75.810779196237));
#847 = VECTOR('',#848,1.);
#848 = DIRECTION('',(-0.875632687942,-0.482977634893));
#849 = ( GEOMETRIC_REPRESENTATION_CONTEXT(2) 
PARAMETRIC_REPRESENTATION_CONTEXT() REPRESENTATION_CONTEXT('2D SPACE',''
  ) );
#850 = PCURVE('',#851,#856);
#851 = PLANE('',#852);
#852 = AXIS2_PLACEMENT_3D('',#853,#854,#855);
#853 = CARTESIAN_POINT('',(60.234399999958,85.956999999995,0.));
#854 = DIRECTION('',(0.482977634893,0.875632687942,-0.));
#855 = DIRECTION('',(0.875632687942,-0.482977634893,0.));
#856 = DEFINITIONAL_REPRESENTATION('',(#857),#861);
#857 = LINE('',#858,#859);
#858 = CARTESIAN_POINT('',(0.,0.));
#859 = VECTOR('',#860,1.);
#860 = DIRECTION('',(1.,0.));
#861 = ( GEOMETRIC_REPRESENTATION_CONTEXT(2) 
PARAMETRIC_REPRESENTATION_CONTEXT() REPRESENTATION_CONTEXT('2D SPACE',''
  ) );
#862 = ORIENTED_EDGE('',*,*,#863,.T.);
#863 = EDGE_CURVE('',#836,#864,#866,.T.);
#864 = VERTEX_POINT('',#865);
#865 = CARTESIAN_POINT('',(69.726600000053,80.,0.));
#866 = SURFACE_CURVE('',#867,(#871,#878),.PCURVE_S1.);
#867 = LINE('',#868,#869);
#868 = CARTESIAN_POINT('',(65.156300000031,83.242200000008,0.));
#869 = VECTOR('',#870,1.);
#870 = DIRECTION('',(0.815611465199,-0.578599980847,0.));
#871 = PCURVE('',#44,#872);
#872 = DEFINITIONAL_REPRESENTATION('',(#873),#877);
#873 = LINE('',#874,#875);
#874 = CARTESIAN_POINT('',(-56.26372143937,73.09597919625));
#875 = VECTOR('',#876,1.);
#876 = DIRECTION('',(-0.815611465199,-0.578599980847));
#877 = ( GEOMETRIC_REPRESENTATION_CONTEXT(2) 
PARAMETRIC_REPRESENTATION_CONTEXT() REPRESENTATION_CONTEXT('2D SPACE',''
  ) );
#878 = PCURVE('',#879,#884);
#879 = PLANE('',#880);
#880 = AXIS2_PLACEMENT_3D('',#881,#882,#883);
#881 = CARTESIAN_POINT('',(65.156300000031,83.242200000008,0.));
#882 = DIRECTION('',(0.578599980847,0.815611465199,-0.));
#883 = DIRECTION('',(0.815611465199,-0.578599980847,0.));
#884 = DEFINITIONAL_REPRESENTATION('',(#885),#889);
#885 = LINE('',#886,#887);
#886 = CARTESIAN_POINT('',(0.,0.));
#887 = VECTOR('',#888,1.);
#888 = DIRECTION('',(1.,0.));
#889 = ( GEOMETRIC_REPRESENTATION_CONTEXT(2) 
PARAMETRIC_REPRESENTATION_CONTEXT() REPRESENTATION_CONTEXT('2D SPACE',''
  ) );
#890 = ORIENTED_EDGE('',*,*,#891,.T.);
#891 = EDGE_CURVE('',#864,#892,#894,.T.);
#892 = VERTEX_POINT('',#893);
#893 = CARTESIAN_POINT('',(73.906300000031,76.269499999995,0.));
#894 = SURFACE_CURVE('',#895,(#899,#906),.PCURVE_S1.);
#895 = LINE('',#896,#897);
#896 = CARTESIAN_POINT('',(69.726600000053,80.,0.));
#897 = VECTOR('',#898,1.);
#898 = DIRECTION('',(0.746059581249,-0.665879194169,0.));
#899 = PCURVE('',#44,#900);
#900 = DEFINITIONAL_REPRESENTATION('',(#901),#905);
#901 = LINE('',#902,#903);
#902 = CARTESIAN_POINT('',(-60.83402143939,69.853779196242));
#903 = VECTOR('',#904,1.);
#904 = DIRECTION('',(-0.746059581249,-0.665879194169));
#905 = ( GEOMETRIC_REPRESENTATION_CONTEXT(2) 
PARAMETRIC_REPRESENTATION_CONTEXT() REPRESENTATION_CONTEXT('2D SPACE',''
  ) );
#906 = PCURVE('',#907,#912);
#907 = PLANE('',#908);
#908 = AXIS2_PLACEMENT_3D('',#909,#910,#911);
#909 = CARTESIAN_POINT('',(69.726600000053,80.,0.));
#910 = DIRECTION('',(0.665879194169,0.746059581249,-0.));
#911 = DIRECTION('',(0.746059581249,-0.665879194169,0.));
#912 = DEFINITIONAL_REPRESENTATION('',(#913),#917);
#913 = LINE('',#914,#915);
#914 = CARTESIAN_POINT('',(0.,0.));
#915 = VECTOR('',#916,1.);
#916 = DIRECTION('',(1.,0.));
#917 = ( GEOMETRIC_REPRESENTATION_CONTEXT(2) 
PARAMETRIC_REPRESENTATION_CONTEXT() REPRESENTATION_CONTEXT('2D SPACE',''
  ) );
#918 = ORIENTED_EDGE('',*,*,#919,.T.);
#919 = EDGE_CURVE('',#892,#920,#922,.T.);
#920 = VERTEX_POINT('',#921);
#921 = CARTESIAN_POINT('',(77.656300000031,72.089900000021,0.));
#922 = SURFACE_CURVE('',#923,(#927,#934),.PCURVE_S1.);
#923 = LINE('',#924,#925);
#924 = CARTESIAN_POINT('',(73.906300000031,76.269499999995,0.));
#925 = VECTOR('',#926,1.);
#926 = DIRECTION('',(0.667818683862,-0.744323992281,0.));
#927 = PCURVE('',#44,#928);
#928 = DEFINITIONAL_REPRESENTATION('',(#929),#933);
#929 = LINE('',#930,#931);
#930 = CARTESIAN_POINT('',(-65.01372143937,66.123279196237));
#931 = VECTOR('',#932,1.);
#932 = DIRECTION('',(-0.667818683862,-0.744323992281));
#933 = ( GEOMETRIC_REPRESENTATION_CONTEXT(2) 
PARAMETRIC_REPRESENTATION_CONTEXT() REPRESENTATION_CONTEXT('2D SPACE',''
  ) );
#934 = PCURVE('',#935,#940);
#935 = PLANE('',#936);
#936 = AXIS2_PLACEMENT_3D('',#937,#938,#939);
#937 = CARTESIAN_POINT('',(73.906300000031,76.269499999995,0.));
#938 = DIRECTION('',(0.744323992281,0.667818683862,-0.));
#939 = DIRECTION('',(0.667818683862,-0.744323992281,0.));
#940 = DEFINITIONAL_REPRESENTATION('',(#941),#945);
#941 = LINE('',#942,#943);
#942 = CARTESIAN_POINT('',(0.,0.));
#943 = VECTOR('',#944,1.);
#944 = DIRECTION('',(1.,0.));
#945 = ( GEOMETRIC_REPRESENTATION_CONTEXT(2) 
PARAMETRIC_REPRESENTATION_CONTEXT() REPRESENTATION_CONTEXT('2D SPACE',''
  ) );
#946 = ORIENTED_EDGE('',*,*,#947,.T.);
#947 = EDGE_CURVE('',#920,#948,#950,.T.);
#948 = VERTEX_POINT('',#949);
#949 = CARTESIAN_POINT('',(80.898399999947,67.519499999995,0.));
#950 = SURFACE_CURVE('',#951,(#955,#962),.PCURVE_S1.);
#951 = LINE('',#952,#953);
#952 = CARTESIAN_POINT('',(77.656300000031,72.089900000021,0.));
#953 = VECTOR('',#954,1.);
#954 = DIRECTION('',(0.57857968754,-0.815625861021,0.));
#955 = PCURVE('',#44,#956);
#956 = DEFINITIONAL_REPRESENTATION('',(#957),#961);
#957 = LINE('',#958,#959);
#958 = CARTESIAN_POINT('',(-68.76372143937,61.943679196263));
#959 = VECTOR('',#960,1.);
#960 = DIRECTION('',(-0.57857968754,-0.815625861021));
#961 = ( GEOMETRIC_REPRESENTATION_CONTEXT(2) 
PARAMETRIC_REPRESENTATION_CONTEXT() REPRESENTATION_CONTEXT('2D SPACE',''
  ) );
#962 = PCURVE('',#963,#968);
#963 = PLANE('',#964);
#964 = AXIS2_PLACEMENT_3D('',#965,#966,#967);
#965 = CARTESIAN_POINT('',(77.656300000031,72.089900000021,0.));
#966 = DIRECTION('',(0.815625861021,0.57857968754,-0.));
#967 = DIRECTION('',(0.57857968754,-0.815625861021,0.));
#968 = DEFINITIONAL_REPRESENTATION('',(#969),#973);
#969 = LINE('',#970,#971);
#970 = CARTESIAN_POINT('',(0.,0.));
#971 = VECTOR('',#972,1.);
#972 = DIRECTION('',(1.,0.));
#973 = ( GEOMETRIC_REPRESENTATION_CONTEXT(2) 
PARAMETRIC_REPRESENTATION_CONTEXT() REPRESENTATION_CONTEXT('2D SPACE',''
  ) );
#974 = ORIENTED_EDGE('',*,*,#975,.T.);
#975 = EDGE_CURVE('',#948,#976,#978,.T.);
#976 = VERTEX_POINT('',#977);
#977 = CARTESIAN_POINT('',(83.593699999969,62.597700000013,0.));
#978 = SURFACE_CURVE('',#979,(#983,#990),.PCURVE_S1.);
#979 = LINE('',#980,#981);
#980 = CARTESIAN_POINT('',(80.898399999947,67.519499999995,0.));
#981 = VECTOR('',#982,1.);
#982 = DIRECTION('',(0.480318539821,-0.877094122831,0.));
#983 = PCURVE('',#44,#984);
#984 = DEFINITIONAL_REPRESENTATION('',(#985),#989);
#985 = LINE('',#986,#987);
#986 = CARTESIAN_POINT('',(-72.00582143928,57.373279196237));
#987 = VECTOR('',#988,1.);
#988 = DIRECTION('',(-0.480318539821,-0.877094122831));
#989 = ( GEOMETRIC_REPRESENTATION_CONTEXT(2) 
PARAMETRIC_REPRESENTATION_CONTEXT() REPRESENTATION_CONTEXT('2D SPACE',''
  ) );
#990 = PCURVE('',#991,#996);
#991 = PLANE('',#992);
#992 = AXIS2_PLACEMENT_3D('',#993,#994,#995);
#993 = CARTESIAN_POINT('',(80.898399999947,67.519499999995,0.));
#994 = DIRECTION('',(0.877094122831,0.480318539821,-0.));
#995 = DIRECTION('',(0.480318539821,-0.877094122831,0.));
#996 = DEFINITIONAL_REPRESENTATION('',(#997),#1001);
#997 = LINE('',#998,#999);
#998 = CARTESIAN_POINT('',(0.,0.));
#999 = VECTOR('',#1000,1.);
#1000 = DIRECTION('',(1.,0.));
#1001 = ( GEOMETRIC_REPRESENTATION_CONTEXT(2) 
PARAMETRIC_REPRESENTATION_CONTEXT() REPRESENTATION_CONTEXT('2D SPACE',''
  ) );
#1002 = ORIENTED_EDGE('',*,*,#1003,.T.);
#1003 = EDGE_CURVE('',#976,#1004,#1006,.T.);
#1004 = VERTEX_POINT('',#1005);
#1005 = CARTESIAN_POINT('',(85.742199999979,57.421900000016,0.));
#1006 = SURFACE_CURVE('',#1007,(#1011,#1018),.PCURVE_S1.);
#1007 = LINE('',#1008,#1009);
#1008 = CARTESIAN_POINT('',(83.593699999969,62.597700000013,0.));
#1009 = VECTOR('',#1010,1.);
#1010 = DIRECTION('',(0.383386000439,-0.923588206219,0.));
#1011 = PCURVE('',#44,#1012);
#1012 = DEFINITIONAL_REPRESENTATION('',(#1013),#1017);
#1013 = LINE('',#1014,#1015);
#1014 = CARTESIAN_POINT('',(-74.7011214393,52.451479196255));
#1015 = VECTOR('',#1016,1.);
#1016 = DIRECTION('',(-0.383386000439,-0.923588206219));
#1017 = ( GEOMETRIC_REPRESENTATION_CONTEXT(2) 
PARAMETRIC_REPRESENTATION_CONTEXT() REPRESENTATION_CONTEXT('2D SPACE',''
  ) );
#1018 = PCURVE('',#1019,#1024);
#1019 = PLANE('',#1020);
#1020 = AXIS2_PLACEMENT_3D('',#1021,#1022,#1023);
#1021 = CARTESIAN_POINT('',(83.593699999969,62.597700000013,0.));
#1022 = DIRECTION('',(0.923588206219,0.383386000439,-0.));
#1023 = DIRECTION('',(0.383386000439,-0.923588206219,0.));
#1024 = DEFINITIONAL_REPRESENTATION('',(#1025),#1029);
#1025 = LINE('',#1026,#1027);
#1026 = CARTESIAN_POINT('',(0.,0.));
#1027 = VECTOR('',#1028,1.);
#1028 = DIRECTION('',(1.,0.));
#1029 = ( GEOMETRIC_REPRESENTATION_CONTEXT(2) 
PARAMETRIC_REPRESENTATION_CONTEXT() REPRESENTATION_CONTEXT('2D SPACE',''
  ) );
#1030 = ORIENTED_EDGE('',*,*,#1031,.T.);
#1031 = EDGE_CURVE('',#1004,#1032,#1034,.T.);
#1032 = VERTEX_POINT('',#1033);
#1033 = CARTESIAN_POINT('',(87.304699999979,52.031300000002,0.));
#1034 = SURFACE_CURVE('',#1035,(#1039,#1046),.PCURVE_S1.);
#1035 = LINE('',#1036,#1037);
#1036 = CARTESIAN_POINT('',(85.742199999979,57.421900000016,0.));
#1037 = VECTOR('',#1038,1.);
#1038 = DIRECTION('',(0.27839723919,-0.960466020852,0.));
#1039 = PCURVE('',#44,#1040);
#1040 = DEFINITIONAL_REPRESENTATION('',(#1041),#1045);
#1041 = LINE('',#1042,#1043);
#1042 = CARTESIAN_POINT('',(-76.84962143931,47.275679196257));
#1043 = VECTOR('',#1044,1.);
#1044 = DIRECTION('',(-0.27839723919,-0.960466020852));
#1045 = ( GEOMETRIC_REPRESENTATION_CONTEXT(2) 
PARAMETRIC_REPRESENTATION_CONTEXT() REPRESENTATION_CONTEXT('2D SPACE',''
  ) );
#1046 = PCURVE('',#1047,#1052);
#1047 = PLANE('',#1048);
#1048 = AXIS2_PLACEMENT_3D('',#1049,#1050,#1051);
#1049 = CARTESIAN_POINT('',(85.742199999979,57.421900000016,0.));
#1050 = DIRECTION('',(0.960466020852,0.27839723919,-0.));
#1051 = DIRECTION('',(0.27839723919,-0.960466020852,0.));
#1052 = DEFINITIONAL_REPRESENTATION('',(#1053),#1057);
#1053 = LINE('',#1054,#1055);
#1054 = CARTESIAN_POINT('',(0.,0.));
#1055 = VECTOR('',#1056,1.);
#1056 = DIRECTION('',(1.,0.));
#1057 = ( GEOMETRIC_REPRESENTATION_CONTEXT(2) 
PARAMETRIC_REPRESENTATION_CONTEXT() REPRESENTATION_CONTEXT('2D SPACE',''
  ) );
#1058 = ORIENTED_EDGE('',*,*,#1059,.T.);
#1059 = EDGE_CURVE('',#1032,#1060,#1062,.T.);
#1060 = VERTEX_POINT('',#1061);
#1061 = CARTESIAN_POINT('',(88.242199999979,46.503900000011,0.));
#1062 = SURFACE_CURVE('',#1063,(#1067,#1074),.PCURVE_S1.);
#1063 = LINE('',#1064,#1065);
#1064 = CARTESIAN_POINT('',(87.304699999979,52.031300000002,0.));
#1065 = VECTOR('',#1066,1.);
#1066 = DIRECTION('',(0.16722137233,-0.985919374308,0.));
#1067 = PCURVE('',#44,#1068);
#1068 = DEFINITIONAL_REPRESENTATION('',(#1069),#1073);
#1069 = LINE('',#1070,#1071);
#1070 = CARTESIAN_POINT('',(-78.41212143931,41.885079196244));
#1071 = VECTOR('',#1072,1.);
#1072 = DIRECTION('',(-0.16722137233,-0.985919374308));
#1073 = ( GEOMETRIC_REPRESENTATION_CONTEXT(2) 
PARAMETRIC_REPRESENTATION_CONTEXT() REPRESENTATION_CONTEXT('2D SPACE',''
  ) );
#1074 = PCURVE('',#1075,#1080);
#1075 = PLANE('',#1076);
#1076 = AXIS2_PLACEMENT_3D('',#1077,#1078,#1079);
#1077 = CARTESIAN_POINT('',(87.304699999979,52.031300000002,0.));
#1078 = DIRECTION('',(0.985919374308,0.16722137233,-0.));
#1079 = DIRECTION('',(0.16722137233,-0.985919374308,0.));
#1080 = DEFINITIONAL_REPRESENTATION('',(#1081),#1085);
#1081 = LINE('',#1082,#1083);
#1082 = CARTESIAN_POINT('',(0.,0.));
#1083 = VECTOR('',#1084,1.);
#1084 = DIRECTION('',(1.,0.));
#1085 = ( GEOMETRIC_REPRESENTATION_CONTEXT(2) 
PARAMETRIC_REPRESENTATION_CONTEXT() REPRESENTATION_CONTEXT('2D SPACE',''
  ) );
#1086 = ORIENTED_EDGE('',*,*,#1087,.T.);
#1087 = EDGE_CURVE('',#1060,#1088,#1090,.T.);
#1088 = VERTEX_POINT('',#1089);
#1089 = CARTESIAN_POINT('',(88.554699999979,40.918000000005,0.));
#1090 = SURFACE_CURVE('',#1091,(#1095,#1102),.PCURVE_S1.);
#1091 = LINE('',#1092,#1093);
#1092 = CARTESIAN_POINT('',(88.242199999979,46.503900000011,0.));
#1093 = VECTOR('',#1094,1.);
#1094 = DIRECTION('',(5.585708961714E-02,-0.998438774057,0.));
#1095 = PCURVE('',#44,#1096);
#1096 = DEFINITIONAL_REPRESENTATION('',(#1097),#1101);
#1097 = LINE('',#1098,#1099);
#1098 = CARTESIAN_POINT('',(-79.34962143931,36.357679196252));
#1099 = VECTOR('',#1100,1.);
#1100 = DIRECTION('',(-5.585708961714E-02,-0.998438774057));
#1101 = ( GEOMETRIC_REPRESENTATION_CONTEXT(2) 
PARAMETRIC_REPRESENTATION_CONTEXT() REPRESENTATION_CONTEXT('2D SPACE',''
  ) );
#1102 = PCURVE('',#1103,#1108);
#1103 = PLANE('',#1104);
#1104 = AXIS2_PLACEMENT_3D('',#1105,#1106,#1107);
#1105 = CARTESIAN_POINT('',(88.242199999979,46.503900000011,0.));
#1106 = DIRECTION('',(0.998438774057,5.585708961714E-02,-0.));
#1107 = DIRECTION('',(5.585708961714E-02,-0.998438774057,0.));
#1108 = DEFINITIONAL_REPRESENTATION('',(#1109),#1113);
#1109 = LINE('',#1110,#1111);
#1110 = CARTESIAN_POINT('',(0.,0.));
#1111 = VECTOR('',#1112,1.);
#1112 = DIRECTION('',(1.,0.));
#1113 = ( GEOMETRIC_REPRESENTATION_CONTEXT(2) 
PARAMETRIC_REPRESENTATION_CONTEXT() REPRESENTATION_CONTEXT('2D SPACE',''
  ) );
#1114 = ORIENTED_EDGE('',*,*,#1115,.T.);
#1115 = EDGE_CURVE('',#1088,#1116,#1118,.T.);
#1116 = VERTEX_POINT('',#1117);
#1117 = CARTESIAN_POINT('',(88.554699999979,-50.85939999998,0.));
#1118 = SURFACE_CURVE('',#1119,(#1123,#1130),.PCURVE_S1.);
#1119 = LINE('',#1120,#1121);
#1120 = CARTESIAN_POINT('',(88.554699999979,40.918000000005,0.));
#1121 = VECTOR('',#1122,1.);
#1122 = DIRECTION('',(0.,-1.,0.));
#1123 = PCURVE('',#44,#1124);
#1124 = DEFINITIONAL_REPRESENTATION('',(#1125),#1129);
#1125 = LINE('',#1126,#1127);
#1126 = CARTESIAN_POINT('',(-79.66212143931,30.771779196247));
#1127 = VECTOR('',#1128,1.);
#1128 = DIRECTION('',(0.,-1.));
#1129 = ( GEOMETRIC_REPRESENTATION_CONTEXT(2) 
PARAMETRIC_REPRESENTATION_CONTEXT() REPRESENTATION_CONTEXT('2D SPACE',''
  ) );
#1130 = PCURVE('',#1131,#1136);
#1131 = PLANE('',#1132);
#1132 = AXIS2_PLACEMENT_3D('',#1133,#1134,#1135);
#1133 = CARTESIAN_POINT('',(88.554699999979,40.918000000005,0.));
#1134 = DIRECTION('',(1.,0.,-0.));
#1135 = DIRECTION('',(0.,-1.,0.));
#1136 = DEFINITIONAL_REPRESENTATION('',(#1137),#1141);
#1137 = LINE('',#1138,#1139);
#1138 = CARTESIAN_POINT('',(0.,0.));
#1139 = VECTOR('',#1140,1.);
#1140 = DIRECTION('',(1.,0.));
#1141 = ( GEOMETRIC_REPRESENTATION_CONTEXT(2) 
PARAMETRIC_REPRESENTATION_CONTEXT() REPRESENTATION_CONTEXT('2D SPACE',''
  ) );
#1142 = ORIENTED_EDGE('',*,*,#1143,.T.);
#1143 = EDGE_CURVE('',#1116,#1144,#1146,.T.);
#1144 = VERTEX_POINT('',#1145);
#1145 = CARTESIAN_POINT('',(88.203100000042,-56.66009999997,0.));
#1146 = SURFACE_CURVE('',#1147,(#1151,#1158),.PCURVE_S1.);
#1147 = LINE('',#1148,#1149);
#1148 = CARTESIAN_POINT('',(88.554699999979,-50.85939999998,0.));
#1149 = VECTOR('',#1150,1.);
#1150 = DIRECTION('',(-6.050233391678E-02,-0.998168055786,0.));
#1151 = PCURVE('',#44,#1152);
#1152 = DEFINITIONAL_REPRESENTATION('',(#1153),#1157);
#1153 = LINE('',#1154,#1155);
#1154 = CARTESIAN_POINT('',(-79.66212143931,-61.00562080374));
#1155 = VECTOR('',#1156,1.);
#1156 = DIRECTION('',(6.050233391678E-02,-0.998168055786));
#1157 = ( GEOMETRIC_REPRESENTATION_CONTEXT(2) 
PARAMETRIC_REPRESENTATION_CONTEXT() REPRESENTATION_CONTEXT('2D SPACE',''
  ) );
#1158 = PCURVE('',#1159,#1164);
#1159 = PLANE('',#1160);
#1160 = AXIS2_PLACEMENT_3D('',#1161,#1162,#1163);
#1161 = CARTESIAN_POINT('',(88.554699999979,-50.85939999998,0.));
#1162 = DIRECTION('',(0.998168055786,-6.050233391678E-02,0.));
#1163 = DIRECTION('',(-6.050233391678E-02,-0.998168055786,0.));
#1164 = DEFINITIONAL_REPRESENTATION('',(#1165),#1169);
#1165 = LINE('',#1166,#1167);
#1166 = CARTESIAN_POINT('',(0.,0.));
#1167 = VECTOR('',#1168,1.);
#1168 = DIRECTION('',(1.,0.));
#1169 = ( GEOMETRIC_REPRESENTATION_CONTEXT(2) 
PARAMETRIC_REPRESENTATION_CONTEXT() REPRESENTATION_CONTEXT('2D SPACE',''
  ) );
#1170 = ORIENTED_EDGE('',*,*,#1171,.T.);
#1171 = EDGE_CURVE('',#1144,#1172,#1174,.T.);
#1172 = VERTEX_POINT('',#1173);
#1173 = CARTESIAN_POINT('',(87.226600000053,-62.36329999999,0.));
#1174 = SURFACE_CURVE('',#1175,(#1179,#1186),.PCURVE_S1.);
#1175 = LINE('',#1176,#1177);
#1176 = CARTESIAN_POINT('',(88.203100000042,-56.66009999997,0.));
#1177 = VECTOR('',#1178,1.);
#1178 = DIRECTION('',(-0.168763781225,-0.985656525442,0.));
#1179 = PCURVE('',#44,#1180);
#1180 = DEFINITIONAL_REPRESENTATION('',(#1181),#1185);
#1181 = LINE('',#1182,#1183);
#1182 = CARTESIAN_POINT('',(-79.31052143938,-66.80632080373));
#1183 = VECTOR('',#1184,1.);
#1184 = DIRECTION('',(0.168763781225,-0.985656525442));
#1185 = ( GEOMETRIC_REPRESENTATION_CONTEXT(2) 
PARAMETRIC_REPRESENTATION_CONTEXT() REPRESENTATION_CONTEXT('2D SPACE',''
  ) );
#1186 = PCURVE('',#1187,#1192);
#1187 = PLANE('',#1188);
#1188 = AXIS2_PLACEMENT_3D('',#1189,#1190,#1191);
#1189 = CARTESIAN_POINT('',(88.203100000042,-56.66009999997,0.));
#1190 = DIRECTION('',(0.985656525442,-0.168763781225,0.));
#1191 = DIRECTION('',(-0.168763781225,-0.985656525442,0.));
#1192 = DEFINITIONAL_REPRESENTATION('',(#1193),#1197);
#1193 = LINE('',#1194,#1195);
#1194 = CARTESIAN_POINT('',(0.,0.));
#1195 = VECTOR('',#1196,1.);
#1196 = DIRECTION('',(1.,0.));
#1197 = ( GEOMETRIC_REPRESENTATION_CONTEXT(2) 
PARAMETRIC_REPRESENTATION_CONTEXT() REPRESENTATION_CONTEXT('2D SPACE',''
  ) );
#1198 = ORIENTED_EDGE('',*,*,#1199,.T.);
#1199 = EDGE_CURVE('',#1172,#1200,#1202,.T.);
#1200 = VERTEX_POINT('',#1201);
#1201 = CARTESIAN_POINT('',(85.546899999958,-67.92969999997,0.));
#1202 = SURFACE_CURVE('',#1203,(#1207,#1214),.PCURVE_S1.);
#1203 = LINE('',#1204,#1205);
#1204 = CARTESIAN_POINT('',(87.226600000053,-62.36329999999,0.));
#1205 = VECTOR('',#1206,1.);
#1206 = DIRECTION('',(-0.288890684069,-0.957362090673,0.));
#1207 = PCURVE('',#44,#1208);
#1208 = DEFINITIONAL_REPRESENTATION('',(#1209),#1213);
#1209 = LINE('',#1210,#1211);
#1210 = CARTESIAN_POINT('',(-78.33402143939,-72.50952080375));
#1211 = VECTOR('',#1212,1.);
#1212 = DIRECTION('',(0.288890684069,-0.957362090673));
#1213 = ( GEOMETRIC_REPRESENTATION_CONTEXT(2) 
PARAMETRIC_REPRESENTATION_CONTEXT() REPRESENTATION_CONTEXT('2D SPACE',''
  ) );
#1214 = PCURVE('',#1215,#1220);
#1215 = PLANE('',#1216);
#1216 = AXIS2_PLACEMENT_3D('',#1217,#1218,#1219);
#1217 = CARTESIAN_POINT('',(87.226600000053,-62.36329999999,0.));
#1218 = DIRECTION('',(0.957362090673,-0.288890684069,0.));
#1219 = DIRECTION('',(-0.288890684069,-0.957362090673,0.));
#1220 = DEFINITIONAL_REPRESENTATION('',(#1221),#1225);
#1221 = LINE('',#1222,#1223);
#1222 = CARTESIAN_POINT('',(0.,0.));
#1223 = VECTOR('',#1224,1.);
#1224 = DIRECTION('',(1.,0.));
#1225 = ( GEOMETRIC_REPRESENTATION_CONTEXT(2) 
PARAMETRIC_REPRESENTATION_CONTEXT() REPRESENTATION_CONTEXT('2D SPACE',''
  ) );
#1226 = ORIENTED_EDGE('',*,*,#1227,.T.);
#1227 = EDGE_CURVE('',#1200,#1228,#1230,.T.);
#1228 = VERTEX_POINT('',#1229);
#1229 = CARTESIAN_POINT('',(83.242199999979,-73.2617,0.));
#1230 = SURFACE_CURVE('',#1231,(#1235,#1242),.PCURVE_S1.);
#1231 = LINE('',#1232,#1233);
#1232 = CARTESIAN_POINT('',(85.546899999958,-67.92969999997,0.));
#1233 = VECTOR('',#1234,1.);
#1234 = DIRECTION('',(-0.396761801081,-0.917921605151,0.));
#1235 = PCURVE('',#44,#1236);
#1236 = DEFINITIONAL_REPRESENTATION('',(#1237),#1241);
#1237 = LINE('',#1238,#1239);
#1238 = CARTESIAN_POINT('',(-76.65432143929,-78.07592080373));
#1239 = VECTOR('',#1240,1.);
#1240 = DIRECTION('',(0.396761801081,-0.917921605151));
#1241 = ( GEOMETRIC_REPRESENTATION_CONTEXT(2) 
PARAMETRIC_REPRESENTATION_CONTEXT() REPRESENTATION_CONTEXT('2D SPACE',''
  ) );
#1242 = PCURVE('',#1243,#1248);
#1243 = PLANE('',#1244);
#1244 = AXIS2_PLACEMENT_3D('',#1245,#1246,#1247);
#1245 = CARTESIAN_POINT('',(85.546899999958,-67.92969999997,0.));
#1246 = DIRECTION('',(0.917921605151,-0.396761801081,0.));
#1247 = DIRECTION('',(-0.396761801081,-0.917921605151,0.));
#1248 = DEFINITIONAL_REPRESENTATION('',(#1249),#1253);
#1249 = LINE('',#1250,#1251);
#1250 = CARTESIAN_POINT('',(0.,0.));
#1251 = VECTOR('',#1252,1.);
#1252 = DIRECTION('',(1.,0.));
#1253 = ( GEOMETRIC_REPRESENTATION_CONTEXT(2) 
PARAMETRIC_REPRESENTATION_CONTEXT() REPRESENTATION_CONTEXT('2D SPACE',''
  ) );
#1254 = ORIENTED_EDGE('',*,*,#1255,.T.);
#1255 = EDGE_CURVE('',#1228,#1256,#1258,.T.);
#1256 = VERTEX_POINT('',#1257);
#1257 = CARTESIAN_POINT('',(80.351600000053,-78.28119999999,0.));
#1258 = SURFACE_CURVE('',#1259,(#1263,#1270),.PCURVE_S1.);
#1259 = LINE('',#1260,#1261);
#1260 = CARTESIAN_POINT('',(83.242199999979,-73.2617,0.));
#1261 = VECTOR('',#1262,1.);
#1262 = DIRECTION('',(-0.499040274657,-0.866578792881,0.));
#1263 = PCURVE('',#44,#1264);
#1264 = DEFINITIONAL_REPRESENTATION('',(#1265),#1269);
#1265 = LINE('',#1266,#1267);
#1266 = CARTESIAN_POINT('',(-74.34962143931,-83.40792080376));
#1267 = VECTOR('',#1268,1.);
#1268 = DIRECTION('',(0.499040274657,-0.866578792881));
#1269 = ( GEOMETRIC_REPRESENTATION_CONTEXT(2) 
PARAMETRIC_REPRESENTATION_CONTEXT() REPRESENTATION_CONTEXT('2D SPACE',''
  ) );
#1270 = PCURVE('',#1271,#1276);
#1271 = PLANE('',#1272);
#1272 = AXIS2_PLACEMENT_3D('',#1273,#1274,#1275);
#1273 = CARTESIAN_POINT('',(83.242199999979,-73.2617,0.));
#1274 = DIRECTION('',(0.866578792881,-0.499040274657,0.));
#1275 = DIRECTION('',(-0.499040274657,-0.866578792881,0.));
#1276 = DEFINITIONAL_REPRESENTATION('',(#1277),#1281);
#1277 = LINE('',#1278,#1279);
#1278 = CARTESIAN_POINT('',(0.,0.));
#1279 = VECTOR('',#1280,1.);
#1280 = DIRECTION('',(1.,0.));
#1281 = ( GEOMETRIC_REPRESENTATION_CONTEXT(2) 
PARAMETRIC_REPRESENTATION_CONTEXT() REPRESENTATION_CONTEXT('2D SPACE',''
  ) );
#1282 = ORIENTED_EDGE('',*,*,#1283,.T.);
#1283 = EDGE_CURVE('',#1256,#1284,#1286,.T.);
#1284 = VERTEX_POINT('',#1285);
#1285 = CARTESIAN_POINT('',(76.914100000053,-82.9492,0.));
#1286 = SURFACE_CURVE('',#1287,(#1291,#1298),.PCURVE_S1.);
#1287 = LINE('',#1288,#1289);
#1288 = CARTESIAN_POINT('',(80.351600000053,-78.28119999999,0.));
#1289 = VECTOR('',#1290,1.);
#1290 = DIRECTION('',(-0.592966588232,-0.805227064399,0.));
#1291 = PCURVE('',#44,#1292);
#1292 = DEFINITIONAL_REPRESENTATION('',(#1293),#1297);
#1293 = LINE('',#1294,#1295);
#1294 = CARTESIAN_POINT('',(-71.45902143939,-88.42742080375));
#1295 = VECTOR('',#1296,1.);
#1296 = DIRECTION('',(0.592966588232,-0.805227064399));
#1297 = ( GEOMETRIC_REPRESENTATION_CONTEXT(2) 
PARAMETRIC_REPRESENTATION_CONTEXT() REPRESENTATION_CONTEXT('2D SPACE',''
  ) );
#1298 = PCURVE('',#1299,#1304);
#1299 = PLANE('',#1300);
#1300 = AXIS2_PLACEMENT_3D('',#1301,#1302,#1303);
#1301 = CARTESIAN_POINT('',(80.351600000053,-78.28119999999,0.));
#1302 = DIRECTION('',(0.805227064399,-0.592966588232,0.));
#1303 = DIRECTION('',(-0.592966588232,-0.805227064399,0.));
#1304 = DEFINITIONAL_REPRESENTATION('',(#1305),#1309);
#1305 = LINE('',#1306,#1307);
#1306 = CARTESIAN_POINT('',(0.,0.));
#1307 = VECTOR('',#1308,1.);
#1308 = DIRECTION('',(1.,0.));
#1309 = ( GEOMETRIC_REPRESENTATION_CONTEXT(2) 
PARAMETRIC_REPRESENTATION_CONTEXT() REPRESENTATION_CONTEXT('2D SPACE',''
  ) );
#1310 = ORIENTED_EDGE('',*,*,#1311,.T.);
#1311 = EDGE_CURVE('',#1284,#1312,#1314,.T.);
#1312 = VERTEX_POINT('',#1313);
#1313 = CARTESIAN_POINT('',(72.929699999979,-87.168,0.));
#1314 = SURFACE_CURVE('',#1315,(#1319,#1326),.PCURVE_S1.);
#1315 = LINE('',#1316,#1317);
#1316 = CARTESIAN_POINT('',(76.914100000053,-82.9492,0.));
#1317 = VECTOR('',#1318,1.);
#1318 = DIRECTION('',(-0.686621508893,-0.727015064167,0.));
#1319 = PCURVE('',#44,#1320);
#1320 = DEFINITIONAL_REPRESENTATION('',(#1321),#1325);
#1321 = LINE('',#1322,#1323);
#1322 = CARTESIAN_POINT('',(-68.02152143939,-93.09542080376));
#1323 = VECTOR('',#1324,1.);
#1324 = DIRECTION('',(0.686621508893,-0.727015064167));
#1325 = ( GEOMETRIC_REPRESENTATION_CONTEXT(2) 
PARAMETRIC_REPRESENTATION_CONTEXT() REPRESENTATION_CONTEXT('2D SPACE',''
  ) );
#1326 = PCURVE('',#1327,#1332);
#1327 = PLANE('',#1328);
#1328 = AXIS2_PLACEMENT_3D('',#1329,#1330,#1331);
#1329 = CARTESIAN_POINT('',(76.914100000053,-82.9492,0.));
#1330 = DIRECTION('',(0.727015064167,-0.686621508893,0.));
#1331 = DIRECTION('',(-0.686621508893,-0.727015064167,0.));
#1332 = DEFINITIONAL_REPRESENTATION('',(#1333),#1337);
#1333 = LINE('',#1334,#1335);
#1334 = CARTESIAN_POINT('',(0.,0.));
#1335 = VECTOR('',#1336,1.);
#1336 = DIRECTION('',(1.,0.));
#1337 = ( GEOMETRIC_REPRESENTATION_CONTEXT(2) 
PARAMETRIC_REPRESENTATION_CONTEXT() REPRESENTATION_CONTEXT('2D SPACE',''
  ) );
#1338 = ORIENTED_EDGE('',*,*,#1339,.T.);
#1339 = EDGE_CURVE('',#1312,#1340,#1342,.T.);
#1340 = VERTEX_POINT('',#1341);
#1341 = CARTESIAN_POINT('',(68.476600000053,-90.918,0.));
#1342 = SURFACE_CURVE('',#1343,(#1347,#1354),.PCURVE_S1.);
#1343 = LINE('',#1344,#1345);
#1344 = CARTESIAN_POINT('',(72.929699999979,-87.168,0.));
#1345 = VECTOR('',#1346,1.);
#1346 = DIRECTION('',(-0.764909416377,-0.644137861593,0.));
#1347 = PCURVE('',#44,#1348);
#1348 = DEFINITIONAL_REPRESENTATION('',(#1349),#1353);
#1349 = LINE('',#1350,#1351);
#1350 = CARTESIAN_POINT('',(-64.03712143931,-97.31422080376));
#1351 = VECTOR('',#1352,1.);
#1352 = DIRECTION('',(0.764909416377,-0.644137861593));
#1353 = ( GEOMETRIC_REPRESENTATION_CONTEXT(2) 
PARAMETRIC_REPRESENTATION_CONTEXT() REPRESENTATION_CONTEXT('2D SPACE',''
  ) );
#1354 = PCURVE('',#1355,#1360);
#1355 = PLANE('',#1356);
#1356 = AXIS2_PLACEMENT_3D('',#1357,#1358,#1359);
#1357 = CARTESIAN_POINT('',(72.929699999979,-87.168,0.));
#1358 = DIRECTION('',(0.644137861593,-0.764909416377,0.));
#1359 = DIRECTION('',(-0.764909416377,-0.644137861593,0.));
#1360 = DEFINITIONAL_REPRESENTATION('',(#1361),#1365);
#1361 = LINE('',#1362,#1363);
#1362 = CARTESIAN_POINT('',(0.,0.));
#1363 = VECTOR('',#1364,1.);
#1364 = DIRECTION('',(1.,0.));
#1365 = ( GEOMETRIC_REPRESENTATION_CONTEXT(2) 
PARAMETRIC_REPRESENTATION_CONTEXT() REPRESENTATION_CONTEXT('2D SPACE',''
  ) );
#1366 = ORIENTED_EDGE('',*,*,#1367,.T.);
#1367 = EDGE_CURVE('',#1340,#1368,#1370,.T.);
#1368 = VERTEX_POINT('',#1369);
#1369 = CARTESIAN_POINT('',(68.281300000031,-84.72659999999,0.));
#1370 = SURFACE_CURVE('',#1371,(#1375,#1382),.PCURVE_S1.);
#1371 = LINE('',#1372,#1373);
#1372 = CARTESIAN_POINT('',(68.476600000053,-90.918,0.));
#1373 = VECTOR('',#1374,1.);
#1374 = DIRECTION('',(-3.152807279382E-02,0.999502866742,0.));
#1375 = PCURVE('',#44,#1376);
#1376 = DEFINITIONAL_REPRESENTATION('',(#1377),#1381);
#1377 = LINE('',#1378,#1379);
#1378 = CARTESIAN_POINT('',(-59.58402143939,-101.0642208037));
#1379 = VECTOR('',#1380,1.);
#1380 = DIRECTION('',(3.152807279382E-02,0.999502866742));
#1381 = ( GEOMETRIC_REPRESENTATION_CONTEXT(2) 
PARAMETRIC_REPRESENTATION_CONTEXT() REPRESENTATION_CONTEXT('2D SPACE',''
  ) );
#1382 = PCURVE('',#1383,#1388);
#1383 = PLANE('',#1384);
#1384 = AXIS2_PLACEMENT_3D('',#1385,#1386,#1387);
#1385 = CARTESIAN_POINT('',(68.476600000053,-90.918,0.));
#1386 = DIRECTION('',(-0.999502866742,-3.152807279382E-02,0.));
#1387 = DIRECTION('',(-3.152807279382E-02,0.999502866742,0.));
#1388 = DEFINITIONAL_REPRESENTATION('',(#1389),#1393);
#1389 = LINE('',#1390,#1391);
#1390 = CARTESIAN_POINT('',(0.,0.));
#1391 = VECTOR('',#1392,1.);
#1392 = DIRECTION('',(1.,0.));
#1393 = ( GEOMETRIC_REPRESENTATION_CONTEXT(2) 
PARAMETRIC_REPRESENTATION_CONTEXT() REPRESENTATION_CONTEXT('2D SPACE',''
  ) );
#1394 = ORIENTED_EDGE('',*,*,#1395,.T.);
#1395 = EDGE_CURVE('',#1368,#1396,#1398,.T.);
#1396 = VERTEX_POINT('',#1397);
#1397 = CARTESIAN_POINT('',(67.382800000021,-78.59369999999,0.));
#1398 = SURFACE_CURVE('',#1399,(#1403,#1410),.PCURVE_S1.);
#1399 = LINE('',#1400,#1401);
#1400 = CARTESIAN_POINT('',(68.281300000031,-84.72659999999,0.));
#1401 = VECTOR('',#1402,1.);
#1402 = DIRECTION('',(-0.144957513668,0.989437880431,0.));
#1403 = PCURVE('',#44,#1404);
#1404 = DEFINITIONAL_REPRESENTATION('',(#1405),#1409);
#1405 = LINE('',#1406,#1407);
#1406 = CARTESIAN_POINT('',(-59.38872143937,-94.87282080375));
#1407 = VECTOR('',#1408,1.);
#1408 = DIRECTION('',(0.144957513668,0.989437880431));
#1409 = ( GEOMETRIC_REPRESENTATION_CONTEXT(2) 
PARAMETRIC_REPRESENTATION_CONTEXT() REPRESENTATION_CONTEXT('2D SPACE',''
  ) );
#1410 = PCURVE('',#1411,#1416);
#1411 = PLANE('',#1412);
#1412 = AXIS2_PLACEMENT_3D('',#1413,#1414,#1415);
#1413 = CARTESIAN_POINT('',(68.281300000031,-84.72659999999,0.));
#1414 = DIRECTION('',(-0.989437880431,-0.144957513668,0.));
#1415 = DIRECTION('',(-0.144957513668,0.989437880431,0.));
#1416 = DEFINITIONAL_REPRESENTATION('',(#1417),#1421);
#1417 = LINE('',#1418,#1419);
#1418 = CARTESIAN_POINT('',(0.,0.));
#1419 = VECTOR('',#1420,1.);
#1420 = DIRECTION('',(1.,0.));
#1421 = ( GEOMETRIC_REPRESENTATION_CONTEXT(2) 
PARAMETRIC_REPRESENTATION_CONTEXT() REPRESENTATION_CONTEXT('2D SPACE',''
  ) );
#1422 = ORIENTED_EDGE('',*,*,#1423,.T.);
#1423 = EDGE_CURVE('',#1396,#1424,#1426,.T.);
#1424 = VERTEX_POINT('',#1425);
#1425 = CARTESIAN_POINT('',(65.781300000031,-72.59759999997,0.));
#1426 = SURFACE_CURVE('',#1427,(#1431,#1438),.PCURVE_S1.);
#1427 = LINE('',#1428,#1429);
#1428 = CARTESIAN_POINT('',(67.382800000021,-78.59369999999,0.));
#1429 = VECTOR('',#1430,1.);
#1430 = DIRECTION('',(-0.258044721782,0.966132973022,0.));
#1431 = PCURVE('',#44,#1432);
#1432 = DEFINITIONAL_REPRESENTATION('',(#1433),#1437);
#1433 = LINE('',#1434,#1435);
#1434 = CARTESIAN_POINT('',(-58.49022143936,-88.73992080375));
#1435 = VECTOR('',#1436,1.);
#1436 = DIRECTION('',(0.258044721782,0.966132973022));
#1437 = ( GEOMETRIC_REPRESENTATION_CONTEXT(2) 
PARAMETRIC_REPRESENTATION_CONTEXT() REPRESENTATION_CONTEXT('2D SPACE',''
  ) );
#1438 = PCURVE('',#1439,#1444);
#1439 = PLANE('',#1440);
#1440 = AXIS2_PLACEMENT_3D('',#1441,#1442,#1443);
#1441 = CARTESIAN_POINT('',(67.382800000021,-78.59369999999,0.));
#1442 = DIRECTION('',(-0.966132973022,-0.258044721782,0.));
#1443 = DIRECTION('',(-0.258044721782,0.966132973022,0.));
#1444 = DEFINITIONAL_REPRESENTATION('',(#1445),#1449);
#1445 = LINE('',#1446,#1447);
#1446 = CARTESIAN_POINT('',(0.,0.));
#1447 = VECTOR('',#1448,1.);
#1448 = DIRECTION('',(1.,0.));
#1449 = ( GEOMETRIC_REPRESENTATION_CONTEXT(2) 
PARAMETRIC_REPRESENTATION_CONTEXT() REPRESENTATION_CONTEXT('2D SPACE',''
  ) );
#1450 = ORIENTED_EDGE('',*,*,#1451,.T.);
#1451 = EDGE_CURVE('',#1424,#1452,#1454,.T.);
#1452 = VERTEX_POINT('',#1453);
#1453 = CARTESIAN_POINT('',(63.554699999979,-66.81639999998,0.));
#1454 = SURFACE_CURVE('',#1455,(#1459,#1466),.PCURVE_S1.);
#1455 = LINE('',#1456,#1457);
#1456 = CARTESIAN_POINT('',(65.781300000031,-72.59759999997,0.));
#1457 = VECTOR('',#1458,1.);
#1458 = DIRECTION('',(-0.359409540075,0.933179930401,0.));
#1459 = PCURVE('',#44,#1460);
#1460 = DEFINITIONAL_REPRESENTATION('',(#1461),#1465);
#1461 = LINE('',#1462,#1463);
#1462 = CARTESIAN_POINT('',(-56.88872143937,-82.74382080373));
#1463 = VECTOR('',#1464,1.);
#1464 = DIRECTION('',(0.359409540075,0.933179930401));
#1465 = ( GEOMETRIC_REPRESENTATION_CONTEXT(2) 
PARAMETRIC_REPRESENTATION_CONTEXT() REPRESENTATION_CONTEXT('2D SPACE',''
  ) );
#1466 = PCURVE('',#1467,#1472);
#1467 = PLANE('',#1468);
#1468 = AXIS2_PLACEMENT_3D('',#1469,#1470,#1471);
#1469 = CARTESIAN_POINT('',(65.781300000031,-72.59759999997,0.));
#1470 = DIRECTION('',(-0.933179930401,-0.359409540075,0.));
#1471 = DIRECTION('',(-0.359409540075,0.933179930401,0.));
#1472 = DEFINITIONAL_REPRESENTATION('',(#1473),#1477);
#1473 = LINE('',#1474,#1475);
#1474 = CARTESIAN_POINT('',(0.,0.));
#1475 = VECTOR('',#1476,1.);
#1476 = DIRECTION('',(1.,0.));
#1477 = ( GEOMETRIC_REPRESENTATION_CONTEXT(2) 
PARAMETRIC_REPRESENTATION_CONTEXT() REPRESENTATION_CONTEXT('2D SPACE',''
  ) );
#1478 = ORIENTED_EDGE('',*,*,#1479,.T.);
#1479 = EDGE_CURVE('',#1452,#1480,#1482,.T.);
#1480 = VERTEX_POINT('',#1481);
#1481 = CARTESIAN_POINT('',(60.664100000053,-61.32809999998,0.));
#1482 = SURFACE_CURVE('',#1483,(#1487,#1494),.PCURVE_S1.);
#1483 = LINE('',#1484,#1485);
#1484 = CARTESIAN_POINT('',(63.554699999979,-66.81639999998,0.));
#1485 = VECTOR('',#1486,1.);
#1486 = DIRECTION('',(-0.466001556236,0.884783899936,0.));
#1487 = PCURVE('',#44,#1488);
#1488 = DEFINITIONAL_REPRESENTATION('',(#1489),#1493);
#1489 = LINE('',#1490,#1491);
#1490 = CARTESIAN_POINT('',(-54.66212143931,-76.96262080374));
#1491 = VECTOR('',#1492,1.);
#1492 = DIRECTION('',(0.466001556236,0.884783899936));
#1493 = ( GEOMETRIC_REPRESENTATION_CONTEXT(2) 
PARAMETRIC_REPRESENTATION_CONTEXT() REPRESENTATION_CONTEXT('2D SPACE',''
  ) );
#1494 = PCURVE('',#1495,#1500);
#1495 = PLANE('',#1496);
#1496 = AXIS2_PLACEMENT_3D('',#1497,#1498,#1499);
#1497 = CARTESIAN_POINT('',(63.554699999979,-66.81639999998,0.));
#1498 = DIRECTION('',(-0.884783899936,-0.466001556236,0.));
#1499 = DIRECTION('',(-0.466001556236,0.884783899936,0.));
#1500 = DEFINITIONAL_REPRESENTATION('',(#1501),#1505);
#1501 = LINE('',#1502,#1503);
#1502 = CARTESIAN_POINT('',(0.,0.));
#1503 = VECTOR('',#1504,1.);
#1504 = DIRECTION('',(1.,0.));
#1505 = ( GEOMETRIC_REPRESENTATION_CONTEXT(2) 
PARAMETRIC_REPRESENTATION_CONTEXT() REPRESENTATION_CONTEXT('2D SPACE',''
  ) );
#1506 = ORIENTED_EDGE('',*,*,#1507,.T.);
#1507 = EDGE_CURVE('',#1480,#1508,#1510,.T.);
#1508 = VERTEX_POINT('',#1509);
#1509 = CARTESIAN_POINT('',(57.226600000053,-56.19139999998,0.));
#1510 = SURFACE_CURVE('',#1511,(#1515,#1522),.PCURVE_S1.);
#1511 = LINE('',#1512,#1513);
#1512 = CARTESIAN_POINT('',(60.664100000053,-61.32809999998,0.));
#1513 = VECTOR('',#1514,1.);
#1514 = DIRECTION('',(-0.556159202001,0.83107577394,0.));
#1515 = PCURVE('',#44,#1516);
#1516 = DEFINITIONAL_REPRESENTATION('',(#1517),#1521);
#1517 = LINE('',#1518,#1519);
#1518 = CARTESIAN_POINT('',(-51.77152143939,-71.47432080374));
#1519 = VECTOR('',#1520,1.);
#1520 = DIRECTION('',(0.556159202001,0.83107577394));
#1521 = ( GEOMETRIC_REPRESENTATION_CONTEXT(2) 
PARAMETRIC_REPRESENTATION_CONTEXT() REPRESENTATION_CONTEXT('2D SPACE',''
  ) );
#1522 = PCURVE('',#1523,#1528);
#1523 = PLANE('',#1524);
#1524 = AXIS2_PLACEMENT_3D('',#1525,#1526,#1527);
#1525 = CARTESIAN_POINT('',(60.664100000053,-61.32809999998,0.));
#1526 = DIRECTION('',(-0.83107577394,-0.556159202001,0.));
#1527 = DIRECTION('',(-0.556159202001,0.83107577394,0.));
#1528 = DEFINITIONAL_REPRESENTATION('',(#1529),#1533);
#1529 = LINE('',#1530,#1531);
#1530 = CARTESIAN_POINT('',(0.,0.));
#1531 = VECTOR('',#1532,1.);
#1532 = DIRECTION('',(1.,0.));
#1533 = ( GEOMETRIC_REPRESENTATION_CONTEXT(2) 
PARAMETRIC_REPRESENTATION_CONTEXT() REPRESENTATION_CONTEXT('2D SPACE',''
  ) );
#1534 = ORIENTED_EDGE('',*,*,#1535,.T.);
#1535 = EDGE_CURVE('',#1508,#1536,#1538,.T.);
#1536 = VERTEX_POINT('',#1537);
#1537 = CARTESIAN_POINT('',(53.164100000053,-51.48439999998,0.));
#1538 = SURFACE_CURVE('',#1539,(#1543,#1550),.PCURVE_S1.);
#1539 = LINE('',#1540,#1541);
#1540 = CARTESIAN_POINT('',(57.226600000053,-56.19139999998,0.));
#1541 = VECTOR('',#1542,1.);
#1542 = DIRECTION('',(-0.653376971981,0.757032715597,0.));
#1543 = PCURVE('',#44,#1544);
#1544 = DEFINITIONAL_REPRESENTATION('',(#1545),#1549);
#1545 = LINE('',#1546,#1547);
#1546 = CARTESIAN_POINT('',(-48.33402143939,-66.33762080374));
#1547 = VECTOR('',#1548,1.);
#1548 = DIRECTION('',(0.653376971981,0.757032715597));
#1549 = ( GEOMETRIC_REPRESENTATION_CONTEXT(2) 
PARAMETRIC_REPRESENTATION_CONTEXT() REPRESENTATION_CONTEXT('2D SPACE',''
  ) );
#1550 = PCURVE('',#1551,#1556);
#1551 = PLANE('',#1552);
#1552 = AXIS2_PLACEMENT_3D('',#1553,#1554,#1555);
#1553 = CARTESIAN_POINT('',(57.226600000053,-56.19139999998,0.));
#1554 = DIRECTION('',(-0.757032715597,-0.653376971981,0.));
#1555 = DIRECTION('',(-0.653376971981,0.757032715597,0.));
#1556 = DEFINITIONAL_REPRESENTATION('',(#1557),#1561);
#1557 = LINE('',#1558,#1559);
#1558 = CARTESIAN_POINT('',(0.,0.));
#1559 = VECTOR('',#1560,1.);
#1560 = DIRECTION('',(1.,0.));
#1561 = ( GEOMETRIC_REPRESENTATION_CONTEXT(2) 
PARAMETRIC_REPRESENTATION_CONTEXT() REPRESENTATION_CONTEXT('2D SPACE',''
  ) );
#1562 = ORIENTED_EDGE('',*,*,#1563,.T.);
#1563 = EDGE_CURVE('',#1536,#1564,#1566,.T.);
#1564 = VERTEX_POINT('',#1565);
#1565 = CARTESIAN_POINT('',(48.671899999958,-47.24609999998,0.));
#1566 = SURFACE_CURVE('',#1567,(#1571,#1578),.PCURVE_S1.);
#1567 = LINE('',#1568,#1569);
#1568 = CARTESIAN_POINT('',(53.164100000053,-51.48439999998,0.));
#1569 = VECTOR('',#1570,1.);
#1570 = DIRECTION('',(-0.727363305721,0.686252593066,0.));
#1571 = PCURVE('',#44,#1572);
#1572 = DEFINITIONAL_REPRESENTATION('',(#1573),#1577);
#1573 = LINE('',#1574,#1575);
#1574 = CARTESIAN_POINT('',(-44.27152143939,-61.63062080374));
#1575 = VECTOR('',#1576,1.);
#1576 = DIRECTION('',(0.727363305721,0.686252593066));
#1577 = ( GEOMETRIC_REPRESENTATION_CONTEXT(2) 
PARAMETRIC_REPRESENTATION_CONTEXT() REPRESENTATION_CONTEXT('2D SPACE',''
  ) );
#1578 = PCURVE('',#1579,#1584);
#1579 = PLANE('',#1580);
#1580 = AXIS2_PLACEMENT_3D('',#1581,#1582,#1583);
#1581 = CARTESIAN_POINT('',(53.164100000053,-51.48439999998,0.));
#1582 = DIRECTION('',(-0.686252593066,-0.727363305721,0.));
#1583 = DIRECTION('',(-0.727363305721,0.686252593066,0.));
#1584 = DEFINITIONAL_REPRESENTATION('',(#1585),#1589);
#1585 = LINE('',#1586,#1587);
#1586 = CARTESIAN_POINT('',(0.,0.));
#1587 = VECTOR('',#1588,1.);
#1588 = DIRECTION('',(1.,0.));
#1589 = ( GEOMETRIC_REPRESENTATION_CONTEXT(2) 
PARAMETRIC_REPRESENTATION_CONTEXT() REPRESENTATION_CONTEXT('2D SPACE',''
  ) );
#1590 = ORIENTED_EDGE('',*,*,#1591,.T.);
#1591 = EDGE_CURVE('',#1564,#1592,#1594,.T.);
#1592 = VERTEX_POINT('',#1593);
#1593 = CARTESIAN_POINT('',(43.671899999958,-43.55469999997,0.));
#1594 = SURFACE_CURVE('',#1595,(#1599,#1606),.PCURVE_S1.);
#1595 = LINE('',#1596,#1597);
#1596 = CARTESIAN_POINT('',(48.671899999958,-47.24609999998,0.));
#1597 = VECTOR('',#1598,1.);
#1598 = DIRECTION('',(-0.804503053187,0.593948514109,0.));
#1599 = PCURVE('',#44,#1600);
#1600 = DEFINITIONAL_REPRESENTATION('',(#1601),#1605);
#1601 = LINE('',#1602,#1603);
#1602 = CARTESIAN_POINT('',(-39.77932143929,-57.39232080374));
#1603 = VECTOR('',#1604,1.);
#1604 = DIRECTION('',(0.804503053187,0.593948514109));
#1605 = ( GEOMETRIC_REPRESENTATION_CONTEXT(2) 
PARAMETRIC_REPRESENTATION_CONTEXT() REPRESENTATION_CONTEXT('2D SPACE',''
  ) );
#1606 = PCURVE('',#1607,#1612);
#1607 = PLANE('',#1608);
#1608 = AXIS2_PLACEMENT_3D('',#1609,#1610,#1611);
#1609 = CARTESIAN_POINT('',(48.671899999958,-47.24609999998,0.));
#1610 = DIRECTION('',(-0.593948514109,-0.804503053187,0.));
#1611 = DIRECTION('',(-0.804503053187,0.593948514109,0.));
#1612 = DEFINITIONAL_REPRESENTATION('',(#1613),#1617);
#1613 = LINE('',#1614,#1615);
#1614 = CARTESIAN_POINT('',(0.,0.));
#1615 = VECTOR('',#1616,1.);
#1616 = DIRECTION('',(1.,0.));
#1617 = ( GEOMETRIC_REPRESENTATION_CONTEXT(2) 
PARAMETRIC_REPRESENTATION_CONTEXT() REPRESENTATION_CONTEXT('2D SPACE',''
  ) );
#1618 = ORIENTED_EDGE('',*,*,#1619,.T.);
#1619 = EDGE_CURVE('',#1592,#1620,#1622,.T.);
#1620 = VERTEX_POINT('',#1621);
#1621 = CARTESIAN_POINT('',(38.320300000021,-40.4492,0.));
#1622 = SURFACE_CURVE('',#1623,(#1627,#1634),.PCURVE_S1.);
#1623 = LINE('',#1624,#1625);
#1624 = CARTESIAN_POINT('',(43.671899999958,-43.55469999997,0.));
#1625 = VECTOR('',#1626,1.);
#1626 = DIRECTION('',(-0.86492090359,0.501908189347,0.));
#1627 = PCURVE('',#44,#1628);
#1628 = DEFINITIONAL_REPRESENTATION('',(#1629),#1633);
#1629 = LINE('',#1630,#1631);
#1630 = CARTESIAN_POINT('',(-34.77932143929,-53.70092080373));
#1631 = VECTOR('',#1632,1.);
#1632 = DIRECTION('',(0.86492090359,0.501908189347));
#1633 = ( GEOMETRIC_REPRESENTATION_CONTEXT(2) 
PARAMETRIC_REPRESENTATION_CONTEXT() REPRESENTATION_CONTEXT('2D SPACE',''
  ) );
#1634 = PCURVE('',#1635,#1640);
#1635 = PLANE('',#1636);
#1636 = AXIS2_PLACEMENT_3D('',#1637,#1638,#1639);
#1637 = CARTESIAN_POINT('',(43.671899999958,-43.55469999997,0.));
#1638 = DIRECTION('',(-0.501908189347,-0.86492090359,0.));
#1639 = DIRECTION('',(-0.86492090359,0.501908189347,0.));
#1640 = DEFINITIONAL_REPRESENTATION('',(#1641),#1645);
#1641 = LINE('',#1642,#1643);
#1642 = CARTESIAN_POINT('',(0.,0.));
#1643 = VECTOR('',#1644,1.);
#1644 = DIRECTION('',(1.,0.));
#1645 = ( GEOMETRIC_REPRESENTATION_CONTEXT(2) 
PARAMETRIC_REPRESENTATION_CONTEXT() REPRESENTATION_CONTEXT('2D SPACE',''
  ) );
#1646 = ORIENTED_EDGE('',*,*,#1647,.T.);
#1647 = EDGE_CURVE('',#1620,#1648,#1650,.T.);
#1648 = VERTEX_POINT('',#1649);
#1649 = CARTESIAN_POINT('',(32.656300000031,-37.9492,0.));
#1650 = SURFACE_CURVE('',#1651,(#1655,#1662),.PCURVE_S1.);
#1651 = LINE('',#1652,#1653);
#1652 = CARTESIAN_POINT('',(38.320300000021,-40.4492,0.));
#1653 = VECTOR('',#1654,1.);
#1654 = DIRECTION('',(-0.914847612638,0.403799264054,0.));
#1655 = PCURVE('',#44,#1656);
#1656 = DEFINITIONAL_REPRESENTATION('',(#1657),#1661);
#1657 = LINE('',#1658,#1659);
#1658 = CARTESIAN_POINT('',(-29.42772143936,-50.59542080376));
#1659 = VECTOR('',#1660,1.);
#1660 = DIRECTION('',(0.914847612638,0.403799264054));
#1661 = ( GEOMETRIC_REPRESENTATION_CONTEXT(2) 
PARAMETRIC_REPRESENTATION_CONTEXT() REPRESENTATION_CONTEXT('2D SPACE',''
  ) );
#1662 = PCURVE('',#1663,#1668);
#1663 = PLANE('',#1664);
#1664 = AXIS2_PLACEMENT_3D('',#1665,#1666,#1667);
#1665 = CARTESIAN_POINT('',(38.320300000021,-40.4492,0.));
#1666 = DIRECTION('',(-0.403799264054,-0.914847612638,0.));
#1667 = DIRECTION('',(-0.914847612638,0.403799264054,0.));
#1668 = DEFINITIONAL_REPRESENTATION('',(#1669),#1673);
#1669 = LINE('',#1670,#1671);
#1670 = CARTESIAN_POINT('',(0.,0.));
#1671 = VECTOR('',#1672,1.);
#1672 = DIRECTION('',(1.,0.));
#1673 = ( GEOMETRIC_REPRESENTATION_CONTEXT(2) 
PARAMETRIC_REPRESENTATION_CONTEXT() REPRESENTATION_CONTEXT('2D SPACE',''
  ) );
#1674 = ORIENTED_EDGE('',*,*,#1675,.T.);
#1675 = EDGE_CURVE('',#1648,#1676,#1678,.T.);
#1676 = VERTEX_POINT('',#1677);
#1677 = CARTESIAN_POINT('',(26.718699999969,-36.09369999999,0.));
#1678 = SURFACE_CURVE('',#1679,(#1683,#1690),.PCURVE_S1.);
#1679 = LINE('',#1680,#1681);
#1680 = CARTESIAN_POINT('',(32.656300000031,-37.9492,0.));
#1681 = VECTOR('',#1682,1.);
#1682 = DIRECTION('',(-0.954479978036,0.298274993134,0.));
#1683 = PCURVE('',#44,#1684);
#1684 = DEFINITIONAL_REPRESENTATION('',(#1685),#1689);
#1685 = LINE('',#1686,#1687);
#1686 = CARTESIAN_POINT('',(-23.76372143937,-48.09542080376));
#1687 = VECTOR('',#1688,1.);
#1688 = DIRECTION('',(0.954479978036,0.298274993134));
#1689 = ( GEOMETRIC_REPRESENTATION_CONTEXT(2) 
PARAMETRIC_REPRESENTATION_CONTEXT() REPRESENTATION_CONTEXT('2D SPACE',''
  ) );
#1690 = PCURVE('',#1691,#1696);
#1691 = PLANE('',#1692);
#1692 = AXIS2_PLACEMENT_3D('',#1693,#1694,#1695);
#1693 = CARTESIAN_POINT('',(32.656300000031,-37.9492,0.));
#1694 = DIRECTION('',(-0.298274993134,-0.954479978036,0.));
#1695 = DIRECTION('',(-0.954479978036,0.298274993134,0.));
#1696 = DEFINITIONAL_REPRESENTATION('',(#1697),#1701);
#1697 = LINE('',#1698,#1699);
#1698 = CARTESIAN_POINT('',(0.,0.));
#1699 = VECTOR('',#1700,1.);
#1700 = DIRECTION('',(1.,0.));
#1701 = ( GEOMETRIC_REPRESENTATION_CONTEXT(2) 
PARAMETRIC_REPRESENTATION_CONTEXT() REPRESENTATION_CONTEXT('2D SPACE',''
  ) );
#1702 = ORIENTED_EDGE('',*,*,#1703,.T.);
#1703 = EDGE_CURVE('',#1676,#1704,#1706,.T.);
#1704 = VERTEX_POINT('',#1705);
#1705 = CARTESIAN_POINT('',(20.664100000053,-34.92189999998,0.));
#1706 = SURFACE_CURVE('',#1707,(#1711,#1718),.PCURVE_S1.);
#1707 = LINE('',#1708,#1709);
#1708 = CARTESIAN_POINT('',(26.718699999969,-36.09369999999,0.));
#1709 = VECTOR('',#1710,1.);
#1710 = DIRECTION('',(-0.981781607087,0.190012831106,0.));
#1711 = PCURVE('',#44,#1712);
#1712 = DEFINITIONAL_REPRESENTATION('',(#1713),#1717);
#1713 = LINE('',#1714,#1715);
#1714 = CARTESIAN_POINT('',(-17.8261214393,-46.23992080375));
#1715 = VECTOR('',#1716,1.);
#1716 = DIRECTION('',(0.981781607087,0.190012831106));
#1717 = ( GEOMETRIC_REPRESENTATION_CONTEXT(2) 
PARAMETRIC_REPRESENTATION_CONTEXT() REPRESENTATION_CONTEXT('2D SPACE',''
  ) );
#1718 = PCURVE('',#1719,#1724);
#1719 = PLANE('',#1720);
#1720 = AXIS2_PLACEMENT_3D('',#1721,#1722,#1723);
#1721 = CARTESIAN_POINT('',(26.718699999969,-36.09369999999,0.));
#1722 = DIRECTION('',(-0.190012831106,-0.981781607087,0.));
#1723 = DIRECTION('',(-0.981781607087,0.190012831106,0.));
#1724 = DEFINITIONAL_REPRESENTATION('',(#1725),#1729);
#1725 = LINE('',#1726,#1727);
#1726 = CARTESIAN_POINT('',(0.,0.));
#1727 = VECTOR('',#1728,1.);
#1728 = DIRECTION('',(1.,0.));
#1729 = ( GEOMETRIC_REPRESENTATION_CONTEXT(2) 
PARAMETRIC_REPRESENTATION_CONTEXT() REPRESENTATION_CONTEXT('2D SPACE',''
  ) );
#1730 = ORIENTED_EDGE('',*,*,#1731,.T.);
#1731 = EDGE_CURVE('',#1704,#1732,#1734,.T.);
#1732 = VERTEX_POINT('',#1733);
#1733 = CARTESIAN_POINT('',(14.453100000042,-34.45309999998,0.));
#1734 = SURFACE_CURVE('',#1735,(#1739,#1746),.PCURVE_S1.);
#1735 = LINE('',#1736,#1737);
#1736 = CARTESIAN_POINT('',(20.664100000053,-34.92189999998,0.));
#1737 = VECTOR('',#1738,1.);
#1738 = DIRECTION('',(-0.997163574881,7.526489839092E-02,0.));
#1739 = PCURVE('',#44,#1740);
#1740 = DEFINITIONAL_REPRESENTATION('',(#1741),#1745);
#1741 = LINE('',#1742,#1743);
#1742 = CARTESIAN_POINT('',(-11.77152143939,-45.06812080374));
#1743 = VECTOR('',#1744,1.);
#1744 = DIRECTION('',(0.997163574881,7.526489839092E-02));
#1745 = ( GEOMETRIC_REPRESENTATION_CONTEXT(2) 
PARAMETRIC_REPRESENTATION_CONTEXT() REPRESENTATION_CONTEXT('2D SPACE',''
  ) );
#1746 = PCURVE('',#1747,#1752);
#1747 = PLANE('',#1748);
#1748 = AXIS2_PLACEMENT_3D('',#1749,#1750,#1751);
#1749 = CARTESIAN_POINT('',(20.664100000053,-34.92189999998,0.));
#1750 = DIRECTION('',(-7.526489839092E-02,-0.997163574881,0.));
#1751 = DIRECTION('',(-0.997163574881,7.526489839092E-02,0.));
#1752 = DEFINITIONAL_REPRESENTATION('',(#1753),#1757);
#1753 = LINE('',#1754,#1755);
#1754 = CARTESIAN_POINT('',(0.,0.));
#1755 = VECTOR('',#1756,1.);
#1756 = DIRECTION('',(1.,0.));
#1757 = ( GEOMETRIC_REPRESENTATION_CONTEXT(2) 
PARAMETRIC_REPRESENTATION_CONTEXT() REPRESENTATION_CONTEXT('2D SPACE',''
  ) );
#1758 = ORIENTED_EDGE('',*,*,#1759,.T.);
#1759 = EDGE_CURVE('',#1732,#22,#1760,.T.);
#1760 = SURFACE_CURVE('',#1761,(#1765,#1772),.PCURVE_S1.);
#1761 = LINE('',#1762,#1763);
#1762 = CARTESIAN_POINT('',(14.453100000042,-34.45309999998,0.));
#1763 = VECTOR('',#1764,1.);
#1764 = DIRECTION('',(-0.999394346182,-3.479857497244E-02,0.));
#1765 = PCURVE('',#44,#1766);
#1766 = DEFINITIONAL_REPRESENTATION('',(#1767),#1771);
#1767 = LINE('',#1768,#1769);
#1768 = CARTESIAN_POINT('',(-5.560521439382,-44.59932080374));
#1769 = VECTOR('',#1770,1.);
#1770 = DIRECTION('',(0.999394346182,-3.479857497244E-02));
#1771 = ( GEOMETRIC_REPRESENTATION_CONTEXT(2) 
PARAMETRIC_REPRESENTATION_CONTEXT() REPRESENTATION_CONTEXT('2D SPACE',''
  ) );
#1772 = PCURVE('',#72,#1773);
#1773 = DEFINITIONAL_REPRESENTATION('',(#1774),#1778);
#1774 = LINE('',#1775,#1776);
#1775 = CARTESIAN_POINT('',(0.,0.));
#1776 = VECTOR('',#1777,1.);
#1777 = DIRECTION('',(1.,0.));
#1778 = ( GEOMETRIC_REPRESENTATION_CONTEXT(2) 
PARAMETRIC_REPRESENTATION_CONTEXT() REPRESENTATION_CONTEXT('2D SPACE',''
  ) );
#1779 = ADVANCED_FACE('',(#1780),#72,.T.);
#1780 = FACE_BOUND('',#1781,.T.);
#1781 = EDGE_LOOP('',(#1782,#1783,#1806,#1833,#1853));
#1782 = ORIENTED_EDGE('',*,*,#1759,.F.);
#1783 = ORIENTED_EDGE('',*,*,#1784,.T.);
#1784 = EDGE_CURVE('',#1732,#1785,#1787,.T.);
#1785 = VERTEX_POINT('',#1786);
#1786 = CARTESIAN_POINT('',(14.453100000042,-34.45309999998,7.5));
#1787 = SURFACE_CURVE('',#1788,(#1792,#1799),.PCURVE_S1.);
#1788 = LINE('',#1789,#1790);
#1789 = CARTESIAN_POINT('',(14.453100000042,-34.45309999998,0.));
#1790 = VECTOR('',#1791,1.);
#1791 = DIRECTION('',(0.,0.,1.));
#1792 = PCURVE('',#72,#1793);
#1793 = DEFINITIONAL_REPRESENTATION('',(#1794),#1798);
#1794 = LINE('',#1795,#1796);
#1795 = CARTESIAN_POINT('',(0.,0.));
#1796 = VECTOR('',#1797,1.);
#1797 = DIRECTION('',(0.,-1.));
#1798 = ( GEOMETRIC_REPRESENTATION_CONTEXT(2) 
PARAMETRIC_REPRESENTATION_CONTEXT() REPRESENTATION_CONTEXT('2D SPACE',''
  ) );
#1799 = PCURVE('',#1747,#1800);
#1800 = DEFINITIONAL_REPRESENTATION('',(#1801),#1805);
#1801 = LINE('',#1802,#1803);
#1802 = CARTESIAN_POINT('',(6.228667147964,0.));
#1803 = VECTOR('',#1804,1.);
#1804 = DIRECTION('',(0.,-1.));
#1805 = ( GEOMETRIC_REPRESENTATION_CONTEXT(2) 
PARAMETRIC_REPRESENTATION_CONTEXT() REPRESENTATION_CONTEXT('2D SPACE',''
  ) );
#1806 = ORIENTED_EDGE('',*,*,#1807,.T.);
#1807 = EDGE_CURVE('',#1785,#1808,#1810,.T.);
#1808 = VERTEX_POINT('',#1809);
#1809 = CARTESIAN_POINT('',(12.359058965594,-34.52601380444,7.5));
#1810 = SURFACE_CURVE('',#1811,(#1815,#1821),.PCURVE_S1.);
#1811 = LINE('',#1812,#1813);
#1812 = CARTESIAN_POINT('',(11.413449163568,-34.55893961967,7.5));
#1813 = VECTOR('',#1814,1.);
#1814 = DIRECTION('',(-0.999394346182,-3.479857497244E-02,0.));
#1815 = PCURVE('',#72,#1816);
#1816 = DEFINITIONAL_REPRESENTATION('',(#1817),#1820);
#1817 = B_SPLINE_CURVE_WITH_KNOTS('',1,(#1818,#1819),.UNSPECIFIED.,.F.,
  .F.,(2,2),(-3.04149292828,3.134047311258),.PIECEWISE_BEZIER_KNOTS.);
#1818 = CARTESIAN_POINT('',(0.,-7.5));
#1819 = CARTESIAN_POINT('',(6.175540239537,-7.5));
#1820 = ( GEOMETRIC_REPRESENTATION_CONTEXT(2) 
PARAMETRIC_REPRESENTATION_CONTEXT() REPRESENTATION_CONTEXT('2D SPACE',''
  ) );
#1821 = PCURVE('',#1822,#1827);
#1822 = PLANE('',#1823);
#1823 = AXIS2_PLACEMENT_3D('',#1824,#1825,#1826);
#1824 = CARTESIAN_POINT('',(-37.72431942855,9.421505070932,7.5));
#1825 = DIRECTION('',(0.,0.,-1.));
#1826 = DIRECTION('',(0.999952048321,9.792908634317E-03,0.));
#1827 = DEFINITIONAL_REPRESENTATION('',(#1828),#1832);
#1828 = LINE('',#1829,#1830);
#1829 = CARTESIAN_POINT('',(48.704715877043,44.45953743274));
#1830 = VECTOR('',#1831,1.);
#1831 = DIRECTION('',(-0.99968720281,2.500992880052E-02));
#1832 = ( GEOMETRIC_REPRESENTATION_CONTEXT(2) 
PARAMETRIC_REPRESENTATION_CONTEXT() REPRESENTATION_CONTEXT('2D SPACE',''
  ) );
#1833 = ORIENTED_EDGE('',*,*,#1834,.T.);
#1834 = EDGE_CURVE('',#1808,#57,#1835,.T.);
#1835 = SURFACE_CURVE('',#1836,(#1840,#1846),.PCURVE_S1.);
#1836 = LINE('',#1837,#1838);
#1837 = CARTESIAN_POINT('',(11.413449163568,-34.55893961967,7.5));
#1838 = VECTOR('',#1839,1.);
#1839 = DIRECTION('',(-0.999394346182,-3.479857497244E-02,0.));
#1840 = PCURVE('',#72,#1841);
#1841 = DEFINITIONAL_REPRESENTATION('',(#1842),#1845);
#1842 = B_SPLINE_CURVE_WITH_KNOTS('',1,(#1843,#1844),.UNSPECIFIED.,.F.,
  .F.,(2,2),(-3.04149292828,3.134047311258),.PIECEWISE_BEZIER_KNOTS.);
#1843 = CARTESIAN_POINT('',(0.,-7.5));
#1844 = CARTESIAN_POINT('',(6.175540239537,-7.5));
#1845 = ( GEOMETRIC_REPRESENTATION_CONTEXT(2) 
PARAMETRIC_REPRESENTATION_CONTEXT() REPRESENTATION_CONTEXT('2D SPACE',''
  ) );
#1846 = PCURVE('',#100,#1847);
#1847 = DEFINITIONAL_REPRESENTATION('',(#1848),#1852);
#1848 = LINE('',#1849,#1850);
#1849 = CARTESIAN_POINT('',(52.628738164461,-30.70253749741));
#1850 = VECTOR('',#1851,1.);
#1851 = DIRECTION('',(-0.999394346182,-3.479857497244E-02));
#1852 = ( GEOMETRIC_REPRESENTATION_CONTEXT(2) 
PARAMETRIC_REPRESENTATION_CONTEXT() REPRESENTATION_CONTEXT('2D SPACE',''
  ) );
#1853 = ORIENTED_EDGE('',*,*,#56,.F.);
#1854 = ADVANCED_FACE('',(#1855),#100,.T.);
#1855 = FACE_BOUND('',#1856,.T.);
#1856 = EDGE_LOOP('',(#1857,#1858,#1859,#1887,#1915));
#1857 = ORIENTED_EDGE('',*,*,#84,.F.);
#1858 = ORIENTED_EDGE('',*,*,#1834,.F.);
#1859 = ORIENTED_EDGE('',*,*,#1860,.F.);
#1860 = EDGE_CURVE('',#1861,#1808,#1863,.T.);
#1861 = VERTEX_POINT('',#1862);
#1862 = CARTESIAN_POINT('',(11.599195719697,-34.51245704866,7.5));
#1863 = SURFACE_CURVE('',#1864,(#1868,#1875),.PCURVE_S1.);
#1864 = LINE('',#1865,#1866);
#1865 = CARTESIAN_POINT('',(11.599195719697,-34.51245704866,7.5));
#1866 = VECTOR('',#1867,1.);
#1867 = DIRECTION('',(0.999840886507,-1.783820810577E-02,0.));
#1868 = PCURVE('',#100,#1869);
#1869 = DEFINITIONAL_REPRESENTATION('',(#1870),#1874);
#1870 = LINE('',#1871,#1872);
#1871 = CARTESIAN_POINT('',(52.814484720589,-30.6560549264));
#1872 = VECTOR('',#1873,1.);
#1873 = DIRECTION('',(0.999840886507,-1.783820810577E-02));
#1874 = ( GEOMETRIC_REPRESENTATION_CONTEXT(2) 
PARAMETRIC_REPRESENTATION_CONTEXT() REPRESENTATION_CONTEXT('2D SPACE',''
  ) );
#1875 = PCURVE('',#1876,#1881);
#1876 = B_SPLINE_SURFACE_WITH_KNOTS('',1,1,(
    (#1877,#1878)
    ,(#1879,#1880
    )),.UNSPECIFIED.,.F.,.F.,.F.,(2,2),(2,2),(0.,2.219960859044),(0.,1.)
  ,.PIECEWISE_BEZIER_KNOTS.);
#1877 = CARTESIAN_POINT('',(11.599195719697,-34.51245704866,7.5));
#1878 = CARTESIAN_POINT('',(11.184188966562,-29.39634825097,15.));
#1879 = CARTESIAN_POINT('',(13.818803353015,-34.55205717245,7.5));
#1880 = CARTESIAN_POINT('',(13.106879167026,-29.28586134925,15.));
#1881 = DEFINITIONAL_REPRESENTATION('',(#1882),#1886);
#1882 = LINE('',#1883,#1884);
#1883 = CARTESIAN_POINT('',(0.,0.));
#1884 = VECTOR('',#1885,1.);
#1885 = DIRECTION('',(1.,0.));
#1886 = ( GEOMETRIC_REPRESENTATION_CONTEXT(2) 
PARAMETRIC_REPRESENTATION_CONTEXT() REPRESENTATION_CONTEXT('2D SPACE',''
  ) );
#1887 = ORIENTED_EDGE('',*,*,#1888,.F.);
#1888 = EDGE_CURVE('',#1889,#1861,#1891,.T.);
#1889 = VERTEX_POINT('',#1890);
#1890 = CARTESIAN_POINT('',(8.137903530509,-34.6063072964,7.5));
#1891 = SURFACE_CURVE('',#1892,(#1896,#1903),.PCURVE_S1.);
#1892 = LINE('',#1893,#1894);
#1893 = CARTESIAN_POINT('',(5.862614138401,-34.668,7.5));
#1894 = VECTOR('',#1895,1.);
#1895 = DIRECTION('',(0.99963261202,2.710426140115E-02,0.));
#1896 = PCURVE('',#100,#1897);
#1897 = DEFINITIONAL_REPRESENTATION('',(#1898),#1902);
#1898 = LINE('',#1899,#1900);
#1899 = CARTESIAN_POINT('',(47.077903139294,-30.81159787774));
#1900 = VECTOR('',#1901,1.);
#1901 = DIRECTION('',(0.99963261202,2.710426140115E-02));
#1902 = ( GEOMETRIC_REPRESENTATION_CONTEXT(2) 
PARAMETRIC_REPRESENTATION_CONTEXT() REPRESENTATION_CONTEXT('2D SPACE',''
  ) );
#1903 = PCURVE('',#1904,#1909);
#1904 = B_SPLINE_SURFACE_WITH_KNOTS('',1,1,(
    (#1905,#1906)
    ,(#1907,#1908
    )),.UNSPECIFIED.,.F.,.F.,.F.,(2,2),(2,2),(2.276125613299,
    5.738689906988),(0.,1.),.PIECEWISE_BEZIER_KNOTS.);
#1905 = CARTESIAN_POINT('',(8.137903530509,-34.6063072964,7.5));
#1906 = CARTESIAN_POINT('',(8.157085138257,-29.57029999999,15.));
#1907 = CARTESIAN_POINT('',(11.599195719697,-34.51245704866,7.5));
#1908 = CARTESIAN_POINT('',(11.184188966562,-29.39634825097,15.));
#1909 = DEFINITIONAL_REPRESENTATION('',(#1910),#1914);
#1910 = LINE('',#1911,#1912);
#1911 = CARTESIAN_POINT('',(0.,0.));
#1912 = VECTOR('',#1913,1.);
#1913 = DIRECTION('',(1.,0.));
#1914 = ( GEOMETRIC_REPRESENTATION_CONTEXT(2) 
PARAMETRIC_REPRESENTATION_CONTEXT() REPRESENTATION_CONTEXT('2D SPACE',''
  ) );
#1915 = ORIENTED_EDGE('',*,*,#1916,.F.);
#1916 = EDGE_CURVE('',#85,#1889,#1917,.T.);
#1917 = SURFACE_CURVE('',#1918,(#1922,#1929),.PCURVE_S1.);
#1918 = LINE('',#1919,#1920);
#1919 = CARTESIAN_POINT('',(5.862614138401,-34.668,7.5));
#1920 = VECTOR('',#1921,1.);
#1921 = DIRECTION('',(0.99963261202,2.710426140115E-02,0.));
#1922 = PCURVE('',#100,#1923);
#1923 = DEFINITIONAL_REPRESENTATION('',(#1924),#1928);
#1924 = LINE('',#1925,#1926);
#1925 = CARTESIAN_POINT('',(47.077903139294,-30.81159787774));
#1926 = VECTOR('',#1927,1.);
#1927 = DIRECTION('',(0.99963261202,2.710426140115E-02));
#1928 = ( GEOMETRIC_REPRESENTATION_CONTEXT(2) 
PARAMETRIC_REPRESENTATION_CONTEXT() REPRESENTATION_CONTEXT('2D SPACE',''
  ) );
#1929 = PCURVE('',#1930,#1935);
#1930 = B_SPLINE_SURFACE_WITH_KNOTS('',1,1,(
    (#1931,#1932)
    ,(#1933,#1934
    )),.UNSPECIFIED.,.F.,.F.,.F.,(2,2),(2,2),(0.,2.276125613299),(0.,1.)
  ,.PIECEWISE_BEZIER_KNOTS.);
#1931 = CARTESIAN_POINT('',(5.862614138401,-34.668,7.5));
#1932 = CARTESIAN_POINT('',(6.172509846386,-29.4434863812,15.));
#1933 = CARTESIAN_POINT('',(8.137903530509,-34.6063072964,7.5));
#1934 = CARTESIAN_POINT('',(8.157085138257,-29.57029999999,15.));
#1935 = DEFINITIONAL_REPRESENTATION('',(#1936),#1940);
#1936 = LINE('',#1937,#1938);
#1937 = CARTESIAN_POINT('',(0.,0.));
#1938 = VECTOR('',#1939,1.);
#1939 = DIRECTION('',(1.,0.));
#1940 = ( GEOMETRIC_REPRESENTATION_CONTEXT(2) 
PARAMETRIC_REPRESENTATION_CONTEXT() REPRESENTATION_CONTEXT('2D SPACE',''
  ) );
#1941 = ADVANCED_FACE('',(#1942),#128,.T.);
#1942 = FACE_BOUND('',#1943,.T.);
#1943 = EDGE_LOOP('',(#1944,#1945,#1967,#1994));
#1944 = ORIENTED_EDGE('',*,*,#112,.T.);
#1945 = ORIENTED_EDGE('',*,*,#1946,.T.);
#1946 = EDGE_CURVE('',#85,#1947,#1949,.T.);
#1947 = VERTEX_POINT('',#1948);
#1948 = CARTESIAN_POINT('',(6.172509846386,-29.4434863812,15.));
#1949 = SURFACE_CURVE('',#1950,(#1953,#1960),.PCURVE_S1.);
#1950 = B_SPLINE_CURVE_WITH_KNOTS('',1,(#1951,#1952),.UNSPECIFIED.,.F.,
  .F.,(2,2),(0.,1.),.PIECEWISE_BEZIER_KNOTS.);
#1951 = CARTESIAN_POINT('',(5.862614138401,-34.668,7.5));
#1952 = CARTESIAN_POINT('',(6.172509846386,-29.4434863812,15.));
#1953 = PCURVE('',#128,#1954);
#1954 = DEFINITIONAL_REPRESENTATION('',(#1955),#1959);
#1955 = LINE('',#1956,#1957);
#1956 = CARTESIAN_POINT('',(5.740225507063,0.));
#1957 = VECTOR('',#1958,1.);
#1958 = DIRECTION('',(0.,1.));
#1959 = ( GEOMETRIC_REPRESENTATION_CONTEXT(2) 
PARAMETRIC_REPRESENTATION_CONTEXT() REPRESENTATION_CONTEXT('2D SPACE',''
  ) );
#1960 = PCURVE('',#1930,#1961);
#1961 = DEFINITIONAL_REPRESENTATION('',(#1962),#1966);
#1962 = LINE('',#1963,#1964);
#1963 = CARTESIAN_POINT('',(0.,0.));
#1964 = VECTOR('',#1965,1.);
#1965 = DIRECTION('',(0.,1.));
#1966 = ( GEOMETRIC_REPRESENTATION_CONTEXT(2) 
PARAMETRIC_REPRESENTATION_CONTEXT() REPRESENTATION_CONTEXT('2D SPACE',''
  ) );
#1967 = ORIENTED_EDGE('',*,*,#1968,.F.);
#1968 = EDGE_CURVE('',#1969,#1947,#1971,.T.);
#1969 = VERTEX_POINT('',#1970);
#1970 = CARTESIAN_POINT('',(3.209325465607,-29.25414000768,15.));
#1971 = SURFACE_CURVE('',#1972,(#1976,#1982),.PCURVE_S1.);
#1972 = LINE('',#1973,#1974);
#1973 = CARTESIAN_POINT('',(3.209325465607,-29.25414000768,15.));
#1974 = VECTOR('',#1975,1.);
#1975 = DIRECTION('',(0.997964649785,-6.376956781872E-02,0.));
#1976 = PCURVE('',#128,#1977);
#1977 = DEFINITIONAL_REPRESENTATION('',(#1978),#1981);
#1978 = B_SPLINE_CURVE_WITH_KNOTS('',1,(#1979,#1980),.UNSPECIFIED.,.F.,
  .F.,(2,2),(0.,2.96922779922),.PIECEWISE_BEZIER_KNOTS.);
#1979 = CARTESIAN_POINT('',(2.31519476938,1.));
#1980 = CARTESIAN_POINT('',(5.740225507063,1.));
#1981 = ( GEOMETRIC_REPRESENTATION_CONTEXT(2) 
PARAMETRIC_REPRESENTATION_CONTEXT() REPRESENTATION_CONTEXT('2D SPACE',''
  ) );
#1982 = PCURVE('',#1983,#1988);
#1983 = PLANE('',#1984);
#1984 = AXIS2_PLACEMENT_3D('',#1985,#1986,#1987);
#1985 = CARTESIAN_POINT('',(-31.61987994718,9.023109740045,15.));
#1986 = DIRECTION('',(0.,0.,-1.));
#1987 = DIRECTION('',(0.999295868566,3.752022210062E-02,0.));
#1988 = DEFINITIONAL_REPRESENTATION('',(#1989),#1993);
#1989 = LINE('',#1990,#1991);
#1990 = CARTESIAN_POINT('',(33.368510162507,39.557097055663));
#1991 = VECTOR('',#1992,1.);
#1992 = DIRECTION('',(0.994869303157,0.10116852097));
#1993 = ( GEOMETRIC_REPRESENTATION_CONTEXT(2) 
PARAMETRIC_REPRESENTATION_CONTEXT() REPRESENTATION_CONTEXT('2D SPACE',''
  ) );
#1994 = ORIENTED_EDGE('',*,*,#1995,.F.);
#1995 = EDGE_CURVE('',#113,#1969,#1996,.T.);
#1996 = SURFACE_CURVE('',#1997,(#2000,#2007),.PCURVE_S1.);
#1997 = B_SPLINE_CURVE_WITH_KNOTS('',1,(#1998,#1999),.UNSPECIFIED.,.F.,
  .F.,(2,2),(0.,1.),.PIECEWISE_BEZIER_KNOTS.);
#1998 = CARTESIAN_POINT('',(2.437583400718,-34.668,7.5));
#1999 = CARTESIAN_POINT('',(3.209325465607,-29.25414000768,15.));
#2000 = PCURVE('',#128,#2001);
#2001 = DEFINITIONAL_REPRESENTATION('',(#2002),#2006);
#2002 = LINE('',#2003,#2004);
#2003 = CARTESIAN_POINT('',(2.31519476938,0.));
#2004 = VECTOR('',#2005,1.);
#2005 = DIRECTION('',(0.,1.));
#2006 = ( GEOMETRIC_REPRESENTATION_CONTEXT(2) 
PARAMETRIC_REPRESENTATION_CONTEXT() REPRESENTATION_CONTEXT('2D SPACE',''
  ) );
#2007 = PCURVE('',#156,#2008);
#2008 = DEFINITIONAL_REPRESENTATION('',(#2009),#2013);
#2009 = LINE('',#2010,#2011);
#2010 = CARTESIAN_POINT('',(2.31519476938,0.));
#2011 = VECTOR('',#2012,1.);
#2012 = DIRECTION('',(0.,1.));
#2013 = ( GEOMETRIC_REPRESENTATION_CONTEXT(2) 
PARAMETRIC_REPRESENTATION_CONTEXT() REPRESENTATION_CONTEXT('2D SPACE',''
  ) );
#2014 = ADVANCED_FACE('',(#2015),#156,.T.);
#2015 = FACE_BOUND('',#2016,.T.);
#2016 = EDGE_LOOP('',(#2017,#2018,#2019,#2041));
#2017 = ORIENTED_EDGE('',*,*,#140,.T.);
#2018 = ORIENTED_EDGE('',*,*,#1995,.T.);
#2019 = ORIENTED_EDGE('',*,*,#2020,.F.);
#2020 = EDGE_CURVE('',#2021,#1969,#2023,.T.);
#2021 = VERTEX_POINT('',#2022);
#2022 = CARTESIAN_POINT('',(1.267669159429,-28.88422197562,15.));
#2023 = SURFACE_CURVE('',#2024,(#2028,#2034),.PCURVE_S1.);
#2024 = LINE('',#2025,#2026);
#2025 = CARTESIAN_POINT('',(-1.660208809189,-28.32641220628,15.));
#2026 = VECTOR('',#2027,1.);
#2027 = DIRECTION('',(0.982331243832,-0.187150547396,0.));
#2028 = PCURVE('',#156,#2029);
#2029 = DEFINITIONAL_REPRESENTATION('',(#2030),#2033);
#2030 = B_SPLINE_CURVE_WITH_KNOTS('',1,(#2031,#2032),.UNSPECIFIED.,.F.,
  .F.,(2,2),(2.980540410377,4.957120426913),.PIECEWISE_BEZIER_KNOTS.);
#2031 = CARTESIAN_POINT('',(0.,1.));
#2032 = CARTESIAN_POINT('',(2.31519476938,1.));
#2033 = ( GEOMETRIC_REPRESENTATION_CONTEXT(2) 
PARAMETRIC_REPRESENTATION_CONTEXT() REPRESENTATION_CONTEXT('2D SPACE',''
  ) );
#2034 = PCURVE('',#1983,#2035);
#2035 = DEFINITIONAL_REPRESENTATION('',(#2036),#2040);
#2036 = LINE('',#2037,#2038);
#2037 = CARTESIAN_POINT('',(28.537213233019,38.447316489048));
#2038 = VECTOR('',#2039,1.);
#2039 = DIRECTION('',(0.974617623421,0.223876055258));
#2040 = ( GEOMETRIC_REPRESENTATION_CONTEXT(2) 
PARAMETRIC_REPRESENTATION_CONTEXT() REPRESENTATION_CONTEXT('2D SPACE',''
  ) );
#2041 = ORIENTED_EDGE('',*,*,#2042,.F.);
#2042 = EDGE_CURVE('',#141,#2021,#2043,.T.);
#2043 = SURFACE_CURVE('',#2044,(#2047,#2054),.PCURVE_S1.);
#2044 = B_SPLINE_CURVE_WITH_KNOTS('',1,(#2045,#2046),.UNSPECIFIED.,.F.,
  .F.,(2,2),(0.,1.),.PIECEWISE_BEZIER_KNOTS.);
#2045 = CARTESIAN_POINT('',(0.122388631338,-34.668,7.5));
#2046 = CARTESIAN_POINT('',(1.267669159429,-28.88422197562,15.));
#2047 = PCURVE('',#156,#2048);
#2048 = DEFINITIONAL_REPRESENTATION('',(#2049),#2053);
#2049 = LINE('',#2050,#2051);
#2050 = CARTESIAN_POINT('',(0.,0.));
#2051 = VECTOR('',#2052,1.);
#2052 = DIRECTION('',(0.,1.));
#2053 = ( GEOMETRIC_REPRESENTATION_CONTEXT(2) 
PARAMETRIC_REPRESENTATION_CONTEXT() REPRESENTATION_CONTEXT('2D SPACE',''
  ) );
#2054 = PCURVE('',#2055,#2060);
#2055 = B_SPLINE_SURFACE_WITH_KNOTS('',1,1,(
    (#2056,#2057)
    ,(#2058,#2059
    )),.UNSPECIFIED.,.F.,.F.,.F.,(2,2),(2,2),(2.232456116311,
    5.696908596273),(0.,1.),.PIECEWISE_BEZIER_KNOTS.);
#2056 = CARTESIAN_POINT('',(-3.274653932578,-33.98790235638,7.5));
#2057 = CARTESIAN_POINT('',(-1.660208809189,-28.32641220628,15.));
#2058 = CARTESIAN_POINT('',(0.122388631338,-34.668,7.5));
#2059 = CARTESIAN_POINT('',(1.267669159429,-28.88422197562,15.));
#2060 = DEFINITIONAL_REPRESENTATION('',(#2061),#2065);
#2061 = LINE('',#2062,#2063);
#2062 = CARTESIAN_POINT('',(5.696908596273,0.));
#2063 = VECTOR('',#2064,1.);
#2064 = DIRECTION('',(0.,1.));
#2065 = ( GEOMETRIC_REPRESENTATION_CONTEXT(2) 
PARAMETRIC_REPRESENTATION_CONTEXT() REPRESENTATION_CONTEXT('2D SPACE',''
  ) );
#2066 = ADVANCED_FACE('',(#2067),#184,.T.);
#2067 = FACE_BOUND('',#2068,.T.);
#2068 = EDGE_LOOP('',(#2069,#2070,#2093,#2121,#2149,#2177,#2205,#2233,
    #2261,#2289,#2317,#2345,#2373,#2401,#2429,#2457,#2485,#2513,#2541,
    #2569,#2597,#2625,#2653,#2681,#2709,#2737,#2765,#2793,#2821,#2849,
    #2877,#2905,#2933,#2961,#2989,#3017,#3045,#3073,#3101,#3129,#3157,
    #3185,#3213,#3241,#3269,#3297,#3325,#3353,#3381,#3409,#3437,#3465,
    #3493,#3521,#3549,#3577,#3605,#3633,#3661,#3689,#3717,#3745,#3773,
    #3801,#3829,#3857));
#2069 = ORIENTED_EDGE('',*,*,#168,.F.);
#2070 = ORIENTED_EDGE('',*,*,#2071,.F.);
#2071 = EDGE_CURVE('',#2072,#141,#2074,.T.);
#2072 = VERTEX_POINT('',#2073);
#2073 = CARTESIAN_POINT('',(-3.274653932578,-33.98790235638,7.5));
#2074 = SURFACE_CURVE('',#2075,(#2079,#2086),.PCURVE_S1.);
#2075 = LINE('',#2076,#2077);
#2076 = CARTESIAN_POINT('',(-5.463671820122,-33.54965471033,7.5));
#2077 = VECTOR('',#2078,1.);
#2078 = DIRECTION('',(0.980542404194,-0.196307395628,0.));
#2079 = PCURVE('',#184,#2080);
#2080 = DEFINITIONAL_REPRESENTATION('',(#2081),#2085);
#2081 = LINE('',#2082,#2083);
#2082 = CARTESIAN_POINT('',(35.751617180771,-29.69325258808));
#2083 = VECTOR('',#2084,1.);
#2084 = DIRECTION('',(0.980542404194,-0.196307395628));
#2085 = ( GEOMETRIC_REPRESENTATION_CONTEXT(2) 
PARAMETRIC_REPRESENTATION_CONTEXT() REPRESENTATION_CONTEXT('2D SPACE',''
  ) );
#2086 = PCURVE('',#2055,#2087);
#2087 = DEFINITIONAL_REPRESENTATION('',(#2088),#2092);
#2088 = LINE('',#2089,#2090);
#2089 = CARTESIAN_POINT('',(0.,0.));
#2090 = VECTOR('',#2091,1.);
#2091 = DIRECTION('',(1.,0.));
#2092 = ( GEOMETRIC_REPRESENTATION_CONTEXT(2) 
PARAMETRIC_REPRESENTATION_CONTEXT() REPRESENTATION_CONTEXT('2D SPACE',''
  ) );
#2093 = ORIENTED_EDGE('',*,*,#2094,.F.);
#2094 = EDGE_CURVE('',#2095,#2072,#2097,.T.);
#2095 = VERTEX_POINT('',#2096);
#2096 = CARTESIAN_POINT('',(-5.463671820122,-33.54965471033,7.5));
#2097 = SURFACE_CURVE('',#2098,(#2102,#2109),.PCURVE_S1.);
#2098 = LINE('',#2099,#2100);
#2099 = CARTESIAN_POINT('',(-5.463671820122,-33.54965471033,7.5));
#2100 = VECTOR('',#2101,1.);
#2101 = DIRECTION('',(0.980542404194,-0.196307395628,0.));
#2102 = PCURVE('',#184,#2103);
#2103 = DEFINITIONAL_REPRESENTATION('',(#2104),#2108);
#2104 = LINE('',#2105,#2106);
#2105 = CARTESIAN_POINT('',(35.751617180771,-29.69325258808));
#2106 = VECTOR('',#2107,1.);
#2107 = DIRECTION('',(0.980542404194,-0.196307395628));
#2108 = ( GEOMETRIC_REPRESENTATION_CONTEXT(2) 
PARAMETRIC_REPRESENTATION_CONTEXT() REPRESENTATION_CONTEXT('2D SPACE',''
  ) );
#2109 = PCURVE('',#2110,#2115);
#2110 = B_SPLINE_SURFACE_WITH_KNOTS('',1,1,(
    (#2111,#2112)
    ,(#2113,#2114
    )),.UNSPECIFIED.,.F.,.F.,.F.,(2,2),(2,2),(0.,2.232456116311),(0.,1.)
  ,.PIECEWISE_BEZIER_KNOTS.);
#2111 = CARTESIAN_POINT('',(-5.463671820122,-33.54965471033,7.5));
#2112 = CARTESIAN_POINT('',(-3.476283528935,-27.73849301072,15.));
#2113 = CARTESIAN_POINT('',(-3.274653932578,-33.98790235638,7.5));
#2114 = CARTESIAN_POINT('',(-1.660208809189,-28.32641220628,15.));
#2115 = DEFINITIONAL_REPRESENTATION('',(#2116),#2120);
#2116 = LINE('',#2117,#2118);
#2117 = CARTESIAN_POINT('',(0.,0.));
#2118 = VECTOR('',#2119,1.);
#2119 = DIRECTION('',(1.,0.));
#2120 = ( GEOMETRIC_REPRESENTATION_CONTEXT(2) 
PARAMETRIC_REPRESENTATION_CONTEXT() REPRESENTATION_CONTEXT('2D SPACE',''
  ) );
#2121 = ORIENTED_EDGE('',*,*,#2122,.F.);
#2122 = EDGE_CURVE('',#2123,#2095,#2125,.T.);
#2123 = VERTEX_POINT('',#2124);
#2124 = CARTESIAN_POINT('',(-8.782206982034,-32.27452975717,7.5));
#2125 = SURFACE_CURVE('',#2126,(#2130,#2137),.PCURVE_S1.);
#2126 = LINE('',#2127,#2128);
#2127 = CARTESIAN_POINT('',(-10.81432881054,-31.49370052831,7.5));
#2128 = VECTOR('',#2129,1.);
#2129 = DIRECTION('',(0.93346192471,-0.35867650483,0.));
#2130 = PCURVE('',#184,#2131);
#2131 = DEFINITIONAL_REPRESENTATION('',(#2132),#2136);
#2132 = LINE('',#2133,#2134);
#2133 = CARTESIAN_POINT('',(30.400960190343,-27.63729840605));
#2134 = VECTOR('',#2135,1.);
#2135 = DIRECTION('',(0.93346192471,-0.35867650483));
#2136 = ( GEOMETRIC_REPRESENTATION_CONTEXT(2) 
PARAMETRIC_REPRESENTATION_CONTEXT() REPRESENTATION_CONTEXT('2D SPACE',''
  ) );
#2137 = PCURVE('',#2138,#2143);
#2138 = B_SPLINE_SURFACE_WITH_KNOTS('',1,1,(
    (#2139,#2140)
    ,(#2141,#2142
    )),.UNSPECIFIED.,.F.,.F.,.F.,(2,2),(2,2),(2.176973451967,
    5.732057032846),(0.,1.),.PIECEWISE_BEZIER_KNOTS.);
#2139 = CARTESIAN_POINT('',(-8.782206982034,-32.27452975717,7.5));
#2140 = CARTESIAN_POINT('',(-6.377307236311,-26.79934248692,15.));
#2141 = CARTESIAN_POINT('',(-5.463671820122,-33.54965471033,7.5));
#2142 = CARTESIAN_POINT('',(-3.476283528935,-27.73849301072,15.));
#2143 = DEFINITIONAL_REPRESENTATION('',(#2144),#2148);
#2144 = LINE('',#2145,#2146);
#2145 = CARTESIAN_POINT('',(0.,0.));
#2146 = VECTOR('',#2147,1.);
#2147 = DIRECTION('',(1.,0.));
#2148 = ( GEOMETRIC_REPRESENTATION_CONTEXT(2) 
PARAMETRIC_REPRESENTATION_CONTEXT() REPRESENTATION_CONTEXT('2D SPACE',''
  ) );
#2149 = ORIENTED_EDGE('',*,*,#2150,.F.);
#2150 = EDGE_CURVE('',#2151,#2123,#2153,.T.);
#2151 = VERTEX_POINT('',#2152);
#2152 = CARTESIAN_POINT('',(-10.81432881054,-31.49370052831,7.5));
#2153 = SURFACE_CURVE('',#2154,(#2158,#2165),.PCURVE_S1.);
#2154 = LINE('',#2155,#2156);
#2155 = CARTESIAN_POINT('',(-10.81432881054,-31.49370052831,7.5));
#2156 = VECTOR('',#2157,1.);
#2157 = DIRECTION('',(0.93346192471,-0.35867650483,0.));
#2158 = PCURVE('',#184,#2159);
#2159 = DEFINITIONAL_REPRESENTATION('',(#2160),#2164);
#2160 = LINE('',#2161,#2162);
#2161 = CARTESIAN_POINT('',(30.400960190343,-27.63729840605));
#2162 = VECTOR('',#2163,1.);
#2163 = DIRECTION('',(0.93346192471,-0.35867650483));
#2164 = ( GEOMETRIC_REPRESENTATION_CONTEXT(2) 
PARAMETRIC_REPRESENTATION_CONTEXT() REPRESENTATION_CONTEXT('2D SPACE',''
  ) );
#2165 = PCURVE('',#2166,#2171);
#2166 = B_SPLINE_SURFACE_WITH_KNOTS('',1,1,(
    (#2167,#2168)
    ,(#2169,#2170
    )),.UNSPECIFIED.,.F.,.F.,.F.,(2,2),(2,2),(0.,2.176973451967),(0.,1.)
  ,.PIECEWISE_BEZIER_KNOTS.);
#2167 = CARTESIAN_POINT('',(-10.81432881054,-31.49370052831,7.5));
#2168 = CARTESIAN_POINT('',(-8.067947692981,-26.01006144246,15.));
#2169 = CARTESIAN_POINT('',(-8.782206982034,-32.27452975717,7.5));
#2170 = CARTESIAN_POINT('',(-6.377307236311,-26.79934248692,15.));
#2171 = DEFINITIONAL_REPRESENTATION('',(#2172),#2176);
#2172 = LINE('',#2173,#2174);
#2173 = CARTESIAN_POINT('',(0.,0.));
#2174 = VECTOR('',#2175,1.);
#2175 = DIRECTION('',(1.,0.));
#2176 = ( GEOMETRIC_REPRESENTATION_CONTEXT(2) 
PARAMETRIC_REPRESENTATION_CONTEXT() REPRESENTATION_CONTEXT('2D SPACE',''
  ) );
#2177 = ORIENTED_EDGE('',*,*,#2178,.F.);
#2178 = EDGE_CURVE('',#2179,#2151,#2181,.T.);
#2179 = VERTEX_POINT('',#2180);
#2180 = CARTESIAN_POINT('',(-13.99368926958,-29.80238180577,7.5));
#2181 = SURFACE_CURVE('',#2182,(#2186,#2193),.PCURVE_S1.);
#2182 = LINE('',#2183,#2184);
#2183 = CARTESIAN_POINT('',(-15.87630638468,-28.80088933106,7.5));
#2184 = VECTOR('',#2185,1.);
#2185 = DIRECTION('',(0.88285286913,-0.46964966887,0.));
#2186 = PCURVE('',#184,#2187);
#2187 = DEFINITIONAL_REPRESENTATION('',(#2188),#2192);
#2188 = LINE('',#2189,#2190);
#2189 = CARTESIAN_POINT('',(25.338982616207,-24.9444872088));
#2190 = VECTOR('',#2191,1.);
#2191 = DIRECTION('',(0.88285286913,-0.46964966887));
#2192 = ( GEOMETRIC_REPRESENTATION_CONTEXT(2) 
PARAMETRIC_REPRESENTATION_CONTEXT() REPRESENTATION_CONTEXT('2D SPACE',''
  ) );
#2193 = PCURVE('',#2194,#2199);
#2194 = B_SPLINE_SURFACE_WITH_KNOTS('',1,1,(
    (#2195,#2196)
    ,(#2197,#2198
    )),.UNSPECIFIED.,.F.,.F.,.F.,(2,2),(2,2),(2.132424530667,
    5.733659311914),(0.,1.),.PIECEWISE_BEZIER_KNOTS.);
#2195 = CARTESIAN_POINT('',(-13.99368926958,-29.80238180577,7.5));
#2196 = CARTESIAN_POINT('',(-10.8697640961,-24.70202426146,15.));
#2197 = CARTESIAN_POINT('',(-10.81432881054,-31.49370052831,7.5));
#2198 = CARTESIAN_POINT('',(-8.067947692981,-26.01006144246,15.));
#2199 = DEFINITIONAL_REPRESENTATION('',(#2200),#2204);
#2200 = LINE('',#2201,#2202);
#2201 = CARTESIAN_POINT('',(0.,0.));
#2202 = VECTOR('',#2203,1.);
#2203 = DIRECTION('',(1.,0.));
#2204 = ( GEOMETRIC_REPRESENTATION_CONTEXT(2) 
PARAMETRIC_REPRESENTATION_CONTEXT() REPRESENTATION_CONTEXT('2D SPACE',''
  ) );
#2205 = ORIENTED_EDGE('',*,*,#2206,.F.);
#2206 = EDGE_CURVE('',#2207,#2179,#2209,.T.);
#2207 = VERTEX_POINT('',#2208);
#2208 = CARTESIAN_POINT('',(-15.87630638468,-28.80088933106,7.5));
#2209 = SURFACE_CURVE('',#2210,(#2214,#2221),.PCURVE_S1.);
#2210 = LINE('',#2211,#2212);
#2211 = CARTESIAN_POINT('',(-15.87630638468,-28.80088933106,7.5));
#2212 = VECTOR('',#2213,1.);
#2213 = DIRECTION('',(0.88285286913,-0.46964966887,0.));
#2214 = PCURVE('',#184,#2215);
#2215 = DEFINITIONAL_REPRESENTATION('',(#2216),#2220);
#2216 = LINE('',#2217,#2218);
#2217 = CARTESIAN_POINT('',(25.338982616207,-24.9444872088));
#2218 = VECTOR('',#2219,1.);
#2219 = DIRECTION('',(0.88285286913,-0.46964966887));
#2220 = ( GEOMETRIC_REPRESENTATION_CONTEXT(2) 
PARAMETRIC_REPRESENTATION_CONTEXT() REPRESENTATION_CONTEXT('2D SPACE',''
  ) );
#2221 = PCURVE('',#2222,#2227);
#2222 = B_SPLINE_SURFACE_WITH_KNOTS('',1,1,(
    (#2223,#2224)
    ,(#2225,#2226
    )),.UNSPECIFIED.,.F.,.F.,.F.,(2,2),(2,2),(0.,2.132424530667),(0.,1.)
  ,.PIECEWISE_BEZIER_KNOTS.);
#2223 = CARTESIAN_POINT('',(-15.87630638468,-28.80088933106,7.5));
#2224 = CARTESIAN_POINT('',(-12.41587329094,-23.72598293093,15.));
#2225 = CARTESIAN_POINT('',(-13.99368926958,-29.80238180577,7.5));
#2226 = CARTESIAN_POINT('',(-10.8697640961,-24.70202426146,15.));
#2227 = DEFINITIONAL_REPRESENTATION('',(#2228),#2232);
#2228 = LINE('',#2229,#2230);
#2229 = CARTESIAN_POINT('',(0.,0.));
#2230 = VECTOR('',#2231,1.);
#2231 = DIRECTION('',(1.,0.));
#2232 = ( GEOMETRIC_REPRESENTATION_CONTEXT(2) 
PARAMETRIC_REPRESENTATION_CONTEXT() REPRESENTATION_CONTEXT('2D SPACE',''
  ) );
#2233 = ORIENTED_EDGE('',*,*,#2234,.F.);
#2234 = EDGE_CURVE('',#2235,#2207,#2237,.T.);
#2235 = VERTEX_POINT('',#2236);
#2236 = CARTESIAN_POINT('',(-18.85479996177,-26.70156698037,7.5));
#2237 = SURFACE_CURVE('',#2238,(#2242,#2249),.PCURVE_S1.);
#2238 = LINE('',#2239,#2240);
#2239 = CARTESIAN_POINT('',(-20.56292497809,-25.49763454549,7.5));
#2240 = VECTOR('',#2241,1.);
#2241 = DIRECTION('',(0.81737411125,-0.57610724892,0.));
#2242 = PCURVE('',#184,#2243);
#2243 = DEFINITIONAL_REPRESENTATION('',(#2244),#2248);
#2244 = LINE('',#2245,#2246);
#2245 = CARTESIAN_POINT('',(20.652364022802,-21.64123242323));
#2246 = VECTOR('',#2247,1.);
#2247 = DIRECTION('',(0.81737411125,-0.57610724892));
#2248 = ( GEOMETRIC_REPRESENTATION_CONTEXT(2) 
PARAMETRIC_REPRESENTATION_CONTEXT() REPRESENTATION_CONTEXT('2D SPACE',''
  ) );
#2249 = PCURVE('',#2250,#2255);
#2250 = B_SPLINE_SURFACE_WITH_KNOTS('',1,1,(
    (#2251,#2252)
    ,(#2253,#2254
    )),.UNSPECIFIED.,.F.,.F.,.F.,(2,2),(2,2),(2.08977137006,
    5.733749734548),(0.,1.),.PIECEWISE_BEZIER_KNOTS.);
#2251 = CARTESIAN_POINT('',(-18.85479996177,-26.70156698037,7.5));
#2252 = CARTESIAN_POINT('',(-15.06344558741,-22.05460034325,15.));
#2253 = CARTESIAN_POINT('',(-15.87630638468,-28.80088933106,7.5));
#2254 = CARTESIAN_POINT('',(-12.41587329094,-23.72598293093,15.));
#2255 = DEFINITIONAL_REPRESENTATION('',(#2256),#2260);
#2256 = LINE('',#2257,#2258);
#2257 = CARTESIAN_POINT('',(0.,0.));
#2258 = VECTOR('',#2259,1.);
#2259 = DIRECTION('',(1.,0.));
#2260 = ( GEOMETRIC_REPRESENTATION_CONTEXT(2) 
PARAMETRIC_REPRESENTATION_CONTEXT() REPRESENTATION_CONTEXT('2D SPACE',''
  ) );
#2261 = ORIENTED_EDGE('',*,*,#2262,.F.);
#2262 = EDGE_CURVE('',#2263,#2235,#2265,.T.);
#2263 = VERTEX_POINT('',#2264);
#2264 = CARTESIAN_POINT('',(-20.56292497809,-25.49763454549,7.5));
#2265 = SURFACE_CURVE('',#2266,(#2270,#2277),.PCURVE_S1.);
#2266 = LINE('',#2267,#2268);
#2267 = CARTESIAN_POINT('',(-20.56292497809,-25.49763454549,7.5));
#2268 = VECTOR('',#2269,1.);
#2269 = DIRECTION('',(0.81737411125,-0.57610724892,0.));
#2270 = PCURVE('',#184,#2271);
#2271 = DEFINITIONAL_REPRESENTATION('',(#2272),#2276);
#2272 = LINE('',#2273,#2274);
#2273 = CARTESIAN_POINT('',(20.652364022802,-21.64123242323));
#2274 = VECTOR('',#2275,1.);
#2275 = DIRECTION('',(0.81737411125,-0.57610724892));
#2276 = ( GEOMETRIC_REPRESENTATION_CONTEXT(2) 
PARAMETRIC_REPRESENTATION_CONTEXT() REPRESENTATION_CONTEXT('2D SPACE',''
  ) );
#2277 = PCURVE('',#2278,#2283);
#2278 = B_SPLINE_SURFACE_WITH_KNOTS('',1,1,(
    (#2279,#2280)
    ,(#2281,#2282
    )),.UNSPECIFIED.,.F.,.F.,.F.,(2,2),(2,2),(0.,2.08977137006),(0.,1.),
  .PIECEWISE_BEZIER_KNOTS.);
#2279 = CARTESIAN_POINT('',(-20.56292497809,-25.49763454549,7.5));
#2280 = CARTESIAN_POINT('',(-16.4511190626,-20.91962324166,15.));
#2281 = CARTESIAN_POINT('',(-18.85479996177,-26.70156698037,7.5));
#2282 = CARTESIAN_POINT('',(-15.06344558741,-22.05460034325,15.));
#2283 = DEFINITIONAL_REPRESENTATION('',(#2284),#2288);
#2284 = LINE('',#2285,#2286);
#2285 = CARTESIAN_POINT('',(0.,0.));
#2286 = VECTOR('',#2287,1.);
#2287 = DIRECTION('',(1.,0.));
#2288 = ( GEOMETRIC_REPRESENTATION_CONTEXT(2) 
PARAMETRIC_REPRESENTATION_CONTEXT() REPRESENTATION_CONTEXT('2D SPACE',''
  ) );
#2289 = ORIENTED_EDGE('',*,*,#2290,.F.);
#2290 = EDGE_CURVE('',#2291,#2263,#2293,.T.);
#2291 = VERTEX_POINT('',#2292);
#2292 = CARTESIAN_POINT('',(-23.28476029322,-23.01785486371,7.5));
#2293 = SURFACE_CURVE('',#2294,(#2298,#2305),.PCURVE_S1.);
#2294 = LINE('',#2295,#2296);
#2295 = CARTESIAN_POINT('',(-24.80202062288,-21.63552606647,7.5));
#2296 = VECTOR('',#2297,1.);
#2297 = DIRECTION('',(0.739211847505,-0.673472972366,0.));
#2298 = PCURVE('',#184,#2299);
#2299 = DEFINITIONAL_REPRESENTATION('',(#2300),#2304);
#2300 = LINE('',#2301,#2302);
#2301 = CARTESIAN_POINT('',(16.413268378009,-17.77912394421));
#2302 = VECTOR('',#2303,1.);
#2303 = DIRECTION('',(0.739211847505,-0.673472972366));
#2304 = ( GEOMETRIC_REPRESENTATION_CONTEXT(2) 
PARAMETRIC_REPRESENTATION_CONTEXT() REPRESENTATION_CONTEXT('2D SPACE',''
  ) );
#2305 = PCURVE('',#2306,#2311);
#2306 = B_SPLINE_SURFACE_WITH_KNOTS('',1,1,(
    (#2307,#2308)
    ,(#2309,#2310
    )),.UNSPECIFIED.,.F.,.F.,.F.,(2,2),(2,2),(2.052537895298,
    5.734615400306),(0.,1.),.PIECEWISE_BEZIER_KNOTS.);
#2307 = CARTESIAN_POINT('',(-23.28476029322,-23.01785486371,7.5));
#2308 = CARTESIAN_POINT('',(-18.90284414938,-18.91435911963,15.));
#2309 = CARTESIAN_POINT('',(-20.56292497809,-25.49763454549,7.5));
#2310 = CARTESIAN_POINT('',(-16.4511190626,-20.91962324166,15.));
#2311 = DEFINITIONAL_REPRESENTATION('',(#2312),#2316);
#2312 = LINE('',#2313,#2314);
#2313 = CARTESIAN_POINT('',(0.,0.));
#2314 = VECTOR('',#2315,1.);
#2315 = DIRECTION('',(1.,0.));
#2316 = ( GEOMETRIC_REPRESENTATION_CONTEXT(2) 
PARAMETRIC_REPRESENTATION_CONTEXT() REPRESENTATION_CONTEXT('2D SPACE',''
  ) );
#2317 = ORIENTED_EDGE('',*,*,#2318,.F.);
#2318 = EDGE_CURVE('',#2319,#2291,#2321,.T.);
#2319 = VERTEX_POINT('',#2320);
#2320 = CARTESIAN_POINT('',(-24.80202062288,-21.63552606647,7.5));
#2321 = SURFACE_CURVE('',#2322,(#2326,#2333),.PCURVE_S1.);
#2322 = LINE('',#2323,#2324);
#2323 = CARTESIAN_POINT('',(-24.80202062288,-21.63552606647,7.5));
#2324 = VECTOR('',#2325,1.);
#2325 = DIRECTION('',(0.739211847505,-0.673472972366,0.));
#2326 = PCURVE('',#184,#2327);
#2327 = DEFINITIONAL_REPRESENTATION('',(#2328),#2332);
#2328 = LINE('',#2329,#2330);
#2329 = CARTESIAN_POINT('',(16.413268378009,-17.77912394421));
#2330 = VECTOR('',#2331,1.);
#2331 = DIRECTION('',(0.739211847505,-0.673472972366));
#2332 = ( GEOMETRIC_REPRESENTATION_CONTEXT(2) 
PARAMETRIC_REPRESENTATION_CONTEXT() REPRESENTATION_CONTEXT('2D SPACE',''
  ) );
#2333 = PCURVE('',#2334,#2339);
#2334 = B_SPLINE_SURFACE_WITH_KNOTS('',1,1,(
    (#2335,#2336)
    ,(#2337,#2338
    )),.UNSPECIFIED.,.F.,.F.,.F.,(2,2),(2,2),(0.,2.052537895298),(0.,1.)
  ,.PIECEWISE_BEZIER_KNOTS.);
#2335 = CARTESIAN_POINT('',(-24.80202062288,-21.63552606647,7.5));
#2336 = CARTESIAN_POINT('',(-20.12024812146,-17.63997781171,15.));
#2337 = CARTESIAN_POINT('',(-23.28476029322,-23.01785486371,7.5));
#2338 = CARTESIAN_POINT('',(-18.90284414938,-18.91435911963,15.));
#2339 = DEFINITIONAL_REPRESENTATION('',(#2340),#2344);
#2340 = LINE('',#2341,#2342);
#2341 = CARTESIAN_POINT('',(0.,0.));
#2342 = VECTOR('',#2343,1.);
#2343 = DIRECTION('',(1.,0.));
#2344 = ( GEOMETRIC_REPRESENTATION_CONTEXT(2) 
PARAMETRIC_REPRESENTATION_CONTEXT() REPRESENTATION_CONTEXT('2D SPACE',''
  ) );
#2345 = ORIENTED_EDGE('',*,*,#2346,.F.);
#2346 = EDGE_CURVE('',#2347,#2319,#2349,.T.);
#2347 = VERTEX_POINT('',#2348);
#2348 = CARTESIAN_POINT('',(-27.21700174965,-18.81445619976,7.5));
#2349 = SURFACE_CURVE('',#2350,(#2354,#2361),.PCURVE_S1.);
#2350 = LINE('',#2351,#2352);
#2351 = CARTESIAN_POINT('',(-28.53210759547,-17.27821004361,7.5));
#2352 = VECTOR('',#2353,1.);
#2353 = DIRECTION('',(0.65031331732,-0.759666103836,0.));
#2354 = PCURVE('',#184,#2355);
#2355 = DEFINITIONAL_REPRESENTATION('',(#2356),#2360);
#2356 = LINE('',#2357,#2358);
#2357 = CARTESIAN_POINT('',(12.683181405422,-13.42180792135));
#2358 = VECTOR('',#2359,1.);
#2359 = DIRECTION('',(0.65031331732,-0.759666103836));
#2360 = ( GEOMETRIC_REPRESENTATION_CONTEXT(2) 
PARAMETRIC_REPRESENTATION_CONTEXT() REPRESENTATION_CONTEXT('2D SPACE',''
  ) );
#2361 = PCURVE('',#2362,#2367);
#2362 = B_SPLINE_SURFACE_WITH_KNOTS('',1,1,(
    (#2363,#2364)
    ,(#2365,#2366
    )),.UNSPECIFIED.,.F.,.F.,.F.,(2,2),(2,2),(2.022264977196,
    5.735830519297),(0.,1.),.PIECEWISE_BEZIER_KNOTS.);
#2363 = CARTESIAN_POINT('',(-27.21700174965,-18.81445619976,7.5));
#2364 = CARTESIAN_POINT('',(-22.33009667985,-15.32670320384,15.));
#2365 = CARTESIAN_POINT('',(-24.80202062288,-21.63552606647,7.5));
#2366 = CARTESIAN_POINT('',(-20.12024812146,-17.63997781171,15.));
#2367 = DEFINITIONAL_REPRESENTATION('',(#2368),#2372);
#2368 = LINE('',#2369,#2370);
#2369 = CARTESIAN_POINT('',(0.,0.));
#2370 = VECTOR('',#2371,1.);
#2371 = DIRECTION('',(1.,0.));
#2372 = ( GEOMETRIC_REPRESENTATION_CONTEXT(2) 
PARAMETRIC_REPRESENTATION_CONTEXT() REPRESENTATION_CONTEXT('2D SPACE',''
  ) );
#2373 = ORIENTED_EDGE('',*,*,#2374,.F.);
#2374 = EDGE_CURVE('',#2375,#2347,#2377,.T.);
#2375 = VERTEX_POINT('',#2376);
#2376 = CARTESIAN_POINT('',(-28.53210759547,-17.27821004361,7.5));
#2377 = SURFACE_CURVE('',#2378,(#2382,#2389),.PCURVE_S1.);
#2378 = LINE('',#2379,#2380);
#2379 = CARTESIAN_POINT('',(-28.53210759547,-17.27821004361,7.5));
#2380 = VECTOR('',#2381,1.);
#2381 = DIRECTION('',(0.65031331732,-0.759666103836,0.));
#2382 = PCURVE('',#184,#2383);
#2383 = DEFINITIONAL_REPRESENTATION('',(#2384),#2388);
#2384 = LINE('',#2385,#2386);
#2385 = CARTESIAN_POINT('',(12.683181405422,-13.42180792135));
#2386 = VECTOR('',#2387,1.);
#2387 = DIRECTION('',(0.65031331732,-0.759666103836));
#2388 = ( GEOMETRIC_REPRESENTATION_CONTEXT(2) 
PARAMETRIC_REPRESENTATION_CONTEXT() REPRESENTATION_CONTEXT('2D SPACE',''
  ) );
#2389 = PCURVE('',#2390,#2395);
#2390 = B_SPLINE_SURFACE_WITH_KNOTS('',1,1,(
    (#2391,#2392)
    ,(#2393,#2394
    )),.UNSPECIFIED.,.F.,.F.,.F.,(2,2),(2,2),(0.,2.022264977196),(0.,1.)
  ,.PIECEWISE_BEZIER_KNOTS.);
#2391 = CARTESIAN_POINT('',(-28.53210759547,-17.27821004361,7.5));
#2392 = CARTESIAN_POINT('',(-23.36902717554,-13.93280852164,15.));
#2393 = CARTESIAN_POINT('',(-27.21700174965,-18.81445619976,7.5));
#2394 = CARTESIAN_POINT('',(-22.33009667985,-15.32670320384,15.));
#2395 = DEFINITIONAL_REPRESENTATION('',(#2396),#2400);
#2396 = LINE('',#2397,#2398);
#2397 = CARTESIAN_POINT('',(0.,0.));
#2398 = VECTOR('',#2399,1.);
#2399 = DIRECTION('',(1.,0.));
#2400 = ( GEOMETRIC_REPRESENTATION_CONTEXT(2) 
PARAMETRIC_REPRESENTATION_CONTEXT() REPRESENTATION_CONTEXT('2D SPACE',''
  ) );
#2401 = ORIENTED_EDGE('',*,*,#2402,.F.);
#2402 = EDGE_CURVE('',#2403,#2375,#2405,.T.);
#2403 = VERTEX_POINT('',#2404);
#2404 = CARTESIAN_POINT('',(-30.58432844297,-14.15742003802,7.5));
#2405 = SURFACE_CURVE('',#2406,(#2410,#2417),.PCURVE_S1.);
#2406 = LINE('',#2407,#2408);
#2407 = CARTESIAN_POINT('',(-31.68405714444,-12.48507451801,7.5));
#2408 = VECTOR('',#2409,1.);
#2409 = DIRECTION('',(0.549442626143,-0.835531447988,0.));
#2410 = PCURVE('',#184,#2411);
#2411 = DEFINITIONAL_REPRESENTATION('',(#2412),#2416);
#2412 = LINE('',#2413,#2414);
#2413 = CARTESIAN_POINT('',(9.531231856444,-8.628672395757));
#2414 = VECTOR('',#2415,1.);
#2415 = DIRECTION('',(0.549442626143,-0.835531447988));
#2416 = ( GEOMETRIC_REPRESENTATION_CONTEXT(2) 
PARAMETRIC_REPRESENTATION_CONTEXT() REPRESENTATION_CONTEXT('2D SPACE',''
  ) );
#2417 = PCURVE('',#2418,#2423);
#2418 = B_SPLINE_SURFACE_WITH_KNOTS('',1,1,(
    (#2419,#2420)
    ,(#2421,#2422
    )),.UNSPECIFIED.,.F.,.F.,.F.,(2,2),(2,2),(2.001535099653,
    5.736630903769),(0.,1.),.PIECEWISE_BEZIER_KNOTS.);
#2419 = CARTESIAN_POINT('',(-30.58432844297,-14.15742003802,7.5));
#2420 = CARTESIAN_POINT('',(-25.29558605607,-11.34801561234,15.));
#2421 = CARTESIAN_POINT('',(-28.53210759547,-17.27821004361,7.5));
#2422 = CARTESIAN_POINT('',(-23.36902717554,-13.93280852164,15.));
#2423 = DEFINITIONAL_REPRESENTATION('',(#2424),#2428);
#2424 = LINE('',#2425,#2426);
#2425 = CARTESIAN_POINT('',(0.,0.));
#2426 = VECTOR('',#2427,1.);
#2427 = DIRECTION('',(1.,0.));
#2428 = ( GEOMETRIC_REPRESENTATION_CONTEXT(2) 
PARAMETRIC_REPRESENTATION_CONTEXT() REPRESENTATION_CONTEXT('2D SPACE',''
  ) );
#2429 = ORIENTED_EDGE('',*,*,#2430,.F.);
#2430 = EDGE_CURVE('',#2431,#2403,#2433,.T.);
#2431 = VERTEX_POINT('',#2432);
#2432 = CARTESIAN_POINT('',(-31.68405714444,-12.48507451801,7.5));
#2433 = SURFACE_CURVE('',#2434,(#2438,#2445),.PCURVE_S1.);
#2434 = LINE('',#2435,#2436);
#2435 = CARTESIAN_POINT('',(-31.68405714444,-12.48507451801,7.5));
#2436 = VECTOR('',#2437,1.);
#2437 = DIRECTION('',(0.549442626143,-0.835531447988,0.));
#2438 = PCURVE('',#184,#2439);
#2439 = DEFINITIONAL_REPRESENTATION('',(#2440),#2444);
#2440 = LINE('',#2441,#2442);
#2441 = CARTESIAN_POINT('',(9.531231856444,-8.628672395757));
#2442 = VECTOR('',#2443,1.);
#2443 = DIRECTION('',(0.549442626143,-0.835531447988));
#2444 = ( GEOMETRIC_REPRESENTATION_CONTEXT(2) 
PARAMETRIC_REPRESENTATION_CONTEXT() REPRESENTATION_CONTEXT('2D SPACE',''
  ) );
#2445 = PCURVE('',#2446,#2451);
#2446 = B_SPLINE_SURFACE_WITH_KNOTS('',1,1,(
    (#2447,#2448)
    ,(#2449,#2450
    )),.UNSPECIFIED.,.F.,.F.,.F.,(2,2),(2,2),(0.,2.001535099653),(0.,1.)
  ,.PIECEWISE_BEZIER_KNOTS.);
#2447 = CARTESIAN_POINT('',(-31.68405714444,-12.48507451801,7.5));
#2448 = CARTESIAN_POINT('',(-26.14074859326,-9.845606467243,15.));
#2449 = CARTESIAN_POINT('',(-30.58432844297,-14.15742003802,7.5));
#2450 = CARTESIAN_POINT('',(-25.29558605607,-11.34801561234,15.));
#2451 = DEFINITIONAL_REPRESENTATION('',(#2452),#2456);
#2452 = LINE('',#2453,#2454);
#2453 = CARTESIAN_POINT('',(0.,0.));
#2454 = VECTOR('',#2455,1.);
#2455 = DIRECTION('',(1.,0.));
#2456 = ( GEOMETRIC_REPRESENTATION_CONTEXT(2) 
PARAMETRIC_REPRESENTATION_CONTEXT() REPRESENTATION_CONTEXT('2D SPACE',''
  ) );
#2457 = ORIENTED_EDGE('',*,*,#2458,.F.);
#2458 = EDGE_CURVE('',#2459,#2431,#2461,.T.);
#2459 = VERTEX_POINT('',#2460);
#2460 = CARTESIAN_POINT('',(-33.34290199108,-9.123524144765,7.5));
#2461 = SURFACE_CURVE('',#2462,(#2466,#2473),.PCURVE_S1.);
#2462 = LINE('',#2463,#2464);
#2463 = CARTESIAN_POINT('',(-34.22321725776,-7.339617639402,7.5));
#2464 = VECTOR('',#2465,1.);
#2465 = DIRECTION('',(0.442527217293,-0.896755073559,0.));
#2466 = PCURVE('',#184,#2467);
#2467 = DEFINITIONAL_REPRESENTATION('',(#2468),#2472);
#2468 = LINE('',#2469,#2470);
#2469 = CARTESIAN_POINT('',(6.992071743128,-3.483215517143));
#2470 = VECTOR('',#2471,1.);
#2471 = DIRECTION('',(0.442527217293,-0.896755073559));
#2472 = ( GEOMETRIC_REPRESENTATION_CONTEXT(2) 
PARAMETRIC_REPRESENTATION_CONTEXT() REPRESENTATION_CONTEXT('2D SPACE',''
  ) );
#2473 = PCURVE('',#2474,#2479);
#2474 = B_SPLINE_SURFACE_WITH_KNOTS('',1,1,(
    (#2475,#2476)
    ,(#2477,#2478
    )),.UNSPECIFIED.,.F.,.F.,.F.,(2,2),(2,2),(1.989290674747,
    5.737862020886),(0.,1.),.PIECEWISE_BEZIER_KNOTS.);
#2475 = CARTESIAN_POINT('',(-33.34290199108,-9.123524144765,7.5));
#2476 = CARTESIAN_POINT('',(-27.72942172025,-7.021490478277,15.));
#2477 = CARTESIAN_POINT('',(-31.68405714444,-12.48507451801,7.5));
#2478 = CARTESIAN_POINT('',(-26.14074859326,-9.845606467243,15.));
#2479 = DEFINITIONAL_REPRESENTATION('',(#2480),#2484);
#2480 = LINE('',#2481,#2482);
#2481 = CARTESIAN_POINT('',(0.,0.));
#2482 = VECTOR('',#2483,1.);
#2483 = DIRECTION('',(1.,0.));
#2484 = ( GEOMETRIC_REPRESENTATION_CONTEXT(2) 
PARAMETRIC_REPRESENTATION_CONTEXT() REPRESENTATION_CONTEXT('2D SPACE',''
  ) );
#2485 = ORIENTED_EDGE('',*,*,#2486,.F.);
#2486 = EDGE_CURVE('',#2487,#2459,#2489,.T.);
#2487 = VERTEX_POINT('',#2488);
#2488 = CARTESIAN_POINT('',(-34.22321725776,-7.339617639402,7.5));
#2489 = SURFACE_CURVE('',#2490,(#2494,#2501),.PCURVE_S1.);
#2490 = LINE('',#2491,#2492);
#2491 = CARTESIAN_POINT('',(-34.22321725776,-7.339617639402,7.5));
#2492 = VECTOR('',#2493,1.);
#2493 = DIRECTION('',(0.442527217293,-0.896755073559,0.));
#2494 = PCURVE('',#184,#2495);
#2495 = DEFINITIONAL_REPRESENTATION('',(#2496),#2500);
#2496 = LINE('',#2497,#2498);
#2497 = CARTESIAN_POINT('',(6.992071743128,-3.483215517143));
#2498 = VECTOR('',#2499,1.);
#2499 = DIRECTION('',(0.442527217293,-0.896755073559));
#2500 = ( GEOMETRIC_REPRESENTATION_CONTEXT(2) 
PARAMETRIC_REPRESENTATION_CONTEXT() REPRESENTATION_CONTEXT('2D SPACE',''
  ) );
#2501 = PCURVE('',#2502,#2507);
#2502 = B_SPLINE_SURFACE_WITH_KNOTS('',1,1,(
    (#2503,#2504)
    ,(#2505,#2506
    )),.UNSPECIFIED.,.F.,.F.,.F.,(2,2),(2,2),(0.,1.989290674747),(0.,1.)
  ,.PIECEWISE_BEZIER_KNOTS.);
#2503 = CARTESIAN_POINT('',(-34.22321725776,-7.339617639402,7.5));
#2504 = CARTESIAN_POINT('',(-28.37625992788,-5.432800449716,15.));
#2505 = CARTESIAN_POINT('',(-33.34290199108,-9.123524144765,7.5));
#2506 = CARTESIAN_POINT('',(-27.72942172025,-7.021490478277,15.));
#2507 = DEFINITIONAL_REPRESENTATION('',(#2508),#2512);
#2508 = LINE('',#2509,#2510);
#2509 = CARTESIAN_POINT('',(0.,0.));
#2510 = VECTOR('',#2511,1.);
#2511 = DIRECTION('',(1.,0.));
#2512 = ( GEOMETRIC_REPRESENTATION_CONTEXT(2) 
PARAMETRIC_REPRESENTATION_CONTEXT() REPRESENTATION_CONTEXT('2D SPACE',''
  ) );
#2513 = ORIENTED_EDGE('',*,*,#2514,.F.);
#2514 = EDGE_CURVE('',#2515,#2487,#2517,.T.);
#2515 = VERTEX_POINT('',#2516);
#2516 = CARTESIAN_POINT('',(-35.44731269469,-3.788943984362,7.5));
#2517 = SURFACE_CURVE('',#2518,(#2522,#2529),.PCURVE_S1.);
#2518 = LINE('',#2519,#2520);
#2519 = CARTESIAN_POINT('',(-36.09369999996,-1.91399999999,7.5));
#2520 = VECTOR('',#2521,1.);
#2521 = DIRECTION('',(0.32592529298,-0.945395527489,0.));
#2522 = PCURVE('',#184,#2523);
#2523 = DEFINITIONAL_REPRESENTATION('',(#2524),#2528);
#2524 = LINE('',#2525,#2526);
#2525 = CARTESIAN_POINT('',(5.121589000924,1.942402122269));
#2526 = VECTOR('',#2527,1.);
#2527 = DIRECTION('',(0.32592529298,-0.945395527489));
#2528 = ( GEOMETRIC_REPRESENTATION_CONTEXT(2) 
PARAMETRIC_REPRESENTATION_CONTEXT() REPRESENTATION_CONTEXT('2D SPACE',''
  ) );
#2529 = PCURVE('',#2530,#2535);
#2530 = B_SPLINE_SURFACE_WITH_KNOTS('',1,1,(
    (#2531,#2532)
    ,(#2533,#2534
    )),.UNSPECIFIED.,.F.,.F.,.F.,(2,2),(2,2),(1.983237628967,
    5.738992285932),(0.,1.),.PIECEWISE_BEZIER_KNOTS.);
#2531 = CARTESIAN_POINT('',(-35.44731269469,-3.788943984362,7.5));
#2532 = CARTESIAN_POINT('',(-29.60215040878,-2.421908452059,15.));
#2533 = CARTESIAN_POINT('',(-34.22321725776,-7.339617639402,7.5));
#2534 = CARTESIAN_POINT('',(-28.37625992788,-5.432800449716,15.));
#2535 = DEFINITIONAL_REPRESENTATION('',(#2536),#2540);
#2536 = LINE('',#2537,#2538);
#2537 = CARTESIAN_POINT('',(0.,0.));
#2538 = VECTOR('',#2539,1.);
#2539 = DIRECTION('',(1.,0.));
#2540 = ( GEOMETRIC_REPRESENTATION_CONTEXT(2) 
PARAMETRIC_REPRESENTATION_CONTEXT() REPRESENTATION_CONTEXT('2D SPACE',''
  ) );
#2541 = ORIENTED_EDGE('',*,*,#2542,.F.);
#2542 = EDGE_CURVE('',#2543,#2515,#2545,.T.);
#2543 = VERTEX_POINT('',#2544);
#2544 = CARTESIAN_POINT('',(-36.09369999996,-1.91399999999,7.5));
#2545 = SURFACE_CURVE('',#2546,(#2550,#2557),.PCURVE_S1.);
#2546 = LINE('',#2547,#2548);
#2547 = CARTESIAN_POINT('',(-36.09369999996,-1.91399999999,7.5));
#2548 = VECTOR('',#2549,1.);
#2549 = DIRECTION('',(0.32592529298,-0.945395527489,0.));
#2550 = PCURVE('',#184,#2551);
#2551 = DEFINITIONAL_REPRESENTATION('',(#2552),#2556);
#2552 = LINE('',#2553,#2554);
#2553 = CARTESIAN_POINT('',(5.121589000924,1.942402122269));
#2554 = VECTOR('',#2555,1.);
#2555 = DIRECTION('',(0.32592529298,-0.945395527489));
#2556 = ( GEOMETRIC_REPRESENTATION_CONTEXT(2) 
PARAMETRIC_REPRESENTATION_CONTEXT() REPRESENTATION_CONTEXT('2D SPACE',''
  ) );
#2557 = PCURVE('',#2558,#2563);
#2558 = B_SPLINE_SURFACE_WITH_KNOTS('',1,1,(
    (#2559,#2560)
    ,(#2561,#2562
    )),.UNSPECIFIED.,.F.,.F.,.F.,(2,2),(2,2),(0.,1.983237628967),(0.,1.)
  ,.PIECEWISE_BEZIER_KNOTS.);
#2559 = CARTESIAN_POINT('',(-36.09369999996,-1.91399999999,7.5));
#2560 = CARTESIAN_POINT('',(-30.06255477743,-0.772055192104,15.));
#2561 = CARTESIAN_POINT('',(-35.44731269469,-3.788943984362,7.5));
#2562 = CARTESIAN_POINT('',(-29.60215040878,-2.421908452059,15.));
#2563 = DEFINITIONAL_REPRESENTATION('',(#2564),#2568);
#2564 = LINE('',#2565,#2566);
#2565 = CARTESIAN_POINT('',(0.,0.));
#2566 = VECTOR('',#2567,1.);
#2567 = DIRECTION('',(1.,0.));
#2568 = ( GEOMETRIC_REPRESENTATION_CONTEXT(2) 
PARAMETRIC_REPRESENTATION_CONTEXT() REPRESENTATION_CONTEXT('2D SPACE',''
  ) );
#2569 = ORIENTED_EDGE('',*,*,#2570,.F.);
#2570 = EDGE_CURVE('',#2571,#2543,#2573,.T.);
#2571 = VERTEX_POINT('',#2572);
#2572 = CARTESIAN_POINT('',(-36.8696518682,1.754631683302,7.5));
#2573 = SURFACE_CURVE('',#2574,(#2578,#2585),.PCURVE_S1.);
#2574 = LINE('',#2575,#2576);
#2575 = CARTESIAN_POINT('',(-37.28123007295,3.700536969351,7.5));
#2576 = VECTOR('',#2577,1.);
#2577 = DIRECTION('',(0.206931831164,-0.978355363481,0.));
#2578 = PCURVE('',#184,#2579);
#2579 = DEFINITIONAL_REPRESENTATION('',(#2580),#2584);
#2580 = LINE('',#2581,#2582);
#2581 = CARTESIAN_POINT('',(3.934058927936,7.556939091609));
#2582 = VECTOR('',#2583,1.);
#2583 = DIRECTION('',(0.206931831164,-0.978355363481));
#2584 = ( GEOMETRIC_REPRESENTATION_CONTEXT(2) 
PARAMETRIC_REPRESENTATION_CONTEXT() REPRESENTATION_CONTEXT('2D SPACE',''
  ) );
#2585 = PCURVE('',#2586,#2591);
#2586 = B_SPLINE_SURFACE_WITH_KNOTS('',1,1,(
    (#2587,#2588)
    ,(#2589,#2590
    )),.UNSPECIFIED.,.F.,.F.,.F.,(2,2),(2,2),(1.988955505008,
    5.73875012998),(0.,1.),.PIECEWISE_BEZIER_KNOTS.);
#2587 = CARTESIAN_POINT('',(-36.8696518682,1.754631683302,7.5));
#2588 = CARTESIAN_POINT('',(-30.9375,2.363299999997,15.));
#2589 = CARTESIAN_POINT('',(-36.09369999996,-1.91399999999,7.5));
#2590 = CARTESIAN_POINT('',(-30.06255477743,-0.772055192104,15.));
#2591 = DEFINITIONAL_REPRESENTATION('',(#2592),#2596);
#2592 = LINE('',#2593,#2594);
#2593 = CARTESIAN_POINT('',(0.,0.));
#2594 = VECTOR('',#2595,1.);
#2595 = DIRECTION('',(1.,0.));
#2596 = ( GEOMETRIC_REPRESENTATION_CONTEXT(2) 
PARAMETRIC_REPRESENTATION_CONTEXT() REPRESENTATION_CONTEXT('2D SPACE',''
  ) );
#2597 = ORIENTED_EDGE('',*,*,#2598,.F.);
#2598 = EDGE_CURVE('',#2599,#2571,#2601,.T.);
#2599 = VERTEX_POINT('',#2600);
#2600 = CARTESIAN_POINT('',(-37.28123007295,3.700536969351,7.5));
#2601 = SURFACE_CURVE('',#2602,(#2606,#2613),.PCURVE_S1.);
#2602 = LINE('',#2603,#2604);
#2603 = CARTESIAN_POINT('',(-37.28123007295,3.700536969351,7.5));
#2604 = VECTOR('',#2605,1.);
#2605 = DIRECTION('',(0.206931831164,-0.978355363481,0.));
#2606 = PCURVE('',#184,#2607);
#2607 = DEFINITIONAL_REPRESENTATION('',(#2608),#2612);
#2608 = LINE('',#2609,#2610);
#2609 = CARTESIAN_POINT('',(3.934058927936,7.556939091609));
#2610 = VECTOR('',#2611,1.);
#2611 = DIRECTION('',(0.206931831164,-0.978355363481));
#2612 = ( GEOMETRIC_REPRESENTATION_CONTEXT(2) 
PARAMETRIC_REPRESENTATION_CONTEXT() REPRESENTATION_CONTEXT('2D SPACE',''
  ) );
#2613 = PCURVE('',#2614,#2619);
#2614 = B_SPLINE_SURFACE_WITH_KNOTS('',1,1,(
    (#2615,#2616)
    ,(#2617,#2618
    )),.UNSPECIFIED.,.F.,.F.,.F.,(2,2),(2,2),(0.,1.988955505008),(0.,1.)
  ,.PIECEWISE_BEZIER_KNOTS.);
#2615 = CARTESIAN_POINT('',(-37.28123007295,3.700536969351,7.5));
#2616 = CARTESIAN_POINT('',(-31.17013247483,4.069315597515,15.));
#2617 = CARTESIAN_POINT('',(-36.8696518682,1.754631683302,7.5));
#2618 = CARTESIAN_POINT('',(-30.9375,2.363299999997,15.));
#2619 = DEFINITIONAL_REPRESENTATION('',(#2620),#2624);
#2620 = LINE('',#2621,#2622);
#2621 = CARTESIAN_POINT('',(0.,0.));
#2622 = VECTOR('',#2623,1.);
#2623 = DIRECTION('',(1.,0.));
#2624 = ( GEOMETRIC_REPRESENTATION_CONTEXT(2) 
PARAMETRIC_REPRESENTATION_CONTEXT() REPRESENTATION_CONTEXT('2D SPACE',''
  ) );
#2625 = ORIENTED_EDGE('',*,*,#2626,.F.);
#2626 = EDGE_CURVE('',#2627,#2599,#2629,.T.);
#2627 = VERTEX_POINT('',#2628);
#2628 = CARTESIAN_POINT('',(-37.56966386212,7.424662783705,7.5));
#2629 = SURFACE_CURVE('',#2630,(#2634,#2641),.PCURVE_S1.);
#2630 = LINE('',#2631,#2632);
#2631 = CARTESIAN_POINT('',(-37.72431942855,9.421505070932,7.5));
#2632 = VECTOR('',#2633,1.);
#2633 = DIRECTION('',(7.721881300598E-02,-0.997014169868,0.));
#2634 = PCURVE('',#184,#2635);
#2635 = DEFINITIONAL_REPRESENTATION('',(#2636),#2640);
#2636 = LINE('',#2637,#2638);
#2637 = CARTESIAN_POINT('',(3.490969572338,13.27790719319));
#2638 = VECTOR('',#2639,1.);
#2639 = DIRECTION('',(7.721881300598E-02,-0.997014169868));
#2640 = ( GEOMETRIC_REPRESENTATION_CONTEXT(2) 
PARAMETRIC_REPRESENTATION_CONTEXT() REPRESENTATION_CONTEXT('2D SPACE',''
  ) );
#2641 = PCURVE('',#2642,#2647);
#2642 = B_SPLINE_SURFACE_WITH_KNOTS('',1,1,(
    (#2643,#2644)
    ,(#2645,#2646
    )),.UNSPECIFIED.,.F.,.F.,.F.,(2,2),(2,2),(2.002822374621,
    5.738101096735),(0.,1.),.PIECEWISE_BEZIER_KNOTS.);
#2643 = CARTESIAN_POINT('',(-37.56966386212,7.424662783705,7.5));
#2644 = CARTESIAN_POINT('',(-31.60873018042,7.285781945655,15.));
#2645 = CARTESIAN_POINT('',(-37.28123007295,3.700536969351,7.5));
#2646 = CARTESIAN_POINT('',(-31.17013247483,4.069315597515,15.));
#2647 = DEFINITIONAL_REPRESENTATION('',(#2648),#2652);
#2648 = LINE('',#2649,#2650);
#2649 = CARTESIAN_POINT('',(0.,0.));
#2650 = VECTOR('',#2651,1.);
#2651 = DIRECTION('',(1.,0.));
#2652 = ( GEOMETRIC_REPRESENTATION_CONTEXT(2) 
PARAMETRIC_REPRESENTATION_CONTEXT() REPRESENTATION_CONTEXT('2D SPACE',''
  ) );
#2653 = ORIENTED_EDGE('',*,*,#2654,.F.);
#2654 = EDGE_CURVE('',#2655,#2627,#2657,.T.);
#2655 = VERTEX_POINT('',#2656);
#2656 = CARTESIAN_POINT('',(-37.72431942855,9.421505070932,7.5));
#2657 = SURFACE_CURVE('',#2658,(#2662,#2669),.PCURVE_S1.);
#2658 = LINE('',#2659,#2660);
#2659 = CARTESIAN_POINT('',(-37.72431942855,9.421505070932,7.5));
#2660 = VECTOR('',#2661,1.);
#2661 = DIRECTION('',(7.721881300598E-02,-0.997014169868,0.));
#2662 = PCURVE('',#184,#2663);
#2663 = DEFINITIONAL_REPRESENTATION('',(#2664),#2668);
#2664 = LINE('',#2665,#2666);
#2665 = CARTESIAN_POINT('',(3.490969572338,13.27790719319));
#2666 = VECTOR('',#2667,1.);
#2667 = DIRECTION('',(7.721881300598E-02,-0.997014169868));
#2668 = ( GEOMETRIC_REPRESENTATION_CONTEXT(2) 
PARAMETRIC_REPRESENTATION_CONTEXT() REPRESENTATION_CONTEXT('2D SPACE',''
  ) );
#2669 = PCURVE('',#2670,#2675);
#2670 = B_SPLINE_SURFACE_WITH_KNOTS('',1,1,(
    (#2671,#2672)
    ,(#2673,#2674
    )),.UNSPECIFIED.,.F.,.F.,.F.,(2,2),(2,2),(0.,2.002822374621),(0.,1.)
  ,.PIECEWISE_BEZIER_KNOTS.);
#2671 = CARTESIAN_POINT('',(-37.72431942855,9.421505070932,7.5));
#2672 = CARTESIAN_POINT('',(-31.61987994718,9.023109740045,15.));
#2673 = CARTESIAN_POINT('',(-37.56966386212,7.424662783705,7.5));
#2674 = CARTESIAN_POINT('',(-31.60873018042,7.285781945655,15.));
#2675 = DEFINITIONAL_REPRESENTATION('',(#2676),#2680);
#2676 = LINE('',#2677,#2678);
#2677 = CARTESIAN_POINT('',(0.,0.));
#2678 = VECTOR('',#2679,1.);
#2679 = DIRECTION('',(1.,0.));
#2680 = ( GEOMETRIC_REPRESENTATION_CONTEXT(2) 
PARAMETRIC_REPRESENTATION_CONTEXT() REPRESENTATION_CONTEXT('2D SPACE',''
  ) );
#2681 = ORIENTED_EDGE('',*,*,#2682,.F.);
#2682 = EDGE_CURVE('',#2683,#2655,#2685,.T.);
#2683 = VERTEX_POINT('',#2684);
#2684 = CARTESIAN_POINT('',(-37.57658687757,13.130010384815,7.5));
#2685 = SURFACE_CURVE('',#2686,(#2690,#2697),.PCURVE_S1.);
#2686 = LINE('',#2687,#2688);
#2687 = CARTESIAN_POINT('',(-37.49598729412,15.153288136004,7.5));
#2688 = VECTOR('',#2689,1.);
#2689 = DIRECTION('',(-3.980457301964E-02,-0.999207483943,0.));
#2690 = PCURVE('',#184,#2691);
#2691 = DEFINITIONAL_REPRESENTATION('',(#2692),#2696);
#2692 = LINE('',#2693,#2694);
#2693 = CARTESIAN_POINT('',(3.719301706767,19.009690258262));
#2694 = VECTOR('',#2695,1.);
#2695 = DIRECTION('',(-3.980457301964E-02,-0.999207483943));
#2696 = ( GEOMETRIC_REPRESENTATION_CONTEXT(2) 
PARAMETRIC_REPRESENTATION_CONTEXT() REPRESENTATION_CONTEXT('2D SPACE',''
  ) );
#2697 = PCURVE('',#2698,#2703);
#2698 = B_SPLINE_SURFACE_WITH_KNOTS('',1,1,(
    (#2699,#2700)
    ,(#2701,#2702
    )),.UNSPECIFIED.,.F.,.F.,.F.,(2,2),(2,2),(2.024882503087,
    5.736329198072),(0.,1.),.PIECEWISE_BEZIER_KNOTS.);
#2699 = CARTESIAN_POINT('',(-37.57658687757,13.130010384815,7.5));
#2700 = CARTESIAN_POINT('',(-31.64060000004,12.251654741704,15.));
#2701 = CARTESIAN_POINT('',(-37.72431942855,9.421505070932,7.5));
#2702 = CARTESIAN_POINT('',(-31.61987994718,9.023109740045,15.));
#2703 = DEFINITIONAL_REPRESENTATION('',(#2704),#2708);
#2704 = LINE('',#2705,#2706);
#2705 = CARTESIAN_POINT('',(0.,0.));
#2706 = VECTOR('',#2707,1.);
#2707 = DIRECTION('',(1.,0.));
#2708 = ( GEOMETRIC_REPRESENTATION_CONTEXT(2) 
PARAMETRIC_REPRESENTATION_CONTEXT() REPRESENTATION_CONTEXT('2D SPACE',''
  ) );
#2709 = ORIENTED_EDGE('',*,*,#2710,.F.);
#2710 = EDGE_CURVE('',#2711,#2683,#2713,.T.);
#2711 = VERTEX_POINT('',#2712);
#2712 = CARTESIAN_POINT('',(-37.49598729412,15.153288136004,7.5));
#2713 = SURFACE_CURVE('',#2714,(#2718,#2725),.PCURVE_S1.);
#2714 = LINE('',#2715,#2716);
#2715 = CARTESIAN_POINT('',(-37.49598729412,15.153288136004,7.5));
#2716 = VECTOR('',#2717,1.);
#2717 = DIRECTION('',(-3.980457301964E-02,-0.999207483943,0.));
#2718 = PCURVE('',#184,#2719);
#2719 = DEFINITIONAL_REPRESENTATION('',(#2720),#2724);
#2720 = LINE('',#2721,#2722);
#2721 = CARTESIAN_POINT('',(3.719301706767,19.009690258262));
#2722 = VECTOR('',#2723,1.);
#2723 = DIRECTION('',(-3.980457301964E-02,-0.999207483943));
#2724 = ( GEOMETRIC_REPRESENTATION_CONTEXT(2) 
PARAMETRIC_REPRESENTATION_CONTEXT() REPRESENTATION_CONTEXT('2D SPACE',''
  ) );
#2725 = PCURVE('',#2726,#2731);
#2726 = B_SPLINE_SURFACE_WITH_KNOTS('',1,1,(
    (#2727,#2728)
    ,(#2729,#2730
    )),.UNSPECIFIED.,.F.,.F.,.F.,(2,2),(2,2),(0.,2.024882503087),(0.,1.)
  ,.PIECEWISE_BEZIER_KNOTS.);
#2727 = CARTESIAN_POINT('',(-37.49598729412,15.153288136004,7.5));
#2728 = CARTESIAN_POINT('',(-31.45033794704,13.998080944612,15.));
#2729 = CARTESIAN_POINT('',(-37.57658687757,13.130010384815,7.5));
#2730 = CARTESIAN_POINT('',(-31.64060000004,12.251654741704,15.));
#2731 = DEFINITIONAL_REPRESENTATION('',(#2732),#2736);
#2732 = LINE('',#2733,#2734);
#2733 = CARTESIAN_POINT('',(0.,0.));
#2734 = VECTOR('',#2735,1.);
#2735 = DIRECTION('',(1.,0.));
#2736 = ( GEOMETRIC_REPRESENTATION_CONTEXT(2) 
PARAMETRIC_REPRESENTATION_CONTEXT() REPRESENTATION_CONTEXT('2D SPACE',''
  ) );
#2737 = ORIENTED_EDGE('',*,*,#2738,.F.);
#2738 = EDGE_CURVE('',#2739,#2711,#2741,.T.);
#2739 = VERTEX_POINT('',#2740);
#2740 = CARTESIAN_POINT('',(-36.87130061306,18.781233020599,7.5));
#2741 = SURFACE_CURVE('',#2742,(#2746,#2753),.PCURVE_S1.);
#2742 = LINE('',#2743,#2744);
#2743 = CARTESIAN_POINT('',(-36.5227171909,20.805674203031,7.5));
#2744 = VECTOR('',#2745,1.);
#2745 = DIRECTION('',(-0.169690318326,-0.985497435748,0.));
#2746 = PCURVE('',#184,#2747);
#2747 = DEFINITIONAL_REPRESENTATION('',(#2748),#2752);
#2748 = LINE('',#2749,#2750);
#2749 = CARTESIAN_POINT('',(4.692571809986,24.66207632529));
#2750 = VECTOR('',#2751,1.);
#2751 = DIRECTION('',(-0.169690318326,-0.985497435748));
#2752 = ( GEOMETRIC_REPRESENTATION_CONTEXT(2) 
PARAMETRIC_REPRESENTATION_CONTEXT() REPRESENTATION_CONTEXT('2D SPACE',''
  ) );
#2753 = PCURVE('',#2754,#2759);
#2754 = B_SPLINE_SURFACE_WITH_KNOTS('',1,1,(
    (#2755,#2756)
    ,(#2757,#2758
    )),.UNSPECIFIED.,.F.,.F.,.F.,(2,2),(2,2),(2.054232825979,
    5.735566488547),(0.,1.),.PIECEWISE_BEZIER_KNOTS.);
#2755 = CARTESIAN_POINT('',(-36.87130061306,18.781233020599,7.5));
#2756 = CARTESIAN_POINT('',(-31.10288814792,17.18734240692,15.));
#2757 = CARTESIAN_POINT('',(-37.49598729412,15.153288136004,7.5));
#2758 = CARTESIAN_POINT('',(-31.45033794704,13.998080944612,15.));
#2759 = DEFINITIONAL_REPRESENTATION('',(#2760),#2764);
#2760 = LINE('',#2761,#2762);
#2761 = CARTESIAN_POINT('',(0.,0.));
#2762 = VECTOR('',#2763,1.);
#2763 = DIRECTION('',(1.,0.));
#2764 = ( GEOMETRIC_REPRESENTATION_CONTEXT(2) 
PARAMETRIC_REPRESENTATION_CONTEXT() REPRESENTATION_CONTEXT('2D SPACE',''
  ) );
#2765 = ORIENTED_EDGE('',*,*,#2766,.F.);
#2766 = EDGE_CURVE('',#2767,#2739,#2769,.T.);
#2767 = VERTEX_POINT('',#2768);
#2768 = CARTESIAN_POINT('',(-36.5227171909,20.805674203031,7.5));
#2769 = SURFACE_CURVE('',#2770,(#2774,#2781),.PCURVE_S1.);
#2770 = LINE('',#2771,#2772);
#2771 = CARTESIAN_POINT('',(-36.5227171909,20.805674203031,7.5));
#2772 = VECTOR('',#2773,1.);
#2773 = DIRECTION('',(-0.169690318326,-0.985497435748,0.));
#2774 = PCURVE('',#184,#2775);
#2775 = DEFINITIONAL_REPRESENTATION('',(#2776),#2780);
#2776 = LINE('',#2777,#2778);
#2777 = CARTESIAN_POINT('',(4.692571809986,24.66207632529));
#2778 = VECTOR('',#2779,1.);
#2779 = DIRECTION('',(-0.169690318326,-0.985497435748));
#2780 = ( GEOMETRIC_REPRESENTATION_CONTEXT(2) 
PARAMETRIC_REPRESENTATION_CONTEXT() REPRESENTATION_CONTEXT('2D SPACE',''
  ) );
#2781 = PCURVE('',#2782,#2787);
#2782 = B_SPLINE_SURFACE_WITH_KNOTS('',1,1,(
    (#2783,#2784)
    ,(#2785,#2786
    )),.UNSPECIFIED.,.F.,.F.,.F.,(2,2),(2,2),(0.,2.054232825979),(0.,1.)
  ,.PIECEWISE_BEZIER_KNOTS.);
#2783 = CARTESIAN_POINT('',(-36.5227171909,20.805674203031,7.5));
#2784 = CARTESIAN_POINT('',(-30.6838359421,18.924017810275,15.));
#2785 = CARTESIAN_POINT('',(-36.87130061306,18.781233020599,7.5));
#2786 = CARTESIAN_POINT('',(-31.10288814792,17.18734240692,15.));
#2787 = DEFINITIONAL_REPRESENTATION('',(#2788),#2792);
#2788 = LINE('',#2789,#2790);
#2789 = CARTESIAN_POINT('',(0.,0.));
#2790 = VECTOR('',#2791,1.);
#2791 = DIRECTION('',(1.,0.));
#2792 = ( GEOMETRIC_REPRESENTATION_CONTEXT(2) 
PARAMETRIC_REPRESENTATION_CONTEXT() REPRESENTATION_CONTEXT('2D SPACE',''
  ) );
#2793 = ORIENTED_EDGE('',*,*,#2794,.F.);
#2794 = EDGE_CURVE('',#2795,#2767,#2797,.T.);
#2795 = VERTEX_POINT('',#2796);
#2796 = CARTESIAN_POINT('',(-35.46572660403,24.287176913856,7.5));
#2797 = SURFACE_CURVE('',#2798,(#2802,#2809),.PCURVE_S1.);
#2798 = LINE('',#2799,#2800);
#2799 = CARTESIAN_POINT('',(-34.85651412105,26.293793564284,7.5));
#2800 = VECTOR('',#2801,1.);
#2801 = DIRECTION('',(-0.290508237342,-0.956872491002,0.));
#2802 = PCURVE('',#184,#2803);
#2803 = DEFINITIONAL_REPRESENTATION('',(#2804),#2808);
#2804 = LINE('',#2805,#2806);
#2805 = CARTESIAN_POINT('',(6.358774879836,30.150195686543));
#2806 = VECTOR('',#2807,1.);
#2807 = DIRECTION('',(-0.290508237342,-0.956872491002));
#2808 = ( GEOMETRIC_REPRESENTATION_CONTEXT(2) 
PARAMETRIC_REPRESENTATION_CONTEXT() REPRESENTATION_CONTEXT('2D SPACE',''
  ) );
#2809 = PCURVE('',#2810,#2815);
#2810 = B_SPLINE_SURFACE_WITH_KNOTS('',1,1,(
    (#2811,#2812)
    ,(#2813,#2814
    )),.UNSPECIFIED.,.F.,.F.,.F.,(2,2),(2,2),(2.097057517378,
    5.735476160994),(0.,1.),.PIECEWISE_BEZIER_KNOTS.);
#2811 = CARTESIAN_POINT('',(-35.46572660403,24.287176913856,7.5));
#2812 = CARTESIAN_POINT('',(-29.9389255268,22.011145327997,15.));
#2813 = CARTESIAN_POINT('',(-36.5227171909,20.805674203031,7.5));
#2814 = CARTESIAN_POINT('',(-30.6838359421,18.924017810275,15.));
#2815 = DEFINITIONAL_REPRESENTATION('',(#2816),#2820);
#2816 = LINE('',#2817,#2818);
#2817 = CARTESIAN_POINT('',(0.,0.));
#2818 = VECTOR('',#2819,1.);
#2819 = DIRECTION('',(1.,0.));
#2820 = ( GEOMETRIC_REPRESENTATION_CONTEXT(2) 
PARAMETRIC_REPRESENTATION_CONTEXT() REPRESENTATION_CONTEXT('2D SPACE',''
  ) );
#2821 = ORIENTED_EDGE('',*,*,#2822,.F.);
#2822 = EDGE_CURVE('',#2823,#2795,#2825,.T.);
#2823 = VERTEX_POINT('',#2824);
#2824 = CARTESIAN_POINT('',(-34.85651412105,26.293793564284,7.5));
#2825 = SURFACE_CURVE('',#2826,(#2830,#2837),.PCURVE_S1.);
#2826 = LINE('',#2827,#2828);
#2827 = CARTESIAN_POINT('',(-34.85651412105,26.293793564284,7.5));
#2828 = VECTOR('',#2829,1.);
#2829 = DIRECTION('',(-0.290508237342,-0.956872491002,0.));
#2830 = PCURVE('',#184,#2831);
#2831 = DEFINITIONAL_REPRESENTATION('',(#2832),#2836);
#2832 = LINE('',#2833,#2834);
#2833 = CARTESIAN_POINT('',(6.358774879836,30.150195686543));
#2834 = VECTOR('',#2835,1.);
#2835 = DIRECTION('',(-0.290508237342,-0.956872491002));
#2836 = ( GEOMETRIC_REPRESENTATION_CONTEXT(2) 
PARAMETRIC_REPRESENTATION_CONTEXT() REPRESENTATION_CONTEXT('2D SPACE',''
  ) );
#2837 = PCURVE('',#2838,#2843);
#2838 = B_SPLINE_SURFACE_WITH_KNOTS('',1,1,(
    (#2839,#2840)
    ,(#2841,#2842
    )),.UNSPECIFIED.,.F.,.F.,.F.,(2,2),(2,2),(0.,2.097057517378),(0.,1.)
  ,.PIECEWISE_BEZIER_KNOTS.);
#2839 = CARTESIAN_POINT('',(-34.85651412105,26.293793564284,7.5));
#2840 = CARTESIAN_POINT('',(-29.29672530289,23.721337133893,15.));
#2841 = CARTESIAN_POINT('',(-35.46572660403,24.287176913856,7.5));
#2842 = CARTESIAN_POINT('',(-29.9389255268,22.011145327997,15.));
#2843 = DEFINITIONAL_REPRESENTATION('',(#2844),#2848);
#2844 = LINE('',#2845,#2846);
#2845 = CARTESIAN_POINT('',(0.,0.));
#2846 = VECTOR('',#2847,1.);
#2847 = DIRECTION('',(1.,0.));
#2848 = ( GEOMETRIC_REPRESENTATION_CONTEXT(2) 
PARAMETRIC_REPRESENTATION_CONTEXT() REPRESENTATION_CONTEXT('2D SPACE',''
  ) );
#2849 = ORIENTED_EDGE('',*,*,#2850,.F.);
#2850 = EDGE_CURVE('',#2851,#2823,#2853,.T.);
#2851 = VERTEX_POINT('',#2852);
#2852 = CARTESIAN_POINT('',(-33.41359236584,29.576544384371,7.5));
#2853 = SURFACE_CURVE('',#2854,(#2858,#2865),.PCURVE_S1.);
#2854 = LINE('',#2855,#2856);
#2855 = CARTESIAN_POINT('',(-32.54969377932,31.541975831467,7.5));
#2856 = VECTOR('',#2857,1.);
#2857 = DIRECTION('',(-0.402390787981,-0.915467997118,0.));
#2858 = PCURVE('',#184,#2859);
#2859 = DEFINITIONAL_REPRESENTATION('',(#2860),#2864);
#2860 = LINE('',#2861,#2862);
#2861 = CARTESIAN_POINT('',(8.665595221571,35.398377953726));
#2862 = VECTOR('',#2863,1.);
#2863 = DIRECTION('',(-0.402390787981,-0.915467997118));
#2864 = ( GEOMETRIC_REPRESENTATION_CONTEXT(2) 
PARAMETRIC_REPRESENTATION_CONTEXT() REPRESENTATION_CONTEXT('2D SPACE',''
  ) );
#2865 = PCURVE('',#2866,#2871);
#2866 = B_SPLINE_SURFACE_WITH_KNOTS('',1,1,(
    (#2867,#2868)
    ,(#2869,#2870
    )),.UNSPECIFIED.,.F.,.F.,.F.,(2,2),(2,2),(2.146914423315,
    5.732786163692),(0.,1.),.PIECEWISE_BEZIER_KNOTS.);
#2867 = CARTESIAN_POINT('',(-33.41359236584,29.576544384371,7.5));
#2868 = CARTESIAN_POINT('',(-28.19471703609,26.656006786332,15.));
#2869 = CARTESIAN_POINT('',(-34.85651412105,26.293793564284,7.5));
#2870 = CARTESIAN_POINT('',(-29.29672530289,23.721337133893,15.));
#2871 = DEFINITIONAL_REPRESENTATION('',(#2872),#2876);
#2872 = LINE('',#2873,#2874);
#2873 = CARTESIAN_POINT('',(0.,0.));
#2874 = VECTOR('',#2875,1.);
#2875 = DIRECTION('',(1.,0.));
#2876 = ( GEOMETRIC_REPRESENTATION_CONTEXT(2) 
PARAMETRIC_REPRESENTATION_CONTEXT() REPRESENTATION_CONTEXT('2D SPACE',''
  ) );
#2877 = ORIENTED_EDGE('',*,*,#2878,.F.);
#2878 = EDGE_CURVE('',#2879,#2851,#2881,.T.);
#2879 = VERTEX_POINT('',#2880);
#2880 = CARTESIAN_POINT('',(-32.54969377932,31.541975831467,7.5));
#2881 = SURFACE_CURVE('',#2882,(#2886,#2893),.PCURVE_S1.);
#2882 = LINE('',#2883,#2884);
#2883 = CARTESIAN_POINT('',(-32.54969377932,31.541975831467,7.5));
#2884 = VECTOR('',#2885,1.);
#2885 = DIRECTION('',(-0.402390787981,-0.915467997118,0.));
#2886 = PCURVE('',#184,#2887);
#2887 = DEFINITIONAL_REPRESENTATION('',(#2888),#2892);
#2888 = LINE('',#2889,#2890);
#2889 = CARTESIAN_POINT('',(8.665595221571,35.398377953726));
#2890 = VECTOR('',#2891,1.);
#2891 = DIRECTION('',(-0.402390787981,-0.915467997118));
#2892 = ( GEOMETRIC_REPRESENTATION_CONTEXT(2) 
PARAMETRIC_REPRESENTATION_CONTEXT() REPRESENTATION_CONTEXT('2D SPACE',''
  ) );
#2893 = PCURVE('',#2894,#2899);
#2894 = B_SPLINE_SURFACE_WITH_KNOTS('',1,1,(
    (#2895,#2896)
    ,(#2897,#2898
    )),.UNSPECIFIED.,.F.,.F.,.F.,(2,2),(2,2),(0.,2.146914423315),(0.,1.)
  ,.PIECEWISE_BEZIER_KNOTS.);
#2895 = CARTESIAN_POINT('',(-32.54969377932,31.541975831467,7.5));
#2896 = CARTESIAN_POINT('',(-27.32264672408,28.312514383893,15.));
#2897 = CARTESIAN_POINT('',(-33.41359236584,29.576544384371,7.5));
#2898 = CARTESIAN_POINT('',(-28.19471703609,26.656006786332,15.));
#2899 = DEFINITIONAL_REPRESENTATION('',(#2900),#2904);
#2900 = LINE('',#2901,#2902);
#2901 = CARTESIAN_POINT('',(0.,0.));
#2902 = VECTOR('',#2903,1.);
#2903 = DIRECTION('',(1.,0.));
#2904 = ( GEOMETRIC_REPRESENTATION_CONTEXT(2) 
PARAMETRIC_REPRESENTATION_CONTEXT() REPRESENTATION_CONTEXT('2D SPACE',''
  ) );
#2905 = ORIENTED_EDGE('',*,*,#2906,.F.);
#2906 = EDGE_CURVE('',#2907,#2879,#2909,.T.);
#2907 = VERTEX_POINT('',#2908);
#2908 = CARTESIAN_POINT('',(-30.71868511242,34.558431102959,7.5));
#2909 = SURFACE_CURVE('',#2910,(#2914,#2921),.PCURVE_S1.);
#2910 = LINE('',#2911,#2912);
#2911 = CARTESIAN_POINT('',(-29.57466986472,36.443114057765,7.5));
#2912 = VECTOR('',#2913,1.);
#2913 = DIRECTION('',(-0.518893110291,-0.854839131119,0.));
#2914 = PCURVE('',#184,#2915);
#2915 = DEFINITIONAL_REPRESENTATION('',(#2916),#2920);
#2916 = LINE('',#2917,#2918);
#2917 = CARTESIAN_POINT('',(11.640619136165,40.299516180024));
#2918 = VECTOR('',#2919,1.);
#2919 = DIRECTION('',(-0.518893110291,-0.854839131119));
#2920 = ( GEOMETRIC_REPRESENTATION_CONTEXT(2) 
PARAMETRIC_REPRESENTATION_CONTEXT() REPRESENTATION_CONTEXT('2D SPACE',''
  ) );
#2921 = PCURVE('',#2922,#2927);
#2922 = B_SPLINE_SURFACE_WITH_KNOTS('',1,1,(
    (#2923,#2924)
    ,(#2925,#2926
    )),.UNSPECIFIED.,.F.,.F.,.F.,(2,2),(2,2),(2.204722369622,
    5.733404155097),(0.,1.),.PIECEWISE_BEZIER_KNOTS.);
#2923 = CARTESIAN_POINT('',(-30.71868511242,34.558431102959,7.5));
#2924 = CARTESIAN_POINT('',(-25.88418717344,31.044884860923,15.));
#2925 = CARTESIAN_POINT('',(-32.54969377932,31.541975831467,7.5));
#2926 = CARTESIAN_POINT('',(-27.32264672408,28.312514383893,15.));
#2927 = DEFINITIONAL_REPRESENTATION('',(#2928),#2932);
#2928 = LINE('',#2929,#2930);
#2929 = CARTESIAN_POINT('',(0.,0.));
#2930 = VECTOR('',#2931,1.);
#2931 = DIRECTION('',(1.,0.));
#2932 = ( GEOMETRIC_REPRESENTATION_CONTEXT(2) 
PARAMETRIC_REPRESENTATION_CONTEXT() REPRESENTATION_CONTEXT('2D SPACE',''
  ) );
#2933 = ORIENTED_EDGE('',*,*,#2934,.F.);
#2934 = EDGE_CURVE('',#2935,#2907,#2937,.T.);
#2935 = VERTEX_POINT('',#2936);
#2936 = CARTESIAN_POINT('',(-29.57466986472,36.443114057765,7.5));
#2937 = SURFACE_CURVE('',#2938,(#2942,#2949),.PCURVE_S1.);
#2938 = LINE('',#2939,#2940);
#2939 = CARTESIAN_POINT('',(-29.57466986472,36.443114057765,7.5));
#2940 = VECTOR('',#2941,1.);
#2941 = DIRECTION('',(-0.518893110291,-0.854839131119,0.));
#2942 = PCURVE('',#184,#2943);
#2943 = DEFINITIONAL_REPRESENTATION('',(#2944),#2948);
#2944 = LINE('',#2945,#2946);
#2945 = CARTESIAN_POINT('',(11.640619136165,40.299516180024));
#2946 = VECTOR('',#2947,1.);
#2947 = DIRECTION('',(-0.518893110291,-0.854839131119));
#2948 = ( GEOMETRIC_REPRESENTATION_CONTEXT(2) 
PARAMETRIC_REPRESENTATION_CONTEXT() REPRESENTATION_CONTEXT('2D SPACE',''
  ) );
#2949 = PCURVE('',#2950,#2955);
#2950 = B_SPLINE_SURFACE_WITH_KNOTS('',1,1,(
    (#2951,#2952)
    ,(#2953,#2954
    )),.UNSPECIFIED.,.F.,.F.,.F.,(2,2),(2,2),(0.,2.204722369622),(0.,1.)
  ,.PIECEWISE_BEZIER_KNOTS.);
#2951 = CARTESIAN_POINT('',(-29.57466986472,36.443114057765,7.5));
#2952 = CARTESIAN_POINT('',(-24.77932216958,32.622763141448,15.));
#2953 = CARTESIAN_POINT('',(-30.71868511242,34.558431102959,7.5));
#2954 = CARTESIAN_POINT('',(-25.88418717344,31.044884860923,15.));
#2955 = DEFINITIONAL_REPRESENTATION('',(#2956),#2960);
#2956 = LINE('',#2957,#2958);
#2957 = CARTESIAN_POINT('',(0.,0.));
#2958 = VECTOR('',#2959,1.);
#2959 = DIRECTION('',(1.,0.));
#2960 = ( GEOMETRIC_REPRESENTATION_CONTEXT(2) 
PARAMETRIC_REPRESENTATION_CONTEXT() REPRESENTATION_CONTEXT('2D SPACE',''
  ) );
#2961 = ORIENTED_EDGE('',*,*,#2962,.F.);
#2962 = EDGE_CURVE('',#2963,#2935,#2965,.T.);
#2963 = VERTEX_POINT('',#2964);
#2964 = CARTESIAN_POINT('',(-27.4342568659,39.163642495702,7.5));
#2965 = SURFACE_CURVE('',#2966,(#2970,#2977),.PCURVE_S1.);
#2966 = LINE('',#2967,#2968);
#2967 = CARTESIAN_POINT('',(-26.02960567444,40.94899584286,7.5));
#2968 = VECTOR('',#2969,1.);
#2969 = DIRECTION('',(-0.618331360224,-0.785917507734,0.));
#2970 = PCURVE('',#184,#2971);
#2971 = DEFINITIONAL_REPRESENTATION('',(#2972),#2976);
#2972 = LINE('',#2973,#2974);
#2973 = CARTESIAN_POINT('',(15.185683326452,44.805397965119));
#2974 = VECTOR('',#2975,1.);
#2975 = DIRECTION('',(-0.618331360224,-0.785917507734));
#2976 = ( GEOMETRIC_REPRESENTATION_CONTEXT(2) 
PARAMETRIC_REPRESENTATION_CONTEXT() REPRESENTATION_CONTEXT('2D SPACE',''
  ) );
#2977 = PCURVE('',#2978,#2983);
#2978 = B_SPLINE_SURFACE_WITH_KNOTS('',1,1,(
    (#2979,#2980)
    ,(#2981,#2982
    )),.UNSPECIFIED.,.F.,.F.,.F.,(2,2),(2,2),(2.271680334881,
    5.733275745549),(0.,1.),.PIECEWISE_BEZIER_KNOTS.);
#2979 = CARTESIAN_POINT('',(-27.4342568659,39.163642495702,7.5));
#2980 = CARTESIAN_POINT('',(-23.03984674043,35.10694038443,15.));
#2981 = CARTESIAN_POINT('',(-29.57466986472,36.443114057765,7.5));
#2982 = CARTESIAN_POINT('',(-24.77932216958,32.622763141448,15.));
#2983 = DEFINITIONAL_REPRESENTATION('',(#2984),#2988);
#2984 = LINE('',#2985,#2986);
#2985 = CARTESIAN_POINT('',(0.,0.));
#2986 = VECTOR('',#2987,1.);
#2987 = DIRECTION('',(1.,0.));
#2988 = ( GEOMETRIC_REPRESENTATION_CONTEXT(2) 
PARAMETRIC_REPRESENTATION_CONTEXT() REPRESENTATION_CONTEXT('2D SPACE',''
  ) );
#2989 = ORIENTED_EDGE('',*,*,#2990,.F.);
#2990 = EDGE_CURVE('',#2991,#2963,#2993,.T.);
#2991 = VERTEX_POINT('',#2992);
#2992 = CARTESIAN_POINT('',(-26.02960567444,40.94899584286,7.5));
#2993 = SURFACE_CURVE('',#2994,(#2998,#3005),.PCURVE_S1.);
#2994 = LINE('',#2995,#2996);
#2995 = CARTESIAN_POINT('',(-26.02960567444,40.94899584286,7.5));
#2996 = VECTOR('',#2997,1.);
#2997 = DIRECTION('',(-0.618331360224,-0.785917507734,0.));
#2998 = PCURVE('',#184,#2999);
#2999 = DEFINITIONAL_REPRESENTATION('',(#3000),#3004);
#3000 = LINE('',#3001,#3002);
#3001 = CARTESIAN_POINT('',(15.185683326452,44.805397965119));
#3002 = VECTOR('',#3003,1.);
#3003 = DIRECTION('',(-0.618331360224,-0.785917507734));
#3004 = ( GEOMETRIC_REPRESENTATION_CONTEXT(2) 
PARAMETRIC_REPRESENTATION_CONTEXT() REPRESENTATION_CONTEXT('2D SPACE',''
  ) );
#3005 = PCURVE('',#3006,#3011);
#3006 = B_SPLINE_SURFACE_WITH_KNOTS('',1,1,(
    (#3007,#3008)
    ,(#3009,#3010
    )),.UNSPECIFIED.,.F.,.F.,.F.,(2,2),(2,2),(0.,2.271680334881),(0.,1.)
  ,.PIECEWISE_BEZIER_KNOTS.);
#3007 = CARTESIAN_POINT('',(-26.02960567444,40.94899584286,7.5));
#3008 = CARTESIAN_POINT('',(-21.70787853634,36.580728624836,15.));
#3009 = CARTESIAN_POINT('',(-27.4342568659,39.163642495702,7.5));
#3010 = CARTESIAN_POINT('',(-23.03984674043,35.10694038443,15.));
#3011 = DEFINITIONAL_REPRESENTATION('',(#3012),#3016);
#3012 = LINE('',#3013,#3014);
#3013 = CARTESIAN_POINT('',(0.,0.));
#3014 = VECTOR('',#3015,1.);
#3015 = DIRECTION('',(1.,0.));
#3016 = ( GEOMETRIC_REPRESENTATION_CONTEXT(2) 
PARAMETRIC_REPRESENTATION_CONTEXT() REPRESENTATION_CONTEXT('2D SPACE',''
  ) );
#3017 = ORIENTED_EDGE('',*,*,#3018,.F.);
#3018 = EDGE_CURVE('',#3019,#2991,#3021,.T.);
#3019 = VERTEX_POINT('',#3020);
#3020 = CARTESIAN_POINT('',(-23.62334522785,43.337170499028,7.5));
#3021 = SURFACE_CURVE('',#3022,(#3026,#3033),.PCURVE_S1.);
#3022 = LINE('',#3023,#3024);
#3023 = CARTESIAN_POINT('',(-21.96223816496,44.985792448657,7.5));
#3024 = VECTOR('',#3025,1.);
#3025 = DIRECTION('',(-0.709769112243,-0.70443438822,0.));
#3026 = PCURVE('',#184,#3027);
#3027 = DEFINITIONAL_REPRESENTATION('',(#3028),#3032);
#3028 = LINE('',#3029,#3030);
#3029 = CARTESIAN_POINT('',(19.253050835925,48.842194570916));
#3030 = VECTOR('',#3031,1.);
#3031 = DIRECTION('',(-0.709769112243,-0.70443438822));
#3032 = ( GEOMETRIC_REPRESENTATION_CONTEXT(2) 
PARAMETRIC_REPRESENTATION_CONTEXT() REPRESENTATION_CONTEXT('2D SPACE',''
  ) );
#3033 = PCURVE('',#3034,#3039);
#3034 = B_SPLINE_SURFACE_WITH_KNOTS('',1,1,(
    (#3035,#3036)
    ,(#3037,#3038
    )),.UNSPECIFIED.,.F.,.F.,.F.,(2,2),(2,2),(2.340348479858,
    5.730550173734),(0.,1.),.PIECEWISE_BEZIER_KNOTS.);
#3035 = CARTESIAN_POINT('',(-23.62334522785,43.337170499028,7.5));
#3036 = CARTESIAN_POINT('',(-19.71510833804,38.785677117645,15.));
#3037 = CARTESIAN_POINT('',(-26.02960567444,40.94899584286,7.5));
#3038 = CARTESIAN_POINT('',(-21.70787853634,36.580728624836,15.));
#3039 = DEFINITIONAL_REPRESENTATION('',(#3040),#3044);
#3040 = LINE('',#3041,#3042);
#3041 = CARTESIAN_POINT('',(0.,0.));
#3042 = VECTOR('',#3043,1.);
#3043 = DIRECTION('',(1.,0.));
#3044 = ( GEOMETRIC_REPRESENTATION_CONTEXT(2) 
PARAMETRIC_REPRESENTATION_CONTEXT() REPRESENTATION_CONTEXT('2D SPACE',''
  ) );
#3045 = ORIENTED_EDGE('',*,*,#3046,.F.);
#3046 = EDGE_CURVE('',#3047,#3019,#3049,.T.);
#3047 = VERTEX_POINT('',#3048);
#3048 = CARTESIAN_POINT('',(-21.96223816496,44.985792448657,7.5));
#3049 = SURFACE_CURVE('',#3050,(#3054,#3061),.PCURVE_S1.);
#3050 = LINE('',#3051,#3052);
#3051 = CARTESIAN_POINT('',(-21.96223816496,44.985792448657,7.5));
#3052 = VECTOR('',#3053,1.);
#3053 = DIRECTION('',(-0.709769112243,-0.70443438822,0.));
#3054 = PCURVE('',#184,#3055);
#3055 = DEFINITIONAL_REPRESENTATION('',(#3056),#3060);
#3056 = LINE('',#3057,#3058);
#3057 = CARTESIAN_POINT('',(19.253050835925,48.842194570916));
#3058 = VECTOR('',#3059,1.);
#3059 = DIRECTION('',(-0.709769112243,-0.70443438822));
#3060 = ( GEOMETRIC_REPRESENTATION_CONTEXT(2) 
PARAMETRIC_REPRESENTATION_CONTEXT() REPRESENTATION_CONTEXT('2D SPACE',''
  ) );
#3061 = PCURVE('',#3062,#3067);
#3062 = B_SPLINE_SURFACE_WITH_KNOTS('',1,1,(
    (#3063,#3064)
    ,(#3065,#3066
    )),.UNSPECIFIED.,.F.,.F.,.F.,(2,2),(2,2),(0.,2.340348479858),(0.,1.)
  ,.PIECEWISE_BEZIER_KNOTS.);
#3063 = CARTESIAN_POINT('',(-21.96223816496,44.985792448657,7.5));
#3064 = CARTESIAN_POINT('',(-18.1698039044,40.129397227297,15.));
#3065 = CARTESIAN_POINT('',(-23.62334522785,43.337170499028,7.5));
#3066 = CARTESIAN_POINT('',(-19.71510833804,38.785677117645,15.));
#3067 = DEFINITIONAL_REPRESENTATION('',(#3068),#3072);
#3068 = LINE('',#3069,#3070);
#3069 = CARTESIAN_POINT('',(0.,0.));
#3070 = VECTOR('',#3071,1.);
#3071 = DIRECTION('',(1.,0.));
#3072 = ( GEOMETRIC_REPRESENTATION_CONTEXT(2) 
PARAMETRIC_REPRESENTATION_CONTEXT() REPRESENTATION_CONTEXT('2D SPACE',''
  ) );
#3073 = ORIENTED_EDGE('',*,*,#3074,.F.);
#3074 = EDGE_CURVE('',#3075,#3047,#3077,.T.);
#3075 = VERTEX_POINT('',#3076);
#3076 = CARTESIAN_POINT('',(-19.32494762066,46.998293256385,7.5));
#3077 = SURFACE_CURVE('',#3078,(#3082,#3089),.PCURVE_S1.);
#3078 = LINE('',#3079,#3080);
#3079 = CARTESIAN_POINT('',(-17.40569424303,48.462864151341,7.5));
#3080 = VECTOR('',#3081,1.);
#3081 = DIRECTION('',(-0.794975710916,-0.606641260592,0.));
#3082 = PCURVE('',#184,#3083);
#3083 = DEFINITIONAL_REPRESENTATION('',(#3084),#3088);
#3084 = LINE('',#3085,#3086);
#3085 = CARTESIAN_POINT('',(23.80959475786,52.3192662736));
#3086 = VECTOR('',#3087,1.);
#3087 = DIRECTION('',(-0.794975710916,-0.606641260592));
#3088 = ( GEOMETRIC_REPRESENTATION_CONTEXT(2) 
PARAMETRIC_REPRESENTATION_CONTEXT() REPRESENTATION_CONTEXT('2D SPACE',''
  ) );
#3089 = PCURVE('',#3090,#3095);
#3090 = B_SPLINE_SURFACE_WITH_KNOTS('',1,1,(
    (#3091,#3092)
    ,(#3093,#3094
    )),.UNSPECIFIED.,.F.,.F.,.F.,(2,2),(2,2),(2.414228952257,
    5.731676904548),(0.,1.),.PIECEWISE_BEZIER_KNOTS.);
#3091 = CARTESIAN_POINT('',(-19.32494762066,46.998293256385,7.5));
#3092 = CARTESIAN_POINT('',(-15.97316285921,42.039487357019,15.));
#3093 = CARTESIAN_POINT('',(-21.96223816496,44.985792448657,7.5));
#3094 = CARTESIAN_POINT('',(-18.1698039044,40.129397227297,15.));
#3095 = DEFINITIONAL_REPRESENTATION('',(#3096),#3100);
#3096 = LINE('',#3097,#3098);
#3097 = CARTESIAN_POINT('',(0.,0.));
#3098 = VECTOR('',#3099,1.);
#3099 = DIRECTION('',(1.,0.));
#3100 = ( GEOMETRIC_REPRESENTATION_CONTEXT(2) 
PARAMETRIC_REPRESENTATION_CONTEXT() REPRESENTATION_CONTEXT('2D SPACE',''
  ) );
#3101 = ORIENTED_EDGE('',*,*,#3102,.F.);
#3102 = EDGE_CURVE('',#3103,#3075,#3105,.T.);
#3103 = VERTEX_POINT('',#3104);
#3104 = CARTESIAN_POINT('',(-17.40569424303,48.462864151341,7.5));
#3105 = SURFACE_CURVE('',#3106,(#3110,#3117),.PCURVE_S1.);
#3106 = LINE('',#3107,#3108);
#3107 = CARTESIAN_POINT('',(-17.40569424303,48.462864151341,7.5));
#3108 = VECTOR('',#3109,1.);
#3109 = DIRECTION('',(-0.794975710916,-0.606641260592,0.));
#3110 = PCURVE('',#184,#3111);
#3111 = DEFINITIONAL_REPRESENTATION('',(#3112),#3116);
#3112 = LINE('',#3113,#3114);
#3113 = CARTESIAN_POINT('',(23.80959475786,52.3192662736));
#3114 = VECTOR('',#3115,1.);
#3115 = DIRECTION('',(-0.794975710916,-0.606641260592));
#3116 = ( GEOMETRIC_REPRESENTATION_CONTEXT(2) 
PARAMETRIC_REPRESENTATION_CONTEXT() REPRESENTATION_CONTEXT('2D SPACE',''
  ) );
#3117 = PCURVE('',#3118,#3123);
#3118 = B_SPLINE_SURFACE_WITH_KNOTS('',1,1,(
    (#3119,#3120)
    ,(#3121,#3122
    )),.UNSPECIFIED.,.F.,.F.,.F.,(2,2),(2,2),(0.,2.414228952257),(0.,1.)
  ,.PIECEWISE_BEZIER_KNOTS.);
#3119 = CARTESIAN_POINT('',(-17.40569424303,48.462864151341,7.5));
#3120 = CARTESIAN_POINT('',(-13.86583246351,42.686295442123,15.));
#3121 = CARTESIAN_POINT('',(-19.32494762066,46.998293256385,7.5));
#3122 = CARTESIAN_POINT('',(-15.97316285921,42.039487357019,15.));
#3123 = DEFINITIONAL_REPRESENTATION('',(#3124),#3128);
#3124 = LINE('',#3125,#3126);
#3125 = CARTESIAN_POINT('',(0.,0.));
#3126 = VECTOR('',#3127,1.);
#3127 = DIRECTION('',(1.,0.));
#3128 = ( GEOMETRIC_REPRESENTATION_CONTEXT(2) 
PARAMETRIC_REPRESENTATION_CONTEXT() REPRESENTATION_CONTEXT('2D SPACE',''
  ) );
#3129 = ORIENTED_EDGE('',*,*,#3130,.F.);
#3130 = EDGE_CURVE('',#3131,#3103,#3133,.T.);
#3131 = VERTEX_POINT('',#3132);
#3132 = CARTESIAN_POINT('',(-14.75837614889,49.515975517941,7.5));
#3133 = SURFACE_CURVE('',#3134,(#3138,#3145),.PCURVE_S1.);
#3134 = LINE('',#3135,#3136);
#3135 = CARTESIAN_POINT('',(-12.26512141735,50.507800000021,7.5));
#3136 = VECTOR('',#3137,1.);
#3137 = DIRECTION('',(-0.92917892168,-0.369630263244,0.));
#3138 = PCURVE('',#184,#3139);
#3139 = DEFINITIONAL_REPRESENTATION('',(#3140),#3144);
#3140 = LINE('',#3141,#3142);
#3141 = CARTESIAN_POINT('',(28.95016758354,54.36420212228));
#3142 = VECTOR('',#3143,1.);
#3143 = DIRECTION('',(-0.92917892168,-0.369630263244));
#3144 = ( GEOMETRIC_REPRESENTATION_CONTEXT(2) 
PARAMETRIC_REPRESENTATION_CONTEXT() REPRESENTATION_CONTEXT('2D SPACE',''
  ) );
#3145 = PCURVE('',#3146,#3151);
#3146 = B_SPLINE_SURFACE_WITH_KNOTS('',1,1,(
    (#3147,#3148)
    ,(#3149,#3150
    )),.UNSPECIFIED.,.F.,.F.,.F.,(2,2),(2,2),(2.683288087333,
    5.532382091047),(0.,1.),.PIECEWISE_BEZIER_KNOTS.);
#3147 = CARTESIAN_POINT('',(-14.75837614889,49.515975517941,7.5));
#3148 = CARTESIAN_POINT('',(-11.48190546722,43.418000000005,15.));
#3149 = CARTESIAN_POINT('',(-17.40569424303,48.462864151341,7.5));
#3150 = CARTESIAN_POINT('',(-13.86583246351,42.686295442123,15.));
#3151 = DEFINITIONAL_REPRESENTATION('',(#3152),#3156);
#3152 = LINE('',#3153,#3154);
#3153 = CARTESIAN_POINT('',(0.,0.));
#3154 = VECTOR('',#3155,1.);
#3155 = DIRECTION('',(1.,0.));
#3156 = ( GEOMETRIC_REPRESENTATION_CONTEXT(2) 
PARAMETRIC_REPRESENTATION_CONTEXT() REPRESENTATION_CONTEXT('2D SPACE',''
  ) );
#3157 = ORIENTED_EDGE('',*,*,#3158,.F.);
#3158 = EDGE_CURVE('',#3159,#3131,#3161,.T.);
#3159 = VERTEX_POINT('',#3160);
#3160 = CARTESIAN_POINT('',(-14.21849999995,49.730739928105,7.5));
#3161 = SURFACE_CURVE('',#3162,(#3166,#3173),.PCURVE_S1.);
#3162 = LINE('',#3163,#3164);
#3163 = CARTESIAN_POINT('',(-12.26512141735,50.507800000021,7.5));
#3164 = VECTOR('',#3165,1.);
#3165 = DIRECTION('',(-0.92917892168,-0.369630263244,0.));
#3166 = PCURVE('',#184,#3167);
#3167 = DEFINITIONAL_REPRESENTATION('',(#3168),#3172);
#3168 = LINE('',#3169,#3170);
#3169 = CARTESIAN_POINT('',(28.95016758354,54.36420212228));
#3170 = VECTOR('',#3171,1.);
#3171 = DIRECTION('',(-0.92917892168,-0.369630263244));
#3172 = ( GEOMETRIC_REPRESENTATION_CONTEXT(2) 
PARAMETRIC_REPRESENTATION_CONTEXT() REPRESENTATION_CONTEXT('2D SPACE',''
  ) );
#3173 = PCURVE('',#3174,#3179);
#3174 = B_SPLINE_SURFACE_WITH_KNOTS('',1,1,(
    (#3175,#3176)
    ,(#3177,#3178
    )),.UNSPECIFIED.,.F.,.F.,.F.,(2,2),(2,2),(0.,2.683288087333),(0.,1.)
  ,.PIECEWISE_BEZIER_KNOTS.);
#3175 = CARTESIAN_POINT('',(-12.26512141735,50.507800000021,7.5));
#3176 = CARTESIAN_POINT('',(-8.917762724979,43.418000000005,15.));
#3177 = CARTESIAN_POINT('',(-14.75837614889,49.515975517941,7.5));
#3178 = CARTESIAN_POINT('',(-11.48190546722,43.418000000005,15.));
#3179 = DEFINITIONAL_REPRESENTATION('',(#3180),#3184);
#3180 = LINE('',#3181,#3182);
#3181 = CARTESIAN_POINT('',(0.,0.));
#3182 = VECTOR('',#3183,1.);
#3183 = DIRECTION('',(1.,0.));
#3184 = ( GEOMETRIC_REPRESENTATION_CONTEXT(2) 
PARAMETRIC_REPRESENTATION_CONTEXT() REPRESENTATION_CONTEXT('2D SPACE',''
  ) );
#3185 = ORIENTED_EDGE('',*,*,#3186,.T.);
#3186 = EDGE_CURVE('',#3159,#3187,#3189,.T.);
#3187 = VERTEX_POINT('',#3188);
#3188 = CARTESIAN_POINT('',(-14.21849999995,66.015199999994,7.5));
#3189 = SURFACE_CURVE('',#3190,(#3194,#3201),.PCURVE_S1.);
#3190 = LINE('',#3191,#3192);
#3191 = CARTESIAN_POINT('',(-14.21849999995,37.246199999994,7.5));
#3192 = VECTOR('',#3193,1.);
#3193 = DIRECTION('',(0.,1.,0.));
#3194 = PCURVE('',#184,#3195);
#3195 = DEFINITIONAL_REPRESENTATION('',(#3196),#3200);
#3196 = LINE('',#3197,#3198);
#3197 = CARTESIAN_POINT('',(26.996789000933,41.102602122253));
#3198 = VECTOR('',#3199,1.);
#3199 = DIRECTION('',(0.,1.));
#3200 = ( GEOMETRIC_REPRESENTATION_CONTEXT(2) 
PARAMETRIC_REPRESENTATION_CONTEXT() REPRESENTATION_CONTEXT('2D SPACE',''
  ) );
#3201 = PCURVE('',#3202,#3207);
#3202 = PLANE('',#3203);
#3203 = AXIS2_PLACEMENT_3D('',#3204,#3205,#3206);
#3204 = CARTESIAN_POINT('',(-14.21849999995,50.508200000011,7.5));
#3205 = DIRECTION('',(-1.,0.,0.));
#3206 = DIRECTION('',(0.,1.,0.));
#3207 = DEFINITIONAL_REPRESENTATION('',(#3208),#3212);
#3208 = LINE('',#3209,#3210);
#3209 = CARTESIAN_POINT('',(-13.26200000001,0.));
#3210 = VECTOR('',#3211,1.);
#3211 = DIRECTION('',(1.,0.));
#3212 = ( GEOMETRIC_REPRESENTATION_CONTEXT(2) 
PARAMETRIC_REPRESENTATION_CONTEXT() REPRESENTATION_CONTEXT('2D SPACE',''
  ) );
#3213 = ORIENTED_EDGE('',*,*,#3214,.T.);
#3214 = EDGE_CURVE('',#3187,#3215,#3217,.T.);
#3215 = VERTEX_POINT('',#3216);
#3216 = CARTESIAN_POINT('',(-20.07849999994,63.281199999998,7.5));
#3217 = SURFACE_CURVE('',#3218,(#3222,#3229),.PCURVE_S1.);
#3218 = LINE('',#3219,#3220);
#3219 = CARTESIAN_POINT('',(-14.21849999995,66.015199999994,7.5));
#3220 = VECTOR('',#3221,1.);
#3221 = DIRECTION('',(-0.906222644015,-0.422800803539,0.));
#3222 = PCURVE('',#184,#3223);
#3223 = DEFINITIONAL_REPRESENTATION('',(#3224),#3228);
#3224 = LINE('',#3225,#3226);
#3225 = CARTESIAN_POINT('',(26.996789000933,69.871602122253));
#3226 = VECTOR('',#3227,1.);
#3227 = DIRECTION('',(-0.906222644015,-0.422800803539));
#3228 = ( GEOMETRIC_REPRESENTATION_CONTEXT(2) 
PARAMETRIC_REPRESENTATION_CONTEXT() REPRESENTATION_CONTEXT('2D SPACE',''
  ) );
#3229 = PCURVE('',#3230,#3235);
#3230 = PLANE('',#3231);
#3231 = AXIS2_PLACEMENT_3D('',#3232,#3233,#3234);
#3232 = CARTESIAN_POINT('',(-14.21849999995,66.015199999994,7.5));
#3233 = DIRECTION('',(0.422800803539,-0.906222644015,0.));
#3234 = DIRECTION('',(-0.906222644015,-0.422800803539,0.));
#3235 = DEFINITIONAL_REPRESENTATION('',(#3236),#3240);
#3236 = LINE('',#3237,#3238);
#3237 = CARTESIAN_POINT('',(0.,0.));
#3238 = VECTOR('',#3239,1.);
#3239 = DIRECTION('',(1.,0.));
#3240 = ( GEOMETRIC_REPRESENTATION_CONTEXT(2) 
PARAMETRIC_REPRESENTATION_CONTEXT() REPRESENTATION_CONTEXT('2D SPACE',''
  ) );
#3241 = ORIENTED_EDGE('',*,*,#3242,.T.);
#3242 = EDGE_CURVE('',#3215,#3243,#3245,.T.);
#3243 = VERTEX_POINT('',#3244);
#3244 = CARTESIAN_POINT('',(-25.62549999996,59.922200000001,7.5));
#3245 = SURFACE_CURVE('',#3246,(#3250,#3257),.PCURVE_S1.);
#3246 = LINE('',#3247,#3248);
#3247 = CARTESIAN_POINT('',(-20.07849999994,63.281199999998,7.5));
#3248 = VECTOR('',#3249,1.);
#3249 = DIRECTION('',(-0.855390402726,-0.517983840408,0.));
#3250 = PCURVE('',#184,#3251);
#3251 = DEFINITIONAL_REPRESENTATION('',(#3252),#3256);
#3252 = LINE('',#3253,#3254);
#3253 = CARTESIAN_POINT('',(21.136789000947,67.137602122256));
#3254 = VECTOR('',#3255,1.);
#3255 = DIRECTION('',(-0.855390402726,-0.517983840408));
#3256 = ( GEOMETRIC_REPRESENTATION_CONTEXT(2) 
PARAMETRIC_REPRESENTATION_CONTEXT() REPRESENTATION_CONTEXT('2D SPACE',''
  ) );
#3257 = PCURVE('',#3258,#3263);
#3258 = PLANE('',#3259);
#3259 = AXIS2_PLACEMENT_3D('',#3260,#3261,#3262);
#3260 = CARTESIAN_POINT('',(-20.07849999994,63.281199999998,7.5));
#3261 = DIRECTION('',(0.517983840408,-0.855390402726,0.));
#3262 = DIRECTION('',(-0.855390402726,-0.517983840408,0.));
#3263 = DEFINITIONAL_REPRESENTATION('',(#3264),#3268);
#3264 = LINE('',#3265,#3266);
#3265 = CARTESIAN_POINT('',(0.,0.));
#3266 = VECTOR('',#3267,1.);
#3267 = DIRECTION('',(1.,0.));
#3268 = ( GEOMETRIC_REPRESENTATION_CONTEXT(2) 
PARAMETRIC_REPRESENTATION_CONTEXT() REPRESENTATION_CONTEXT('2D SPACE',''
  ) );
#3269 = ORIENTED_EDGE('',*,*,#3270,.T.);
#3270 = EDGE_CURVE('',#3243,#3271,#3273,.T.);
#3271 = VERTEX_POINT('',#3272);
#3272 = CARTESIAN_POINT('',(-30.78150000004,55.976200000005,7.5));
#3273 = SURFACE_CURVE('',#3274,(#3278,#3285),.PCURVE_S1.);
#3274 = LINE('',#3275,#3276);
#3275 = CARTESIAN_POINT('',(-25.62549999996,59.922200000001,7.5));
#3276 = VECTOR('',#3277,1.);
#3277 = DIRECTION('',(-0.794121700283,-0.607758772162,0.));
#3278 = PCURVE('',#184,#3279);
#3279 = DEFINITIONAL_REPRESENTATION('',(#3280),#3284);
#3280 = LINE('',#3281,#3282);
#3281 = CARTESIAN_POINT('',(15.589789000927,63.77860212226));
#3282 = VECTOR('',#3283,1.);
#3283 = DIRECTION('',(-0.794121700283,-0.607758772162));
#3284 = ( GEOMETRIC_REPRESENTATION_CONTEXT(2) 
PARAMETRIC_REPRESENTATION_CONTEXT() REPRESENTATION_CONTEXT('2D SPACE',''
  ) );
#3285 = PCURVE('',#3286,#3291);
#3286 = PLANE('',#3287);
#3287 = AXIS2_PLACEMENT_3D('',#3288,#3289,#3290);
#3288 = CARTESIAN_POINT('',(-25.62549999996,59.922200000001,7.5));
#3289 = DIRECTION('',(0.607758772162,-0.794121700283,0.));
#3290 = DIRECTION('',(-0.794121700283,-0.607758772162,0.));
#3291 = DEFINITIONAL_REPRESENTATION('',(#3292),#3296);
#3292 = LINE('',#3293,#3294);
#3293 = CARTESIAN_POINT('',(0.,0.));
#3294 = VECTOR('',#3295,1.);
#3295 = DIRECTION('',(1.,0.));
#3296 = ( GEOMETRIC_REPRESENTATION_CONTEXT(2) 
PARAMETRIC_REPRESENTATION_CONTEXT() REPRESENTATION_CONTEXT('2D SPACE',''
  ) );
#3297 = ORIENTED_EDGE('',*,*,#3298,.T.);
#3298 = EDGE_CURVE('',#3271,#3299,#3301,.T.);
#3299 = VERTEX_POINT('',#3300);
#3300 = CARTESIAN_POINT('',(-35.46849999995,51.504199999996,7.5));
#3301 = SURFACE_CURVE('',#3302,(#3306,#3313),.PCURVE_S1.);
#3302 = LINE('',#3303,#3304);
#3303 = CARTESIAN_POINT('',(-30.78150000004,55.976200000005,7.5));
#3304 = VECTOR('',#3305,1.);
#3305 = DIRECTION('',(-0.723506219998,-0.690317861296,0.));
#3306 = PCURVE('',#184,#3307);
#3307 = DEFINITIONAL_REPRESENTATION('',(#3308),#3312);
#3308 = LINE('',#3309,#3310);
#3309 = CARTESIAN_POINT('',(10.433789000851,59.832602122263));
#3310 = VECTOR('',#3311,1.);
#3311 = DIRECTION('',(-0.723506219998,-0.690317861296));
#3312 = ( GEOMETRIC_REPRESENTATION_CONTEXT(2) 
PARAMETRIC_REPRESENTATION_CONTEXT() REPRESENTATION_CONTEXT('2D SPACE',''
  ) );
#3313 = PCURVE('',#3314,#3319);
#3314 = PLANE('',#3315);
#3315 = AXIS2_PLACEMENT_3D('',#3316,#3317,#3318);
#3316 = CARTESIAN_POINT('',(-30.78150000004,55.976200000005,7.5));
#3317 = DIRECTION('',(0.690317861296,-0.723506219998,0.));
#3318 = DIRECTION('',(-0.723506219998,-0.690317861296,0.));
#3319 = DEFINITIONAL_REPRESENTATION('',(#3320),#3324);
#3320 = LINE('',#3321,#3322);
#3321 = CARTESIAN_POINT('',(0.,0.));
#3322 = VECTOR('',#3323,1.);
#3323 = DIRECTION('',(1.,0.));
#3324 = ( GEOMETRIC_REPRESENTATION_CONTEXT(2) 
PARAMETRIC_REPRESENTATION_CONTEXT() REPRESENTATION_CONTEXT('2D SPACE',''
  ) );
#3325 = ORIENTED_EDGE('',*,*,#3326,.T.);
#3326 = EDGE_CURVE('',#3299,#3327,#3329,.T.);
#3327 = VERTEX_POINT('',#3328);
#3328 = CARTESIAN_POINT('',(-39.64850000001,46.562200000015,7.5));
#3329 = SURFACE_CURVE('',#3330,(#3334,#3341),.PCURVE_S1.);
#3330 = LINE('',#3331,#3332);
#3331 = CARTESIAN_POINT('',(-35.46849999995,51.504199999996,7.5));
#3332 = VECTOR('',#3333,1.);
#3333 = DIRECTION('',(-0.645789864391,-0.763515193725,0.));
#3334 = PCURVE('',#184,#3335);
#3335 = DEFINITIONAL_REPRESENTATION('',(#3336),#3340);
#3336 = LINE('',#3337,#3338);
#3337 = CARTESIAN_POINT('',(5.746789000933,55.360602122254));
#3338 = VECTOR('',#3339,1.);
#3339 = DIRECTION('',(-0.645789864391,-0.763515193725));
#3340 = ( GEOMETRIC_REPRESENTATION_CONTEXT(2) 
PARAMETRIC_REPRESENTATION_CONTEXT() REPRESENTATION_CONTEXT('2D SPACE',''
  ) );
#3341 = PCURVE('',#3342,#3347);
#3342 = PLANE('',#3343);
#3343 = AXIS2_PLACEMENT_3D('',#3344,#3345,#3346);
#3344 = CARTESIAN_POINT('',(-35.46849999995,51.504199999996,7.5));
#3345 = DIRECTION('',(0.763515193725,-0.645789864391,0.));
#3346 = DIRECTION('',(-0.645789864391,-0.763515193725,0.));
#3347 = DEFINITIONAL_REPRESENTATION('',(#3348),#3352);
#3348 = LINE('',#3349,#3350);
#3349 = CARTESIAN_POINT('',(0.,0.));
#3350 = VECTOR('',#3351,1.);
#3351 = DIRECTION('',(1.,0.));
#3352 = ( GEOMETRIC_REPRESENTATION_CONTEXT(2) 
PARAMETRIC_REPRESENTATION_CONTEXT() REPRESENTATION_CONTEXT('2D SPACE',''
  ) );
#3353 = ORIENTED_EDGE('',*,*,#3354,.T.);
#3354 = EDGE_CURVE('',#3327,#3355,#3357,.T.);
#3355 = VERTEX_POINT('',#3356);
#3356 = CARTESIAN_POINT('',(-43.24250000005,41.191200000001,7.5));
#3357 = SURFACE_CURVE('',#3358,(#3362,#3369),.PCURVE_S1.);
#3358 = LINE('',#3359,#3360);
#3359 = CARTESIAN_POINT('',(-39.64850000001,46.562200000015,7.5));
#3360 = VECTOR('',#3361,1.);
#3361 = DIRECTION('',(-0.556127728012,-0.831096835595,0.));
#3362 = PCURVE('',#184,#3363);
#3363 = DEFINITIONAL_REPRESENTATION('',(#3364),#3368);
#3364 = LINE('',#3365,#3366);
#3365 = CARTESIAN_POINT('',(1.566789000882,50.418602122274));
#3366 = VECTOR('',#3367,1.);
#3367 = DIRECTION('',(-0.556127728012,-0.831096835595));
#3368 = ( GEOMETRIC_REPRESENTATION_CONTEXT(2) 
PARAMETRIC_REPRESENTATION_CONTEXT() REPRESENTATION_CONTEXT('2D SPACE',''
  ) );
#3369 = PCURVE('',#3370,#3375);
#3370 = PLANE('',#3371);
#3371 = AXIS2_PLACEMENT_3D('',#3372,#3373,#3374);
#3372 = CARTESIAN_POINT('',(-39.64850000001,46.562200000015,7.5));
#3373 = DIRECTION('',(0.831096835595,-0.556127728012,0.));
#3374 = DIRECTION('',(-0.556127728012,-0.831096835595,0.));
#3375 = DEFINITIONAL_REPRESENTATION('',(#3376),#3380);
#3376 = LINE('',#3377,#3378);
#3377 = CARTESIAN_POINT('',(0.,0.));
#3378 = VECTOR('',#3379,1.);
#3379 = DIRECTION('',(1.,0.));
#3380 = ( GEOMETRIC_REPRESENTATION_CONTEXT(2) 
PARAMETRIC_REPRESENTATION_CONTEXT() REPRESENTATION_CONTEXT('2D SPACE',''
  ) );
#3381 = ORIENTED_EDGE('',*,*,#3382,.T.);
#3382 = EDGE_CURVE('',#3355,#3383,#3385,.T.);
#3383 = VERTEX_POINT('',#3384);
#3384 = CARTESIAN_POINT('',(-46.28949999995,35.469200000021,7.5));
#3385 = SURFACE_CURVE('',#3386,(#3390,#3397),.PCURVE_S1.);
#3386 = LINE('',#3387,#3388);
#3387 = CARTESIAN_POINT('',(-43.24250000005,41.191200000001,7.5));
#3388 = VECTOR('',#3389,1.);
#3389 = DIRECTION('',(-0.470019683585,-0.882655933557,0.));
#3390 = PCURVE('',#184,#3391);
#3391 = DEFINITIONAL_REPRESENTATION('',(#3392),#3396);
#3392 = LINE('',#3393,#3394);
#3393 = CARTESIAN_POINT('',(-2.027210999159,45.04760212226));
#3394 = VECTOR('',#3395,1.);
#3395 = DIRECTION('',(-0.470019683585,-0.882655933557));
#3396 = ( GEOMETRIC_REPRESENTATION_CONTEXT(2) 
PARAMETRIC_REPRESENTATION_CONTEXT() REPRESENTATION_CONTEXT('2D SPACE',''
  ) );
#3397 = PCURVE('',#3398,#3403);
#3398 = PLANE('',#3399);
#3399 = AXIS2_PLACEMENT_3D('',#3400,#3401,#3402);
#3400 = CARTESIAN_POINT('',(-43.24250000005,41.191200000001,7.5));
#3401 = DIRECTION('',(0.882655933557,-0.470019683585,0.));
#3402 = DIRECTION('',(-0.470019683585,-0.882655933557,0.));
#3403 = DEFINITIONAL_REPRESENTATION('',(#3404),#3408);
#3404 = LINE('',#3405,#3406);
#3405 = CARTESIAN_POINT('',(0.,0.));
#3406 = VECTOR('',#3407,1.);
#3407 = DIRECTION('',(1.,0.));
#3408 = ( GEOMETRIC_REPRESENTATION_CONTEXT(2) 
PARAMETRIC_REPRESENTATION_CONTEXT() REPRESENTATION_CONTEXT('2D SPACE',''
  ) );
#3409 = ORIENTED_EDGE('',*,*,#3410,.T.);
#3410 = EDGE_CURVE('',#3383,#3411,#3413,.T.);
#3411 = VERTEX_POINT('',#3412);
#3412 = CARTESIAN_POINT('',(-48.67150000005,29.433199999999,7.5));
#3413 = SURFACE_CURVE('',#3414,(#3418,#3425),.PCURVE_S1.);
#3414 = LINE('',#3415,#3416);
#3415 = CARTESIAN_POINT('',(-46.28949999995,35.469200000021,7.5));
#3416 = VECTOR('',#3417,1.);
#3417 = DIRECTION('',(-0.367082323913,-0.93018845804,0.));
#3418 = PCURVE('',#184,#3419);
#3419 = DEFINITIONAL_REPRESENTATION('',(#3420),#3424);
#3420 = LINE('',#3421,#3422);
#3421 = CARTESIAN_POINT('',(-5.074210999063,39.32560212228));
#3422 = VECTOR('',#3423,1.);
#3423 = DIRECTION('',(-0.367082323913,-0.93018845804));
#3424 = ( GEOMETRIC_REPRESENTATION_CONTEXT(2) 
PARAMETRIC_REPRESENTATION_CONTEXT() REPRESENTATION_CONTEXT('2D SPACE',''
  ) );
#3425 = PCURVE('',#3426,#3431);
#3426 = PLANE('',#3427);
#3427 = AXIS2_PLACEMENT_3D('',#3428,#3429,#3430);
#3428 = CARTESIAN_POINT('',(-46.28949999995,35.469200000021,7.5));
#3429 = DIRECTION('',(0.93018845804,-0.367082323913,0.));
#3430 = DIRECTION('',(-0.367082323913,-0.93018845804,0.));
#3431 = DEFINITIONAL_REPRESENTATION('',(#3432),#3436);
#3432 = LINE('',#3433,#3434);
#3433 = CARTESIAN_POINT('',(0.,0.));
#3434 = VECTOR('',#3435,1.);
#3435 = DIRECTION('',(1.,0.));
#3436 = ( GEOMETRIC_REPRESENTATION_CONTEXT(2) 
PARAMETRIC_REPRESENTATION_CONTEXT() REPRESENTATION_CONTEXT('2D SPACE',''
  ) );
#3437 = ORIENTED_EDGE('',*,*,#3438,.T.);
#3438 = EDGE_CURVE('',#3411,#3439,#3441,.T.);
#3439 = VERTEX_POINT('',#3440);
#3440 = CARTESIAN_POINT('',(-50.39049999998,23.203200000018,7.5));
#3441 = SURFACE_CURVE('',#3442,(#3446,#3453),.PCURVE_S1.);
#3442 = LINE('',#3443,#3444);
#3443 = CARTESIAN_POINT('',(-48.67150000005,29.433199999999,7.5));
#3444 = VECTOR('',#3445,1.);
#3445 = DIRECTION('',(-0.265983538425,-0.963977570946,0.));
#3446 = PCURVE('',#184,#3447);
#3447 = DEFINITIONAL_REPRESENTATION('',(#3448),#3452);
#3448 = LINE('',#3449,#3450);
#3449 = CARTESIAN_POINT('',(-7.456210999162,33.289602122258));
#3450 = VECTOR('',#3451,1.);
#3451 = DIRECTION('',(-0.265983538425,-0.963977570946));
#3452 = ( GEOMETRIC_REPRESENTATION_CONTEXT(2) 
PARAMETRIC_REPRESENTATION_CONTEXT() REPRESENTATION_CONTEXT('2D SPACE',''
  ) );
#3453 = PCURVE('',#3454,#3459);
#3454 = PLANE('',#3455);
#3455 = AXIS2_PLACEMENT_3D('',#3456,#3457,#3458);
#3456 = CARTESIAN_POINT('',(-48.67150000005,29.433199999999,7.5));
#3457 = DIRECTION('',(0.963977570946,-0.265983538425,0.));
#3458 = DIRECTION('',(-0.265983538425,-0.963977570946,0.));
#3459 = DEFINITIONAL_REPRESENTATION('',(#3460),#3464);
#3460 = LINE('',#3461,#3462);
#3461 = CARTESIAN_POINT('',(0.,0.));
#3462 = VECTOR('',#3463,1.);
#3463 = DIRECTION('',(1.,0.));
#3464 = ( GEOMETRIC_REPRESENTATION_CONTEXT(2) 
PARAMETRIC_REPRESENTATION_CONTEXT() REPRESENTATION_CONTEXT('2D SPACE',''
  ) );
#3465 = ORIENTED_EDGE('',*,*,#3466,.T.);
#3466 = EDGE_CURVE('',#3439,#3467,#3469,.T.);
#3467 = VERTEX_POINT('',#3468);
#3468 = CARTESIAN_POINT('',(-51.44550000003,16.797200000001,7.5));
#3469 = SURFACE_CURVE('',#3470,(#3474,#3481),.PCURVE_S1.);
#3470 = LINE('',#3471,#3472);
#3471 = CARTESIAN_POINT('',(-50.39049999998,23.203200000018,7.5));
#3472 = VECTOR('',#3473,1.);
#3473 = DIRECTION('',(-0.162500382011,-0.98670848068,0.));
#3474 = PCURVE('',#184,#3475);
#3475 = DEFINITIONAL_REPRESENTATION('',(#3476),#3480);
#3476 = LINE('',#3477,#3478);
#3477 = CARTESIAN_POINT('',(-9.175210999087,27.059602122277));
#3478 = VECTOR('',#3479,1.);
#3479 = DIRECTION('',(-0.162500382011,-0.98670848068));
#3480 = ( GEOMETRIC_REPRESENTATION_CONTEXT(2) 
PARAMETRIC_REPRESENTATION_CONTEXT() REPRESENTATION_CONTEXT('2D SPACE',''
  ) );
#3481 = PCURVE('',#3482,#3487);
#3482 = PLANE('',#3483);
#3483 = AXIS2_PLACEMENT_3D('',#3484,#3485,#3486);
#3484 = CARTESIAN_POINT('',(-50.39049999998,23.203200000018,7.5));
#3485 = DIRECTION('',(0.98670848068,-0.162500382011,0.));
#3486 = DIRECTION('',(-0.162500382011,-0.98670848068,0.));
#3487 = DEFINITIONAL_REPRESENTATION('',(#3488),#3492);
#3488 = LINE('',#3489,#3490);
#3489 = CARTESIAN_POINT('',(0.,0.));
#3490 = VECTOR('',#3491,1.);
#3491 = DIRECTION('',(1.,0.));
#3492 = ( GEOMETRIC_REPRESENTATION_CONTEXT(2) 
PARAMETRIC_REPRESENTATION_CONTEXT() REPRESENTATION_CONTEXT('2D SPACE',''
  ) );
#3493 = ORIENTED_EDGE('',*,*,#3494,.T.);
#3494 = EDGE_CURVE('',#3467,#3495,#3497,.T.);
#3495 = VERTEX_POINT('',#3496);
#3496 = CARTESIAN_POINT('',(-51.79650000005,10.332200000004,7.5));
#3497 = SURFACE_CURVE('',#3498,(#3502,#3509),.PCURVE_S1.);
#3498 = LINE('',#3499,#3500);
#3499 = CARTESIAN_POINT('',(-51.44550000003,16.797200000001,7.5));
#3500 = VECTOR('',#3501,1.);
#3501 = DIRECTION('',(-5.421250221123E-02,-0.998529421001,0.));
#3502 = PCURVE('',#184,#3503);
#3503 = DEFINITIONAL_REPRESENTATION('',(#3504),#3508);
#3504 = LINE('',#3505,#3506);
#3505 = CARTESIAN_POINT('',(-10.23021099913,20.65360212226));
#3506 = VECTOR('',#3507,1.);
#3507 = DIRECTION('',(-5.421250221123E-02,-0.998529421001));
#3508 = ( GEOMETRIC_REPRESENTATION_CONTEXT(2) 
PARAMETRIC_REPRESENTATION_CONTEXT() REPRESENTATION_CONTEXT('2D SPACE',''
  ) );
#3509 = PCURVE('',#3510,#3515);
#3510 = PLANE('',#3511);
#3511 = AXIS2_PLACEMENT_3D('',#3512,#3513,#3514);
#3512 = CARTESIAN_POINT('',(-51.44550000003,16.797200000001,7.5));
#3513 = DIRECTION('',(0.998529421001,-5.421250221123E-02,0.));
#3514 = DIRECTION('',(-5.421250221123E-02,-0.998529421001,0.));
#3515 = DEFINITIONAL_REPRESENTATION('',(#3516),#3520);
#3516 = LINE('',#3517,#3518);
#3517 = CARTESIAN_POINT('',(0.,0.));
#3518 = VECTOR('',#3519,1.);
#3519 = DIRECTION('',(1.,0.));
#3520 = ( GEOMETRIC_REPRESENTATION_CONTEXT(2) 
PARAMETRIC_REPRESENTATION_CONTEXT() REPRESENTATION_CONTEXT('2D SPACE',''
  ) );
#3521 = ORIENTED_EDGE('',*,*,#3522,.T.);
#3522 = EDGE_CURVE('',#3495,#3523,#3525,.T.);
#3523 = VERTEX_POINT('',#3524);
#3524 = CARTESIAN_POINT('',(-52.07050000003,5.137199999997,7.5));
#3525 = SURFACE_CURVE('',#3526,(#3530,#3537),.PCURVE_S1.);
#3526 = LINE('',#3527,#3528);
#3527 = CARTESIAN_POINT('',(-51.79650000005,10.332200000004,7.5));
#3528 = VECTOR('',#3529,1.);
#3529 = DIRECTION('',(-5.266981387082E-02,-0.998611982057,0.));
#3530 = PCURVE('',#184,#3531);
#3531 = DEFINITIONAL_REPRESENTATION('',(#3532),#3536);
#3532 = LINE('',#3533,#3534);
#3533 = CARTESIAN_POINT('',(-10.58121099916,14.188602122263));
#3534 = VECTOR('',#3535,1.);
#3535 = DIRECTION('',(-5.266981387082E-02,-0.998611982057));
#3536 = ( GEOMETRIC_REPRESENTATION_CONTEXT(2) 
PARAMETRIC_REPRESENTATION_CONTEXT() REPRESENTATION_CONTEXT('2D SPACE',''
  ) );
#3537 = PCURVE('',#3538,#3543);
#3538 = PLANE('',#3539);
#3539 = AXIS2_PLACEMENT_3D('',#3540,#3541,#3542);
#3540 = CARTESIAN_POINT('',(-51.79650000005,10.332200000004,7.5));
#3541 = DIRECTION('',(0.998611982057,-5.266981387082E-02,0.));
#3542 = DIRECTION('',(-5.266981387082E-02,-0.998611982057,0.));
#3543 = DEFINITIONAL_REPRESENTATION('',(#3544),#3548);
#3544 = LINE('',#3545,#3546);
#3545 = CARTESIAN_POINT('',(0.,0.));
#3546 = VECTOR('',#3547,1.);
#3547 = DIRECTION('',(1.,0.));
#3548 = ( GEOMETRIC_REPRESENTATION_CONTEXT(2) 
PARAMETRIC_REPRESENTATION_CONTEXT() REPRESENTATION_CONTEXT('2D SPACE',''
  ) );
#3549 = ORIENTED_EDGE('',*,*,#3550,.T.);
#3550 = EDGE_CURVE('',#3523,#3551,#3553,.T.);
#3551 = VERTEX_POINT('',#3552);
#3552 = CARTESIAN_POINT('',(-52.92949999996,-1.979999998002E-02,7.5));
#3553 = SURFACE_CURVE('',#3554,(#3558,#3565),.PCURVE_S1.);
#3554 = LINE('',#3555,#3556);
#3555 = CARTESIAN_POINT('',(-52.07050000003,5.137199999997,7.5));
#3556 = VECTOR('',#3557,1.);
#3557 = DIRECTION('',(-0.164305933459,-0.986409428295,0.));
#3558 = PCURVE('',#184,#3559);
#3559 = DEFINITIONAL_REPRESENTATION('',(#3560),#3564);
#3560 = LINE('',#3561,#3562);
#3561 = CARTESIAN_POINT('',(-10.85521099913,8.993602122256));
#3562 = VECTOR('',#3563,1.);
#3563 = DIRECTION('',(-0.164305933459,-0.986409428295));
#3564 = ( GEOMETRIC_REPRESENTATION_CONTEXT(2) 
PARAMETRIC_REPRESENTATION_CONTEXT() REPRESENTATION_CONTEXT('2D SPACE',''
  ) );
#3565 = PCURVE('',#3566,#3571);
#3566 = PLANE('',#3567);
#3567 = AXIS2_PLACEMENT_3D('',#3568,#3569,#3570);
#3568 = CARTESIAN_POINT('',(-52.07050000003,5.137199999997,7.5));
#3569 = DIRECTION('',(0.986409428295,-0.164305933459,0.));
#3570 = DIRECTION('',(-0.164305933459,-0.986409428295,0.));
#3571 = DEFINITIONAL_REPRESENTATION('',(#3572),#3576);
#3572 = LINE('',#3573,#3574);
#3573 = CARTESIAN_POINT('',(0.,0.));
#3574 = VECTOR('',#3575,1.);
#3575 = DIRECTION('',(1.,0.));
#3576 = ( GEOMETRIC_REPRESENTATION_CONTEXT(2) 
PARAMETRIC_REPRESENTATION_CONTEXT() REPRESENTATION_CONTEXT('2D SPACE',''
  ) );
#3577 = ORIENTED_EDGE('',*,*,#3578,.T.);
#3578 = EDGE_CURVE('',#3551,#3579,#3581,.T.);
#3579 = VERTEX_POINT('',#3580);
#3580 = CARTESIAN_POINT('',(-54.41449999995,-5.01979999998,7.5));
#3581 = SURFACE_CURVE('',#3582,(#3586,#3593),.PCURVE_S1.);
#3582 = LINE('',#3583,#3584);
#3583 = CARTESIAN_POINT('',(-52.92949999996,-1.979999998002E-02,7.5));
#3584 = VECTOR('',#3585,1.);
#3585 = DIRECTION('',(-0.284708407806,-0.958614167705,0.));
#3586 = PCURVE('',#184,#3587);
#3587 = DEFINITIONAL_REPRESENTATION('',(#3588),#3592);
#3588 = LINE('',#3589,#3590);
#3589 = CARTESIAN_POINT('',(-11.71421099907,3.836602122279));
#3590 = VECTOR('',#3591,1.);
#3591 = DIRECTION('',(-0.284708407806,-0.958614167705));
#3592 = ( GEOMETRIC_REPRESENTATION_CONTEXT(2) 
PARAMETRIC_REPRESENTATION_CONTEXT() REPRESENTATION_CONTEXT('2D SPACE',''
  ) );
#3593 = PCURVE('',#3594,#3599);
#3594 = PLANE('',#3595);
#3595 = AXIS2_PLACEMENT_3D('',#3596,#3597,#3598);
#3596 = CARTESIAN_POINT('',(-52.92949999996,-1.979999998002E-02,7.5));
#3597 = DIRECTION('',(0.958614167705,-0.284708407806,0.));
#3598 = DIRECTION('',(-0.284708407806,-0.958614167705,0.));
#3599 = DEFINITIONAL_REPRESENTATION('',(#3600),#3604);
#3600 = LINE('',#3601,#3602);
#3601 = CARTESIAN_POINT('',(0.,0.));
#3602 = VECTOR('',#3603,1.);
#3603 = DIRECTION('',(1.,0.));
#3604 = ( GEOMETRIC_REPRESENTATION_CONTEXT(2) 
PARAMETRIC_REPRESENTATION_CONTEXT() REPRESENTATION_CONTEXT('2D SPACE',''
  ) );
#3605 = ORIENTED_EDGE('',*,*,#3606,.T.);
#3606 = EDGE_CURVE('',#3579,#3607,#3609,.T.);
#3607 = VERTEX_POINT('',#3608);
#3608 = CARTESIAN_POINT('',(-56.44550000003,-9.823799999984,7.5));
#3609 = SURFACE_CURVE('',#3610,(#3614,#3621),.PCURVE_S1.);
#3610 = LINE('',#3611,#3612);
#3611 = CARTESIAN_POINT('',(-54.41449999995,-5.01979999998,7.5));
#3612 = VECTOR('',#3613,1.);
#3613 = DIRECTION('',(-0.389402300843,-0.921067776061,0.));
#3614 = PCURVE('',#184,#3615);
#3615 = DEFINITIONAL_REPRESENTATION('',(#3616),#3620);
#3616 = LINE('',#3617,#3618);
#3617 = CARTESIAN_POINT('',(-13.19921099906,-1.163397877721));
#3618 = VECTOR('',#3619,1.);
#3619 = DIRECTION('',(-0.389402300843,-0.921067776061));
#3620 = ( GEOMETRIC_REPRESENTATION_CONTEXT(2) 
PARAMETRIC_REPRESENTATION_CONTEXT() REPRESENTATION_CONTEXT('2D SPACE',''
  ) );
#3621 = PCURVE('',#3622,#3627);
#3622 = PLANE('',#3623);
#3623 = AXIS2_PLACEMENT_3D('',#3624,#3625,#3626);
#3624 = CARTESIAN_POINT('',(-54.41449999995,-5.01979999998,7.5));
#3625 = DIRECTION('',(0.921067776061,-0.389402300843,0.));
#3626 = DIRECTION('',(-0.389402300843,-0.921067776061,0.));
#3627 = DEFINITIONAL_REPRESENTATION('',(#3628),#3632);
#3628 = LINE('',#3629,#3630);
#3629 = CARTESIAN_POINT('',(0.,0.));
#3630 = VECTOR('',#3631,1.);
#3631 = DIRECTION('',(1.,0.));
#3632 = ( GEOMETRIC_REPRESENTATION_CONTEXT(2) 
PARAMETRIC_REPRESENTATION_CONTEXT() REPRESENTATION_CONTEXT('2D SPACE',''
  ) );
#3633 = ORIENTED_EDGE('',*,*,#3634,.T.);
#3634 = EDGE_CURVE('',#3607,#3635,#3637,.T.);
#3635 = VERTEX_POINT('',#3636);
#3636 = CARTESIAN_POINT('',(-59.02350000001,-14.35579999999,7.5));
#3637 = SURFACE_CURVE('',#3638,(#3642,#3649),.PCURVE_S1.);
#3638 = LINE('',#3639,#3640);
#3639 = CARTESIAN_POINT('',(-56.44550000003,-9.823799999984,7.5));
#3640 = VECTOR('',#3641,1.);
#3641 = DIRECTION('',(-0.49444430797,-0.869209310993,0.));
#3642 = PCURVE('',#184,#3643);
#3643 = DEFINITIONAL_REPRESENTATION('',(#3644),#3648);
#3644 = LINE('',#3645,#3646);
#3645 = CARTESIAN_POINT('',(-15.23021099913,-5.967397877725));
#3646 = VECTOR('',#3647,1.);
#3647 = DIRECTION('',(-0.49444430797,-0.869209310993));
#3648 = ( GEOMETRIC_REPRESENTATION_CONTEXT(2) 
PARAMETRIC_REPRESENTATION_CONTEXT() REPRESENTATION_CONTEXT('2D SPACE',''
  ) );
#3649 = PCURVE('',#3650,#3655);
#3650 = PLANE('',#3651);
#3651 = AXIS2_PLACEMENT_3D('',#3652,#3653,#3654);
#3652 = CARTESIAN_POINT('',(-56.44550000003,-9.823799999984,7.5));
#3653 = DIRECTION('',(0.869209310993,-0.49444430797,0.));
#3654 = DIRECTION('',(-0.49444430797,-0.869209310993,0.));
#3655 = DEFINITIONAL_REPRESENTATION('',(#3656),#3660);
#3656 = LINE('',#3657,#3658);
#3657 = CARTESIAN_POINT('',(0.,0.));
#3658 = VECTOR('',#3659,1.);
#3659 = DIRECTION('',(1.,0.));
#3660 = ( GEOMETRIC_REPRESENTATION_CONTEXT(2) 
PARAMETRIC_REPRESENTATION_CONTEXT() REPRESENTATION_CONTEXT('2D SPACE',''
  ) );
#3661 = ORIENTED_EDGE('',*,*,#3662,.T.);
#3662 = EDGE_CURVE('',#3635,#3663,#3665,.T.);
#3663 = VERTEX_POINT('',#3664);
#3664 = CARTESIAN_POINT('',(-62.10950000002,-18.57379999998,7.5));
#3665 = SURFACE_CURVE('',#3666,(#3670,#3677),.PCURVE_S1.);
#3666 = LINE('',#3667,#3668);
#3667 = CARTESIAN_POINT('',(-59.02350000001,-14.35579999999,7.5));
#3668 = VECTOR('',#3669,1.);
#3669 = DIRECTION('',(-0.590467441179,-0.807061460428,0.));
#3670 = PCURVE('',#184,#3671);
#3671 = DEFINITIONAL_REPRESENTATION('',(#3672),#3676);
#3672 = LINE('',#3673,#3674);
#3673 = CARTESIAN_POINT('',(-17.80821099911,-10.49939787773));
#3674 = VECTOR('',#3675,1.);
#3675 = DIRECTION('',(-0.590467441179,-0.807061460428));
#3676 = ( GEOMETRIC_REPRESENTATION_CONTEXT(2) 
PARAMETRIC_REPRESENTATION_CONTEXT() REPRESENTATION_CONTEXT('2D SPACE',''
  ) );
#3677 = PCURVE('',#3678,#3683);
#3678 = PLANE('',#3679);
#3679 = AXIS2_PLACEMENT_3D('',#3680,#3681,#3682);
#3680 = CARTESIAN_POINT('',(-59.02350000001,-14.35579999999,7.5));
#3681 = DIRECTION('',(0.807061460428,-0.590467441179,0.));
#3682 = DIRECTION('',(-0.590467441179,-0.807061460428,0.));
#3683 = DEFINITIONAL_REPRESENTATION('',(#3684),#3688);
#3684 = LINE('',#3685,#3686);
#3685 = CARTESIAN_POINT('',(0.,0.));
#3686 = VECTOR('',#3687,1.);
#3687 = DIRECTION('',(1.,0.));
#3688 = ( GEOMETRIC_REPRESENTATION_CONTEXT(2) 
PARAMETRIC_REPRESENTATION_CONTEXT() REPRESENTATION_CONTEXT('2D SPACE',''
  ) );
#3689 = ORIENTED_EDGE('',*,*,#3690,.T.);
#3690 = EDGE_CURVE('',#3663,#3691,#3693,.T.);
#3691 = VERTEX_POINT('',#3692);
#3692 = CARTESIAN_POINT('',(-65.66449999995,-22.38279999999,7.5));
#3693 = SURFACE_CURVE('',#3694,(#3698,#3705),.PCURVE_S1.);
#3694 = LINE('',#3695,#3696);
#3695 = CARTESIAN_POINT('',(-62.10950000002,-18.57379999998,7.5));
#3696 = VECTOR('',#3697,1.);
#3697 = DIRECTION('',(-0.682311411959,-0.731061650691,0.));
#3698 = PCURVE('',#184,#3699);
#3699 = DEFINITIONAL_REPRESENTATION('',(#3700),#3704);
#3700 = LINE('',#3701,#3702);
#3701 = CARTESIAN_POINT('',(-20.89421099912,-14.71739787772));
#3702 = VECTOR('',#3703,1.);
#3703 = DIRECTION('',(-0.682311411959,-0.731061650691));
#3704 = ( GEOMETRIC_REPRESENTATION_CONTEXT(2) 
PARAMETRIC_REPRESENTATION_CONTEXT() REPRESENTATION_CONTEXT('2D SPACE',''
  ) );
#3705 = PCURVE('',#3706,#3711);
#3706 = PLANE('',#3707);
#3707 = AXIS2_PLACEMENT_3D('',#3708,#3709,#3710);
#3708 = CARTESIAN_POINT('',(-62.10950000002,-18.57379999998,7.5));
#3709 = DIRECTION('',(0.731061650691,-0.682311411959,0.));
#3710 = DIRECTION('',(-0.682311411959,-0.731061650691,0.));
#3711 = DEFINITIONAL_REPRESENTATION('',(#3712),#3716);
#3712 = LINE('',#3713,#3714);
#3713 = CARTESIAN_POINT('',(0.,0.));
#3714 = VECTOR('',#3715,1.);
#3715 = DIRECTION('',(1.,0.));
#3716 = ( GEOMETRIC_REPRESENTATION_CONTEXT(2) 
PARAMETRIC_REPRESENTATION_CONTEXT() REPRESENTATION_CONTEXT('2D SPACE',''
  ) );
#3717 = ORIENTED_EDGE('',*,*,#3718,.T.);
#3718 = EDGE_CURVE('',#3691,#3719,#3721,.T.);
#3719 = VERTEX_POINT('',#3720);
#3720 = CARTESIAN_POINT('',(-69.64850000001,-25.76179999997,7.5));
#3721 = SURFACE_CURVE('',#3722,(#3726,#3733),.PCURVE_S1.);
#3722 = LINE('',#3723,#3724);
#3723 = CARTESIAN_POINT('',(-65.66449999995,-22.38279999999,7.5));
#3724 = VECTOR('',#3725,1.);
#3725 = DIRECTION('',(-0.762637895352,-0.646825664746,0.));
#3726 = PCURVE('',#184,#3727);
#3727 = DEFINITIONAL_REPRESENTATION('',(#3728),#3732);
#3728 = LINE('',#3729,#3730);
#3729 = CARTESIAN_POINT('',(-24.44921099906,-18.52639787773));
#3730 = VECTOR('',#3731,1.);
#3731 = DIRECTION('',(-0.762637895352,-0.646825664746));
#3732 = ( GEOMETRIC_REPRESENTATION_CONTEXT(2) 
PARAMETRIC_REPRESENTATION_CONTEXT() REPRESENTATION_CONTEXT('2D SPACE',''
  ) );
#3733 = PCURVE('',#3734,#3739);
#3734 = PLANE('',#3735);
#3735 = AXIS2_PLACEMENT_3D('',#3736,#3737,#3738);
#3736 = CARTESIAN_POINT('',(-65.66449999995,-22.38279999999,7.5));
#3737 = DIRECTION('',(0.646825664746,-0.762637895352,0.));
#3738 = DIRECTION('',(-0.762637895352,-0.646825664746,0.));
#3739 = DEFINITIONAL_REPRESENTATION('',(#3740),#3744);
#3740 = LINE('',#3741,#3742);
#3741 = CARTESIAN_POINT('',(0.,0.));
#3742 = VECTOR('',#3743,1.);
#3743 = DIRECTION('',(1.,0.));
#3744 = ( GEOMETRIC_REPRESENTATION_CONTEXT(2) 
PARAMETRIC_REPRESENTATION_CONTEXT() REPRESENTATION_CONTEXT('2D SPACE',''
  ) );
#3745 = ORIENTED_EDGE('',*,*,#3746,.T.);
#3746 = EDGE_CURVE('',#3719,#3747,#3749,.T.);
#3747 = VERTEX_POINT('',#3748);
#3748 = CARTESIAN_POINT('',(-73.98450000002,-28.67179999998,7.5));
#3749 = SURFACE_CURVE('',#3750,(#3754,#3761),.PCURVE_S1.);
#3750 = LINE('',#3751,#3752);
#3751 = CARTESIAN_POINT('',(-69.64850000001,-25.76179999997,7.5));
#3752 = VECTOR('',#3753,1.);
#3753 = DIRECTION('',(-0.830337590416,-0.557260698365,0.));
#3754 = PCURVE('',#184,#3755);
#3755 = DEFINITIONAL_REPRESENTATION('',(#3756),#3760);
#3756 = LINE('',#3757,#3758);
#3757 = CARTESIAN_POINT('',(-28.43321099911,-21.90539787772));
#3758 = VECTOR('',#3759,1.);
#3759 = DIRECTION('',(-0.830337590416,-0.557260698365));
#3760 = ( GEOMETRIC_REPRESENTATION_CONTEXT(2) 
PARAMETRIC_REPRESENTATION_CONTEXT() REPRESENTATION_CONTEXT('2D SPACE',''
  ) );
#3761 = PCURVE('',#3762,#3767);
#3762 = PLANE('',#3763);
#3763 = AXIS2_PLACEMENT_3D('',#3764,#3765,#3766);
#3764 = CARTESIAN_POINT('',(-69.64850000001,-25.76179999997,7.5));
#3765 = DIRECTION('',(0.557260698365,-0.830337590416,0.));
#3766 = DIRECTION('',(-0.830337590416,-0.557260698365,0.));
#3767 = DEFINITIONAL_REPRESENTATION('',(#3768),#3772);
#3768 = LINE('',#3769,#3770);
#3769 = CARTESIAN_POINT('',(0.,0.));
#3770 = VECTOR('',#3771,1.);
#3771 = DIRECTION('',(1.,0.));
#3772 = ( GEOMETRIC_REPRESENTATION_CONTEXT(2) 
PARAMETRIC_REPRESENTATION_CONTEXT() REPRESENTATION_CONTEXT('2D SPACE',''
  ) );
#3773 = ORIENTED_EDGE('',*,*,#3774,.T.);
#3774 = EDGE_CURVE('',#3747,#3775,#3777,.T.);
#3775 = VERTEX_POINT('',#3776);
#3776 = CARTESIAN_POINT('',(-78.63249999994,-31.05479999998,7.5));
#3777 = SURFACE_CURVE('',#3778,(#3782,#3789),.PCURVE_S1.);
#3778 = LINE('',#3779,#3780);
#3779 = CARTESIAN_POINT('',(-73.98450000002,-28.67179999998,7.5));
#3780 = VECTOR('',#3781,1.);
#3781 = DIRECTION('',(-0.889863302862,-0.456227248441,0.));
#3782 = PCURVE('',#184,#3783);
#3783 = DEFINITIONAL_REPRESENTATION('',(#3784),#3788);
#3784 = LINE('',#3785,#3786);
#3785 = CARTESIAN_POINT('',(-32.76921099912,-24.81539787772));
#3786 = VECTOR('',#3787,1.);
#3787 = DIRECTION('',(-0.889863302862,-0.456227248441));
#3788 = ( GEOMETRIC_REPRESENTATION_CONTEXT(2) 
PARAMETRIC_REPRESENTATION_CONTEXT() REPRESENTATION_CONTEXT('2D SPACE',''
  ) );
#3789 = PCURVE('',#3790,#3795);
#3790 = PLANE('',#3791);
#3791 = AXIS2_PLACEMENT_3D('',#3792,#3793,#3794);
#3792 = CARTESIAN_POINT('',(-73.98450000002,-28.67179999998,7.5));
#3793 = DIRECTION('',(0.456227248441,-0.889863302862,0.));
#3794 = DIRECTION('',(-0.889863302862,-0.456227248441,0.));
#3795 = DEFINITIONAL_REPRESENTATION('',(#3796),#3800);
#3796 = LINE('',#3797,#3798);
#3797 = CARTESIAN_POINT('',(0.,0.));
#3798 = VECTOR('',#3799,1.);
#3799 = DIRECTION('',(1.,0.));
#3800 = ( GEOMETRIC_REPRESENTATION_CONTEXT(2) 
PARAMETRIC_REPRESENTATION_CONTEXT() REPRESENTATION_CONTEXT('2D SPACE',''
  ) );
#3801 = ORIENTED_EDGE('',*,*,#3802,.T.);
#3802 = EDGE_CURVE('',#3775,#3803,#3805,.T.);
#3803 = VERTEX_POINT('',#3804);
#3804 = CARTESIAN_POINT('',(-83.51549999998,-32.8708,7.5));
#3805 = SURFACE_CURVE('',#3806,(#3810,#3817),.PCURVE_S1.);
#3806 = LINE('',#3807,#3808);
#3807 = CARTESIAN_POINT('',(-78.63249999994,-31.05479999998,7.5));
#3808 = VECTOR('',#3809,1.);
#3809 = DIRECTION('',(-0.937280197303,-0.348576866334,0.));
#3810 = PCURVE('',#184,#3811);
#3811 = DEFINITIONAL_REPRESENTATION('',(#3812),#3816);
#3812 = LINE('',#3813,#3814);
#3813 = CARTESIAN_POINT('',(-37.41721099905,-27.19839787772));
#3814 = VECTOR('',#3815,1.);
#3815 = DIRECTION('',(-0.937280197303,-0.348576866334));
#3816 = ( GEOMETRIC_REPRESENTATION_CONTEXT(2) 
PARAMETRIC_REPRESENTATION_CONTEXT() REPRESENTATION_CONTEXT('2D SPACE',''
  ) );
#3817 = PCURVE('',#3818,#3823);
#3818 = PLANE('',#3819);
#3819 = AXIS2_PLACEMENT_3D('',#3820,#3821,#3822);
#3820 = CARTESIAN_POINT('',(-78.63249999994,-31.05479999998,7.5));
#3821 = DIRECTION('',(0.348576866334,-0.937280197303,0.));
#3822 = DIRECTION('',(-0.937280197303,-0.348576866334,0.));
#3823 = DEFINITIONAL_REPRESENTATION('',(#3824),#3828);
#3824 = LINE('',#3825,#3826);
#3825 = CARTESIAN_POINT('',(0.,0.));
#3826 = VECTOR('',#3827,1.);
#3827 = DIRECTION('',(1.,0.));
#3828 = ( GEOMETRIC_REPRESENTATION_CONTEXT(2) 
PARAMETRIC_REPRESENTATION_CONTEXT() REPRESENTATION_CONTEXT('2D SPACE',''
  ) );
#3829 = ORIENTED_EDGE('',*,*,#3830,.T.);
#3830 = EDGE_CURVE('',#3803,#3831,#3833,.T.);
#3831 = VERTEX_POINT('',#3832);
#3832 = CARTESIAN_POINT('',(-88.55449999996,-34.1018,7.5));
#3833 = SURFACE_CURVE('',#3834,(#3838,#3845),.PCURVE_S1.);
#3834 = LINE('',#3835,#3836);
#3835 = CARTESIAN_POINT('',(-83.51549999998,-32.8708,7.5));
#3836 = VECTOR('',#3837,1.);
#3837 = DIRECTION('',(-0.971432594523,-0.237315642759,0.));
#3838 = PCURVE('',#184,#3839);
#3839 = DEFINITIONAL_REPRESENTATION('',(#3840),#3844);
#3840 = LINE('',#3841,#3842);
#3841 = CARTESIAN_POINT('',(-42.30021099908,-29.01439787774));
#3842 = VECTOR('',#3843,1.);
#3843 = DIRECTION('',(-0.971432594523,-0.237315642759));
#3844 = ( GEOMETRIC_REPRESENTATION_CONTEXT(2) 
PARAMETRIC_REPRESENTATION_CONTEXT() REPRESENTATION_CONTEXT('2D SPACE',''
  ) );
#3845 = PCURVE('',#3846,#3851);
#3846 = PLANE('',#3847);
#3847 = AXIS2_PLACEMENT_3D('',#3848,#3849,#3850);
#3848 = CARTESIAN_POINT('',(-83.51549999998,-32.8708,7.5));
#3849 = DIRECTION('',(0.237315642759,-0.971432594523,0.));
#3850 = DIRECTION('',(-0.971432594523,-0.237315642759,0.));
#3851 = DEFINITIONAL_REPRESENTATION('',(#3852),#3856);
#3852 = LINE('',#3853,#3854);
#3853 = CARTESIAN_POINT('',(0.,0.));
#3854 = VECTOR('',#3855,1.);
#3855 = DIRECTION('',(1.,0.));
#3856 = ( GEOMETRIC_REPRESENTATION_CONTEXT(2) 
PARAMETRIC_REPRESENTATION_CONTEXT() REPRESENTATION_CONTEXT('2D SPACE',''
  ) );
#3857 = ORIENTED_EDGE('',*,*,#3858,.F.);
#3858 = EDGE_CURVE('',#169,#3831,#3859,.T.);
#3859 = SURFACE_CURVE('',#3860,(#3864,#3871),.PCURVE_S1.);
#3860 = LINE('',#3861,#3862);
#3861 = CARTESIAN_POINT('',(-88.55449999996,-34.668,7.5));
#3862 = VECTOR('',#3863,1.);
#3863 = DIRECTION('',(0.,1.,0.));
#3864 = PCURVE('',#184,#3865);
#3865 = DEFINITIONAL_REPRESENTATION('',(#3866),#3870);
#3866 = LINE('',#3867,#3868);
#3867 = CARTESIAN_POINT('',(-47.33921099907,-30.81159787774));
#3868 = VECTOR('',#3869,1.);
#3869 = DIRECTION('',(0.,1.));
#3870 = ( GEOMETRIC_REPRESENTATION_CONTEXT(2) 
PARAMETRIC_REPRESENTATION_CONTEXT() REPRESENTATION_CONTEXT('2D SPACE',''
  ) );
#3871 = PCURVE('',#211,#3872);
#3872 = DEFINITIONAL_REPRESENTATION('',(#3873),#3877);
#3873 = LINE('',#3874,#3875);
#3874 = CARTESIAN_POINT('',(0.566200000001,0.));
#3875 = VECTOR('',#3876,1.);
#3876 = DIRECTION('',(-1.,0.));
#3877 = ( GEOMETRIC_REPRESENTATION_CONTEXT(2) 
PARAMETRIC_REPRESENTATION_CONTEXT() REPRESENTATION_CONTEXT('2D SPACE',''
  ) );
#3878 = ADVANCED_FACE('',(#3879),#211,.T.);
#3879 = FACE_BOUND('',#3880,.T.);
#3880 = EDGE_LOOP('',(#3881,#3882,#3905,#3926));
#3881 = ORIENTED_EDGE('',*,*,#3858,.T.);
#3882 = ORIENTED_EDGE('',*,*,#3883,.T.);
#3883 = EDGE_CURVE('',#3831,#3884,#3886,.T.);
#3884 = VERTEX_POINT('',#3885);
#3885 = CARTESIAN_POINT('',(-88.55449999996,-34.1018,40.));
#3886 = SURFACE_CURVE('',#3887,(#3891,#3898),.PCURVE_S1.);
#3887 = LINE('',#3888,#3889);
#3888 = CARTESIAN_POINT('',(-88.55449999996,-34.1018,7.5));
#3889 = VECTOR('',#3890,1.);
#3890 = DIRECTION('',(0.,0.,1.));
#3891 = PCURVE('',#211,#3892);
#3892 = DEFINITIONAL_REPRESENTATION('',(#3893),#3897);
#3893 = LINE('',#3894,#3895);
#3894 = CARTESIAN_POINT('',(0.,0.));
#3895 = VECTOR('',#3896,1.);
#3896 = DIRECTION('',(0.,-1.));
#3897 = ( GEOMETRIC_REPRESENTATION_CONTEXT(2) 
PARAMETRIC_REPRESENTATION_CONTEXT() REPRESENTATION_CONTEXT('2D SPACE',''
  ) );
#3898 = PCURVE('',#3846,#3899);
#3899 = DEFINITIONAL_REPRESENTATION('',(#3900),#3904);
#3900 = LINE('',#3901,#3902);
#3901 = CARTESIAN_POINT('',(5.187184400028,0.));
#3902 = VECTOR('',#3903,1.);
#3903 = DIRECTION('',(0.,-1.));
#3904 = ( GEOMETRIC_REPRESENTATION_CONTEXT(2) 
PARAMETRIC_REPRESENTATION_CONTEXT() REPRESENTATION_CONTEXT('2D SPACE',''
  ) );
#3905 = ORIENTED_EDGE('',*,*,#3906,.F.);
#3906 = EDGE_CURVE('',#197,#3884,#3907,.T.);
#3907 = SURFACE_CURVE('',#3908,(#3912,#3919),.PCURVE_S1.);
#3908 = LINE('',#3909,#3910);
#3909 = CARTESIAN_POINT('',(-88.55449999996,-34.668,40.));
#3910 = VECTOR('',#3911,1.);
#3911 = DIRECTION('',(0.,1.,0.));
#3912 = PCURVE('',#211,#3913);
#3913 = DEFINITIONAL_REPRESENTATION('',(#3914),#3918);
#3914 = LINE('',#3915,#3916);
#3915 = CARTESIAN_POINT('',(0.566200000001,-32.5));
#3916 = VECTOR('',#3917,1.);
#3917 = DIRECTION('',(-1.,0.));
#3918 = ( GEOMETRIC_REPRESENTATION_CONTEXT(2) 
PARAMETRIC_REPRESENTATION_CONTEXT() REPRESENTATION_CONTEXT('2D SPACE',''
  ) );
#3919 = PCURVE('',#238,#3920);
#3920 = DEFINITIONAL_REPRESENTATION('',(#3921),#3925);
#3921 = LINE('',#3922,#3923);
#3922 = CARTESIAN_POINT('',(97.447078560629,-44.81422080376));
#3923 = VECTOR('',#3924,1.);
#3924 = DIRECTION('',(0.,1.));
#3925 = ( GEOMETRIC_REPRESENTATION_CONTEXT(2) 
PARAMETRIC_REPRESENTATION_CONTEXT() REPRESENTATION_CONTEXT('2D SPACE',''
  ) );
#3926 = ORIENTED_EDGE('',*,*,#196,.F.);
#3927 = ADVANCED_FACE('',(#3928),#238,.F.);
#3928 = FACE_BOUND('',#3929,.F.);
#3929 = EDGE_LOOP('',(#3930,#3960,#3988,#4016,#4044,#4072,#4100,#4128,
    #4156,#4184,#4212,#4240,#4268,#4296,#4324,#4352,#4380,#4408,#4436,
    #4464,#4492,#4520,#4548,#4576,#4604,#4632,#4660,#4688,#4716,#4744,
    #4772,#4800,#4828,#4856,#4884,#4912,#4940,#4968,#4991,#5014,#5037,
    #5060,#5083,#5106,#5129,#5152,#5175,#5198,#5221,#5244,#5267,#5290,
    #5313,#5336,#5359,#5382,#5405,#5428,#5451,#5474,#5497,#5518,#5519,
    #5520,#5543,#5566,#5589,#5612,#5635,#5658,#5681,#5704,#5727,#5750,
    #5773,#5796,#5819,#5842,#5865,#5888,#5911,#5934,#5957,#5980,#6003,
    #6026,#6049,#6072,#6095,#6118,#6141,#6164,#6187,#6210,#6233,#6256,
    #6279,#6302,#6325,#6348,#6371,#6394,#6417,#6440,#6473,#6501,#6529,
    #6557,#6585,#6613,#6641,#6669,#6697,#6725,#6753,#6781,#6809));
#3930 = ORIENTED_EDGE('',*,*,#3931,.T.);
#3931 = EDGE_CURVE('',#3932,#3934,#3936,.T.);
#3932 = VERTEX_POINT('',#3933);
#3933 = CARTESIAN_POINT('',(36.64049999998,63.281199999998,40.));
#3934 = VERTEX_POINT('',#3935);
#3935 = CARTESIAN_POINT('',(30.781500000041,66.015199999994,40.));
#3936 = SURFACE_CURVE('',#3937,(#3941,#3948),.PCURVE_S1.);
#3937 = LINE('',#3938,#3939);
#3938 = CARTESIAN_POINT('',(36.64049999998,63.281199999998,40.));
#3939 = VECTOR('',#3940,1.);
#3940 = DIRECTION('',(-0.906194993691,0.422860063624,0.));
#3941 = PCURVE('',#238,#3942);
#3942 = DEFINITIONAL_REPRESENTATION('',(#3943),#3947);
#3943 = LINE('',#3944,#3945);
#3944 = CARTESIAN_POINT('',(-27.74792143932,53.134979196239));
#3945 = VECTOR('',#3946,1.);
#3946 = DIRECTION('',(0.906194993691,0.422860063624));
#3947 = ( GEOMETRIC_REPRESENTATION_CONTEXT(2) 
PARAMETRIC_REPRESENTATION_CONTEXT() REPRESENTATION_CONTEXT('2D SPACE',''
  ) );
#3948 = PCURVE('',#3949,#3954);
#3949 = PLANE('',#3950);
#3950 = AXIS2_PLACEMENT_3D('',#3951,#3952,#3953);
#3951 = CARTESIAN_POINT('',(36.64049999998,63.281199999998,7.5));
#3952 = DIRECTION('',(-0.422860063624,-0.906194993691,0.));
#3953 = DIRECTION('',(-0.906194993691,0.422860063624,0.));
#3954 = DEFINITIONAL_REPRESENTATION('',(#3955),#3959);
#3955 = LINE('',#3956,#3957);
#3956 = CARTESIAN_POINT('',(0.,-32.5));
#3957 = VECTOR('',#3958,1.);
#3958 = DIRECTION('',(1.,0.));
#3959 = ( GEOMETRIC_REPRESENTATION_CONTEXT(2) 
PARAMETRIC_REPRESENTATION_CONTEXT() REPRESENTATION_CONTEXT('2D SPACE',''
  ) );
#3960 = ORIENTED_EDGE('',*,*,#3961,.F.);
#3961 = EDGE_CURVE('',#3962,#3934,#3964,.T.);
#3962 = VERTEX_POINT('',#3963);
#3963 = CARTESIAN_POINT('',(30.781500000041,37.246199999994,40.));
#3964 = SURFACE_CURVE('',#3965,(#3969,#3976),.PCURVE_S1.);
#3965 = LINE('',#3966,#3967);
#3966 = CARTESIAN_POINT('',(30.781500000041,37.246199999994,40.));
#3967 = VECTOR('',#3968,1.);
#3968 = DIRECTION('',(0.,1.,0.));
#3969 = PCURVE('',#238,#3970);
#3970 = DEFINITIONAL_REPRESENTATION('',(#3971),#3975);
#3971 = LINE('',#3972,#3973);
#3972 = CARTESIAN_POINT('',(-21.88892143938,27.099979196236));
#3973 = VECTOR('',#3974,1.);
#3974 = DIRECTION('',(0.,1.));
#3975 = ( GEOMETRIC_REPRESENTATION_CONTEXT(2) 
PARAMETRIC_REPRESENTATION_CONTEXT() REPRESENTATION_CONTEXT('2D SPACE',''
  ) );
#3976 = PCURVE('',#3977,#3982);
#3977 = PLANE('',#3978);
#3978 = AXIS2_PLACEMENT_3D('',#3979,#3980,#3981);
#3979 = CARTESIAN_POINT('',(30.781500000041,66.015199999994,7.5));
#3980 = DIRECTION('',(1.,0.,-0.));
#3981 = DIRECTION('',(0.,-1.,0.));
#3982 = DEFINITIONAL_REPRESENTATION('',(#3983),#3987);
#3983 = LINE('',#3984,#3985);
#3984 = CARTESIAN_POINT('',(28.769,-32.5));
#3985 = VECTOR('',#3986,1.);
#3986 = DIRECTION('',(-1.,0.));
#3987 = ( GEOMETRIC_REPRESENTATION_CONTEXT(2) 
PARAMETRIC_REPRESENTATION_CONTEXT() REPRESENTATION_CONTEXT('2D SPACE',''
  ) );
#3988 = ORIENTED_EDGE('',*,*,#3989,.T.);
#3989 = EDGE_CURVE('',#3962,#3990,#3992,.T.);
#3990 = VERTEX_POINT('',#3991);
#3991 = CARTESIAN_POINT('',(34.296500000055,33.847200000018,40.));
#3992 = SURFACE_CURVE('',#3993,(#3997,#4004),.PCURVE_S1.);
#3993 = LINE('',#3994,#3995);
#3994 = CARTESIAN_POINT('',(30.781500000041,37.246199999994,40.));
#3995 = VECTOR('',#3996,1.);
#3996 = DIRECTION('',(0.718869133762,-0.695145429766,0.));
#3997 = PCURVE('',#238,#3998);
#3998 = DEFINITIONAL_REPRESENTATION('',(#3999),#4003);
#3999 = LINE('',#4000,#4001);
#4000 = CARTESIAN_POINT('',(-21.88892143938,27.099979196236));
#4001 = VECTOR('',#4002,1.);
#4002 = DIRECTION('',(-0.718869133762,-0.695145429766));
#4003 = ( GEOMETRIC_REPRESENTATION_CONTEXT(2) 
PARAMETRIC_REPRESENTATION_CONTEXT() REPRESENTATION_CONTEXT('2D SPACE',''
  ) );
#4004 = PCURVE('',#4005,#4010);
#4005 = PLANE('',#4006);
#4006 = AXIS2_PLACEMENT_3D('',#4007,#4008,#4009);
#4007 = CARTESIAN_POINT('',(30.781500000041,37.246199999994,7.5));
#4008 = DIRECTION('',(0.695145429766,0.718869133762,-0.));
#4009 = DIRECTION('',(0.718869133762,-0.695145429766,0.));
#4010 = DEFINITIONAL_REPRESENTATION('',(#4011),#4015);
#4011 = LINE('',#4012,#4013);
#4012 = CARTESIAN_POINT('',(0.,-32.5));
#4013 = VECTOR('',#4014,1.);
#4014 = DIRECTION('',(1.,0.));
#4015 = ( GEOMETRIC_REPRESENTATION_CONTEXT(2) 
PARAMETRIC_REPRESENTATION_CONTEXT() REPRESENTATION_CONTEXT('2D SPACE',''
  ) );
#4016 = ORIENTED_EDGE('',*,*,#4017,.T.);
#4017 = EDGE_CURVE('',#3990,#4018,#4020,.T.);
#4018 = VERTEX_POINT('',#4019);
#4019 = CARTESIAN_POINT('',(37.343499999959,30.000200000009,40.));
#4020 = SURFACE_CURVE('',#4021,(#4025,#4032),.PCURVE_S1.);
#4021 = LINE('',#4022,#4023);
#4022 = CARTESIAN_POINT('',(34.296500000055,33.847200000018,40.));
#4023 = VECTOR('',#4024,1.);
#4024 = DIRECTION('',(0.620885602385,-0.783901185578,0.));
#4025 = PCURVE('',#238,#4026);
#4026 = DEFINITIONAL_REPRESENTATION('',(#4027),#4031);
#4027 = LINE('',#4028,#4029);
#4028 = CARTESIAN_POINT('',(-25.40392143939,23.70097919626));
#4029 = VECTOR('',#4030,1.);
#4030 = DIRECTION('',(-0.620885602385,-0.783901185578));
#4031 = ( GEOMETRIC_REPRESENTATION_CONTEXT(2) 
PARAMETRIC_REPRESENTATION_CONTEXT() REPRESENTATION_CONTEXT('2D SPACE',''
  ) );
#4032 = PCURVE('',#4033,#4038);
#4033 = PLANE('',#4034);
#4034 = AXIS2_PLACEMENT_3D('',#4035,#4036,#4037);
#4035 = CARTESIAN_POINT('',(34.296500000055,33.847200000018,7.5));
#4036 = DIRECTION('',(0.783901185578,0.620885602385,-0.));
#4037 = DIRECTION('',(0.620885602385,-0.783901185578,0.));
#4038 = DEFINITIONAL_REPRESENTATION('',(#4039),#4043);
#4039 = LINE('',#4040,#4041);
#4040 = CARTESIAN_POINT('',(0.,-32.5));
#4041 = VECTOR('',#4042,1.);
#4042 = DIRECTION('',(1.,0.));
#4043 = ( GEOMETRIC_REPRESENTATION_CONTEXT(2) 
PARAMETRIC_REPRESENTATION_CONTEXT() REPRESENTATION_CONTEXT('2D SPACE',''
  ) );
#4044 = ORIENTED_EDGE('',*,*,#4045,.T.);
#4045 = EDGE_CURVE('',#4018,#4046,#4048,.T.);
#4046 = VERTEX_POINT('',#4047);
#4047 = CARTESIAN_POINT('',(39.76549999998,25.762199999997,40.));
#4048 = SURFACE_CURVE('',#4049,(#4053,#4060),.PCURVE_S1.);
#4049 = LINE('',#4050,#4051);
#4050 = CARTESIAN_POINT('',(37.343499999959,30.000200000009,40.));
#4051 = VECTOR('',#4052,1.);
#4052 = DIRECTION('',(0.49618306249,-0.868217926847,0.));
#4053 = PCURVE('',#238,#4054);
#4054 = DEFINITIONAL_REPRESENTATION('',(#4055),#4059);
#4055 = LINE('',#4056,#4057);
#4056 = CARTESIAN_POINT('',(-28.45092143929,19.853979196251));
#4057 = VECTOR('',#4058,1.);
#4058 = DIRECTION('',(-0.49618306249,-0.868217926847));
#4059 = ( GEOMETRIC_REPRESENTATION_CONTEXT(2) 
PARAMETRIC_REPRESENTATION_CONTEXT() REPRESENTATION_CONTEXT('2D SPACE',''
  ) );
#4060 = PCURVE('',#4061,#4066);
#4061 = PLANE('',#4062);
#4062 = AXIS2_PLACEMENT_3D('',#4063,#4064,#4065);
#4063 = CARTESIAN_POINT('',(37.343499999959,30.000200000009,7.5));
#4064 = DIRECTION('',(0.868217926847,0.49618306249,-0.));
#4065 = DIRECTION('',(0.49618306249,-0.868217926847,0.));
#4066 = DEFINITIONAL_REPRESENTATION('',(#4067),#4071);
#4067 = LINE('',#4068,#4069);
#4068 = CARTESIAN_POINT('',(0.,-32.5));
#4069 = VECTOR('',#4070,1.);
#4070 = DIRECTION('',(1.,0.));
#4071 = ( GEOMETRIC_REPRESENTATION_CONTEXT(2) 
PARAMETRIC_REPRESENTATION_CONTEXT() REPRESENTATION_CONTEXT('2D SPACE',''
  ) );
#4072 = ORIENTED_EDGE('',*,*,#4073,.T.);
#4073 = EDGE_CURVE('',#4046,#4074,#4076,.T.);
#4074 = VERTEX_POINT('',#4075);
#4075 = CARTESIAN_POINT('',(41.60149999999,21.23020000002,40.));
#4076 = SURFACE_CURVE('',#4077,(#4081,#4088),.PCURVE_S1.);
#4077 = LINE('',#4078,#4079);
#4078 = CARTESIAN_POINT('',(39.76549999998,25.762199999997,40.));
#4079 = VECTOR('',#4080,1.);
#4080 = DIRECTION('',(0.375477238703,-0.926831615352,0.));
#4081 = PCURVE('',#238,#4082);
#4082 = DEFINITIONAL_REPRESENTATION('',(#4083),#4087);
#4083 = LINE('',#4084,#4085);
#4084 = CARTESIAN_POINT('',(-30.87292143932,15.615979196239));
#4085 = VECTOR('',#4086,1.);
#4086 = DIRECTION('',(-0.375477238703,-0.926831615352));
#4087 = ( GEOMETRIC_REPRESENTATION_CONTEXT(2) 
PARAMETRIC_REPRESENTATION_CONTEXT() REPRESENTATION_CONTEXT('2D SPACE',''
  ) );
#4088 = PCURVE('',#4089,#4094);
#4089 = PLANE('',#4090);
#4090 = AXIS2_PLACEMENT_3D('',#4091,#4092,#4093);
#4091 = CARTESIAN_POINT('',(39.76549999998,25.762199999997,7.5));
#4092 = DIRECTION('',(0.926831615352,0.375477238703,-0.));
#4093 = DIRECTION('',(0.375477238703,-0.926831615352,0.));
#4094 = DEFINITIONAL_REPRESENTATION('',(#4095),#4099);
#4095 = LINE('',#4096,#4097);
#4096 = CARTESIAN_POINT('',(0.,-32.5));
#4097 = VECTOR('',#4098,1.);
#4098 = DIRECTION('',(1.,0.));
#4099 = ( GEOMETRIC_REPRESENTATION_CONTEXT(2) 
PARAMETRIC_REPRESENTATION_CONTEXT() REPRESENTATION_CONTEXT('2D SPACE',''
  ) );
#4100 = ORIENTED_EDGE('',*,*,#4101,.T.);
#4101 = EDGE_CURVE('',#4074,#4102,#4104,.T.);
#4102 = VERTEX_POINT('',#4103);
#4103 = CARTESIAN_POINT('',(42.8125,16.465200000006,40.));
#4104 = SURFACE_CURVE('',#4105,(#4109,#4116),.PCURVE_S1.);
#4105 = LINE('',#4106,#4107);
#4106 = CARTESIAN_POINT('',(41.60149999999,21.23020000002,40.));
#4107 = VECTOR('',#4108,1.);
#4108 = DIRECTION('',(0.246314587112,-0.969189931941,0.));
#4109 = PCURVE('',#238,#4110);
#4110 = DEFINITIONAL_REPRESENTATION('',(#4111),#4115);
#4111 = LINE('',#4112,#4113);
#4112 = CARTESIAN_POINT('',(-32.70892143933,11.083979196262));
#4113 = VECTOR('',#4114,1.);
#4114 = DIRECTION('',(-0.246314587112,-0.969189931941));
#4115 = ( GEOMETRIC_REPRESENTATION_CONTEXT(2) 
PARAMETRIC_REPRESENTATION_CONTEXT() REPRESENTATION_CONTEXT('2D SPACE',''
  ) );
#4116 = PCURVE('',#4117,#4122);
#4117 = PLANE('',#4118);
#4118 = AXIS2_PLACEMENT_3D('',#4119,#4120,#4121);
#4119 = CARTESIAN_POINT('',(41.60149999999,21.23020000002,7.5));
#4120 = DIRECTION('',(0.969189931941,0.246314587112,-0.));
#4121 = DIRECTION('',(0.246314587112,-0.969189931941,0.));
#4122 = DEFINITIONAL_REPRESENTATION('',(#4123),#4127);
#4123 = LINE('',#4124,#4125);
#4124 = CARTESIAN_POINT('',(0.,-32.5));
#4125 = VECTOR('',#4126,1.);
#4126 = DIRECTION('',(1.,0.));
#4127 = ( GEOMETRIC_REPRESENTATION_CONTEXT(2) 
PARAMETRIC_REPRESENTATION_CONTEXT() REPRESENTATION_CONTEXT('2D SPACE',''
  ) );
#4128 = ORIENTED_EDGE('',*,*,#4129,.T.);
#4129 = EDGE_CURVE('',#4102,#4130,#4132,.T.);
#4130 = VERTEX_POINT('',#4131);
#4131 = CARTESIAN_POINT('',(43.320500000031,11.601200000005,40.));
#4132 = SURFACE_CURVE('',#4133,(#4137,#4144),.PCURVE_S1.);
#4133 = LINE('',#4134,#4135);
#4134 = CARTESIAN_POINT('',(42.8125,16.465200000006,40.));
#4135 = VECTOR('',#4136,1.);
#4136 = DIRECTION('',(0.103875793758,-0.994590277185,0.));
#4137 = PCURVE('',#238,#4138);
#4138 = DEFINITIONAL_REPRESENTATION('',(#4139),#4143);
#4139 = LINE('',#4140,#4141);
#4140 = CARTESIAN_POINT('',(-33.91992143934,6.318979196248));
#4141 = VECTOR('',#4142,1.);
#4142 = DIRECTION('',(-0.103875793758,-0.994590277185));
#4143 = ( GEOMETRIC_REPRESENTATION_CONTEXT(2) 
PARAMETRIC_REPRESENTATION_CONTEXT() REPRESENTATION_CONTEXT('2D SPACE',''
  ) );
#4144 = PCURVE('',#4145,#4150);
#4145 = PLANE('',#4146);
#4146 = AXIS2_PLACEMENT_3D('',#4147,#4148,#4149);
#4147 = CARTESIAN_POINT('',(42.8125,16.465200000006,7.5));
#4148 = DIRECTION('',(0.994590277185,0.103875793758,-0.));
#4149 = DIRECTION('',(0.103875793758,-0.994590277185,0.));
#4150 = DEFINITIONAL_REPRESENTATION('',(#4151),#4155);
#4151 = LINE('',#4152,#4153);
#4152 = CARTESIAN_POINT('',(0.,-32.5));
#4153 = VECTOR('',#4154,1.);
#4154 = DIRECTION('',(1.,0.));
#4155 = ( GEOMETRIC_REPRESENTATION_CONTEXT(2) 
PARAMETRIC_REPRESENTATION_CONTEXT() REPRESENTATION_CONTEXT('2D SPACE',''
  ) );
#4156 = ORIENTED_EDGE('',*,*,#4157,.T.);
#4157 = EDGE_CURVE('',#4130,#4158,#4160,.T.);
#4158 = VERTEX_POINT('',#4159);
#4159 = CARTESIAN_POINT('',(43.164499999955,6.699200000003,40.));
#4160 = SURFACE_CURVE('',#4161,(#4165,#4172),.PCURVE_S1.);
#4161 = LINE('',#4162,#4163);
#4162 = CARTESIAN_POINT('',(43.320500000031,11.601200000005,40.));
#4163 = VECTOR('',#4164,1.);
#4164 = DIRECTION('',(-3.180764289388E-02,-0.999494008913,0.));
#4165 = PCURVE('',#238,#4166);
#4166 = DEFINITIONAL_REPRESENTATION('',(#4167),#4171);
#4167 = LINE('',#4168,#4169);
#4168 = CARTESIAN_POINT('',(-34.42792143937,1.454979196246));
#4169 = VECTOR('',#4170,1.);
#4170 = DIRECTION('',(3.180764289388E-02,-0.999494008913));
#4171 = ( GEOMETRIC_REPRESENTATION_CONTEXT(2) 
PARAMETRIC_REPRESENTATION_CONTEXT() REPRESENTATION_CONTEXT('2D SPACE',''
  ) );
#4172 = PCURVE('',#4173,#4178);
#4173 = PLANE('',#4174);
#4174 = AXIS2_PLACEMENT_3D('',#4175,#4176,#4177);
#4175 = CARTESIAN_POINT('',(43.320500000031,11.601200000005,7.5));
#4176 = DIRECTION('',(0.999494008913,-3.180764289388E-02,0.));
#4177 = DIRECTION('',(-3.180764289388E-02,-0.999494008913,0.));
#4178 = DEFINITIONAL_REPRESENTATION('',(#4179),#4183);
#4179 = LINE('',#4180,#4181);
#4180 = CARTESIAN_POINT('',(0.,-32.5));
#4181 = VECTOR('',#4182,1.);
#4182 = DIRECTION('',(1.,0.));
#4183 = ( GEOMETRIC_REPRESENTATION_CONTEXT(2) 
PARAMETRIC_REPRESENTATION_CONTEXT() REPRESENTATION_CONTEXT('2D SPACE',''
  ) );
#4184 = ORIENTED_EDGE('',*,*,#4185,.T.);
#4185 = EDGE_CURVE('',#4158,#4186,#4188,.T.);
#4186 = VERTEX_POINT('',#4187);
#4187 = CARTESIAN_POINT('',(42.304499999969,1.89420000001,40.));
#4188 = SURFACE_CURVE('',#4189,(#4193,#4200),.PCURVE_S1.);
#4189 = LINE('',#4190,#4191);
#4190 = CARTESIAN_POINT('',(43.164499999955,6.699200000003,40.));
#4191 = VECTOR('',#4192,1.);
#4192 = DIRECTION('',(-0.176180595247,-0.984357860668,0.));
#4193 = PCURVE('',#238,#4194);
#4194 = DEFINITIONAL_REPRESENTATION('',(#4195),#4199);
#4195 = LINE('',#4196,#4197);
#4196 = CARTESIAN_POINT('',(-34.27192143929,-3.447020803755));
#4197 = VECTOR('',#4198,1.);
#4198 = DIRECTION('',(0.176180595247,-0.984357860668));
#4199 = ( GEOMETRIC_REPRESENTATION_CONTEXT(2) 
PARAMETRIC_REPRESENTATION_CONTEXT() REPRESENTATION_CONTEXT('2D SPACE',''
  ) );
#4200 = PCURVE('',#4201,#4206);
#4201 = PLANE('',#4202);
#4202 = AXIS2_PLACEMENT_3D('',#4203,#4204,#4205);
#4203 = CARTESIAN_POINT('',(43.164499999955,6.699200000003,7.5));
#4204 = DIRECTION('',(0.984357860668,-0.176180595247,0.));
#4205 = DIRECTION('',(-0.176180595247,-0.984357860668,0.));
#4206 = DEFINITIONAL_REPRESENTATION('',(#4207),#4211);
#4207 = LINE('',#4208,#4209);
#4208 = CARTESIAN_POINT('',(0.,-32.5));
#4209 = VECTOR('',#4210,1.);
#4210 = DIRECTION('',(1.,0.));
#4211 = ( GEOMETRIC_REPRESENTATION_CONTEXT(2) 
PARAMETRIC_REPRESENTATION_CONTEXT() REPRESENTATION_CONTEXT('2D SPACE',''
  ) );
#4212 = ORIENTED_EDGE('',*,*,#4213,.T.);
#4213 = EDGE_CURVE('',#4186,#4214,#4216,.T.);
#4214 = VERTEX_POINT('',#4215);
#4215 = CARTESIAN_POINT('',(40.820500000031,-2.773799999995,40.));
#4216 = SURFACE_CURVE('',#4217,(#4221,#4228),.PCURVE_S1.);
#4217 = LINE('',#4218,#4219);
#4218 = CARTESIAN_POINT('',(42.304499999969,1.89420000001,40.));
#4219 = VECTOR('',#4220,1.);
#4220 = DIRECTION('',(-0.302967700171,-0.953000825106,0.));
#4221 = PCURVE('',#238,#4222);
#4222 = DEFINITIONAL_REPRESENTATION('',(#4223),#4227);
#4223 = LINE('',#4224,#4225);
#4224 = CARTESIAN_POINT('',(-33.4119214393,-8.252020803749));
#4225 = VECTOR('',#4226,1.);
#4226 = DIRECTION('',(0.302967700171,-0.953000825106));
#4227 = ( GEOMETRIC_REPRESENTATION_CONTEXT(2) 
PARAMETRIC_REPRESENTATION_CONTEXT() REPRESENTATION_CONTEXT('2D SPACE',''
  ) );
#4228 = PCURVE('',#4229,#4234);
#4229 = PLANE('',#4230);
#4230 = AXIS2_PLACEMENT_3D('',#4231,#4232,#4233);
#4231 = CARTESIAN_POINT('',(42.304499999969,1.89420000001,7.5));
#4232 = DIRECTION('',(0.953000825106,-0.302967700171,0.));
#4233 = DIRECTION('',(-0.302967700171,-0.953000825106,0.));
#4234 = DEFINITIONAL_REPRESENTATION('',(#4235),#4239);
#4235 = LINE('',#4236,#4237);
#4236 = CARTESIAN_POINT('',(0.,-32.5));
#4237 = VECTOR('',#4238,1.);
#4238 = DIRECTION('',(1.,0.));
#4239 = ( GEOMETRIC_REPRESENTATION_CONTEXT(2) 
PARAMETRIC_REPRESENTATION_CONTEXT() REPRESENTATION_CONTEXT('2D SPACE',''
  ) );
#4240 = ORIENTED_EDGE('',*,*,#4241,.T.);
#4241 = EDGE_CURVE('',#4214,#4242,#4244,.T.);
#4242 = VERTEX_POINT('',#4243);
#4243 = CARTESIAN_POINT('',(38.671500000055,-7.167799999996,40.));
#4244 = SURFACE_CURVE('',#4245,(#4249,#4256),.PCURVE_S1.);
#4245 = LINE('',#4246,#4247);
#4246 = CARTESIAN_POINT('',(40.820500000031,-2.773799999995,40.));
#4247 = VECTOR('',#4248,1.);
#4248 = DIRECTION('',(-0.439345796934,-0.89831802315,0.));
#4249 = PCURVE('',#238,#4250);
#4250 = DEFINITIONAL_REPRESENTATION('',(#4251),#4255);
#4251 = LINE('',#4252,#4253);
#4252 = CARTESIAN_POINT('',(-31.92792143937,-12.92002080375));
#4253 = VECTOR('',#4254,1.);
#4254 = DIRECTION('',(0.439345796934,-0.89831802315));
#4255 = ( GEOMETRIC_REPRESENTATION_CONTEXT(2) 
PARAMETRIC_REPRESENTATION_CONTEXT() REPRESENTATION_CONTEXT('2D SPACE',''
  ) );
#4256 = PCURVE('',#4257,#4262);
#4257 = PLANE('',#4258);
#4258 = AXIS2_PLACEMENT_3D('',#4259,#4260,#4261);
#4259 = CARTESIAN_POINT('',(40.820500000031,-2.773799999995,7.5));
#4260 = DIRECTION('',(0.89831802315,-0.439345796934,0.));
#4261 = DIRECTION('',(-0.439345796934,-0.89831802315,0.));
#4262 = DEFINITIONAL_REPRESENTATION('',(#4263),#4267);
#4263 = LINE('',#4264,#4265);
#4264 = CARTESIAN_POINT('',(0.,-32.5));
#4265 = VECTOR('',#4266,1.);
#4266 = DIRECTION('',(1.,0.));
#4267 = ( GEOMETRIC_REPRESENTATION_CONTEXT(2) 
PARAMETRIC_REPRESENTATION_CONTEXT() REPRESENTATION_CONTEXT('2D SPACE',''
  ) );
#4268 = ORIENTED_EDGE('',*,*,#4269,.T.);
#4269 = EDGE_CURVE('',#4242,#4270,#4272,.T.);
#4270 = VERTEX_POINT('',#4271);
#4271 = CARTESIAN_POINT('',(35.9375,-11.23079999999,40.));
#4272 = SURFACE_CURVE('',#4273,(#4277,#4284),.PCURVE_S1.);
#4273 = LINE('',#4274,#4275);
#4274 = CARTESIAN_POINT('',(38.671500000055,-7.167799999996,40.));
#4275 = VECTOR('',#4276,1.);
#4276 = DIRECTION('',(-0.55827637058,-0.829655045216,0.));
#4277 = PCURVE('',#238,#4278);
#4278 = DEFINITIONAL_REPRESENTATION('',(#4279),#4283);
#4279 = LINE('',#4280,#4281);
#4280 = CARTESIAN_POINT('',(-29.77892143939,-17.31402080375));
#4281 = VECTOR('',#4282,1.);
#4282 = DIRECTION('',(0.55827637058,-0.829655045216));
#4283 = ( GEOMETRIC_REPRESENTATION_CONTEXT(2) 
PARAMETRIC_REPRESENTATION_CONTEXT() REPRESENTATION_CONTEXT('2D SPACE',''
  ) );
#4284 = PCURVE('',#4285,#4290);
#4285 = PLANE('',#4286);
#4286 = AXIS2_PLACEMENT_3D('',#4287,#4288,#4289);
#4287 = CARTESIAN_POINT('',(38.671500000055,-7.167799999996,7.5));
#4288 = DIRECTION('',(0.829655045216,-0.55827637058,0.));
#4289 = DIRECTION('',(-0.55827637058,-0.829655045216,0.));
#4290 = DEFINITIONAL_REPRESENTATION('',(#4291),#4295);
#4291 = LINE('',#4292,#4293);
#4292 = CARTESIAN_POINT('',(0.,-32.5));
#4293 = VECTOR('',#4294,1.);
#4294 = DIRECTION('',(1.,0.));
#4295 = ( GEOMETRIC_REPRESENTATION_CONTEXT(2) 
PARAMETRIC_REPRESENTATION_CONTEXT() REPRESENTATION_CONTEXT('2D SPACE',''
  ) );
#4296 = ORIENTED_EDGE('',*,*,#4297,.T.);
#4297 = EDGE_CURVE('',#4270,#4298,#4300,.T.);
#4298 = VERTEX_POINT('',#4299);
#4299 = CARTESIAN_POINT('',(32.656500000041,-14.88279999999,40.));
#4300 = SURFACE_CURVE('',#4301,(#4305,#4312),.PCURVE_S1.);
#4301 = LINE('',#4302,#4303);
#4302 = CARTESIAN_POINT('',(35.9375,-11.23079999999,40.));
#4303 = VECTOR('',#4304,1.);
#4304 = DIRECTION('',(-0.668311760647,-0.743881301406,0.));
#4305 = PCURVE('',#238,#4306);
#4306 = DEFINITIONAL_REPRESENTATION('',(#4307),#4311);
#4307 = LINE('',#4308,#4309);
#4308 = CARTESIAN_POINT('',(-27.04492143934,-21.37702080374));
#4309 = VECTOR('',#4310,1.);
#4310 = DIRECTION('',(0.668311760647,-0.743881301406));
#4311 = ( GEOMETRIC_REPRESENTATION_CONTEXT(2) 
PARAMETRIC_REPRESENTATION_CONTEXT() REPRESENTATION_CONTEXT('2D SPACE',''
  ) );
#4312 = PCURVE('',#4313,#4318);
#4313 = PLANE('',#4314);
#4314 = AXIS2_PLACEMENT_3D('',#4315,#4316,#4317);
#4315 = CARTESIAN_POINT('',(35.9375,-11.23079999999,7.5));
#4316 = DIRECTION('',(0.743881301406,-0.668311760647,0.));
#4317 = DIRECTION('',(-0.668311760647,-0.743881301406,0.));
#4318 = DEFINITIONAL_REPRESENTATION('',(#4319),#4323);
#4319 = LINE('',#4320,#4321);
#4320 = CARTESIAN_POINT('',(0.,-32.5));
#4321 = VECTOR('',#4322,1.);
#4322 = DIRECTION('',(1.,0.));
#4323 = ( GEOMETRIC_REPRESENTATION_CONTEXT(2) 
PARAMETRIC_REPRESENTATION_CONTEXT() REPRESENTATION_CONTEXT('2D SPACE',''
  ) );
#4324 = ORIENTED_EDGE('',*,*,#4325,.T.);
#4325 = EDGE_CURVE('',#4298,#4326,#4328,.T.);
#4326 = VERTEX_POINT('',#4327);
#4327 = CARTESIAN_POINT('',(28.906500000041,-18.02779999998,40.));
#4328 = SURFACE_CURVE('',#4329,(#4333,#4340),.PCURVE_S1.);
#4329 = LINE('',#4330,#4331);
#4330 = CARTESIAN_POINT('',(32.656500000041,-14.88279999999,40.));
#4331 = VECTOR('',#4332,1.);
#4332 = DIRECTION('',(-0.766207768826,-0.642592915453,0.));
#4333 = PCURVE('',#238,#4334);
#4334 = DEFINITIONAL_REPRESENTATION('',(#4335),#4339);
#4335 = LINE('',#4336,#4337);
#4336 = CARTESIAN_POINT('',(-23.76392143938,-25.02902080375));
#4337 = VECTOR('',#4338,1.);
#4338 = DIRECTION('',(0.766207768826,-0.642592915453));
#4339 = ( GEOMETRIC_REPRESENTATION_CONTEXT(2) 
PARAMETRIC_REPRESENTATION_CONTEXT() REPRESENTATION_CONTEXT('2D SPACE',''
  ) );
#4340 = PCURVE('',#4341,#4346);
#4341 = PLANE('',#4342);
#4342 = AXIS2_PLACEMENT_3D('',#4343,#4344,#4345);
#4343 = CARTESIAN_POINT('',(32.656500000041,-14.88279999999,7.5));
#4344 = DIRECTION('',(0.642592915453,-0.766207768826,0.));
#4345 = DIRECTION('',(-0.766207768826,-0.642592915453,0.));
#4346 = DEFINITIONAL_REPRESENTATION('',(#4347),#4351);
#4347 = LINE('',#4348,#4349);
#4348 = CARTESIAN_POINT('',(0.,-32.5));
#4349 = VECTOR('',#4350,1.);
#4350 = DIRECTION('',(1.,0.));
#4351 = ( GEOMETRIC_REPRESENTATION_CONTEXT(2) 
PARAMETRIC_REPRESENTATION_CONTEXT() REPRESENTATION_CONTEXT('2D SPACE',''
  ) );
#4352 = ORIENTED_EDGE('',*,*,#4353,.T.);
#4353 = EDGE_CURVE('',#4326,#4354,#4356,.T.);
#4354 = VERTEX_POINT('',#4355);
#4355 = CARTESIAN_POINT('',(24.76549999998,-20.62479999999,40.));
#4356 = SURFACE_CURVE('',#4357,(#4361,#4368),.PCURVE_S1.);
#4357 = LINE('',#4358,#4359);
#4358 = CARTESIAN_POINT('',(28.906500000041,-18.02779999998,40.));
#4359 = VECTOR('',#4360,1.);
#4360 = DIRECTION('',(-0.847181262589,-0.531303969794,0.));
#4361 = PCURVE('',#238,#4362);
#4362 = DEFINITIONAL_REPRESENTATION('',(#4363),#4367);
#4363 = LINE('',#4364,#4365);
#4364 = CARTESIAN_POINT('',(-20.01392143938,-28.17402080374));
#4365 = VECTOR('',#4366,1.);
#4366 = DIRECTION('',(0.847181262589,-0.531303969794));
#4367 = ( GEOMETRIC_REPRESENTATION_CONTEXT(2) 
PARAMETRIC_REPRESENTATION_CONTEXT() REPRESENTATION_CONTEXT('2D SPACE',''
  ) );
#4368 = PCURVE('',#4369,#4374);
#4369 = PLANE('',#4370);
#4370 = AXIS2_PLACEMENT_3D('',#4371,#4372,#4373);
#4371 = CARTESIAN_POINT('',(28.906500000041,-18.02779999998,7.5));
#4372 = DIRECTION('',(0.531303969794,-0.847181262589,0.));
#4373 = DIRECTION('',(-0.847181262589,-0.531303969794,0.));
#4374 = DEFINITIONAL_REPRESENTATION('',(#4375),#4379);
#4375 = LINE('',#4376,#4377);
#4376 = CARTESIAN_POINT('',(0.,-32.5));
#4377 = VECTOR('',#4378,1.);
#4378 = DIRECTION('',(1.,0.));
#4379 = ( GEOMETRIC_REPRESENTATION_CONTEXT(2) 
PARAMETRIC_REPRESENTATION_CONTEXT() REPRESENTATION_CONTEXT('2D SPACE',''
  ) );
#4380 = ORIENTED_EDGE('',*,*,#4381,.T.);
#4381 = EDGE_CURVE('',#4354,#4382,#4384,.T.);
#4382 = VERTEX_POINT('',#4383);
#4383 = CARTESIAN_POINT('',(20.27350000001,-22.61679999998,40.));
#4384 = SURFACE_CURVE('',#4385,(#4389,#4396),.PCURVE_S1.);
#4385 = LINE('',#4386,#4387);
#4386 = CARTESIAN_POINT('',(24.76549999998,-20.62479999999,40.));
#4387 = VECTOR('',#4388,1.);
#4388 = DIRECTION('',(-0.914146915747,-0.405383049016,0.));
#4389 = PCURVE('',#238,#4390);
#4390 = DEFINITIONAL_REPRESENTATION('',(#4391),#4395);
#4391 = LINE('',#4392,#4393);
#4392 = CARTESIAN_POINT('',(-15.87292143932,-30.77102080374));
#4393 = VECTOR('',#4394,1.);
#4394 = DIRECTION('',(0.914146915747,-0.405383049016));
#4395 = ( GEOMETRIC_REPRESENTATION_CONTEXT(2) 
PARAMETRIC_REPRESENTATION_CONTEXT() REPRESENTATION_CONTEXT('2D SPACE',''
  ) );
#4396 = PCURVE('',#4397,#4402);
#4397 = PLANE('',#4398);
#4398 = AXIS2_PLACEMENT_3D('',#4399,#4400,#4401);
#4399 = CARTESIAN_POINT('',(24.76549999998,-20.62479999999,7.5));
#4400 = DIRECTION('',(0.405383049016,-0.914146915747,0.));
#4401 = DIRECTION('',(-0.914146915747,-0.405383049016,0.));
#4402 = DEFINITIONAL_REPRESENTATION('',(#4403),#4407);
#4403 = LINE('',#4404,#4405);
#4404 = CARTESIAN_POINT('',(0.,-32.5));
#4405 = VECTOR('',#4406,1.);
#4406 = DIRECTION('',(1.,0.));
#4407 = ( GEOMETRIC_REPRESENTATION_CONTEXT(2) 
PARAMETRIC_REPRESENTATION_CONTEXT() REPRESENTATION_CONTEXT('2D SPACE',''
  ) );
#4408 = ORIENTED_EDGE('',*,*,#4409,.T.);
#4409 = EDGE_CURVE('',#4382,#4410,#4412,.T.);
#4410 = VERTEX_POINT('',#4411);
#4411 = CARTESIAN_POINT('',(15.585500000045,-23.96479999998,40.));
#4412 = SURFACE_CURVE('',#4413,(#4417,#4424),.PCURVE_S1.);
#4413 = LINE('',#4414,#4415);
#4414 = CARTESIAN_POINT('',(20.27350000001,-22.61679999998,40.));
#4415 = VECTOR('',#4416,1.);
#4416 = DIRECTION('',(-0.961058415401,-0.276345295215,0.));
#4417 = PCURVE('',#238,#4418);
#4418 = DEFINITIONAL_REPRESENTATION('',(#4419),#4423);
#4419 = LINE('',#4420,#4421);
#4420 = CARTESIAN_POINT('',(-11.38092143935,-32.76302080374));
#4421 = VECTOR('',#4422,1.);
#4422 = DIRECTION('',(0.961058415401,-0.276345295215));
#4423 = ( GEOMETRIC_REPRESENTATION_CONTEXT(2) 
PARAMETRIC_REPRESENTATION_CONTEXT() REPRESENTATION_CONTEXT('2D SPACE',''
  ) );
#4424 = PCURVE('',#4425,#4430);
#4425 = PLANE('',#4426);
#4426 = AXIS2_PLACEMENT_3D('',#4427,#4428,#4429);
#4427 = CARTESIAN_POINT('',(20.27350000001,-22.61679999998,7.5));
#4428 = DIRECTION('',(0.276345295215,-0.961058415401,0.));
#4429 = DIRECTION('',(-0.961058415401,-0.276345295215,0.));
#4430 = DEFINITIONAL_REPRESENTATION('',(#4431),#4435);
#4431 = LINE('',#4432,#4433);
#4432 = CARTESIAN_POINT('',(0.,-32.5));
#4433 = VECTOR('',#4434,1.);
#4434 = DIRECTION('',(1.,0.));
#4435 = ( GEOMETRIC_REPRESENTATION_CONTEXT(2) 
PARAMETRIC_REPRESENTATION_CONTEXT() REPRESENTATION_CONTEXT('2D SPACE',''
  ) );
#4436 = ORIENTED_EDGE('',*,*,#4437,.T.);
#4437 = EDGE_CURVE('',#4410,#4438,#4440,.T.);
#4438 = VERTEX_POINT('',#4439);
#4439 = CARTESIAN_POINT('',(10.742500000051,-24.64879999999,40.));
#4440 = SURFACE_CURVE('',#4441,(#4445,#4452),.PCURVE_S1.);
#4441 = LINE('',#4442,#4443);
#4442 = CARTESIAN_POINT('',(15.585500000045,-23.96479999998,40.));
#4443 = VECTOR('',#4444,1.);
#4444 = DIRECTION('',(-0.990173141819,-0.139846877764,0.));
#4445 = PCURVE('',#238,#4446);
#4446 = DEFINITIONAL_REPRESENTATION('',(#4447),#4451);
#4447 = LINE('',#4448,#4449);
#4448 = CARTESIAN_POINT('',(-6.692921439385,-34.11102080374));
#4449 = VECTOR('',#4450,1.);
#4450 = DIRECTION('',(0.990173141819,-0.139846877764));
#4451 = ( GEOMETRIC_REPRESENTATION_CONTEXT(2) 
PARAMETRIC_REPRESENTATION_CONTEXT() REPRESENTATION_CONTEXT('2D SPACE',''
  ) );
#4452 = PCURVE('',#4453,#4458);
#4453 = PLANE('',#4454);
#4454 = AXIS2_PLACEMENT_3D('',#4455,#4456,#4457);
#4455 = CARTESIAN_POINT('',(15.585500000045,-23.96479999998,7.5));
#4456 = DIRECTION('',(0.139846877764,-0.990173141819,0.));
#4457 = DIRECTION('',(-0.990173141819,-0.139846877764,0.));
#4458 = DEFINITIONAL_REPRESENTATION('',(#4459),#4463);
#4459 = LINE('',#4460,#4461);
#4460 = CARTESIAN_POINT('',(0.,-32.5));
#4461 = VECTOR('',#4462,1.);
#4462 = DIRECTION('',(1.,0.));
#4463 = ( GEOMETRIC_REPRESENTATION_CONTEXT(2) 
PARAMETRIC_REPRESENTATION_CONTEXT() REPRESENTATION_CONTEXT('2D SPACE',''
  ) );
#4464 = ORIENTED_EDGE('',*,*,#4465,.T.);
#4465 = EDGE_CURVE('',#4438,#4466,#4468,.T.);
#4466 = VERTEX_POINT('',#4467);
#4467 = CARTESIAN_POINT('',(5.820500000031,-24.64879999999,40.));
#4468 = SURFACE_CURVE('',#4469,(#4473,#4480),.PCURVE_S1.);
#4469 = LINE('',#4470,#4471);
#4470 = CARTESIAN_POINT('',(10.742500000051,-24.64879999999,40.));
#4471 = VECTOR('',#4472,1.);
#4472 = DIRECTION('',(-1.,0.,0.));
#4473 = PCURVE('',#238,#4474);
#4474 = DEFINITIONAL_REPRESENTATION('',(#4475),#4479);
#4475 = LINE('',#4476,#4477);
#4476 = CARTESIAN_POINT('',(-1.849921439391,-34.79502080375));
#4477 = VECTOR('',#4478,1.);
#4478 = DIRECTION('',(1.,0.));
#4479 = ( GEOMETRIC_REPRESENTATION_CONTEXT(2) 
PARAMETRIC_REPRESENTATION_CONTEXT() REPRESENTATION_CONTEXT('2D SPACE',''
  ) );
#4480 = PCURVE('',#4481,#4486);
#4481 = PLANE('',#4482);
#4482 = AXIS2_PLACEMENT_3D('',#4483,#4484,#4485);
#4483 = CARTESIAN_POINT('',(10.742500000051,-24.64879999999,7.5));
#4484 = DIRECTION('',(0.,-1.,0.));
#4485 = DIRECTION('',(-1.,0.,0.));
#4486 = DEFINITIONAL_REPRESENTATION('',(#4487),#4491);
#4487 = LINE('',#4488,#4489);
#4488 = CARTESIAN_POINT('',(0.,-32.5));
#4489 = VECTOR('',#4490,1.);
#4490 = DIRECTION('',(1.,0.));
#4491 = ( GEOMETRIC_REPRESENTATION_CONTEXT(2) 
PARAMETRIC_REPRESENTATION_CONTEXT() REPRESENTATION_CONTEXT('2D SPACE',''
  ) );
#4492 = ORIENTED_EDGE('',*,*,#4493,.T.);
#4493 = EDGE_CURVE('',#4466,#4494,#4496,.T.);
#4494 = VERTEX_POINT('',#4495);
#4495 = CARTESIAN_POINT('',(0.97649999999,-23.96479999998,40.));
#4496 = SURFACE_CURVE('',#4497,(#4501,#4508),.PCURVE_S1.);
#4497 = LINE('',#4498,#4499);
#4498 = CARTESIAN_POINT('',(5.820500000031,-24.64879999999,40.));
#4499 = VECTOR('',#4500,1.);
#4500 = DIRECTION('',(-0.990177139152,0.139818572086,0.));
#4501 = PCURVE('',#238,#4502);
#4502 = DEFINITIONAL_REPRESENTATION('',(#4503),#4507);
#4503 = LINE('',#4504,#4505);
#4504 = CARTESIAN_POINT('',(3.072078560629,-34.79502080375));
#4505 = VECTOR('',#4506,1.);
#4506 = DIRECTION('',(0.990177139152,0.139818572086));
#4507 = ( GEOMETRIC_REPRESENTATION_CONTEXT(2) 
PARAMETRIC_REPRESENTATION_CONTEXT() REPRESENTATION_CONTEXT('2D SPACE',''
  ) );
#4508 = PCURVE('',#4509,#4514);
#4509 = PLANE('',#4510);
#4510 = AXIS2_PLACEMENT_3D('',#4511,#4512,#4513);
#4511 = CARTESIAN_POINT('',(5.820500000031,-24.64879999999,7.5));
#4512 = DIRECTION('',(-0.139818572086,-0.990177139152,0.));
#4513 = DIRECTION('',(-0.990177139152,0.139818572086,0.));
#4514 = DEFINITIONAL_REPRESENTATION('',(#4515),#4519);
#4515 = LINE('',#4516,#4517);
#4516 = CARTESIAN_POINT('',(0.,-32.5));
#4517 = VECTOR('',#4518,1.);
#4518 = DIRECTION('',(1.,0.));
#4519 = ( GEOMETRIC_REPRESENTATION_CONTEXT(2) 
PARAMETRIC_REPRESENTATION_CONTEXT() REPRESENTATION_CONTEXT('2D SPACE',''
  ) );
#4520 = ORIENTED_EDGE('',*,*,#4521,.T.);
#4521 = EDGE_CURVE('',#4494,#4522,#4524,.T.);
#4522 = VERTEX_POINT('',#4523);
#4523 = CARTESIAN_POINT('',(-3.710500000045,-22.61679999998,40.));
#4524 = SURFACE_CURVE('',#4525,(#4529,#4536),.PCURVE_S1.);
#4525 = LINE('',#4526,#4527);
#4526 = CARTESIAN_POINT('',(0.97649999999,-23.96479999998,40.));
#4527 = VECTOR('',#4528,1.);
#4528 = DIRECTION('',(-0.961042755296,0.276399751254,0.));
#4529 = PCURVE('',#238,#4530);
#4530 = DEFINITIONAL_REPRESENTATION('',(#4531),#4535);
#4531 = LINE('',#4532,#4533);
#4532 = CARTESIAN_POINT('',(7.91607856067,-34.11102080374));
#4533 = VECTOR('',#4534,1.);
#4534 = DIRECTION('',(0.961042755296,0.276399751254));
#4535 = ( GEOMETRIC_REPRESENTATION_CONTEXT(2) 
PARAMETRIC_REPRESENTATION_CONTEXT() REPRESENTATION_CONTEXT('2D SPACE',''
  ) );
#4536 = PCURVE('',#4537,#4542);
#4537 = PLANE('',#4538);
#4538 = AXIS2_PLACEMENT_3D('',#4539,#4540,#4541);
#4539 = CARTESIAN_POINT('',(0.97649999999,-23.96479999998,7.5));
#4540 = DIRECTION('',(-0.276399751254,-0.961042755296,0.));
#4541 = DIRECTION('',(-0.961042755296,0.276399751254,0.));
#4542 = DEFINITIONAL_REPRESENTATION('',(#4543),#4547);
#4543 = LINE('',#4544,#4545);
#4544 = CARTESIAN_POINT('',(0.,-32.5));
#4545 = VECTOR('',#4546,1.);
#4546 = DIRECTION('',(1.,0.));
#4547 = ( GEOMETRIC_REPRESENTATION_CONTEXT(2) 
PARAMETRIC_REPRESENTATION_CONTEXT() REPRESENTATION_CONTEXT('2D SPACE',''
  ) );
#4548 = ORIENTED_EDGE('',*,*,#4549,.T.);
#4549 = EDGE_CURVE('',#4522,#4550,#4552,.T.);
#4550 = VERTEX_POINT('',#4551);
#4551 = CARTESIAN_POINT('',(-8.203499999945,-20.62479999999,40.));
#4552 = SURFACE_CURVE('',#4553,(#4557,#4564),.PCURVE_S1.);
#4553 = LINE('',#4554,#4555);
#4554 = CARTESIAN_POINT('',(-3.710500000045,-22.61679999998,40.));
#4555 = VECTOR('',#4556,1.);
#4556 = DIRECTION('',(-0.914180349584,0.405307646652,0.));
#4557 = PCURVE('',#238,#4558);
#4558 = DEFINITIONAL_REPRESENTATION('',(#4559),#4563);
#4559 = LINE('',#4560,#4561);
#4560 = CARTESIAN_POINT('',(12.603078560705,-32.76302080374));
#4561 = VECTOR('',#4562,1.);
#4562 = DIRECTION('',(0.914180349584,0.405307646652));
#4563 = ( GEOMETRIC_REPRESENTATION_CONTEXT(2) 
PARAMETRIC_REPRESENTATION_CONTEXT() REPRESENTATION_CONTEXT('2D SPACE',''
  ) );
#4564 = PCURVE('',#4565,#4570);
#4565 = PLANE('',#4566);
#4566 = AXIS2_PLACEMENT_3D('',#4567,#4568,#4569);
#4567 = CARTESIAN_POINT('',(-3.710500000045,-22.61679999998,7.5));
#4568 = DIRECTION('',(-0.405307646652,-0.914180349584,0.));
#4569 = DIRECTION('',(-0.914180349584,0.405307646652,0.));
#4570 = DEFINITIONAL_REPRESENTATION('',(#4571),#4575);
#4571 = LINE('',#4572,#4573);
#4572 = CARTESIAN_POINT('',(0.,-32.5));
#4573 = VECTOR('',#4574,1.);
#4574 = DIRECTION('',(1.,0.));
#4575 = ( GEOMETRIC_REPRESENTATION_CONTEXT(2) 
PARAMETRIC_REPRESENTATION_CONTEXT() REPRESENTATION_CONTEXT('2D SPACE',''
  ) );
#4576 = ORIENTED_EDGE('',*,*,#4577,.T.);
#4577 = EDGE_CURVE('',#4550,#4578,#4580,.T.);
#4578 = VERTEX_POINT('',#4579);
#4579 = CARTESIAN_POINT('',(-12.34349999995,-18.02779999998,40.));
#4580 = SURFACE_CURVE('',#4581,(#4585,#4592),.PCURVE_S1.);
#4581 = LINE('',#4582,#4583);
#4582 = CARTESIAN_POINT('',(-8.203499999945,-20.62479999999,40.));
#4583 = VECTOR('',#4584,1.);
#4584 = DIRECTION('',(-0.847123496871,0.531396067965,0.));
#4585 = PCURVE('',#238,#4586);
#4586 = DEFINITIONAL_REPRESENTATION('',(#4587),#4591);
#4587 = LINE('',#4588,#4589);
#4588 = CARTESIAN_POINT('',(17.096078560605,-30.77102080374));
#4589 = VECTOR('',#4590,1.);
#4590 = DIRECTION('',(0.847123496871,0.531396067965));
#4591 = ( GEOMETRIC_REPRESENTATION_CONTEXT(2) 
PARAMETRIC_REPRESENTATION_CONTEXT() REPRESENTATION_CONTEXT('2D SPACE',''
  ) );
#4592 = PCURVE('',#4593,#4598);
#4593 = PLANE('',#4594);
#4594 = AXIS2_PLACEMENT_3D('',#4595,#4596,#4597);
#4595 = CARTESIAN_POINT('',(-8.203499999945,-20.62479999999,7.5));
#4596 = DIRECTION('',(-0.531396067965,-0.847123496871,0.));
#4597 = DIRECTION('',(-0.847123496871,0.531396067965,0.));
#4598 = DEFINITIONAL_REPRESENTATION('',(#4599),#4603);
#4599 = LINE('',#4600,#4601);
#4600 = CARTESIAN_POINT('',(0.,-32.5));
#4601 = VECTOR('',#4602,1.);
#4602 = DIRECTION('',(1.,0.));
#4603 = ( GEOMETRIC_REPRESENTATION_CONTEXT(2) 
PARAMETRIC_REPRESENTATION_CONTEXT() REPRESENTATION_CONTEXT('2D SPACE',''
  ) );
#4604 = ORIENTED_EDGE('',*,*,#4605,.T.);
#4605 = EDGE_CURVE('',#4578,#4606,#4608,.T.);
#4606 = VERTEX_POINT('',#4607);
#4607 = CARTESIAN_POINT('',(-16.09349999995,-14.88279999999,40.));
#4608 = SURFACE_CURVE('',#4609,(#4613,#4620),.PCURVE_S1.);
#4609 = LINE('',#4610,#4611);
#4610 = CARTESIAN_POINT('',(-12.34349999995,-18.02779999998,40.));
#4611 = VECTOR('',#4612,1.);
#4612 = DIRECTION('',(-0.766207768826,0.642592915453,0.));
#4613 = PCURVE('',#238,#4614);
#4614 = DEFINITIONAL_REPRESENTATION('',(#4615),#4619);
#4615 = LINE('',#4616,#4617);
#4616 = CARTESIAN_POINT('',(21.236078560619,-28.17402080374));
#4617 = VECTOR('',#4618,1.);
#4618 = DIRECTION('',(0.766207768826,0.642592915453));
#4619 = ( GEOMETRIC_REPRESENTATION_CONTEXT(2) 
PARAMETRIC_REPRESENTATION_CONTEXT() REPRESENTATION_CONTEXT('2D SPACE',''
  ) );
#4620 = PCURVE('',#4621,#4626);
#4621 = PLANE('',#4622);
#4622 = AXIS2_PLACEMENT_3D('',#4623,#4624,#4625);
#4623 = CARTESIAN_POINT('',(-12.34349999995,-18.02779999998,7.5));
#4624 = DIRECTION('',(-0.642592915453,-0.766207768826,0.));
#4625 = DIRECTION('',(-0.766207768826,0.642592915453,0.));
#4626 = DEFINITIONAL_REPRESENTATION('',(#4627),#4631);
#4627 = LINE('',#4628,#4629);
#4628 = CARTESIAN_POINT('',(0.,-32.5));
#4629 = VECTOR('',#4630,1.);
#4630 = DIRECTION('',(1.,0.));
#4631 = ( GEOMETRIC_REPRESENTATION_CONTEXT(2) 
PARAMETRIC_REPRESENTATION_CONTEXT() REPRESENTATION_CONTEXT('2D SPACE',''
  ) );
#4632 = ORIENTED_EDGE('',*,*,#4633,.T.);
#4633 = EDGE_CURVE('',#4606,#4634,#4636,.T.);
#4634 = VERTEX_POINT('',#4635);
#4635 = CARTESIAN_POINT('',(-19.37549999996,-11.23079999999,40.));
#4636 = SURFACE_CURVE('',#4637,(#4641,#4648),.PCURVE_S1.);
#4637 = LINE('',#4638,#4639);
#4638 = CARTESIAN_POINT('',(-16.09349999995,-14.88279999999,40.));
#4639 = VECTOR('',#4640,1.);
#4640 = DIRECTION('',(-0.668424452235,0.743780042522,0.));
#4641 = PCURVE('',#238,#4642);
#4642 = DEFINITIONAL_REPRESENTATION('',(#4643),#4647);
#4643 = LINE('',#4644,#4645);
#4644 = CARTESIAN_POINT('',(24.986078560619,-25.02902080375));
#4645 = VECTOR('',#4646,1.);
#4646 = DIRECTION('',(0.668424452235,0.743780042522));
#4647 = ( GEOMETRIC_REPRESENTATION_CONTEXT(2) 
PARAMETRIC_REPRESENTATION_CONTEXT() REPRESENTATION_CONTEXT('2D SPACE',''
  ) );
#4648 = PCURVE('',#4649,#4654);
#4649 = PLANE('',#4650);
#4650 = AXIS2_PLACEMENT_3D('',#4651,#4652,#4653);
#4651 = CARTESIAN_POINT('',(-16.09349999995,-14.88279999999,7.5));
#4652 = DIRECTION('',(-0.743780042522,-0.668424452235,0.));
#4653 = DIRECTION('',(-0.668424452235,0.743780042522,0.));
#4654 = DEFINITIONAL_REPRESENTATION('',(#4655),#4659);
#4655 = LINE('',#4656,#4657);
#4656 = CARTESIAN_POINT('',(0.,-32.5));
#4657 = VECTOR('',#4658,1.);
#4658 = DIRECTION('',(1.,0.));
#4659 = ( GEOMETRIC_REPRESENTATION_CONTEXT(2) 
PARAMETRIC_REPRESENTATION_CONTEXT() REPRESENTATION_CONTEXT('2D SPACE',''
  ) );
#4660 = ORIENTED_EDGE('',*,*,#4661,.T.);
#4661 = EDGE_CURVE('',#4634,#4662,#4664,.T.);
#4662 = VERTEX_POINT('',#4663);
#4663 = CARTESIAN_POINT('',(-22.10950000002,-7.167799999996,40.));
#4664 = SURFACE_CURVE('',#4665,(#4669,#4676),.PCURVE_S1.);
#4665 = LINE('',#4666,#4667);
#4666 = CARTESIAN_POINT('',(-19.37549999996,-11.23079999999,40.));
#4667 = VECTOR('',#4668,1.);
#4668 = DIRECTION('',(-0.55827637058,0.829655045216,0.));
#4669 = PCURVE('',#238,#4670);
#4670 = DEFINITIONAL_REPRESENTATION('',(#4671),#4675);
#4671 = LINE('',#4672,#4673);
#4672 = CARTESIAN_POINT('',(28.268078560626,-21.37702080374));
#4673 = VECTOR('',#4674,1.);
#4674 = DIRECTION('',(0.55827637058,0.829655045216));
#4675 = ( GEOMETRIC_REPRESENTATION_CONTEXT(2) 
PARAMETRIC_REPRESENTATION_CONTEXT() REPRESENTATION_CONTEXT('2D SPACE',''
  ) );
#4676 = PCURVE('',#4677,#4682);
#4677 = PLANE('',#4678);
#4678 = AXIS2_PLACEMENT_3D('',#4679,#4680,#4681);
#4679 = CARTESIAN_POINT('',(-19.37549999996,-11.23079999999,7.5));
#4680 = DIRECTION('',(-0.829655045216,-0.55827637058,0.));
#4681 = DIRECTION('',(-0.55827637058,0.829655045216,0.));
#4682 = DEFINITIONAL_REPRESENTATION('',(#4683),#4687);
#4683 = LINE('',#4684,#4685);
#4684 = CARTESIAN_POINT('',(0.,-32.5));
#4685 = VECTOR('',#4686,1.);
#4686 = DIRECTION('',(1.,0.));
#4687 = ( GEOMETRIC_REPRESENTATION_CONTEXT(2) 
PARAMETRIC_REPRESENTATION_CONTEXT() REPRESENTATION_CONTEXT('2D SPACE',''
  ) );
#4688 = ORIENTED_EDGE('',*,*,#4689,.T.);
#4689 = EDGE_CURVE('',#4662,#4690,#4692,.T.);
#4690 = VERTEX_POINT('',#4691);
#4691 = CARTESIAN_POINT('',(-24.25749999994,-2.773799999995,40.));
#4692 = SURFACE_CURVE('',#4693,(#4697,#4704),.PCURVE_S1.);
#4693 = LINE('',#4694,#4695);
#4694 = CARTESIAN_POINT('',(-22.10950000002,-7.167799999996,40.));
#4695 = VECTOR('',#4696,1.);
#4696 = DIRECTION('',(-0.439180795083,0.898398702821,0.));
#4697 = PCURVE('',#238,#4698);
#4698 = DEFINITIONAL_REPRESENTATION('',(#4699),#4703);
#4699 = LINE('',#4700,#4701);
#4700 = CARTESIAN_POINT('',(31.00207856068,-17.31402080375));
#4701 = VECTOR('',#4702,1.);
#4702 = DIRECTION('',(0.439180795083,0.898398702821));
#4703 = ( GEOMETRIC_REPRESENTATION_CONTEXT(2) 
PARAMETRIC_REPRESENTATION_CONTEXT() REPRESENTATION_CONTEXT('2D SPACE',''
  ) );
#4704 = PCURVE('',#4705,#4710);
#4705 = PLANE('',#4706);
#4706 = AXIS2_PLACEMENT_3D('',#4707,#4708,#4709);
#4707 = CARTESIAN_POINT('',(-22.10950000002,-7.167799999996,7.5));
#4708 = DIRECTION('',(-0.898398702821,-0.439180795083,0.));
#4709 = DIRECTION('',(-0.439180795083,0.898398702821,0.));
#4710 = DEFINITIONAL_REPRESENTATION('',(#4711),#4715);
#4711 = LINE('',#4712,#4713);
#4712 = CARTESIAN_POINT('',(0.,-32.5));
#4713 = VECTOR('',#4714,1.);
#4714 = DIRECTION('',(1.,0.));
#4715 = ( GEOMETRIC_REPRESENTATION_CONTEXT(2) 
PARAMETRIC_REPRESENTATION_CONTEXT() REPRESENTATION_CONTEXT('2D SPACE',''
  ) );
#4716 = ORIENTED_EDGE('',*,*,#4717,.T.);
#4717 = EDGE_CURVE('',#4690,#4718,#4720,.T.);
#4718 = VERTEX_POINT('',#4719);
#4719 = CARTESIAN_POINT('',(-25.78150000004,1.89420000001,40.));
#4720 = SURFACE_CURVE('',#4721,(#4725,#4732),.PCURVE_S1.);
#4721 = LINE('',#4722,#4723);
#4722 = CARTESIAN_POINT('',(-24.25749999994,-2.773799999995,40.));
#4723 = VECTOR('',#4724,1.);
#4724 = DIRECTION('',(-0.310356714037,0.950620171284,0.));
#4725 = PCURVE('',#238,#4726);
#4726 = DEFINITIONAL_REPRESENTATION('',(#4727),#4731);
#4727 = LINE('',#4728,#4729);
#4728 = CARTESIAN_POINT('',(33.150078560609,-12.92002080375));
#4729 = VECTOR('',#4730,1.);
#4730 = DIRECTION('',(0.310356714037,0.950620171284));
#4731 = ( GEOMETRIC_REPRESENTATION_CONTEXT(2) 
PARAMETRIC_REPRESENTATION_CONTEXT() REPRESENTATION_CONTEXT('2D SPACE',''
  ) );
#4732 = PCURVE('',#4733,#4738);
#4733 = PLANE('',#4734);
#4734 = AXIS2_PLACEMENT_3D('',#4735,#4736,#4737);
#4735 = CARTESIAN_POINT('',(-24.25749999994,-2.773799999995,7.5));
#4736 = DIRECTION('',(-0.950620171284,-0.310356714037,0.));
#4737 = DIRECTION('',(-0.310356714037,0.950620171284,0.));
#4738 = DEFINITIONAL_REPRESENTATION('',(#4739),#4743);
#4739 = LINE('',#4740,#4741);
#4740 = CARTESIAN_POINT('',(0.,-32.5));
#4741 = VECTOR('',#4742,1.);
#4742 = DIRECTION('',(1.,0.));
#4743 = ( GEOMETRIC_REPRESENTATION_CONTEXT(2) 
PARAMETRIC_REPRESENTATION_CONTEXT() REPRESENTATION_CONTEXT('2D SPACE',''
  ) );
#4744 = ORIENTED_EDGE('',*,*,#4745,.T.);
#4745 = EDGE_CURVE('',#4718,#4746,#4748,.T.);
#4746 = VERTEX_POINT('',#4747);
#4747 = CARTESIAN_POINT('',(-26.60149999999,6.699200000003,40.));
#4748 = SURFACE_CURVE('',#4749,(#4753,#4760),.PCURVE_S1.);
#4749 = LINE('',#4750,#4751);
#4750 = CARTESIAN_POINT('',(-25.78150000004,1.89420000001,40.));
#4751 = VECTOR('',#4752,1.);
#4752 = DIRECTION('',(-0.168223533144,0.985748874154,0.));
#4753 = PCURVE('',#238,#4754);
#4754 = DEFINITIONAL_REPRESENTATION('',(#4755),#4759);
#4755 = LINE('',#4756,#4757);
#4756 = CARTESIAN_POINT('',(34.674078560701,-8.252020803749));
#4757 = VECTOR('',#4758,1.);
#4758 = DIRECTION('',(0.168223533144,0.985748874154));
#4759 = ( GEOMETRIC_REPRESENTATION_CONTEXT(2) 
PARAMETRIC_REPRESENTATION_CONTEXT() REPRESENTATION_CONTEXT('2D SPACE',''
  ) );
#4760 = PCURVE('',#4761,#4766);
#4761 = PLANE('',#4762);
#4762 = AXIS2_PLACEMENT_3D('',#4763,#4764,#4765);
#4763 = CARTESIAN_POINT('',(-25.78150000004,1.89420000001,7.5));
#4764 = DIRECTION('',(-0.985748874154,-0.168223533144,0.));
#4765 = DIRECTION('',(-0.168223533144,0.985748874154,0.));
#4766 = DEFINITIONAL_REPRESENTATION('',(#4767),#4771);
#4767 = LINE('',#4768,#4769);
#4768 = CARTESIAN_POINT('',(0.,-32.5));
#4769 = VECTOR('',#4770,1.);
#4770 = DIRECTION('',(1.,0.));
#4771 = ( GEOMETRIC_REPRESENTATION_CONTEXT(2) 
PARAMETRIC_REPRESENTATION_CONTEXT() REPRESENTATION_CONTEXT('2D SPACE',''
  ) );
#4772 = ORIENTED_EDGE('',*,*,#4773,.T.);
#4773 = EDGE_CURVE('',#4746,#4774,#4776,.T.);
#4774 = VERTEX_POINT('',#4775);
#4775 = CARTESIAN_POINT('',(-26.75749999994,11.601200000005,40.));
#4776 = SURFACE_CURVE('',#4777,(#4781,#4788),.PCURVE_S1.);
#4777 = LINE('',#4778,#4779);
#4778 = CARTESIAN_POINT('',(-26.60149999999,6.699200000003,40.));
#4779 = VECTOR('',#4780,1.);
#4780 = DIRECTION('',(-3.180764287017E-02,0.999494008914,0.));
#4781 = PCURVE('',#238,#4782);
#4782 = DEFINITIONAL_REPRESENTATION('',(#4783),#4787);
#4783 = LINE('',#4784,#4785);
#4784 = CARTESIAN_POINT('',(35.49407856065,-3.447020803755));
#4785 = VECTOR('',#4786,1.);
#4786 = DIRECTION('',(3.180764287017E-02,0.999494008914));
#4787 = ( GEOMETRIC_REPRESENTATION_CONTEXT(2) 
PARAMETRIC_REPRESENTATION_CONTEXT() REPRESENTATION_CONTEXT('2D SPACE',''
  ) );
#4788 = PCURVE('',#4789,#4794);
#4789 = PLANE('',#4790);
#4790 = AXIS2_PLACEMENT_3D('',#4791,#4792,#4793);
#4791 = CARTESIAN_POINT('',(-26.60149999999,6.699200000003,7.5));
#4792 = DIRECTION('',(-0.999494008914,-3.180764287017E-02,0.));
#4793 = DIRECTION('',(-3.180764287017E-02,0.999494008914,0.));
#4794 = DEFINITIONAL_REPRESENTATION('',(#4795),#4799);
#4795 = LINE('',#4796,#4797);
#4796 = CARTESIAN_POINT('',(0.,-32.5));
#4797 = VECTOR('',#4798,1.);
#4798 = DIRECTION('',(1.,0.));
#4799 = ( GEOMETRIC_REPRESENTATION_CONTEXT(2) 
PARAMETRIC_REPRESENTATION_CONTEXT() REPRESENTATION_CONTEXT('2D SPACE',''
  ) );
#4800 = ORIENTED_EDGE('',*,*,#4801,.T.);
#4801 = EDGE_CURVE('',#4774,#4802,#4804,.T.);
#4802 = VERTEX_POINT('',#4803);
#4803 = CARTESIAN_POINT('',(-26.24950000003,16.465200000006,40.));
#4804 = SURFACE_CURVE('',#4805,(#4809,#4816),.PCURVE_S1.);
#4805 = LINE('',#4806,#4807);
#4806 = CARTESIAN_POINT('',(-26.75749999994,11.601200000005,40.));
#4807 = VECTOR('',#4808,1.);
#4808 = DIRECTION('',(0.103875793735,0.994590277188,0.));
#4809 = PCURVE('',#238,#4810);
#4810 = DEFINITIONAL_REPRESENTATION('',(#4811),#4815);
#4811 = LINE('',#4812,#4813);
#4812 = CARTESIAN_POINT('',(35.650078560609,1.454979196246));
#4813 = VECTOR('',#4814,1.);
#4814 = DIRECTION('',(-0.103875793735,0.994590277188));
#4815 = ( GEOMETRIC_REPRESENTATION_CONTEXT(2) 
PARAMETRIC_REPRESENTATION_CONTEXT() REPRESENTATION_CONTEXT('2D SPACE',''
  ) );
#4816 = PCURVE('',#4817,#4822);
#4817 = PLANE('',#4818);
#4818 = AXIS2_PLACEMENT_3D('',#4819,#4820,#4821);
#4819 = CARTESIAN_POINT('',(-26.75749999994,11.601200000005,7.5));
#4820 = DIRECTION('',(-0.994590277188,0.103875793735,0.));
#4821 = DIRECTION('',(0.103875793735,0.994590277188,0.));
#4822 = DEFINITIONAL_REPRESENTATION('',(#4823),#4827);
#4823 = LINE('',#4824,#4825);
#4824 = CARTESIAN_POINT('',(0.,-32.5));
#4825 = VECTOR('',#4826,1.);
#4826 = DIRECTION('',(1.,0.));
#4827 = ( GEOMETRIC_REPRESENTATION_CONTEXT(2) 
PARAMETRIC_REPRESENTATION_CONTEXT() REPRESENTATION_CONTEXT('2D SPACE',''
  ) );
#4828 = ORIENTED_EDGE('',*,*,#4829,.T.);
#4829 = EDGE_CURVE('',#4802,#4830,#4832,.T.);
#4830 = VERTEX_POINT('',#4831);
#4831 = CARTESIAN_POINT('',(-25.07849999994,21.23020000002,40.));
#4832 = SURFACE_CURVE('',#4833,(#4837,#4844),.PCURVE_S1.);
#4833 = LINE('',#4834,#4835);
#4834 = CARTESIAN_POINT('',(-26.24950000003,16.465200000006,40.));
#4835 = VECTOR('',#4836,1.);
#4836 = DIRECTION('',(0.238649497828,0.971105770339,0.));
#4837 = PCURVE('',#238,#4838);
#4838 = DEFINITIONAL_REPRESENTATION('',(#4839),#4843);
#4839 = LINE('',#4840,#4841);
#4840 = CARTESIAN_POINT('',(35.142078560694,6.318979196248));
#4841 = VECTOR('',#4842,1.);
#4842 = DIRECTION('',(-0.238649497828,0.971105770339));
#4843 = ( GEOMETRIC_REPRESENTATION_CONTEXT(2) 
PARAMETRIC_REPRESENTATION_CONTEXT() REPRESENTATION_CONTEXT('2D SPACE',''
  ) );
#4844 = PCURVE('',#4845,#4850);
#4845 = PLANE('',#4846);
#4846 = AXIS2_PLACEMENT_3D('',#4847,#4848,#4849);
#4847 = CARTESIAN_POINT('',(-26.24950000003,16.465200000006,7.5));
#4848 = DIRECTION('',(-0.971105770339,0.238649497828,0.));
#4849 = DIRECTION('',(0.238649497828,0.971105770339,0.));
#4850 = DEFINITIONAL_REPRESENTATION('',(#4851),#4855);
#4851 = LINE('',#4852,#4853);
#4852 = CARTESIAN_POINT('',(0.,-32.5));
#4853 = VECTOR('',#4854,1.);
#4854 = DIRECTION('',(1.,0.));
#4855 = ( GEOMETRIC_REPRESENTATION_CONTEXT(2) 
PARAMETRIC_REPRESENTATION_CONTEXT() REPRESENTATION_CONTEXT('2D SPACE',''
  ) );
#4856 = ORIENTED_EDGE('',*,*,#4857,.T.);
#4857 = EDGE_CURVE('',#4830,#4858,#4860,.T.);
#4858 = VERTEX_POINT('',#4859);
#4859 = CARTESIAN_POINT('',(-23.24250000005,25.762199999997,40.));
#4860 = SURFACE_CURVE('',#4861,(#4865,#4872),.PCURVE_S1.);
#4861 = LINE('',#4862,#4863);
#4862 = CARTESIAN_POINT('',(-25.07849999994,21.23020000002,40.));
#4863 = VECTOR('',#4864,1.);
#4864 = DIRECTION('',(0.375477238683,0.92683161536,0.));
#4865 = PCURVE('',#238,#4866);
#4866 = DEFINITIONAL_REPRESENTATION('',(#4867),#4871);
#4867 = LINE('',#4868,#4869);
#4868 = CARTESIAN_POINT('',(33.971078560605,11.083979196262));
#4869 = VECTOR('',#4870,1.);
#4870 = DIRECTION('',(-0.375477238683,0.92683161536));
#4871 = ( GEOMETRIC_REPRESENTATION_CONTEXT(2) 
PARAMETRIC_REPRESENTATION_CONTEXT() REPRESENTATION_CONTEXT('2D SPACE',''
  ) );
#4872 = PCURVE('',#4873,#4878);
#4873 = PLANE('',#4874);
#4874 = AXIS2_PLACEMENT_3D('',#4875,#4876,#4877);
#4875 = CARTESIAN_POINT('',(-25.07849999994,21.23020000002,7.5));
#4876 = DIRECTION('',(-0.92683161536,0.375477238683,0.));
#4877 = DIRECTION('',(0.375477238683,0.92683161536,0.));
#4878 = DEFINITIONAL_REPRESENTATION('',(#4879),#4883);
#4879 = LINE('',#4880,#4881);
#4880 = CARTESIAN_POINT('',(0.,-32.5));
#4881 = VECTOR('',#4882,1.);
#4882 = DIRECTION('',(1.,0.));
#4883 = ( GEOMETRIC_REPRESENTATION_CONTEXT(2) 
PARAMETRIC_REPRESENTATION_CONTEXT() REPRESENTATION_CONTEXT('2D SPACE',''
  ) );
#4884 = ORIENTED_EDGE('',*,*,#4885,.T.);
#4885 = EDGE_CURVE('',#4858,#4886,#4888,.T.);
#4886 = VERTEX_POINT('',#4887);
#4887 = CARTESIAN_POINT('',(-20.78150000004,30.000200000009,40.));
#4888 = SURFACE_CURVE('',#4889,(#4893,#4900),.PCURVE_S1.);
#4889 = LINE('',#4890,#4891);
#4890 = CARTESIAN_POINT('',(-23.24250000005,25.762199999997,40.));
#4891 = VECTOR('',#4892,1.);
#4892 = DIRECTION('',(0.502169975438,0.864768937791,0.));
#4893 = PCURVE('',#238,#4894);
#4894 = DEFINITIONAL_REPRESENTATION('',(#4895),#4899);
#4895 = LINE('',#4896,#4897);
#4896 = CARTESIAN_POINT('',(32.135078560711,15.615979196239));
#4897 = VECTOR('',#4898,1.);
#4898 = DIRECTION('',(-0.502169975438,0.864768937791));
#4899 = ( GEOMETRIC_REPRESENTATION_CONTEXT(2) 
PARAMETRIC_REPRESENTATION_CONTEXT() REPRESENTATION_CONTEXT('2D SPACE',''
  ) );
#4900 = PCURVE('',#4901,#4906);
#4901 = PLANE('',#4902);
#4902 = AXIS2_PLACEMENT_3D('',#4903,#4904,#4905);
#4903 = CARTESIAN_POINT('',(-23.24250000005,25.762199999997,7.5));
#4904 = DIRECTION('',(-0.864768937791,0.502169975438,0.));
#4905 = DIRECTION('',(0.502169975438,0.864768937791,0.));
#4906 = DEFINITIONAL_REPRESENTATION('',(#4907),#4911);
#4907 = LINE('',#4908,#4909);
#4908 = CARTESIAN_POINT('',(0.,-32.5));
#4909 = VECTOR('',#4910,1.);
#4910 = DIRECTION('',(1.,0.));
#4911 = ( GEOMETRIC_REPRESENTATION_CONTEXT(2) 
PARAMETRIC_REPRESENTATION_CONTEXT() REPRESENTATION_CONTEXT('2D SPACE',''
  ) );
#4912 = ORIENTED_EDGE('',*,*,#4913,.T.);
#4913 = EDGE_CURVE('',#4886,#4914,#4916,.T.);
#4914 = VERTEX_POINT('',#4915);
#4915 = CARTESIAN_POINT('',(-17.73450000002,33.847200000018,40.));
#4916 = SURFACE_CURVE('',#4917,(#4921,#4928),.PCURVE_S1.);
#4917 = LINE('',#4918,#4919);
#4918 = CARTESIAN_POINT('',(-20.78150000004,30.000200000009,40.));
#4919 = VECTOR('',#4920,1.);
#4920 = DIRECTION('',(0.6208856024,0.783901185567,0.));
#4921 = PCURVE('',#238,#4922);
#4922 = DEFINITIONAL_REPRESENTATION('',(#4923),#4927);
#4923 = LINE('',#4924,#4925);
#4924 = CARTESIAN_POINT('',(29.674078560701,19.853979196251));
#4925 = VECTOR('',#4926,1.);
#4926 = DIRECTION('',(-0.6208856024,0.783901185567));
#4927 = ( GEOMETRIC_REPRESENTATION_CONTEXT(2) 
PARAMETRIC_REPRESENTATION_CONTEXT() REPRESENTATION_CONTEXT('2D SPACE',''
  ) );
#4928 = PCURVE('',#4929,#4934);
#4929 = PLANE('',#4930);
#4930 = AXIS2_PLACEMENT_3D('',#4931,#4932,#4933);
#4931 = CARTESIAN_POINT('',(-20.78150000004,30.000200000009,7.5));
#4932 = DIRECTION('',(-0.783901185567,0.6208856024,0.));
#4933 = DIRECTION('',(0.6208856024,0.783901185567,0.));
#4934 = DEFINITIONAL_REPRESENTATION('',(#4935),#4939);
#4935 = LINE('',#4936,#4937);
#4936 = CARTESIAN_POINT('',(0.,-32.5));
#4937 = VECTOR('',#4938,1.);
#4938 = DIRECTION('',(1.,0.));
#4939 = ( GEOMETRIC_REPRESENTATION_CONTEXT(2) 
PARAMETRIC_REPRESENTATION_CONTEXT() REPRESENTATION_CONTEXT('2D SPACE',''
  ) );
#4940 = ORIENTED_EDGE('',*,*,#4941,.T.);
#4941 = EDGE_CURVE('',#4914,#4942,#4944,.T.);
#4942 = VERTEX_POINT('',#4943);
#4943 = CARTESIAN_POINT('',(-14.21849999995,37.246199999994,40.));
#4944 = SURFACE_CURVE('',#4945,(#4949,#4956),.PCURVE_S1.);
#4945 = LINE('',#4946,#4947);
#4946 = CARTESIAN_POINT('',(-17.73450000002,33.847200000018,40.));
#4947 = VECTOR('',#4948,1.);
#4948 = DIRECTION('',(0.71896793903,0.69504323797,0.));
#4949 = PCURVE('',#238,#4950);
#4950 = DEFINITIONAL_REPRESENTATION('',(#4951),#4955);
#4951 = LINE('',#4952,#4953);
#4952 = CARTESIAN_POINT('',(26.62707856068,23.70097919626));
#4953 = VECTOR('',#4954,1.);
#4954 = DIRECTION('',(-0.71896793903,0.69504323797));
#4955 = ( GEOMETRIC_REPRESENTATION_CONTEXT(2) 
PARAMETRIC_REPRESENTATION_CONTEXT() REPRESENTATION_CONTEXT('2D SPACE',''
  ) );
#4956 = PCURVE('',#4957,#4962);
#4957 = PLANE('',#4958);
#4958 = AXIS2_PLACEMENT_3D('',#4959,#4960,#4961);
#4959 = CARTESIAN_POINT('',(-17.73450000002,33.847200000018,7.5));
#4960 = DIRECTION('',(-0.69504323797,0.71896793903,0.));
#4961 = DIRECTION('',(0.71896793903,0.69504323797,0.));
#4962 = DEFINITIONAL_REPRESENTATION('',(#4963),#4967);
#4963 = LINE('',#4964,#4965);
#4964 = CARTESIAN_POINT('',(0.,-32.5));
#4965 = VECTOR('',#4966,1.);
#4966 = DIRECTION('',(1.,0.));
#4967 = ( GEOMETRIC_REPRESENTATION_CONTEXT(2) 
PARAMETRIC_REPRESENTATION_CONTEXT() REPRESENTATION_CONTEXT('2D SPACE',''
  ) );
#4968 = ORIENTED_EDGE('',*,*,#4969,.F.);
#4969 = EDGE_CURVE('',#4970,#4942,#4972,.T.);
#4970 = VERTEX_POINT('',#4971);
#4971 = CARTESIAN_POINT('',(-14.21849999995,66.015199999994,40.));
#4972 = SURFACE_CURVE('',#4973,(#4977,#4984),.PCURVE_S1.);
#4973 = LINE('',#4974,#4975);
#4974 = CARTESIAN_POINT('',(-14.21849999995,66.015199999994,40.));
#4975 = VECTOR('',#4976,1.);
#4976 = DIRECTION('',(0.,-1.,0.));
#4977 = PCURVE('',#238,#4978);
#4978 = DEFINITIONAL_REPRESENTATION('',(#4979),#4983);
#4979 = LINE('',#4980,#4981);
#4980 = CARTESIAN_POINT('',(23.111078560619,55.868979196236));
#4981 = VECTOR('',#4982,1.);
#4982 = DIRECTION('',(0.,-1.));
#4983 = ( GEOMETRIC_REPRESENTATION_CONTEXT(2) 
PARAMETRIC_REPRESENTATION_CONTEXT() REPRESENTATION_CONTEXT('2D SPACE',''
  ) );
#4984 = PCURVE('',#3202,#4985);
#4985 = DEFINITIONAL_REPRESENTATION('',(#4986),#4990);
#4986 = LINE('',#4987,#4988);
#4987 = CARTESIAN_POINT('',(15.506999999983,-32.5));
#4988 = VECTOR('',#4989,1.);
#4989 = DIRECTION('',(-1.,0.));
#4990 = ( GEOMETRIC_REPRESENTATION_CONTEXT(2) 
PARAMETRIC_REPRESENTATION_CONTEXT() REPRESENTATION_CONTEXT('2D SPACE',''
  ) );
#4991 = ORIENTED_EDGE('',*,*,#4992,.T.);
#4992 = EDGE_CURVE('',#4970,#4993,#4995,.T.);
#4993 = VERTEX_POINT('',#4994);
#4994 = CARTESIAN_POINT('',(-20.07849999994,63.281199999998,40.));
#4995 = SURFACE_CURVE('',#4996,(#5000,#5007),.PCURVE_S1.);
#4996 = LINE('',#4997,#4998);
#4997 = CARTESIAN_POINT('',(-14.21849999995,66.015199999994,40.));
#4998 = VECTOR('',#4999,1.);
#4999 = DIRECTION('',(-0.906222644015,-0.422800803539,0.));
#5000 = PCURVE('',#238,#5001);
#5001 = DEFINITIONAL_REPRESENTATION('',(#5002),#5006);
#5002 = LINE('',#5003,#5004);
#5003 = CARTESIAN_POINT('',(23.111078560619,55.868979196236));
#5004 = VECTOR('',#5005,1.);
#5005 = DIRECTION('',(0.906222644015,-0.422800803539));
#5006 = ( GEOMETRIC_REPRESENTATION_CONTEXT(2) 
PARAMETRIC_REPRESENTATION_CONTEXT() REPRESENTATION_CONTEXT('2D SPACE',''
  ) );
#5007 = PCURVE('',#3230,#5008);
#5008 = DEFINITIONAL_REPRESENTATION('',(#5009),#5013);
#5009 = LINE('',#5010,#5011);
#5010 = CARTESIAN_POINT('',(0.,-32.5));
#5011 = VECTOR('',#5012,1.);
#5012 = DIRECTION('',(1.,0.));
#5013 = ( GEOMETRIC_REPRESENTATION_CONTEXT(2) 
PARAMETRIC_REPRESENTATION_CONTEXT() REPRESENTATION_CONTEXT('2D SPACE',''
  ) );
#5014 = ORIENTED_EDGE('',*,*,#5015,.T.);
#5015 = EDGE_CURVE('',#4993,#5016,#5018,.T.);
#5016 = VERTEX_POINT('',#5017);
#5017 = CARTESIAN_POINT('',(-25.62549999996,59.922200000001,40.));
#5018 = SURFACE_CURVE('',#5019,(#5023,#5030),.PCURVE_S1.);
#5019 = LINE('',#5020,#5021);
#5020 = CARTESIAN_POINT('',(-20.07849999994,63.281199999998,40.));
#5021 = VECTOR('',#5022,1.);
#5022 = DIRECTION('',(-0.855390402726,-0.517983840408,0.));
#5023 = PCURVE('',#238,#5024);
#5024 = DEFINITIONAL_REPRESENTATION('',(#5025),#5029);
#5025 = LINE('',#5026,#5027);
#5026 = CARTESIAN_POINT('',(28.971078560605,53.134979196239));
#5027 = VECTOR('',#5028,1.);
#5028 = DIRECTION('',(0.855390402726,-0.517983840408));
#5029 = ( GEOMETRIC_REPRESENTATION_CONTEXT(2) 
PARAMETRIC_REPRESENTATION_CONTEXT() REPRESENTATION_CONTEXT('2D SPACE',''
  ) );
#5030 = PCURVE('',#3258,#5031);
#5031 = DEFINITIONAL_REPRESENTATION('',(#5032),#5036);
#5032 = LINE('',#5033,#5034);
#5033 = CARTESIAN_POINT('',(0.,-32.5));
#5034 = VECTOR('',#5035,1.);
#5035 = DIRECTION('',(1.,0.));
#5036 = ( GEOMETRIC_REPRESENTATION_CONTEXT(2) 
PARAMETRIC_REPRESENTATION_CONTEXT() REPRESENTATION_CONTEXT('2D SPACE',''
  ) );
#5037 = ORIENTED_EDGE('',*,*,#5038,.T.);
#5038 = EDGE_CURVE('',#5016,#5039,#5041,.T.);
#5039 = VERTEX_POINT('',#5040);
#5040 = CARTESIAN_POINT('',(-30.78150000004,55.976200000005,40.));
#5041 = SURFACE_CURVE('',#5042,(#5046,#5053),.PCURVE_S1.);
#5042 = LINE('',#5043,#5044);
#5043 = CARTESIAN_POINT('',(-25.62549999996,59.922200000001,40.));
#5044 = VECTOR('',#5045,1.);
#5045 = DIRECTION('',(-0.794121700283,-0.607758772162,0.));
#5046 = PCURVE('',#238,#5047);
#5047 = DEFINITIONAL_REPRESENTATION('',(#5048),#5052);
#5048 = LINE('',#5049,#5050);
#5049 = CARTESIAN_POINT('',(34.518078560626,49.775979196243));
#5050 = VECTOR('',#5051,1.);
#5051 = DIRECTION('',(0.794121700283,-0.607758772162));
#5052 = ( GEOMETRIC_REPRESENTATION_CONTEXT(2) 
PARAMETRIC_REPRESENTATION_CONTEXT() REPRESENTATION_CONTEXT('2D SPACE',''
  ) );
#5053 = PCURVE('',#3286,#5054);
#5054 = DEFINITIONAL_REPRESENTATION('',(#5055),#5059);
#5055 = LINE('',#5056,#5057);
#5056 = CARTESIAN_POINT('',(0.,-32.5));
#5057 = VECTOR('',#5058,1.);
#5058 = DIRECTION('',(1.,0.));
#5059 = ( GEOMETRIC_REPRESENTATION_CONTEXT(2) 
PARAMETRIC_REPRESENTATION_CONTEXT() REPRESENTATION_CONTEXT('2D SPACE',''
  ) );
#5060 = ORIENTED_EDGE('',*,*,#5061,.T.);
#5061 = EDGE_CURVE('',#5039,#5062,#5064,.T.);
#5062 = VERTEX_POINT('',#5063);
#5063 = CARTESIAN_POINT('',(-35.46849999995,51.504199999996,40.));
#5064 = SURFACE_CURVE('',#5065,(#5069,#5076),.PCURVE_S1.);
#5065 = LINE('',#5066,#5067);
#5066 = CARTESIAN_POINT('',(-30.78150000004,55.976200000005,40.));
#5067 = VECTOR('',#5068,1.);
#5068 = DIRECTION('',(-0.723506219998,-0.690317861296,0.));
#5069 = PCURVE('',#238,#5070);
#5070 = DEFINITIONAL_REPRESENTATION('',(#5071),#5075);
#5071 = LINE('',#5072,#5073);
#5072 = CARTESIAN_POINT('',(39.674078560701,45.829979196246));
#5073 = VECTOR('',#5074,1.);
#5074 = DIRECTION('',(0.723506219998,-0.690317861296));
#5075 = ( GEOMETRIC_REPRESENTATION_CONTEXT(2) 
PARAMETRIC_REPRESENTATION_CONTEXT() REPRESENTATION_CONTEXT('2D SPACE',''
  ) );
#5076 = PCURVE('',#3314,#5077);
#5077 = DEFINITIONAL_REPRESENTATION('',(#5078),#5082);
#5078 = LINE('',#5079,#5080);
#5079 = CARTESIAN_POINT('',(0.,-32.5));
#5080 = VECTOR('',#5081,1.);
#5081 = DIRECTION('',(1.,0.));
#5082 = ( GEOMETRIC_REPRESENTATION_CONTEXT(2) 
PARAMETRIC_REPRESENTATION_CONTEXT() REPRESENTATION_CONTEXT('2D SPACE',''
  ) );
#5083 = ORIENTED_EDGE('',*,*,#5084,.T.);
#5084 = EDGE_CURVE('',#5062,#5085,#5087,.T.);
#5085 = VERTEX_POINT('',#5086);
#5086 = CARTESIAN_POINT('',(-39.64850000001,46.562200000015,40.));
#5087 = SURFACE_CURVE('',#5088,(#5092,#5099),.PCURVE_S1.);
#5088 = LINE('',#5089,#5090);
#5089 = CARTESIAN_POINT('',(-35.46849999995,51.504199999996,40.));
#5090 = VECTOR('',#5091,1.);
#5091 = DIRECTION('',(-0.645789864391,-0.763515193725,0.));
#5092 = PCURVE('',#238,#5093);
#5093 = DEFINITIONAL_REPRESENTATION('',(#5094),#5098);
#5094 = LINE('',#5095,#5096);
#5095 = CARTESIAN_POINT('',(44.361078560619,41.357979196238));
#5096 = VECTOR('',#5097,1.);
#5097 = DIRECTION('',(0.645789864391,-0.763515193725));
#5098 = ( GEOMETRIC_REPRESENTATION_CONTEXT(2) 
PARAMETRIC_REPRESENTATION_CONTEXT() REPRESENTATION_CONTEXT('2D SPACE',''
  ) );
#5099 = PCURVE('',#3342,#5100);
#5100 = DEFINITIONAL_REPRESENTATION('',(#5101),#5105);
#5101 = LINE('',#5102,#5103);
#5102 = CARTESIAN_POINT('',(0.,-32.5));
#5103 = VECTOR('',#5104,1.);
#5104 = DIRECTION('',(1.,0.));
#5105 = ( GEOMETRIC_REPRESENTATION_CONTEXT(2) 
PARAMETRIC_REPRESENTATION_CONTEXT() REPRESENTATION_CONTEXT('2D SPACE',''
  ) );
#5106 = ORIENTED_EDGE('',*,*,#5107,.T.);
#5107 = EDGE_CURVE('',#5085,#5108,#5110,.T.);
#5108 = VERTEX_POINT('',#5109);
#5109 = CARTESIAN_POINT('',(-43.24250000005,41.191200000001,40.));
#5110 = SURFACE_CURVE('',#5111,(#5115,#5122),.PCURVE_S1.);
#5111 = LINE('',#5112,#5113);
#5112 = CARTESIAN_POINT('',(-39.64850000001,46.562200000015,40.));
#5113 = VECTOR('',#5114,1.);
#5114 = DIRECTION('',(-0.556127728012,-0.831096835595,0.));
#5115 = PCURVE('',#238,#5116);
#5116 = DEFINITIONAL_REPRESENTATION('',(#5117),#5121);
#5117 = LINE('',#5118,#5119);
#5118 = CARTESIAN_POINT('',(48.54107856067,36.415979196257));
#5119 = VECTOR('',#5120,1.);
#5120 = DIRECTION('',(0.556127728012,-0.831096835595));
#5121 = ( GEOMETRIC_REPRESENTATION_CONTEXT(2) 
PARAMETRIC_REPRESENTATION_CONTEXT() REPRESENTATION_CONTEXT('2D SPACE',''
  ) );
#5122 = PCURVE('',#3370,#5123);
#5123 = DEFINITIONAL_REPRESENTATION('',(#5124),#5128);
#5124 = LINE('',#5125,#5126);
#5125 = CARTESIAN_POINT('',(0.,-32.5));
#5126 = VECTOR('',#5127,1.);
#5127 = DIRECTION('',(1.,0.));
#5128 = ( GEOMETRIC_REPRESENTATION_CONTEXT(2) 
PARAMETRIC_REPRESENTATION_CONTEXT() REPRESENTATION_CONTEXT('2D SPACE',''
  ) );
#5129 = ORIENTED_EDGE('',*,*,#5130,.T.);
#5130 = EDGE_CURVE('',#5108,#5131,#5133,.T.);
#5131 = VERTEX_POINT('',#5132);
#5132 = CARTESIAN_POINT('',(-46.28949999995,35.469200000021,40.));
#5133 = SURFACE_CURVE('',#5134,(#5138,#5145),.PCURVE_S1.);
#5134 = LINE('',#5135,#5136);
#5135 = CARTESIAN_POINT('',(-43.24250000005,41.191200000001,40.));
#5136 = VECTOR('',#5137,1.);
#5137 = DIRECTION('',(-0.470019683585,-0.882655933557,0.));
#5138 = PCURVE('',#238,#5139);
#5139 = DEFINITIONAL_REPRESENTATION('',(#5140),#5144);
#5140 = LINE('',#5141,#5142);
#5141 = CARTESIAN_POINT('',(52.135078560711,31.044979196243));
#5142 = VECTOR('',#5143,1.);
#5143 = DIRECTION('',(0.470019683585,-0.882655933557));
#5144 = ( GEOMETRIC_REPRESENTATION_CONTEXT(2) 
PARAMETRIC_REPRESENTATION_CONTEXT() REPRESENTATION_CONTEXT('2D SPACE',''
  ) );
#5145 = PCURVE('',#3398,#5146);
#5146 = DEFINITIONAL_REPRESENTATION('',(#5147),#5151);
#5147 = LINE('',#5148,#5149);
#5148 = CARTESIAN_POINT('',(0.,-32.5));
#5149 = VECTOR('',#5150,1.);
#5150 = DIRECTION('',(1.,0.));
#5151 = ( GEOMETRIC_REPRESENTATION_CONTEXT(2) 
PARAMETRIC_REPRESENTATION_CONTEXT() REPRESENTATION_CONTEXT('2D SPACE',''
  ) );
#5152 = ORIENTED_EDGE('',*,*,#5153,.T.);
#5153 = EDGE_CURVE('',#5131,#5154,#5156,.T.);
#5154 = VERTEX_POINT('',#5155);
#5155 = CARTESIAN_POINT('',(-48.67150000005,29.433199999999,40.));
#5156 = SURFACE_CURVE('',#5157,(#5161,#5168),.PCURVE_S1.);
#5157 = LINE('',#5158,#5159);
#5158 = CARTESIAN_POINT('',(-46.28949999995,35.469200000021,40.));
#5159 = VECTOR('',#5160,1.);
#5160 = DIRECTION('',(-0.367082323913,-0.93018845804,0.));
#5161 = PCURVE('',#238,#5162);
#5162 = DEFINITIONAL_REPRESENTATION('',(#5163),#5167);
#5163 = LINE('',#5164,#5165);
#5164 = CARTESIAN_POINT('',(55.182078560615,25.322979196263));
#5165 = VECTOR('',#5166,1.);
#5166 = DIRECTION('',(0.367082323913,-0.93018845804));
#5167 = ( GEOMETRIC_REPRESENTATION_CONTEXT(2) 
PARAMETRIC_REPRESENTATION_CONTEXT() REPRESENTATION_CONTEXT('2D SPACE',''
  ) );
#5168 = PCURVE('',#3426,#5169);
#5169 = DEFINITIONAL_REPRESENTATION('',(#5170),#5174);
#5170 = LINE('',#5171,#5172);
#5171 = CARTESIAN_POINT('',(0.,-32.5));
#5172 = VECTOR('',#5173,1.);
#5173 = DIRECTION('',(1.,0.));
#5174 = ( GEOMETRIC_REPRESENTATION_CONTEXT(2) 
PARAMETRIC_REPRESENTATION_CONTEXT() REPRESENTATION_CONTEXT('2D SPACE',''
  ) );
#5175 = ORIENTED_EDGE('',*,*,#5176,.T.);
#5176 = EDGE_CURVE('',#5154,#5177,#5179,.T.);
#5177 = VERTEX_POINT('',#5178);
#5178 = CARTESIAN_POINT('',(-50.39049999998,23.203200000018,40.));
#5179 = SURFACE_CURVE('',#5180,(#5184,#5191),.PCURVE_S1.);
#5180 = LINE('',#5181,#5182);
#5181 = CARTESIAN_POINT('',(-48.67150000005,29.433199999999,40.));
#5182 = VECTOR('',#5183,1.);
#5183 = DIRECTION('',(-0.265983538425,-0.963977570946,0.));
#5184 = PCURVE('',#238,#5185);
#5185 = DEFINITIONAL_REPRESENTATION('',(#5186),#5190);
#5186 = LINE('',#5187,#5188);
#5187 = CARTESIAN_POINT('',(57.564078560715,19.286979196241));
#5188 = VECTOR('',#5189,1.);
#5189 = DIRECTION('',(0.265983538425,-0.963977570946));
#5190 = ( GEOMETRIC_REPRESENTATION_CONTEXT(2) 
PARAMETRIC_REPRESENTATION_CONTEXT() REPRESENTATION_CONTEXT('2D SPACE',''
  ) );
#5191 = PCURVE('',#3454,#5192);
#5192 = DEFINITIONAL_REPRESENTATION('',(#5193),#5197);
#5193 = LINE('',#5194,#5195);
#5194 = CARTESIAN_POINT('',(0.,-32.5));
#5195 = VECTOR('',#5196,1.);
#5196 = DIRECTION('',(1.,0.));
#5197 = ( GEOMETRIC_REPRESENTATION_CONTEXT(2) 
PARAMETRIC_REPRESENTATION_CONTEXT() REPRESENTATION_CONTEXT('2D SPACE',''
  ) );
#5198 = ORIENTED_EDGE('',*,*,#5199,.T.);
#5199 = EDGE_CURVE('',#5177,#5200,#5202,.T.);
#5200 = VERTEX_POINT('',#5201);
#5201 = CARTESIAN_POINT('',(-51.44550000003,16.797200000001,40.));
#5202 = SURFACE_CURVE('',#5203,(#5207,#5214),.PCURVE_S1.);
#5203 = LINE('',#5204,#5205);
#5204 = CARTESIAN_POINT('',(-50.39049999998,23.203200000018,40.));
#5205 = VECTOR('',#5206,1.);
#5206 = DIRECTION('',(-0.162500382011,-0.98670848068,0.));
#5207 = PCURVE('',#238,#5208);
#5208 = DEFINITIONAL_REPRESENTATION('',(#5209),#5213);
#5209 = LINE('',#5210,#5211);
#5210 = CARTESIAN_POINT('',(59.28307856064,13.05697919626));
#5211 = VECTOR('',#5212,1.);
#5212 = DIRECTION('',(0.162500382011,-0.98670848068));
#5213 = ( GEOMETRIC_REPRESENTATION_CONTEXT(2) 
PARAMETRIC_REPRESENTATION_CONTEXT() REPRESENTATION_CONTEXT('2D SPACE',''
  ) );
#5214 = PCURVE('',#3482,#5215);
#5215 = DEFINITIONAL_REPRESENTATION('',(#5216),#5220);
#5216 = LINE('',#5217,#5218);
#5217 = CARTESIAN_POINT('',(0.,-32.5));
#5218 = VECTOR('',#5219,1.);
#5219 = DIRECTION('',(1.,0.));
#5220 = ( GEOMETRIC_REPRESENTATION_CONTEXT(2) 
PARAMETRIC_REPRESENTATION_CONTEXT() REPRESENTATION_CONTEXT('2D SPACE',''
  ) );
#5221 = ORIENTED_EDGE('',*,*,#5222,.T.);
#5222 = EDGE_CURVE('',#5200,#5223,#5225,.T.);
#5223 = VERTEX_POINT('',#5224);
#5224 = CARTESIAN_POINT('',(-51.79650000005,10.332200000004,40.));
#5225 = SURFACE_CURVE('',#5226,(#5230,#5237),.PCURVE_S1.);
#5226 = LINE('',#5227,#5228);
#5227 = CARTESIAN_POINT('',(-51.44550000003,16.797200000001,40.));
#5228 = VECTOR('',#5229,1.);
#5229 = DIRECTION('',(-5.421250221123E-02,-0.998529421001,0.));
#5230 = PCURVE('',#238,#5231);
#5231 = DEFINITIONAL_REPRESENTATION('',(#5232),#5236);
#5232 = LINE('',#5233,#5234);
#5233 = CARTESIAN_POINT('',(60.338078560691,6.650979196243));
#5234 = VECTOR('',#5235,1.);
#5235 = DIRECTION('',(5.421250221123E-02,-0.998529421001));
#5236 = ( GEOMETRIC_REPRESENTATION_CONTEXT(2) 
PARAMETRIC_REPRESENTATION_CONTEXT() REPRESENTATION_CONTEXT('2D SPACE',''
  ) );
#5237 = PCURVE('',#3510,#5238);
#5238 = DEFINITIONAL_REPRESENTATION('',(#5239),#5243);
#5239 = LINE('',#5240,#5241);
#5240 = CARTESIAN_POINT('',(0.,-32.5));
#5241 = VECTOR('',#5242,1.);
#5242 = DIRECTION('',(1.,0.));
#5243 = ( GEOMETRIC_REPRESENTATION_CONTEXT(2) 
PARAMETRIC_REPRESENTATION_CONTEXT() REPRESENTATION_CONTEXT('2D SPACE',''
  ) );
#5244 = ORIENTED_EDGE('',*,*,#5245,.T.);
#5245 = EDGE_CURVE('',#5223,#5246,#5248,.T.);
#5246 = VERTEX_POINT('',#5247);
#5247 = CARTESIAN_POINT('',(-52.07050000003,5.137199999997,40.));
#5248 = SURFACE_CURVE('',#5249,(#5253,#5260),.PCURVE_S1.);
#5249 = LINE('',#5250,#5251);
#5250 = CARTESIAN_POINT('',(-51.79650000005,10.332200000004,40.));
#5251 = VECTOR('',#5252,1.);
#5252 = DIRECTION('',(-5.266981387082E-02,-0.998611982057,0.));
#5253 = PCURVE('',#238,#5254);
#5254 = DEFINITIONAL_REPRESENTATION('',(#5255),#5259);
#5255 = LINE('',#5256,#5257);
#5256 = CARTESIAN_POINT('',(60.689078560715,0.185979196246));
#5257 = VECTOR('',#5258,1.);
#5258 = DIRECTION('',(5.266981387082E-02,-0.998611982057));
#5259 = ( GEOMETRIC_REPRESENTATION_CONTEXT(2) 
PARAMETRIC_REPRESENTATION_CONTEXT() REPRESENTATION_CONTEXT('2D SPACE',''
  ) );
#5260 = PCURVE('',#3538,#5261);
#5261 = DEFINITIONAL_REPRESENTATION('',(#5262),#5266);
#5262 = LINE('',#5263,#5264);
#5263 = CARTESIAN_POINT('',(0.,-32.5));
#5264 = VECTOR('',#5265,1.);
#5265 = DIRECTION('',(1.,0.));
#5266 = ( GEOMETRIC_REPRESENTATION_CONTEXT(2) 
PARAMETRIC_REPRESENTATION_CONTEXT() REPRESENTATION_CONTEXT('2D SPACE',''
  ) );
#5267 = ORIENTED_EDGE('',*,*,#5268,.T.);
#5268 = EDGE_CURVE('',#5246,#5269,#5271,.T.);
#5269 = VERTEX_POINT('',#5270);
#5270 = CARTESIAN_POINT('',(-52.92949999996,-1.979999998002E-02,40.));
#5271 = SURFACE_CURVE('',#5272,(#5276,#5283),.PCURVE_S1.);
#5272 = LINE('',#5273,#5274);
#5273 = CARTESIAN_POINT('',(-52.07050000003,5.137199999997,40.));
#5274 = VECTOR('',#5275,1.);
#5275 = DIRECTION('',(-0.164305933459,-0.986409428295,0.));
#5276 = PCURVE('',#238,#5277);
#5277 = DEFINITIONAL_REPRESENTATION('',(#5278),#5282);
#5278 = LINE('',#5279,#5280);
#5279 = CARTESIAN_POINT('',(60.963078560691,-5.009020803761));
#5280 = VECTOR('',#5281,1.);
#5281 = DIRECTION('',(0.164305933459,-0.986409428295));
#5282 = ( GEOMETRIC_REPRESENTATION_CONTEXT(2) 
PARAMETRIC_REPRESENTATION_CONTEXT() REPRESENTATION_CONTEXT('2D SPACE',''
  ) );
#5283 = PCURVE('',#3566,#5284);
#5284 = DEFINITIONAL_REPRESENTATION('',(#5285),#5289);
#5285 = LINE('',#5286,#5287);
#5286 = CARTESIAN_POINT('',(0.,-32.5));
#5287 = VECTOR('',#5288,1.);
#5288 = DIRECTION('',(1.,0.));
#5289 = ( GEOMETRIC_REPRESENTATION_CONTEXT(2) 
PARAMETRIC_REPRESENTATION_CONTEXT() REPRESENTATION_CONTEXT('2D SPACE',''
  ) );
#5290 = ORIENTED_EDGE('',*,*,#5291,.T.);
#5291 = EDGE_CURVE('',#5269,#5292,#5294,.T.);
#5292 = VERTEX_POINT('',#5293);
#5293 = CARTESIAN_POINT('',(-54.41449999995,-5.01979999998,40.));
#5294 = SURFACE_CURVE('',#5295,(#5299,#5306),.PCURVE_S1.);
#5295 = LINE('',#5296,#5297);
#5296 = CARTESIAN_POINT('',(-52.92949999996,-1.979999998002E-02,40.));
#5297 = VECTOR('',#5298,1.);
#5298 = DIRECTION('',(-0.284708407806,-0.958614167705,0.));
#5299 = PCURVE('',#238,#5300);
#5300 = DEFINITIONAL_REPRESENTATION('',(#5301),#5305);
#5301 = LINE('',#5302,#5303);
#5302 = CARTESIAN_POINT('',(61.822078560629,-10.16602080373));
#5303 = VECTOR('',#5304,1.);
#5304 = DIRECTION('',(0.284708407806,-0.958614167705));
#5305 = ( GEOMETRIC_REPRESENTATION_CONTEXT(2) 
PARAMETRIC_REPRESENTATION_CONTEXT() REPRESENTATION_CONTEXT('2D SPACE',''
  ) );
#5306 = PCURVE('',#3594,#5307);
#5307 = DEFINITIONAL_REPRESENTATION('',(#5308),#5312);
#5308 = LINE('',#5309,#5310);
#5309 = CARTESIAN_POINT('',(0.,-32.5));
#5310 = VECTOR('',#5311,1.);
#5311 = DIRECTION('',(1.,0.));
#5312 = ( GEOMETRIC_REPRESENTATION_CONTEXT(2) 
PARAMETRIC_REPRESENTATION_CONTEXT() REPRESENTATION_CONTEXT('2D SPACE',''
  ) );
#5313 = ORIENTED_EDGE('',*,*,#5314,.T.);
#5314 = EDGE_CURVE('',#5292,#5315,#5317,.T.);
#5315 = VERTEX_POINT('',#5316);
#5316 = CARTESIAN_POINT('',(-56.44550000003,-9.823799999984,40.));
#5317 = SURFACE_CURVE('',#5318,(#5322,#5329),.PCURVE_S1.);
#5318 = LINE('',#5319,#5320);
#5319 = CARTESIAN_POINT('',(-54.41449999995,-5.01979999998,40.));
#5320 = VECTOR('',#5321,1.);
#5321 = DIRECTION('',(-0.389402300843,-0.921067776061,0.));
#5322 = PCURVE('',#238,#5323);
#5323 = DEFINITIONAL_REPRESENTATION('',(#5324),#5328);
#5324 = LINE('',#5325,#5326);
#5325 = CARTESIAN_POINT('',(63.307078560615,-15.16602080373));
#5326 = VECTOR('',#5327,1.);
#5327 = DIRECTION('',(0.389402300843,-0.921067776061));
#5328 = ( GEOMETRIC_REPRESENTATION_CONTEXT(2) 
PARAMETRIC_REPRESENTATION_CONTEXT() REPRESENTATION_CONTEXT('2D SPACE',''
  ) );
#5329 = PCURVE('',#3622,#5330);
#5330 = DEFINITIONAL_REPRESENTATION('',(#5331),#5335);
#5331 = LINE('',#5332,#5333);
#5332 = CARTESIAN_POINT('',(0.,-32.5));
#5333 = VECTOR('',#5334,1.);
#5334 = DIRECTION('',(1.,0.));
#5335 = ( GEOMETRIC_REPRESENTATION_CONTEXT(2) 
PARAMETRIC_REPRESENTATION_CONTEXT() REPRESENTATION_CONTEXT('2D SPACE',''
  ) );
#5336 = ORIENTED_EDGE('',*,*,#5337,.T.);
#5337 = EDGE_CURVE('',#5315,#5338,#5340,.T.);
#5338 = VERTEX_POINT('',#5339);
#5339 = CARTESIAN_POINT('',(-59.02350000001,-14.35579999999,40.));
#5340 = SURFACE_CURVE('',#5341,(#5345,#5352),.PCURVE_S1.);
#5341 = LINE('',#5342,#5343);
#5342 = CARTESIAN_POINT('',(-56.44550000003,-9.823799999984,40.));
#5343 = VECTOR('',#5344,1.);
#5344 = DIRECTION('',(-0.49444430797,-0.869209310993,0.));
#5345 = PCURVE('',#238,#5346);
#5346 = DEFINITIONAL_REPRESENTATION('',(#5347),#5351);
#5347 = LINE('',#5348,#5349);
#5348 = CARTESIAN_POINT('',(65.338078560691,-19.97002080374));
#5349 = VECTOR('',#5350,1.);
#5350 = DIRECTION('',(0.49444430797,-0.869209310993));
#5351 = ( GEOMETRIC_REPRESENTATION_CONTEXT(2) 
PARAMETRIC_REPRESENTATION_CONTEXT() REPRESENTATION_CONTEXT('2D SPACE',''
  ) );
#5352 = PCURVE('',#3650,#5353);
#5353 = DEFINITIONAL_REPRESENTATION('',(#5354),#5358);
#5354 = LINE('',#5355,#5356);
#5355 = CARTESIAN_POINT('',(0.,-32.5));
#5356 = VECTOR('',#5357,1.);
#5357 = DIRECTION('',(1.,0.));
#5358 = ( GEOMETRIC_REPRESENTATION_CONTEXT(2) 
PARAMETRIC_REPRESENTATION_CONTEXT() REPRESENTATION_CONTEXT('2D SPACE',''
  ) );
#5359 = ORIENTED_EDGE('',*,*,#5360,.T.);
#5360 = EDGE_CURVE('',#5338,#5361,#5363,.T.);
#5361 = VERTEX_POINT('',#5362);
#5362 = CARTESIAN_POINT('',(-62.10950000002,-18.57379999998,40.));
#5363 = SURFACE_CURVE('',#5364,(#5368,#5375),.PCURVE_S1.);
#5364 = LINE('',#5365,#5366);
#5365 = CARTESIAN_POINT('',(-59.02350000001,-14.35579999999,40.));
#5366 = VECTOR('',#5367,1.);
#5367 = DIRECTION('',(-0.590467441179,-0.807061460428,0.));
#5368 = PCURVE('',#238,#5369);
#5369 = DEFINITIONAL_REPRESENTATION('',(#5370),#5374);
#5370 = LINE('',#5371,#5372);
#5371 = CARTESIAN_POINT('',(67.91607856067,-24.50202080374));
#5372 = VECTOR('',#5373,1.);
#5373 = DIRECTION('',(0.590467441179,-0.807061460428));
#5374 = ( GEOMETRIC_REPRESENTATION_CONTEXT(2) 
PARAMETRIC_REPRESENTATION_CONTEXT() REPRESENTATION_CONTEXT('2D SPACE',''
  ) );
#5375 = PCURVE('',#3678,#5376);
#5376 = DEFINITIONAL_REPRESENTATION('',(#5377),#5381);
#5377 = LINE('',#5378,#5379);
#5378 = CARTESIAN_POINT('',(0.,-32.5));
#5379 = VECTOR('',#5380,1.);
#5380 = DIRECTION('',(1.,0.));
#5381 = ( GEOMETRIC_REPRESENTATION_CONTEXT(2) 
PARAMETRIC_REPRESENTATION_CONTEXT() REPRESENTATION_CONTEXT('2D SPACE',''
  ) );
#5382 = ORIENTED_EDGE('',*,*,#5383,.T.);
#5383 = EDGE_CURVE('',#5361,#5384,#5386,.T.);
#5384 = VERTEX_POINT('',#5385);
#5385 = CARTESIAN_POINT('',(-65.66449999995,-22.38279999999,40.));
#5386 = SURFACE_CURVE('',#5387,(#5391,#5398),.PCURVE_S1.);
#5387 = LINE('',#5388,#5389);
#5388 = CARTESIAN_POINT('',(-62.10950000002,-18.57379999998,40.));
#5389 = VECTOR('',#5390,1.);
#5390 = DIRECTION('',(-0.682311411959,-0.731061650691,0.));
#5391 = PCURVE('',#238,#5392);
#5392 = DEFINITIONAL_REPRESENTATION('',(#5393),#5397);
#5393 = LINE('',#5394,#5395);
#5394 = CARTESIAN_POINT('',(71.00207856068,-28.72002080374));
#5395 = VECTOR('',#5396,1.);
#5396 = DIRECTION('',(0.682311411959,-0.731061650691));
#5397 = ( GEOMETRIC_REPRESENTATION_CONTEXT(2) 
PARAMETRIC_REPRESENTATION_CONTEXT() REPRESENTATION_CONTEXT('2D SPACE',''
  ) );
#5398 = PCURVE('',#3706,#5399);
#5399 = DEFINITIONAL_REPRESENTATION('',(#5400),#5404);
#5400 = LINE('',#5401,#5402);
#5401 = CARTESIAN_POINT('',(0.,-32.5));
#5402 = VECTOR('',#5403,1.);
#5403 = DIRECTION('',(1.,0.));
#5404 = ( GEOMETRIC_REPRESENTATION_CONTEXT(2) 
PARAMETRIC_REPRESENTATION_CONTEXT() REPRESENTATION_CONTEXT('2D SPACE',''
  ) );
#5405 = ORIENTED_EDGE('',*,*,#5406,.T.);
#5406 = EDGE_CURVE('',#5384,#5407,#5409,.T.);
#5407 = VERTEX_POINT('',#5408);
#5408 = CARTESIAN_POINT('',(-69.64850000001,-25.76179999997,40.));
#5409 = SURFACE_CURVE('',#5410,(#5414,#5421),.PCURVE_S1.);
#5410 = LINE('',#5411,#5412);
#5411 = CARTESIAN_POINT('',(-65.66449999995,-22.38279999999,40.));
#5412 = VECTOR('',#5413,1.);
#5413 = DIRECTION('',(-0.762637895352,-0.646825664746,0.));
#5414 = PCURVE('',#238,#5415);
#5415 = DEFINITIONAL_REPRESENTATION('',(#5416),#5420);
#5416 = LINE('',#5417,#5418);
#5417 = CARTESIAN_POINT('',(74.557078560615,-32.52902080375));
#5418 = VECTOR('',#5419,1.);
#5419 = DIRECTION('',(0.762637895352,-0.646825664746));
#5420 = ( GEOMETRIC_REPRESENTATION_CONTEXT(2) 
PARAMETRIC_REPRESENTATION_CONTEXT() REPRESENTATION_CONTEXT('2D SPACE',''
  ) );
#5421 = PCURVE('',#3734,#5422);
#5422 = DEFINITIONAL_REPRESENTATION('',(#5423),#5427);
#5423 = LINE('',#5424,#5425);
#5424 = CARTESIAN_POINT('',(0.,-32.5));
#5425 = VECTOR('',#5426,1.);
#5426 = DIRECTION('',(1.,0.));
#5427 = ( GEOMETRIC_REPRESENTATION_CONTEXT(2) 
PARAMETRIC_REPRESENTATION_CONTEXT() REPRESENTATION_CONTEXT('2D SPACE',''
  ) );
#5428 = ORIENTED_EDGE('',*,*,#5429,.T.);
#5429 = EDGE_CURVE('',#5407,#5430,#5432,.T.);
#5430 = VERTEX_POINT('',#5431);
#5431 = CARTESIAN_POINT('',(-73.98450000002,-28.67179999998,40.));
#5432 = SURFACE_CURVE('',#5433,(#5437,#5444),.PCURVE_S1.);
#5433 = LINE('',#5434,#5435);
#5434 = CARTESIAN_POINT('',(-69.64850000001,-25.76179999997,40.));
#5435 = VECTOR('',#5436,1.);
#5436 = DIRECTION('',(-0.830337590416,-0.557260698365,0.));
#5437 = PCURVE('',#238,#5438);
#5438 = DEFINITIONAL_REPRESENTATION('',(#5439),#5443);
#5439 = LINE('',#5440,#5441);
#5440 = CARTESIAN_POINT('',(78.54107856067,-35.90802080373));
#5441 = VECTOR('',#5442,1.);
#5442 = DIRECTION('',(0.830337590416,-0.557260698365));
#5443 = ( GEOMETRIC_REPRESENTATION_CONTEXT(2) 
PARAMETRIC_REPRESENTATION_CONTEXT() REPRESENTATION_CONTEXT('2D SPACE',''
  ) );
#5444 = PCURVE('',#3762,#5445);
#5445 = DEFINITIONAL_REPRESENTATION('',(#5446),#5450);
#5446 = LINE('',#5447,#5448);
#5447 = CARTESIAN_POINT('',(0.,-32.5));
#5448 = VECTOR('',#5449,1.);
#5449 = DIRECTION('',(1.,0.));
#5450 = ( GEOMETRIC_REPRESENTATION_CONTEXT(2) 
PARAMETRIC_REPRESENTATION_CONTEXT() REPRESENTATION_CONTEXT('2D SPACE',''
  ) );
#5451 = ORIENTED_EDGE('',*,*,#5452,.T.);
#5452 = EDGE_CURVE('',#5430,#5453,#5455,.T.);
#5453 = VERTEX_POINT('',#5454);
#5454 = CARTESIAN_POINT('',(-78.63249999994,-31.05479999998,40.));
#5455 = SURFACE_CURVE('',#5456,(#5460,#5467),.PCURVE_S1.);
#5456 = LINE('',#5457,#5458);
#5457 = CARTESIAN_POINT('',(-73.98450000002,-28.67179999998,40.));
#5458 = VECTOR('',#5459,1.);
#5459 = DIRECTION('',(-0.889863302862,-0.456227248441,0.));
#5460 = PCURVE('',#238,#5461);
#5461 = DEFINITIONAL_REPRESENTATION('',(#5462),#5466);
#5462 = LINE('',#5463,#5464);
#5463 = CARTESIAN_POINT('',(82.87707856068,-38.81802080374));
#5464 = VECTOR('',#5465,1.);
#5465 = DIRECTION('',(0.889863302862,-0.456227248441));
#5466 = ( GEOMETRIC_REPRESENTATION_CONTEXT(2) 
PARAMETRIC_REPRESENTATION_CONTEXT() REPRESENTATION_CONTEXT('2D SPACE',''
  ) );
#5467 = PCURVE('',#3790,#5468);
#5468 = DEFINITIONAL_REPRESENTATION('',(#5469),#5473);
#5469 = LINE('',#5470,#5471);
#5470 = CARTESIAN_POINT('',(0.,-32.5));
#5471 = VECTOR('',#5472,1.);
#5472 = DIRECTION('',(1.,0.));
#5473 = ( GEOMETRIC_REPRESENTATION_CONTEXT(2) 
PARAMETRIC_REPRESENTATION_CONTEXT() REPRESENTATION_CONTEXT('2D SPACE',''
  ) );
#5474 = ORIENTED_EDGE('',*,*,#5475,.T.);
#5475 = EDGE_CURVE('',#5453,#5476,#5478,.T.);
#5476 = VERTEX_POINT('',#5477);
#5477 = CARTESIAN_POINT('',(-83.51549999998,-32.8708,40.));
#5478 = SURFACE_CURVE('',#5479,(#5483,#5490),.PCURVE_S1.);
#5479 = LINE('',#5480,#5481);
#5480 = CARTESIAN_POINT('',(-78.63249999994,-31.05479999998,40.));
#5481 = VECTOR('',#5482,1.);
#5482 = DIRECTION('',(-0.937280197303,-0.348576866334,0.));
#5483 = PCURVE('',#238,#5484);
#5484 = DEFINITIONAL_REPRESENTATION('',(#5485),#5489);
#5485 = LINE('',#5486,#5487);
#5486 = CARTESIAN_POINT('',(87.525078560609,-41.20102080374));
#5487 = VECTOR('',#5488,1.);
#5488 = DIRECTION('',(0.937280197303,-0.348576866334));
#5489 = ( GEOMETRIC_REPRESENTATION_CONTEXT(2) 
PARAMETRIC_REPRESENTATION_CONTEXT() REPRESENTATION_CONTEXT('2D SPACE',''
  ) );
#5490 = PCURVE('',#3818,#5491);
#5491 = DEFINITIONAL_REPRESENTATION('',(#5492),#5496);
#5492 = LINE('',#5493,#5494);
#5493 = CARTESIAN_POINT('',(0.,-32.5));
#5494 = VECTOR('',#5495,1.);
#5495 = DIRECTION('',(1.,0.));
#5496 = ( GEOMETRIC_REPRESENTATION_CONTEXT(2) 
PARAMETRIC_REPRESENTATION_CONTEXT() REPRESENTATION_CONTEXT('2D SPACE',''
  ) );
#5497 = ORIENTED_EDGE('',*,*,#5498,.T.);
#5498 = EDGE_CURVE('',#5476,#3884,#5499,.T.);
#5499 = SURFACE_CURVE('',#5500,(#5504,#5511),.PCURVE_S1.);
#5500 = LINE('',#5501,#5502);
#5501 = CARTESIAN_POINT('',(-83.51549999998,-32.8708,40.));
#5502 = VECTOR('',#5503,1.);
#5503 = DIRECTION('',(-0.971432594523,-0.237315642759,0.));
#5504 = PCURVE('',#238,#5505);
#5505 = DEFINITIONAL_REPRESENTATION('',(#5506),#5510);
#5506 = LINE('',#5507,#5508);
#5507 = CARTESIAN_POINT('',(92.40807856064,-43.01702080376));
#5508 = VECTOR('',#5509,1.);
#5509 = DIRECTION('',(0.971432594523,-0.237315642759));
#5510 = ( GEOMETRIC_REPRESENTATION_CONTEXT(2) 
PARAMETRIC_REPRESENTATION_CONTEXT() REPRESENTATION_CONTEXT('2D SPACE',''
  ) );
#5511 = PCURVE('',#3846,#5512);
#5512 = DEFINITIONAL_REPRESENTATION('',(#5513),#5517);
#5513 = LINE('',#5514,#5515);
#5514 = CARTESIAN_POINT('',(0.,-32.5));
#5515 = VECTOR('',#5516,1.);
#5516 = DIRECTION('',(1.,0.));
#5517 = ( GEOMETRIC_REPRESENTATION_CONTEXT(2) 
PARAMETRIC_REPRESENTATION_CONTEXT() REPRESENTATION_CONTEXT('2D SPACE',''
  ) );
#5518 = ORIENTED_EDGE('',*,*,#3906,.F.);
#5519 = ORIENTED_EDGE('',*,*,#222,.T.);
#5520 = ORIENTED_EDGE('',*,*,#5521,.T.);
#5521 = EDGE_CURVE('',#223,#5522,#5524,.T.);
#5522 = VERTEX_POINT('',#5523);
#5523 = CARTESIAN_POINT('',(-88.55469999997,40.918000000005,40.));
#5524 = SURFACE_CURVE('',#5525,(#5529,#5536),.PCURVE_S1.);
#5525 = LINE('',#5526,#5527);
#5526 = CARTESIAN_POINT('',(-88.55469999997,-34.668,40.));
#5527 = VECTOR('',#5528,1.);
#5528 = DIRECTION('',(0.,1.,0.));
#5529 = PCURVE('',#238,#5530);
#5530 = DEFINITIONAL_REPRESENTATION('',(#5531),#5535);
#5531 = LINE('',#5532,#5533);
#5532 = CARTESIAN_POINT('',(97.447278560639,-44.81422080376));
#5533 = VECTOR('',#5534,1.);
#5534 = DIRECTION('',(0.,1.));
#5535 = ( GEOMETRIC_REPRESENTATION_CONTEXT(2) 
PARAMETRIC_REPRESENTATION_CONTEXT() REPRESENTATION_CONTEXT('2D SPACE',''
  ) );
#5536 = PCURVE('',#264,#5537);
#5537 = DEFINITIONAL_REPRESENTATION('',(#5538),#5542);
#5538 = LINE('',#5539,#5540);
#5539 = CARTESIAN_POINT('',(0.,-40.));
#5540 = VECTOR('',#5541,1.);
#5541 = DIRECTION('',(1.,0.));
#5542 = ( GEOMETRIC_REPRESENTATION_CONTEXT(2) 
PARAMETRIC_REPRESENTATION_CONTEXT() REPRESENTATION_CONTEXT('2D SPACE',''
  ) );
#5543 = ORIENTED_EDGE('',*,*,#5544,.T.);
#5544 = EDGE_CURVE('',#5522,#5545,#5547,.T.);
#5545 = VERTEX_POINT('',#5546);
#5546 = CARTESIAN_POINT('',(-88.24219999997,46.503900000011,40.));
#5547 = SURFACE_CURVE('',#5548,(#5552,#5559),.PCURVE_S1.);
#5548 = LINE('',#5549,#5550);
#5549 = CARTESIAN_POINT('',(-88.55469999997,40.918000000005,40.));
#5550 = VECTOR('',#5551,1.);
#5551 = DIRECTION('',(5.585708961714E-02,0.998438774057,0.));
#5552 = PCURVE('',#238,#5553);
#5553 = DEFINITIONAL_REPRESENTATION('',(#5554),#5558);
#5554 = LINE('',#5555,#5556);
#5555 = CARTESIAN_POINT('',(97.447278560639,30.771779196247));
#5556 = VECTOR('',#5557,1.);
#5557 = DIRECTION('',(-5.585708961714E-02,0.998438774057));
#5558 = ( GEOMETRIC_REPRESENTATION_CONTEXT(2) 
PARAMETRIC_REPRESENTATION_CONTEXT() REPRESENTATION_CONTEXT('2D SPACE',''
  ) );
#5559 = PCURVE('',#319,#5560);
#5560 = DEFINITIONAL_REPRESENTATION('',(#5561),#5565);
#5561 = LINE('',#5562,#5563);
#5562 = CARTESIAN_POINT('',(0.,-40.));
#5563 = VECTOR('',#5564,1.);
#5564 = DIRECTION('',(1.,0.));
#5565 = ( GEOMETRIC_REPRESENTATION_CONTEXT(2) 
PARAMETRIC_REPRESENTATION_CONTEXT() REPRESENTATION_CONTEXT('2D SPACE',''
  ) );
#5566 = ORIENTED_EDGE('',*,*,#5567,.T.);
#5567 = EDGE_CURVE('',#5545,#5568,#5570,.T.);
#5568 = VERTEX_POINT('',#5569);
#5569 = CARTESIAN_POINT('',(-87.30469999997,52.031300000002,40.));
#5570 = SURFACE_CURVE('',#5571,(#5575,#5582),.PCURVE_S1.);
#5571 = LINE('',#5572,#5573);
#5572 = CARTESIAN_POINT('',(-88.24219999997,46.503900000011,40.));
#5573 = VECTOR('',#5574,1.);
#5574 = DIRECTION('',(0.16722137233,0.985919374308,0.));
#5575 = PCURVE('',#238,#5576);
#5576 = DEFINITIONAL_REPRESENTATION('',(#5577),#5581);
#5577 = LINE('',#5578,#5579);
#5578 = CARTESIAN_POINT('',(97.134778560639,36.357679196252));
#5579 = VECTOR('',#5580,1.);
#5580 = DIRECTION('',(-0.16722137233,0.985919374308));
#5581 = ( GEOMETRIC_REPRESENTATION_CONTEXT(2) 
PARAMETRIC_REPRESENTATION_CONTEXT() REPRESENTATION_CONTEXT('2D SPACE',''
  ) );
#5582 = PCURVE('',#347,#5583);
#5583 = DEFINITIONAL_REPRESENTATION('',(#5584),#5588);
#5584 = LINE('',#5585,#5586);
#5585 = CARTESIAN_POINT('',(0.,-40.));
#5586 = VECTOR('',#5587,1.);
#5587 = DIRECTION('',(1.,0.));
#5588 = ( GEOMETRIC_REPRESENTATION_CONTEXT(2) 
PARAMETRIC_REPRESENTATION_CONTEXT() REPRESENTATION_CONTEXT('2D SPACE',''
  ) );
#5589 = ORIENTED_EDGE('',*,*,#5590,.T.);
#5590 = EDGE_CURVE('',#5568,#5591,#5593,.T.);
#5591 = VERTEX_POINT('',#5592);
#5592 = CARTESIAN_POINT('',(-85.78130000003,57.421900000016,40.));
#5593 = SURFACE_CURVE('',#5594,(#5598,#5605),.PCURVE_S1.);
#5594 = LINE('',#5595,#5596);
#5595 = CARTESIAN_POINT('',(-87.30469999997,52.031300000002,40.));
#5596 = VECTOR('',#5597,1.);
#5597 = DIRECTION('',(0.271951973939,0.962310824978,0.));
#5598 = PCURVE('',#238,#5599);
#5599 = DEFINITIONAL_REPRESENTATION('',(#5600),#5604);
#5600 = LINE('',#5601,#5602);
#5601 = CARTESIAN_POINT('',(96.197278560639,41.885079196244));
#5602 = VECTOR('',#5603,1.);
#5603 = DIRECTION('',(-0.271951973939,0.962310824978));
#5604 = ( GEOMETRIC_REPRESENTATION_CONTEXT(2) 
PARAMETRIC_REPRESENTATION_CONTEXT() REPRESENTATION_CONTEXT('2D SPACE',''
  ) );
#5605 = PCURVE('',#375,#5606);
#5606 = DEFINITIONAL_REPRESENTATION('',(#5607),#5611);
#5607 = LINE('',#5608,#5609);
#5608 = CARTESIAN_POINT('',(0.,-40.));
#5609 = VECTOR('',#5610,1.);
#5610 = DIRECTION('',(1.,0.));
#5611 = ( GEOMETRIC_REPRESENTATION_CONTEXT(2) 
PARAMETRIC_REPRESENTATION_CONTEXT() REPRESENTATION_CONTEXT('2D SPACE',''
  ) );
#5612 = ORIENTED_EDGE('',*,*,#5613,.T.);
#5613 = EDGE_CURVE('',#5591,#5614,#5616,.T.);
#5614 = VERTEX_POINT('',#5615);
#5615 = CARTESIAN_POINT('',(-83.63280000002,62.597700000013,40.));
#5616 = SURFACE_CURVE('',#5617,(#5621,#5628),.PCURVE_S1.);
#5617 = LINE('',#5618,#5619);
#5618 = CARTESIAN_POINT('',(-85.78130000003,57.421900000016,40.));
#5619 = VECTOR('',#5620,1.);
#5620 = DIRECTION('',(0.383386000439,0.923588206219,0.));
#5621 = PCURVE('',#238,#5622);
#5622 = DEFINITIONAL_REPRESENTATION('',(#5623),#5627);
#5623 = LINE('',#5624,#5625);
#5624 = CARTESIAN_POINT('',(94.673878560691,47.275679196257));
#5625 = VECTOR('',#5626,1.);
#5626 = DIRECTION('',(-0.383386000439,0.923588206219));
#5627 = ( GEOMETRIC_REPRESENTATION_CONTEXT(2) 
PARAMETRIC_REPRESENTATION_CONTEXT() REPRESENTATION_CONTEXT('2D SPACE',''
  ) );
#5628 = PCURVE('',#403,#5629);
#5629 = DEFINITIONAL_REPRESENTATION('',(#5630),#5634);
#5630 = LINE('',#5631,#5632);
#5631 = CARTESIAN_POINT('',(0.,-40.));
#5632 = VECTOR('',#5633,1.);
#5633 = DIRECTION('',(1.,0.));
#5634 = ( GEOMETRIC_REPRESENTATION_CONTEXT(2) 
PARAMETRIC_REPRESENTATION_CONTEXT() REPRESENTATION_CONTEXT('2D SPACE',''
  ) );
#5635 = ORIENTED_EDGE('',*,*,#5636,.T.);
#5636 = EDGE_CURVE('',#5614,#5637,#5639,.T.);
#5637 = VERTEX_POINT('',#5638);
#5638 = CARTESIAN_POINT('',(-80.89839999994,67.519499999995,40.));
#5639 = SURFACE_CURVE('',#5640,(#5644,#5651),.PCURVE_S1.);
#5640 = LINE('',#5641,#5642);
#5641 = CARTESIAN_POINT('',(-83.63280000002,62.597700000013,40.));
#5642 = VECTOR('',#5643,1.);
#5643 = DIRECTION('',(0.485651979131,0.87415224942,0.));
#5644 = PCURVE('',#238,#5645);
#5645 = DEFINITIONAL_REPRESENTATION('',(#5646),#5650);
#5646 = LINE('',#5647,#5648);
#5647 = CARTESIAN_POINT('',(92.525378560681,52.451479196255));
#5648 = VECTOR('',#5649,1.);
#5649 = DIRECTION('',(-0.485651979131,0.87415224942));
#5650 = ( GEOMETRIC_REPRESENTATION_CONTEXT(2) 
PARAMETRIC_REPRESENTATION_CONTEXT() REPRESENTATION_CONTEXT('2D SPACE',''
  ) );
#5651 = PCURVE('',#431,#5652);
#5652 = DEFINITIONAL_REPRESENTATION('',(#5653),#5657);
#5653 = LINE('',#5654,#5655);
#5654 = CARTESIAN_POINT('',(0.,-40.));
#5655 = VECTOR('',#5656,1.);
#5656 = DIRECTION('',(1.,0.));
#5657 = ( GEOMETRIC_REPRESENTATION_CONTEXT(2) 
PARAMETRIC_REPRESENTATION_CONTEXT() REPRESENTATION_CONTEXT('2D SPACE',''
  ) );
#5658 = ORIENTED_EDGE('',*,*,#5659,.T.);
#5659 = EDGE_CURVE('',#5637,#5660,#5662,.T.);
#5660 = VERTEX_POINT('',#5661);
#5661 = CARTESIAN_POINT('',(-77.65630000003,72.089900000021,40.));
#5662 = SURFACE_CURVE('',#5663,(#5667,#5674),.PCURVE_S1.);
#5663 = LINE('',#5664,#5665);
#5664 = CARTESIAN_POINT('',(-80.89839999994,67.519499999995,40.));
#5665 = VECTOR('',#5666,1.);
#5666 = DIRECTION('',(0.57857968754,0.815625861021,0.));
#5667 = PCURVE('',#238,#5668);
#5668 = DEFINITIONAL_REPRESENTATION('',(#5669),#5673);
#5669 = LINE('',#5670,#5671);
#5670 = CARTESIAN_POINT('',(89.790978560607,57.373279196237));
#5671 = VECTOR('',#5672,1.);
#5672 = DIRECTION('',(-0.57857968754,0.815625861021));
#5673 = ( GEOMETRIC_REPRESENTATION_CONTEXT(2) 
PARAMETRIC_REPRESENTATION_CONTEXT() REPRESENTATION_CONTEXT('2D SPACE',''
  ) );
#5674 = PCURVE('',#459,#5675);
#5675 = DEFINITIONAL_REPRESENTATION('',(#5676),#5680);
#5676 = LINE('',#5677,#5678);
#5677 = CARTESIAN_POINT('',(0.,-40.));
#5678 = VECTOR('',#5679,1.);
#5679 = DIRECTION('',(1.,0.));
#5680 = ( GEOMETRIC_REPRESENTATION_CONTEXT(2) 
PARAMETRIC_REPRESENTATION_CONTEXT() REPRESENTATION_CONTEXT('2D SPACE',''
  ) );
#5681 = ORIENTED_EDGE('',*,*,#5682,.T.);
#5682 = EDGE_CURVE('',#5660,#5683,#5685,.T.);
#5683 = VERTEX_POINT('',#5684);
#5684 = CARTESIAN_POINT('',(-73.94530000002,76.269499999995,40.));
#5685 = SURFACE_CURVE('',#5686,(#5690,#5697),.PCURVE_S1.);
#5686 = LINE('',#5687,#5688);
#5687 = CARTESIAN_POINT('',(-77.65630000003,72.089900000021,40.));
#5688 = VECTOR('',#5689,1.);
#5689 = DIRECTION('',(0.663943968515,0.747782325729,0.));
#5690 = PCURVE('',#238,#5691);
#5691 = DEFINITIONAL_REPRESENTATION('',(#5692),#5696);
#5692 = LINE('',#5693,#5694);
#5693 = CARTESIAN_POINT('',(86.548878560691,61.943679196263));
#5694 = VECTOR('',#5695,1.);
#5695 = DIRECTION('',(-0.663943968515,0.747782325729));
#5696 = ( GEOMETRIC_REPRESENTATION_CONTEXT(2) 
PARAMETRIC_REPRESENTATION_CONTEXT() REPRESENTATION_CONTEXT('2D SPACE',''
  ) );
#5697 = PCURVE('',#487,#5698);
#5698 = DEFINITIONAL_REPRESENTATION('',(#5699),#5703);
#5699 = LINE('',#5700,#5701);
#5700 = CARTESIAN_POINT('',(0.,-40.));
#5701 = VECTOR('',#5702,1.);
#5702 = DIRECTION('',(1.,0.));
#5703 = ( GEOMETRIC_REPRESENTATION_CONTEXT(2) 
PARAMETRIC_REPRESENTATION_CONTEXT() REPRESENTATION_CONTEXT('2D SPACE',''
  ) );
#5704 = ORIENTED_EDGE('',*,*,#5705,.T.);
#5705 = EDGE_CURVE('',#5683,#5706,#5708,.T.);
#5706 = VERTEX_POINT('',#5707);
#5707 = CARTESIAN_POINT('',(-69.76560000004,80.,40.));
#5708 = SURFACE_CURVE('',#5709,(#5713,#5720),.PCURVE_S1.);
#5709 = LINE('',#5710,#5711);
#5710 = CARTESIAN_POINT('',(-73.94530000002,76.269499999995,40.));
#5711 = VECTOR('',#5712,1.);
#5712 = DIRECTION('',(0.746059581249,0.665879194169,0.));
#5713 = PCURVE('',#238,#5714);
#5714 = DEFINITIONAL_REPRESENTATION('',(#5715),#5719);
#5715 = LINE('',#5716,#5717);
#5716 = CARTESIAN_POINT('',(82.837878560681,66.123279196237));
#5717 = VECTOR('',#5718,1.);
#5718 = DIRECTION('',(-0.746059581249,0.665879194169));
#5719 = ( GEOMETRIC_REPRESENTATION_CONTEXT(2) 
PARAMETRIC_REPRESENTATION_CONTEXT() REPRESENTATION_CONTEXT('2D SPACE',''
  ) );
#5720 = PCURVE('',#515,#5721);
#5721 = DEFINITIONAL_REPRESENTATION('',(#5722),#5726);
#5722 = LINE('',#5723,#5724);
#5723 = CARTESIAN_POINT('',(0.,-40.));
#5724 = VECTOR('',#5725,1.);
#5725 = DIRECTION('',(1.,0.));
#5726 = ( GEOMETRIC_REPRESENTATION_CONTEXT(2) 
PARAMETRIC_REPRESENTATION_CONTEXT() REPRESENTATION_CONTEXT('2D SPACE',''
  ) );
#5727 = ORIENTED_EDGE('',*,*,#5728,.T.);
#5728 = EDGE_CURVE('',#5706,#5729,#5731,.T.);
#5729 = VERTEX_POINT('',#5730);
#5730 = CARTESIAN_POINT('',(-65.15630000003,83.242200000008,40.));
#5731 = SURFACE_CURVE('',#5732,(#5736,#5743),.PCURVE_S1.);
#5732 = LINE('',#5733,#5734);
#5733 = CARTESIAN_POINT('',(-69.76560000004,80.,40.));
#5734 = VECTOR('',#5735,1.);
#5735 = DIRECTION('',(0.817921778136,0.575329440278,0.));
#5736 = PCURVE('',#238,#5737);
#5737 = DEFINITIONAL_REPRESENTATION('',(#5738),#5742);
#5738 = LINE('',#5739,#5740);
#5739 = CARTESIAN_POINT('',(78.658178560702,69.853779196242));
#5740 = VECTOR('',#5741,1.);
#5741 = DIRECTION('',(-0.817921778136,0.575329440278));
#5742 = ( GEOMETRIC_REPRESENTATION_CONTEXT(2) 
PARAMETRIC_REPRESENTATION_CONTEXT() REPRESENTATION_CONTEXT('2D SPACE',''
  ) );
#5743 = PCURVE('',#543,#5744);
#5744 = DEFINITIONAL_REPRESENTATION('',(#5745),#5749);
#5745 = LINE('',#5746,#5747);
#5746 = CARTESIAN_POINT('',(0.,-40.));
#5747 = VECTOR('',#5748,1.);
#5748 = DIRECTION('',(1.,0.));
#5749 = ( GEOMETRIC_REPRESENTATION_CONTEXT(2) 
PARAMETRIC_REPRESENTATION_CONTEXT() REPRESENTATION_CONTEXT('2D SPACE',''
  ) );
#5750 = ORIENTED_EDGE('',*,*,#5751,.T.);
#5751 = EDGE_CURVE('',#5729,#5752,#5754,.T.);
#5752 = VERTEX_POINT('',#5753);
#5753 = CARTESIAN_POINT('',(-60.27339999994,85.956999999995,40.));
#5754 = SURFACE_CURVE('',#5755,(#5759,#5766),.PCURVE_S1.);
#5755 = LINE('',#5756,#5757);
#5756 = CARTESIAN_POINT('',(-65.15630000003,83.242200000008,40.));
#5757 = VECTOR('',#5758,1.);
#5758 = DIRECTION('',(0.873999345602,0.485927097296,0.));
#5759 = PCURVE('',#238,#5760);
#5760 = DEFINITIONAL_REPRESENTATION('',(#5761),#5765);
#5761 = LINE('',#5762,#5763);
#5762 = CARTESIAN_POINT('',(74.048878560691,73.09597919625));
#5763 = VECTOR('',#5764,1.);
#5764 = DIRECTION('',(-0.873999345602,0.485927097296));
#5765 = ( GEOMETRIC_REPRESENTATION_CONTEXT(2) 
PARAMETRIC_REPRESENTATION_CONTEXT() REPRESENTATION_CONTEXT('2D SPACE',''
  ) );
#5766 = PCURVE('',#571,#5767);
#5767 = DEFINITIONAL_REPRESENTATION('',(#5768),#5772);
#5768 = LINE('',#5769,#5770);
#5769 = CARTESIAN_POINT('',(0.,-40.));
#5770 = VECTOR('',#5771,1.);
#5771 = DIRECTION('',(1.,0.));
#5772 = ( GEOMETRIC_REPRESENTATION_CONTEXT(2) 
PARAMETRIC_REPRESENTATION_CONTEXT() REPRESENTATION_CONTEXT('2D SPACE',''
  ) );
#5773 = ORIENTED_EDGE('',*,*,#5774,.T.);
#5774 = EDGE_CURVE('',#5752,#5775,#5777,.T.);
#5775 = VERTEX_POINT('',#5776);
#5776 = CARTESIAN_POINT('',(-55.07810000004,88.105500000005,40.));
#5777 = SURFACE_CURVE('',#5778,(#5782,#5789),.PCURVE_S1.);
#5778 = LINE('',#5779,#5780);
#5779 = CARTESIAN_POINT('',(-60.27339999994,85.956999999995,40.));
#5780 = VECTOR('',#5781,1.);
#5781 = DIRECTION('',(0.924097206422,0.382157497747,0.));
#5782 = PCURVE('',#238,#5783);
#5783 = DEFINITIONAL_REPRESENTATION('',(#5784),#5788);
#5784 = LINE('',#5785,#5786);
#5785 = CARTESIAN_POINT('',(69.165978560607,75.810779196237));
#5786 = VECTOR('',#5787,1.);
#5787 = DIRECTION('',(-0.924097206422,0.382157497747));
#5788 = ( GEOMETRIC_REPRESENTATION_CONTEXT(2) 
PARAMETRIC_REPRESENTATION_CONTEXT() REPRESENTATION_CONTEXT('2D SPACE',''
  ) );
#5789 = PCURVE('',#599,#5790);
#5790 = DEFINITIONAL_REPRESENTATION('',(#5791),#5795);
#5791 = LINE('',#5792,#5793);
#5792 = CARTESIAN_POINT('',(0.,-40.));
#5793 = VECTOR('',#5794,1.);
#5794 = DIRECTION('',(1.,0.));
#5795 = ( GEOMETRIC_REPRESENTATION_CONTEXT(2) 
PARAMETRIC_REPRESENTATION_CONTEXT() REPRESENTATION_CONTEXT('2D SPACE',''
  ) );
#5796 = ORIENTED_EDGE('',*,*,#5797,.T.);
#5797 = EDGE_CURVE('',#5775,#5798,#5800,.T.);
#5798 = VERTEX_POINT('',#5799);
#5799 = CARTESIAN_POINT('',(-49.6875,89.648400000005,40.));
#5800 = SURFACE_CURVE('',#5801,(#5805,#5812),.PCURVE_S1.);
#5801 = LINE('',#5802,#5803);
#5802 = CARTESIAN_POINT('',(-55.07810000004,88.105500000005,40.));
#5803 = VECTOR('',#5804,1.);
#5804 = DIRECTION('',(0.961395298216,0.275171002413,0.));
#5805 = PCURVE('',#238,#5806);
#5806 = DEFINITIONAL_REPRESENTATION('',(#5807),#5811);
#5807 = LINE('',#5808,#5809);
#5808 = CARTESIAN_POINT('',(63.970678560702,77.959279196247));
#5809 = VECTOR('',#5810,1.);
#5810 = DIRECTION('',(-0.961395298216,0.275171002413));
#5811 = ( GEOMETRIC_REPRESENTATION_CONTEXT(2) 
PARAMETRIC_REPRESENTATION_CONTEXT() REPRESENTATION_CONTEXT('2D SPACE',''
  ) );
#5812 = PCURVE('',#627,#5813);
#5813 = DEFINITIONAL_REPRESENTATION('',(#5814),#5818);
#5814 = LINE('',#5815,#5816);
#5815 = CARTESIAN_POINT('',(0.,-40.));
#5816 = VECTOR('',#5817,1.);
#5817 = DIRECTION('',(1.,0.));
#5818 = ( GEOMETRIC_REPRESENTATION_CONTEXT(2) 
PARAMETRIC_REPRESENTATION_CONTEXT() REPRESENTATION_CONTEXT('2D SPACE',''
  ) );
#5819 = ORIENTED_EDGE('',*,*,#5820,.T.);
#5820 = EDGE_CURVE('',#5798,#5821,#5823,.T.);
#5821 = VERTEX_POINT('',#5822);
#5822 = CARTESIAN_POINT('',(-44.17969999997,90.58600000001,40.));
#5823 = SURFACE_CURVE('',#5824,(#5828,#5835),.PCURVE_S1.);
#5824 = LINE('',#5825,#5826);
#5825 = CARTESIAN_POINT('',(-49.6875,89.648400000005,40.));
#5826 = VECTOR('',#5827,1.);
#5827 = DIRECTION('',(0.985818145842,0.167817112739,0.));
#5828 = PCURVE('',#238,#5829);
#5829 = DEFINITIONAL_REPRESENTATION('',(#5830),#5834);
#5830 = LINE('',#5831,#5832);
#5831 = CARTESIAN_POINT('',(58.58007856066,79.502179196247));
#5832 = VECTOR('',#5833,1.);
#5833 = DIRECTION('',(-0.985818145842,0.167817112739));
#5834 = ( GEOMETRIC_REPRESENTATION_CONTEXT(2) 
PARAMETRIC_REPRESENTATION_CONTEXT() REPRESENTATION_CONTEXT('2D SPACE',''
  ) );
#5835 = PCURVE('',#655,#5836);
#5836 = DEFINITIONAL_REPRESENTATION('',(#5837),#5841);
#5837 = LINE('',#5838,#5839);
#5838 = CARTESIAN_POINT('',(0.,-40.));
#5839 = VECTOR('',#5840,1.);
#5840 = DIRECTION('',(1.,0.));
#5841 = ( GEOMETRIC_REPRESENTATION_CONTEXT(2) 
PARAMETRIC_REPRESENTATION_CONTEXT() REPRESENTATION_CONTEXT('2D SPACE',''
  ) );
#5842 = ORIENTED_EDGE('',*,*,#5843,.T.);
#5843 = EDGE_CURVE('',#5821,#5844,#5846,.T.);
#5844 = VERTEX_POINT('',#5845);
#5845 = CARTESIAN_POINT('',(-38.55469999997,90.918000000005,40.));
#5846 = SURFACE_CURVE('',#5847,(#5851,#5858),.PCURVE_S1.);
#5847 = LINE('',#5848,#5849);
#5848 = CARTESIAN_POINT('',(-44.17969999997,90.58600000001,40.));
#5849 = VECTOR('',#5850,1.);
#5850 = DIRECTION('',(0.998262726331,5.891968446877E-02,0.));
#5851 = PCURVE('',#238,#5852);
#5852 = DEFINITIONAL_REPRESENTATION('',(#5853),#5857);
#5853 = LINE('',#5854,#5855);
#5854 = CARTESIAN_POINT('',(53.072278560639,80.439779196252));
#5855 = VECTOR('',#5856,1.);
#5856 = DIRECTION('',(-0.998262726331,5.891968446877E-02));
#5857 = ( GEOMETRIC_REPRESENTATION_CONTEXT(2) 
PARAMETRIC_REPRESENTATION_CONTEXT() REPRESENTATION_CONTEXT('2D SPACE',''
  ) );
#5858 = PCURVE('',#683,#5859);
#5859 = DEFINITIONAL_REPRESENTATION('',(#5860),#5864);
#5860 = LINE('',#5861,#5862);
#5861 = CARTESIAN_POINT('',(0.,-40.));
#5862 = VECTOR('',#5863,1.);
#5863 = DIRECTION('',(1.,0.));
#5864 = ( GEOMETRIC_REPRESENTATION_CONTEXT(2) 
PARAMETRIC_REPRESENTATION_CONTEXT() REPRESENTATION_CONTEXT('2D SPACE',''
  ) );
#5865 = ORIENTED_EDGE('',*,*,#5866,.T.);
#5866 = EDGE_CURVE('',#5844,#5867,#5869,.T.);
#5867 = VERTEX_POINT('',#5868);
#5868 = CARTESIAN_POINT('',(38.554699999979,90.918000000005,40.));
#5869 = SURFACE_CURVE('',#5870,(#5874,#5881),.PCURVE_S1.);
#5870 = LINE('',#5871,#5872);
#5871 = CARTESIAN_POINT('',(-38.55469999997,90.918000000005,40.));
#5872 = VECTOR('',#5873,1.);
#5873 = DIRECTION('',(1.,0.,0.));
#5874 = PCURVE('',#238,#5875);
#5875 = DEFINITIONAL_REPRESENTATION('',(#5876),#5880);
#5876 = LINE('',#5877,#5878);
#5877 = CARTESIAN_POINT('',(47.447278560639,80.771779196247));
#5878 = VECTOR('',#5879,1.);
#5879 = DIRECTION('',(-1.,0.));
#5880 = ( GEOMETRIC_REPRESENTATION_CONTEXT(2) 
PARAMETRIC_REPRESENTATION_CONTEXT() REPRESENTATION_CONTEXT('2D SPACE',''
  ) );
#5881 = PCURVE('',#711,#5882);
#5882 = DEFINITIONAL_REPRESENTATION('',(#5883),#5887);
#5883 = LINE('',#5884,#5885);
#5884 = CARTESIAN_POINT('',(0.,-40.));
#5885 = VECTOR('',#5886,1.);
#5886 = DIRECTION('',(1.,0.));
#5887 = ( GEOMETRIC_REPRESENTATION_CONTEXT(2) 
PARAMETRIC_REPRESENTATION_CONTEXT() REPRESENTATION_CONTEXT('2D SPACE',''
  ) );
#5888 = ORIENTED_EDGE('',*,*,#5889,.T.);
#5889 = EDGE_CURVE('',#5867,#5890,#5892,.T.);
#5890 = VERTEX_POINT('',#5891);
#5891 = CARTESIAN_POINT('',(44.140600000042,90.58600000001,40.));
#5892 = SURFACE_CURVE('',#5893,(#5897,#5904),.PCURVE_S1.);
#5893 = LINE('',#5894,#5895);
#5894 = CARTESIAN_POINT('',(38.554699999979,90.918000000005,40.));
#5895 = VECTOR('',#5896,1.);
#5896 = DIRECTION('',(0.998238384641,-5.933066178988E-02,0.));
#5897 = PCURVE('',#238,#5898);
#5898 = DEFINITIONAL_REPRESENTATION('',(#5899),#5903);
#5899 = LINE('',#5900,#5901);
#5900 = CARTESIAN_POINT('',(-29.66212143931,80.771779196247));
#5901 = VECTOR('',#5902,1.);
#5902 = DIRECTION('',(-0.998238384641,-5.933066178988E-02));
#5903 = ( GEOMETRIC_REPRESENTATION_CONTEXT(2) 
PARAMETRIC_REPRESENTATION_CONTEXT() REPRESENTATION_CONTEXT('2D SPACE',''
  ) );
#5904 = PCURVE('',#739,#5905);
#5905 = DEFINITIONAL_REPRESENTATION('',(#5906),#5910);
#5906 = LINE('',#5907,#5908);
#5907 = CARTESIAN_POINT('',(0.,-40.));
#5908 = VECTOR('',#5909,1.);
#5909 = DIRECTION('',(1.,0.));
#5910 = ( GEOMETRIC_REPRESENTATION_CONTEXT(2) 
PARAMETRIC_REPRESENTATION_CONTEXT() REPRESENTATION_CONTEXT('2D SPACE',''
  ) );
#5911 = ORIENTED_EDGE('',*,*,#5912,.T.);
#5912 = EDGE_CURVE('',#5890,#5913,#5915,.T.);
#5913 = VERTEX_POINT('',#5914);
#5914 = CARTESIAN_POINT('',(49.6875,89.648400000005,40.));
#5915 = SURFACE_CURVE('',#5916,(#5920,#5927),.PCURVE_S1.);
#5916 = LINE('',#5917,#5918);
#5917 = CARTESIAN_POINT('',(44.140600000042,90.58600000001,40.));
#5918 = VECTOR('',#5919,1.);
#5919 = DIRECTION('',(0.986013216181,-0.166667145884,0.));
#5920 = PCURVE('',#238,#5921);
#5921 = DEFINITIONAL_REPRESENTATION('',(#5922),#5926);
#5922 = LINE('',#5923,#5924);
#5923 = CARTESIAN_POINT('',(-35.24802143938,80.439779196252));
#5924 = VECTOR('',#5925,1.);
#5925 = DIRECTION('',(-0.986013216181,-0.166667145884));
#5926 = ( GEOMETRIC_REPRESENTATION_CONTEXT(2) 
PARAMETRIC_REPRESENTATION_CONTEXT() REPRESENTATION_CONTEXT('2D SPACE',''
  ) );
#5927 = PCURVE('',#767,#5928);
#5928 = DEFINITIONAL_REPRESENTATION('',(#5929),#5933);
#5929 = LINE('',#5930,#5931);
#5930 = CARTESIAN_POINT('',(0.,-40.));
#5931 = VECTOR('',#5932,1.);
#5932 = DIRECTION('',(1.,0.));
#5933 = ( GEOMETRIC_REPRESENTATION_CONTEXT(2) 
PARAMETRIC_REPRESENTATION_CONTEXT() REPRESENTATION_CONTEXT('2D SPACE',''
  ) );
#5934 = ORIENTED_EDGE('',*,*,#5935,.T.);
#5935 = EDGE_CURVE('',#5913,#5936,#5938,.T.);
#5936 = VERTEX_POINT('',#5937);
#5937 = CARTESIAN_POINT('',(55.078100000042,88.105500000005,40.));
#5938 = SURFACE_CURVE('',#5939,(#5943,#5950),.PCURVE_S1.);
#5939 = LINE('',#5940,#5941);
#5940 = CARTESIAN_POINT('',(49.6875,89.648400000005,40.));
#5941 = VECTOR('',#5942,1.);
#5942 = DIRECTION('',(0.961395298216,-0.275171002413,0.));
#5943 = PCURVE('',#238,#5944);
#5944 = DEFINITIONAL_REPRESENTATION('',(#5945),#5949);
#5945 = LINE('',#5946,#5947);
#5946 = CARTESIAN_POINT('',(-40.79492143934,79.502179196247));
#5947 = VECTOR('',#5948,1.);
#5948 = DIRECTION('',(-0.961395298216,-0.275171002413));
#5949 = ( GEOMETRIC_REPRESENTATION_CONTEXT(2) 
PARAMETRIC_REPRESENTATION_CONTEXT() REPRESENTATION_CONTEXT('2D SPACE',''
  ) );
#5950 = PCURVE('',#795,#5951);
#5951 = DEFINITIONAL_REPRESENTATION('',(#5952),#5956);
#5952 = LINE('',#5953,#5954);
#5953 = CARTESIAN_POINT('',(0.,-40.));
#5954 = VECTOR('',#5955,1.);
#5955 = DIRECTION('',(1.,0.));
#5956 = ( GEOMETRIC_REPRESENTATION_CONTEXT(2) 
PARAMETRIC_REPRESENTATION_CONTEXT() REPRESENTATION_CONTEXT('2D SPACE',''
  ) );
#5957 = ORIENTED_EDGE('',*,*,#5958,.T.);
#5958 = EDGE_CURVE('',#5936,#5959,#5961,.T.);
#5959 = VERTEX_POINT('',#5960);
#5960 = CARTESIAN_POINT('',(60.234399999958,85.956999999995,40.));
#5961 = SURFACE_CURVE('',#5962,(#5966,#5973),.PCURVE_S1.);
#5962 = LINE('',#5963,#5964);
#5963 = CARTESIAN_POINT('',(55.078100000042,88.105500000005,40.));
#5964 = VECTOR('',#5965,1.);
#5965 = DIRECTION('',(0.923074274846,-0.384621740308,0.));
#5966 = PCURVE('',#238,#5967);
#5967 = DEFINITIONAL_REPRESENTATION('',(#5968),#5972);
#5968 = LINE('',#5969,#5970);
#5969 = CARTESIAN_POINT('',(-46.18552143938,77.959279196247));
#5970 = VECTOR('',#5971,1.);
#5971 = DIRECTION('',(-0.923074274846,-0.384621740308));
#5972 = ( GEOMETRIC_REPRESENTATION_CONTEXT(2) 
PARAMETRIC_REPRESENTATION_CONTEXT() REPRESENTATION_CONTEXT('2D SPACE',''
  ) );
#5973 = PCURVE('',#823,#5974);
#5974 = DEFINITIONAL_REPRESENTATION('',(#5975),#5979);
#5975 = LINE('',#5976,#5977);
#5976 = CARTESIAN_POINT('',(0.,-40.));
#5977 = VECTOR('',#5978,1.);
#5978 = DIRECTION('',(1.,0.));
#5979 = ( GEOMETRIC_REPRESENTATION_CONTEXT(2) 
PARAMETRIC_REPRESENTATION_CONTEXT() REPRESENTATION_CONTEXT('2D SPACE',''
  ) );
#5980 = ORIENTED_EDGE('',*,*,#5981,.T.);
#5981 = EDGE_CURVE('',#5959,#5982,#5984,.T.);
#5982 = VERTEX_POINT('',#5983);
#5983 = CARTESIAN_POINT('',(65.156300000031,83.242200000008,40.));
#5984 = SURFACE_CURVE('',#5985,(#5989,#5996),.PCURVE_S1.);
#5985 = LINE('',#5986,#5987);
#5986 = CARTESIAN_POINT('',(60.234399999958,85.956999999995,40.));
#5987 = VECTOR('',#5988,1.);
#5988 = DIRECTION('',(0.875632687942,-0.482977634893,0.));
#5989 = PCURVE('',#238,#5990);
#5990 = DEFINITIONAL_REPRESENTATION('',(#5991),#5995);
#5991 = LINE('',#5992,#5993);
#5992 = CARTESIAN_POINT('',(-51.34182143929,75.810779196237));
#5993 = VECTOR('',#5994,1.);
#5994 = DIRECTION('',(-0.875632687942,-0.482977634893));
#5995 = ( GEOMETRIC_REPRESENTATION_CONTEXT(2) 
PARAMETRIC_REPRESENTATION_CONTEXT() REPRESENTATION_CONTEXT('2D SPACE',''
  ) );
#5996 = PCURVE('',#851,#5997);
#5997 = DEFINITIONAL_REPRESENTATION('',(#5998),#6002);
#5998 = LINE('',#5999,#6000);
#5999 = CARTESIAN_POINT('',(0.,-40.));
#6000 = VECTOR('',#6001,1.);
#6001 = DIRECTION('',(1.,0.));
#6002 = ( GEOMETRIC_REPRESENTATION_CONTEXT(2) 
PARAMETRIC_REPRESENTATION_CONTEXT() REPRESENTATION_CONTEXT('2D SPACE',''
  ) );
#6003 = ORIENTED_EDGE('',*,*,#6004,.T.);
#6004 = EDGE_CURVE('',#5982,#6005,#6007,.T.);
#6005 = VERTEX_POINT('',#6006);
#6006 = CARTESIAN_POINT('',(69.726600000053,80.,40.));
#6007 = SURFACE_CURVE('',#6008,(#6012,#6019),.PCURVE_S1.);
#6008 = LINE('',#6009,#6010);
#6009 = CARTESIAN_POINT('',(65.156300000031,83.242200000008,40.));
#6010 = VECTOR('',#6011,1.);
#6011 = DIRECTION('',(0.815611465199,-0.578599980847,0.));
#6012 = PCURVE('',#238,#6013);
#6013 = DEFINITIONAL_REPRESENTATION('',(#6014),#6018);
#6014 = LINE('',#6015,#6016);
#6015 = CARTESIAN_POINT('',(-56.26372143937,73.09597919625));
#6016 = VECTOR('',#6017,1.);
#6017 = DIRECTION('',(-0.815611465199,-0.578599980847));
#6018 = ( GEOMETRIC_REPRESENTATION_CONTEXT(2) 
PARAMETRIC_REPRESENTATION_CONTEXT() REPRESENTATION_CONTEXT('2D SPACE',''
  ) );
#6019 = PCURVE('',#879,#6020);
#6020 = DEFINITIONAL_REPRESENTATION('',(#6021),#6025);
#6021 = LINE('',#6022,#6023);
#6022 = CARTESIAN_POINT('',(0.,-40.));
#6023 = VECTOR('',#6024,1.);
#6024 = DIRECTION('',(1.,0.));
#6025 = ( GEOMETRIC_REPRESENTATION_CONTEXT(2) 
PARAMETRIC_REPRESENTATION_CONTEXT() REPRESENTATION_CONTEXT('2D SPACE',''
  ) );
#6026 = ORIENTED_EDGE('',*,*,#6027,.T.);
#6027 = EDGE_CURVE('',#6005,#6028,#6030,.T.);
#6028 = VERTEX_POINT('',#6029);
#6029 = CARTESIAN_POINT('',(73.906300000031,76.269499999995,40.));
#6030 = SURFACE_CURVE('',#6031,(#6035,#6042),.PCURVE_S1.);
#6031 = LINE('',#6032,#6033);
#6032 = CARTESIAN_POINT('',(69.726600000053,80.,40.));
#6033 = VECTOR('',#6034,1.);
#6034 = DIRECTION('',(0.746059581249,-0.665879194169,0.));
#6035 = PCURVE('',#238,#6036);
#6036 = DEFINITIONAL_REPRESENTATION('',(#6037),#6041);
#6037 = LINE('',#6038,#6039);
#6038 = CARTESIAN_POINT('',(-60.83402143939,69.853779196242));
#6039 = VECTOR('',#6040,1.);
#6040 = DIRECTION('',(-0.746059581249,-0.665879194169));
#6041 = ( GEOMETRIC_REPRESENTATION_CONTEXT(2) 
PARAMETRIC_REPRESENTATION_CONTEXT() REPRESENTATION_CONTEXT('2D SPACE',''
  ) );
#6042 = PCURVE('',#907,#6043);
#6043 = DEFINITIONAL_REPRESENTATION('',(#6044),#6048);
#6044 = LINE('',#6045,#6046);
#6045 = CARTESIAN_POINT('',(0.,-40.));
#6046 = VECTOR('',#6047,1.);
#6047 = DIRECTION('',(1.,0.));
#6048 = ( GEOMETRIC_REPRESENTATION_CONTEXT(2) 
PARAMETRIC_REPRESENTATION_CONTEXT() REPRESENTATION_CONTEXT('2D SPACE',''
  ) );
#6049 = ORIENTED_EDGE('',*,*,#6050,.T.);
#6050 = EDGE_CURVE('',#6028,#6051,#6053,.T.);
#6051 = VERTEX_POINT('',#6052);
#6052 = CARTESIAN_POINT('',(77.656300000031,72.089900000021,40.));
#6053 = SURFACE_CURVE('',#6054,(#6058,#6065),.PCURVE_S1.);
#6054 = LINE('',#6055,#6056);
#6055 = CARTESIAN_POINT('',(73.906300000031,76.269499999995,40.));
#6056 = VECTOR('',#6057,1.);
#6057 = DIRECTION('',(0.667818683862,-0.744323992281,0.));
#6058 = PCURVE('',#238,#6059);
#6059 = DEFINITIONAL_REPRESENTATION('',(#6060),#6064);
#6060 = LINE('',#6061,#6062);
#6061 = CARTESIAN_POINT('',(-65.01372143937,66.123279196237));
#6062 = VECTOR('',#6063,1.);
#6063 = DIRECTION('',(-0.667818683862,-0.744323992281));
#6064 = ( GEOMETRIC_REPRESENTATION_CONTEXT(2) 
PARAMETRIC_REPRESENTATION_CONTEXT() REPRESENTATION_CONTEXT('2D SPACE',''
  ) );
#6065 = PCURVE('',#935,#6066);
#6066 = DEFINITIONAL_REPRESENTATION('',(#6067),#6071);
#6067 = LINE('',#6068,#6069);
#6068 = CARTESIAN_POINT('',(0.,-40.));
#6069 = VECTOR('',#6070,1.);
#6070 = DIRECTION('',(1.,0.));
#6071 = ( GEOMETRIC_REPRESENTATION_CONTEXT(2) 
PARAMETRIC_REPRESENTATION_CONTEXT() REPRESENTATION_CONTEXT('2D SPACE',''
  ) );
#6072 = ORIENTED_EDGE('',*,*,#6073,.T.);
#6073 = EDGE_CURVE('',#6051,#6074,#6076,.T.);
#6074 = VERTEX_POINT('',#6075);
#6075 = CARTESIAN_POINT('',(80.898399999947,67.519499999995,40.));
#6076 = SURFACE_CURVE('',#6077,(#6081,#6088),.PCURVE_S1.);
#6077 = LINE('',#6078,#6079);
#6078 = CARTESIAN_POINT('',(77.656300000031,72.089900000021,40.));
#6079 = VECTOR('',#6080,1.);
#6080 = DIRECTION('',(0.57857968754,-0.815625861021,0.));
#6081 = PCURVE('',#238,#6082);
#6082 = DEFINITIONAL_REPRESENTATION('',(#6083),#6087);
#6083 = LINE('',#6084,#6085);
#6084 = CARTESIAN_POINT('',(-68.76372143937,61.943679196263));
#6085 = VECTOR('',#6086,1.);
#6086 = DIRECTION('',(-0.57857968754,-0.815625861021));
#6087 = ( GEOMETRIC_REPRESENTATION_CONTEXT(2) 
PARAMETRIC_REPRESENTATION_CONTEXT() REPRESENTATION_CONTEXT('2D SPACE',''
  ) );
#6088 = PCURVE('',#963,#6089);
#6089 = DEFINITIONAL_REPRESENTATION('',(#6090),#6094);
#6090 = LINE('',#6091,#6092);
#6091 = CARTESIAN_POINT('',(0.,-40.));
#6092 = VECTOR('',#6093,1.);
#6093 = DIRECTION('',(1.,0.));
#6094 = ( GEOMETRIC_REPRESENTATION_CONTEXT(2) 
PARAMETRIC_REPRESENTATION_CONTEXT() REPRESENTATION_CONTEXT('2D SPACE',''
  ) );
#6095 = ORIENTED_EDGE('',*,*,#6096,.T.);
#6096 = EDGE_CURVE('',#6074,#6097,#6099,.T.);
#6097 = VERTEX_POINT('',#6098);
#6098 = CARTESIAN_POINT('',(83.593699999969,62.597700000013,40.));
#6099 = SURFACE_CURVE('',#6100,(#6104,#6111),.PCURVE_S1.);
#6100 = LINE('',#6101,#6102);
#6101 = CARTESIAN_POINT('',(80.898399999947,67.519499999995,40.));
#6102 = VECTOR('',#6103,1.);
#6103 = DIRECTION('',(0.480318539821,-0.877094122831,0.));
#6104 = PCURVE('',#238,#6105);
#6105 = DEFINITIONAL_REPRESENTATION('',(#6106),#6110);
#6106 = LINE('',#6107,#6108);
#6107 = CARTESIAN_POINT('',(-72.00582143928,57.373279196237));
#6108 = VECTOR('',#6109,1.);
#6109 = DIRECTION('',(-0.480318539821,-0.877094122831));
#6110 = ( GEOMETRIC_REPRESENTATION_CONTEXT(2) 
PARAMETRIC_REPRESENTATION_CONTEXT() REPRESENTATION_CONTEXT('2D SPACE',''
  ) );
#6111 = PCURVE('',#991,#6112);
#6112 = DEFINITIONAL_REPRESENTATION('',(#6113),#6117);
#6113 = LINE('',#6114,#6115);
#6114 = CARTESIAN_POINT('',(0.,-40.));
#6115 = VECTOR('',#6116,1.);
#6116 = DIRECTION('',(1.,0.));
#6117 = ( GEOMETRIC_REPRESENTATION_CONTEXT(2) 
PARAMETRIC_REPRESENTATION_CONTEXT() REPRESENTATION_CONTEXT('2D SPACE',''
  ) );
#6118 = ORIENTED_EDGE('',*,*,#6119,.T.);
#6119 = EDGE_CURVE('',#6097,#6120,#6122,.T.);
#6120 = VERTEX_POINT('',#6121);
#6121 = CARTESIAN_POINT('',(85.742199999979,57.421900000016,40.));
#6122 = SURFACE_CURVE('',#6123,(#6127,#6134),.PCURVE_S1.);
#6123 = LINE('',#6124,#6125);
#6124 = CARTESIAN_POINT('',(83.593699999969,62.597700000013,40.));
#6125 = VECTOR('',#6126,1.);
#6126 = DIRECTION('',(0.383386000439,-0.923588206219,0.));
#6127 = PCURVE('',#238,#6128);
#6128 = DEFINITIONAL_REPRESENTATION('',(#6129),#6133);
#6129 = LINE('',#6130,#6131);
#6130 = CARTESIAN_POINT('',(-74.7011214393,52.451479196255));
#6131 = VECTOR('',#6132,1.);
#6132 = DIRECTION('',(-0.383386000439,-0.923588206219));
#6133 = ( GEOMETRIC_REPRESENTATION_CONTEXT(2) 
PARAMETRIC_REPRESENTATION_CONTEXT() REPRESENTATION_CONTEXT('2D SPACE',''
  ) );
#6134 = PCURVE('',#1019,#6135);
#6135 = DEFINITIONAL_REPRESENTATION('',(#6136),#6140);
#6136 = LINE('',#6137,#6138);
#6137 = CARTESIAN_POINT('',(0.,-40.));
#6138 = VECTOR('',#6139,1.);
#6139 = DIRECTION('',(1.,0.));
#6140 = ( GEOMETRIC_REPRESENTATION_CONTEXT(2) 
PARAMETRIC_REPRESENTATION_CONTEXT() REPRESENTATION_CONTEXT('2D SPACE',''
  ) );
#6141 = ORIENTED_EDGE('',*,*,#6142,.T.);
#6142 = EDGE_CURVE('',#6120,#6143,#6145,.T.);
#6143 = VERTEX_POINT('',#6144);
#6144 = CARTESIAN_POINT('',(87.304699999979,52.031300000002,40.));
#6145 = SURFACE_CURVE('',#6146,(#6150,#6157),.PCURVE_S1.);
#6146 = LINE('',#6147,#6148);
#6147 = CARTESIAN_POINT('',(85.742199999979,57.421900000016,40.));
#6148 = VECTOR('',#6149,1.);
#6149 = DIRECTION('',(0.27839723919,-0.960466020852,0.));
#6150 = PCURVE('',#238,#6151);
#6151 = DEFINITIONAL_REPRESENTATION('',(#6152),#6156);
#6152 = LINE('',#6153,#6154);
#6153 = CARTESIAN_POINT('',(-76.84962143931,47.275679196257));
#6154 = VECTOR('',#6155,1.);
#6155 = DIRECTION('',(-0.27839723919,-0.960466020852));
#6156 = ( GEOMETRIC_REPRESENTATION_CONTEXT(2) 
PARAMETRIC_REPRESENTATION_CONTEXT() REPRESENTATION_CONTEXT('2D SPACE',''
  ) );
#6157 = PCURVE('',#1047,#6158);
#6158 = DEFINITIONAL_REPRESENTATION('',(#6159),#6163);
#6159 = LINE('',#6160,#6161);
#6160 = CARTESIAN_POINT('',(0.,-40.));
#6161 = VECTOR('',#6162,1.);
#6162 = DIRECTION('',(1.,0.));
#6163 = ( GEOMETRIC_REPRESENTATION_CONTEXT(2) 
PARAMETRIC_REPRESENTATION_CONTEXT() REPRESENTATION_CONTEXT('2D SPACE',''
  ) );
#6164 = ORIENTED_EDGE('',*,*,#6165,.T.);
#6165 = EDGE_CURVE('',#6143,#6166,#6168,.T.);
#6166 = VERTEX_POINT('',#6167);
#6167 = CARTESIAN_POINT('',(88.242199999979,46.503900000011,40.));
#6168 = SURFACE_CURVE('',#6169,(#6173,#6180),.PCURVE_S1.);
#6169 = LINE('',#6170,#6171);
#6170 = CARTESIAN_POINT('',(87.304699999979,52.031300000002,40.));
#6171 = VECTOR('',#6172,1.);
#6172 = DIRECTION('',(0.16722137233,-0.985919374308,0.));
#6173 = PCURVE('',#238,#6174);
#6174 = DEFINITIONAL_REPRESENTATION('',(#6175),#6179);
#6175 = LINE('',#6176,#6177);
#6176 = CARTESIAN_POINT('',(-78.41212143931,41.885079196244));
#6177 = VECTOR('',#6178,1.);
#6178 = DIRECTION('',(-0.16722137233,-0.985919374308));
#6179 = ( GEOMETRIC_REPRESENTATION_CONTEXT(2) 
PARAMETRIC_REPRESENTATION_CONTEXT() REPRESENTATION_CONTEXT('2D SPACE',''
  ) );
#6180 = PCURVE('',#1075,#6181);
#6181 = DEFINITIONAL_REPRESENTATION('',(#6182),#6186);
#6182 = LINE('',#6183,#6184);
#6183 = CARTESIAN_POINT('',(0.,-40.));
#6184 = VECTOR('',#6185,1.);
#6185 = DIRECTION('',(1.,0.));
#6186 = ( GEOMETRIC_REPRESENTATION_CONTEXT(2) 
PARAMETRIC_REPRESENTATION_CONTEXT() REPRESENTATION_CONTEXT('2D SPACE',''
  ) );
#6187 = ORIENTED_EDGE('',*,*,#6188,.T.);
#6188 = EDGE_CURVE('',#6166,#6189,#6191,.T.);
#6189 = VERTEX_POINT('',#6190);
#6190 = CARTESIAN_POINT('',(88.554699999979,40.918000000005,40.));
#6191 = SURFACE_CURVE('',#6192,(#6196,#6203),.PCURVE_S1.);
#6192 = LINE('',#6193,#6194);
#6193 = CARTESIAN_POINT('',(88.242199999979,46.503900000011,40.));
#6194 = VECTOR('',#6195,1.);
#6195 = DIRECTION('',(5.585708961714E-02,-0.998438774057,0.));
#6196 = PCURVE('',#238,#6197);
#6197 = DEFINITIONAL_REPRESENTATION('',(#6198),#6202);
#6198 = LINE('',#6199,#6200);
#6199 = CARTESIAN_POINT('',(-79.34962143931,36.357679196252));
#6200 = VECTOR('',#6201,1.);
#6201 = DIRECTION('',(-5.585708961714E-02,-0.998438774057));
#6202 = ( GEOMETRIC_REPRESENTATION_CONTEXT(2) 
PARAMETRIC_REPRESENTATION_CONTEXT() REPRESENTATION_CONTEXT('2D SPACE',''
  ) );
#6203 = PCURVE('',#1103,#6204);
#6204 = DEFINITIONAL_REPRESENTATION('',(#6205),#6209);
#6205 = LINE('',#6206,#6207);
#6206 = CARTESIAN_POINT('',(0.,-40.));
#6207 = VECTOR('',#6208,1.);
#6208 = DIRECTION('',(1.,0.));
#6209 = ( GEOMETRIC_REPRESENTATION_CONTEXT(2) 
PARAMETRIC_REPRESENTATION_CONTEXT() REPRESENTATION_CONTEXT('2D SPACE',''
  ) );
#6210 = ORIENTED_EDGE('',*,*,#6211,.T.);
#6211 = EDGE_CURVE('',#6189,#6212,#6214,.T.);
#6212 = VERTEX_POINT('',#6213);
#6213 = CARTESIAN_POINT('',(88.554699999979,-50.85939999998,40.));
#6214 = SURFACE_CURVE('',#6215,(#6219,#6226),.PCURVE_S1.);
#6215 = LINE('',#6216,#6217);
#6216 = CARTESIAN_POINT('',(88.554699999979,40.918000000005,40.));
#6217 = VECTOR('',#6218,1.);
#6218 = DIRECTION('',(0.,-1.,0.));
#6219 = PCURVE('',#238,#6220);
#6220 = DEFINITIONAL_REPRESENTATION('',(#6221),#6225);
#6221 = LINE('',#6222,#6223);
#6222 = CARTESIAN_POINT('',(-79.66212143931,30.771779196247));
#6223 = VECTOR('',#6224,1.);
#6224 = DIRECTION('',(0.,-1.));
#6225 = ( GEOMETRIC_REPRESENTATION_CONTEXT(2) 
PARAMETRIC_REPRESENTATION_CONTEXT() REPRESENTATION_CONTEXT('2D SPACE',''
  ) );
#6226 = PCURVE('',#1131,#6227);
#6227 = DEFINITIONAL_REPRESENTATION('',(#6228),#6232);
#6228 = LINE('',#6229,#6230);
#6229 = CARTESIAN_POINT('',(0.,-40.));
#6230 = VECTOR('',#6231,1.);
#6231 = DIRECTION('',(1.,0.));
#6232 = ( GEOMETRIC_REPRESENTATION_CONTEXT(2) 
PARAMETRIC_REPRESENTATION_CONTEXT() REPRESENTATION_CONTEXT('2D SPACE',''
  ) );
#6233 = ORIENTED_EDGE('',*,*,#6234,.T.);
#6234 = EDGE_CURVE('',#6212,#6235,#6237,.T.);
#6235 = VERTEX_POINT('',#6236);
#6236 = CARTESIAN_POINT('',(88.203100000042,-56.66009999997,40.));
#6237 = SURFACE_CURVE('',#6238,(#6242,#6249),.PCURVE_S1.);
#6238 = LINE('',#6239,#6240);
#6239 = CARTESIAN_POINT('',(88.554699999979,-50.85939999998,40.));
#6240 = VECTOR('',#6241,1.);
#6241 = DIRECTION('',(-6.050233391678E-02,-0.998168055786,0.));
#6242 = PCURVE('',#238,#6243);
#6243 = DEFINITIONAL_REPRESENTATION('',(#6244),#6248);
#6244 = LINE('',#6245,#6246);
#6245 = CARTESIAN_POINT('',(-79.66212143931,-61.00562080374));
#6246 = VECTOR('',#6247,1.);
#6247 = DIRECTION('',(6.050233391678E-02,-0.998168055786));
#6248 = ( GEOMETRIC_REPRESENTATION_CONTEXT(2) 
PARAMETRIC_REPRESENTATION_CONTEXT() REPRESENTATION_CONTEXT('2D SPACE',''
  ) );
#6249 = PCURVE('',#1159,#6250);
#6250 = DEFINITIONAL_REPRESENTATION('',(#6251),#6255);
#6251 = LINE('',#6252,#6253);
#6252 = CARTESIAN_POINT('',(0.,-40.));
#6253 = VECTOR('',#6254,1.);
#6254 = DIRECTION('',(1.,0.));
#6255 = ( GEOMETRIC_REPRESENTATION_CONTEXT(2) 
PARAMETRIC_REPRESENTATION_CONTEXT() REPRESENTATION_CONTEXT('2D SPACE',''
  ) );
#6256 = ORIENTED_EDGE('',*,*,#6257,.T.);
#6257 = EDGE_CURVE('',#6235,#6258,#6260,.T.);
#6258 = VERTEX_POINT('',#6259);
#6259 = CARTESIAN_POINT('',(87.226600000053,-62.36329999999,40.));
#6260 = SURFACE_CURVE('',#6261,(#6265,#6272),.PCURVE_S1.);
#6261 = LINE('',#6262,#6263);
#6262 = CARTESIAN_POINT('',(88.203100000042,-56.66009999997,40.));
#6263 = VECTOR('',#6264,1.);
#6264 = DIRECTION('',(-0.168763781225,-0.985656525442,0.));
#6265 = PCURVE('',#238,#6266);
#6266 = DEFINITIONAL_REPRESENTATION('',(#6267),#6271);
#6267 = LINE('',#6268,#6269);
#6268 = CARTESIAN_POINT('',(-79.31052143938,-66.80632080373));
#6269 = VECTOR('',#6270,1.);
#6270 = DIRECTION('',(0.168763781225,-0.985656525442));
#6271 = ( GEOMETRIC_REPRESENTATION_CONTEXT(2) 
PARAMETRIC_REPRESENTATION_CONTEXT() REPRESENTATION_CONTEXT('2D SPACE',''
  ) );
#6272 = PCURVE('',#1187,#6273);
#6273 = DEFINITIONAL_REPRESENTATION('',(#6274),#6278);
#6274 = LINE('',#6275,#6276);
#6275 = CARTESIAN_POINT('',(0.,-40.));
#6276 = VECTOR('',#6277,1.);
#6277 = DIRECTION('',(1.,0.));
#6278 = ( GEOMETRIC_REPRESENTATION_CONTEXT(2) 
PARAMETRIC_REPRESENTATION_CONTEXT() REPRESENTATION_CONTEXT('2D SPACE',''
  ) );
#6279 = ORIENTED_EDGE('',*,*,#6280,.T.);
#6280 = EDGE_CURVE('',#6258,#6281,#6283,.T.);
#6281 = VERTEX_POINT('',#6282);
#6282 = CARTESIAN_POINT('',(85.546899999958,-67.92969999997,40.));
#6283 = SURFACE_CURVE('',#6284,(#6288,#6295),.PCURVE_S1.);
#6284 = LINE('',#6285,#6286);
#6285 = CARTESIAN_POINT('',(87.226600000053,-62.36329999999,40.));
#6286 = VECTOR('',#6287,1.);
#6287 = DIRECTION('',(-0.288890684069,-0.957362090673,0.));
#6288 = PCURVE('',#238,#6289);
#6289 = DEFINITIONAL_REPRESENTATION('',(#6290),#6294);
#6290 = LINE('',#6291,#6292);
#6291 = CARTESIAN_POINT('',(-78.33402143939,-72.50952080375));
#6292 = VECTOR('',#6293,1.);
#6293 = DIRECTION('',(0.288890684069,-0.957362090673));
#6294 = ( GEOMETRIC_REPRESENTATION_CONTEXT(2) 
PARAMETRIC_REPRESENTATION_CONTEXT() REPRESENTATION_CONTEXT('2D SPACE',''
  ) );
#6295 = PCURVE('',#1215,#6296);
#6296 = DEFINITIONAL_REPRESENTATION('',(#6297),#6301);
#6297 = LINE('',#6298,#6299);
#6298 = CARTESIAN_POINT('',(0.,-40.));
#6299 = VECTOR('',#6300,1.);
#6300 = DIRECTION('',(1.,0.));
#6301 = ( GEOMETRIC_REPRESENTATION_CONTEXT(2) 
PARAMETRIC_REPRESENTATION_CONTEXT() REPRESENTATION_CONTEXT('2D SPACE',''
  ) );
#6302 = ORIENTED_EDGE('',*,*,#6303,.T.);
#6303 = EDGE_CURVE('',#6281,#6304,#6306,.T.);
#6304 = VERTEX_POINT('',#6305);
#6305 = CARTESIAN_POINT('',(83.242199999979,-73.2617,40.));
#6306 = SURFACE_CURVE('',#6307,(#6311,#6318),.PCURVE_S1.);
#6307 = LINE('',#6308,#6309);
#6308 = CARTESIAN_POINT('',(85.546899999958,-67.92969999997,40.));
#6309 = VECTOR('',#6310,1.);
#6310 = DIRECTION('',(-0.396761801081,-0.917921605151,0.));
#6311 = PCURVE('',#238,#6312);
#6312 = DEFINITIONAL_REPRESENTATION('',(#6313),#6317);
#6313 = LINE('',#6314,#6315);
#6314 = CARTESIAN_POINT('',(-76.65432143929,-78.07592080373));
#6315 = VECTOR('',#6316,1.);
#6316 = DIRECTION('',(0.396761801081,-0.917921605151));
#6317 = ( GEOMETRIC_REPRESENTATION_CONTEXT(2) 
PARAMETRIC_REPRESENTATION_CONTEXT() REPRESENTATION_CONTEXT('2D SPACE',''
  ) );
#6318 = PCURVE('',#1243,#6319);
#6319 = DEFINITIONAL_REPRESENTATION('',(#6320),#6324);
#6320 = LINE('',#6321,#6322);
#6321 = CARTESIAN_POINT('',(0.,-40.));
#6322 = VECTOR('',#6323,1.);
#6323 = DIRECTION('',(1.,0.));
#6324 = ( GEOMETRIC_REPRESENTATION_CONTEXT(2) 
PARAMETRIC_REPRESENTATION_CONTEXT() REPRESENTATION_CONTEXT('2D SPACE',''
  ) );
#6325 = ORIENTED_EDGE('',*,*,#6326,.T.);
#6326 = EDGE_CURVE('',#6304,#6327,#6329,.T.);
#6327 = VERTEX_POINT('',#6328);
#6328 = CARTESIAN_POINT('',(80.351600000053,-78.28119999999,40.));
#6329 = SURFACE_CURVE('',#6330,(#6334,#6341),.PCURVE_S1.);
#6330 = LINE('',#6331,#6332);
#6331 = CARTESIAN_POINT('',(83.242199999979,-73.2617,40.));
#6332 = VECTOR('',#6333,1.);
#6333 = DIRECTION('',(-0.499040274657,-0.866578792881,0.));
#6334 = PCURVE('',#238,#6335);
#6335 = DEFINITIONAL_REPRESENTATION('',(#6336),#6340);
#6336 = LINE('',#6337,#6338);
#6337 = CARTESIAN_POINT('',(-74.34962143931,-83.40792080376));
#6338 = VECTOR('',#6339,1.);
#6339 = DIRECTION('',(0.499040274657,-0.866578792881));
#6340 = ( GEOMETRIC_REPRESENTATION_CONTEXT(2) 
PARAMETRIC_REPRESENTATION_CONTEXT() REPRESENTATION_CONTEXT('2D SPACE',''
  ) );
#6341 = PCURVE('',#1271,#6342);
#6342 = DEFINITIONAL_REPRESENTATION('',(#6343),#6347);
#6343 = LINE('',#6344,#6345);
#6344 = CARTESIAN_POINT('',(0.,-40.));
#6345 = VECTOR('',#6346,1.);
#6346 = DIRECTION('',(1.,0.));
#6347 = ( GEOMETRIC_REPRESENTATION_CONTEXT(2) 
PARAMETRIC_REPRESENTATION_CONTEXT() REPRESENTATION_CONTEXT('2D SPACE',''
  ) );
#6348 = ORIENTED_EDGE('',*,*,#6349,.T.);
#6349 = EDGE_CURVE('',#6327,#6350,#6352,.T.);
#6350 = VERTEX_POINT('',#6351);
#6351 = CARTESIAN_POINT('',(76.914100000053,-82.9492,40.));
#6352 = SURFACE_CURVE('',#6353,(#6357,#6364),.PCURVE_S1.);
#6353 = LINE('',#6354,#6355);
#6354 = CARTESIAN_POINT('',(80.351600000053,-78.28119999999,40.));
#6355 = VECTOR('',#6356,1.);
#6356 = DIRECTION('',(-0.592966588232,-0.805227064399,0.));
#6357 = PCURVE('',#238,#6358);
#6358 = DEFINITIONAL_REPRESENTATION('',(#6359),#6363);
#6359 = LINE('',#6360,#6361);
#6360 = CARTESIAN_POINT('',(-71.45902143939,-88.42742080375));
#6361 = VECTOR('',#6362,1.);
#6362 = DIRECTION('',(0.592966588232,-0.805227064399));
#6363 = ( GEOMETRIC_REPRESENTATION_CONTEXT(2) 
PARAMETRIC_REPRESENTATION_CONTEXT() REPRESENTATION_CONTEXT('2D SPACE',''
  ) );
#6364 = PCURVE('',#1299,#6365);
#6365 = DEFINITIONAL_REPRESENTATION('',(#6366),#6370);
#6366 = LINE('',#6367,#6368);
#6367 = CARTESIAN_POINT('',(0.,-40.));
#6368 = VECTOR('',#6369,1.);
#6369 = DIRECTION('',(1.,0.));
#6370 = ( GEOMETRIC_REPRESENTATION_CONTEXT(2) 
PARAMETRIC_REPRESENTATION_CONTEXT() REPRESENTATION_CONTEXT('2D SPACE',''
  ) );
#6371 = ORIENTED_EDGE('',*,*,#6372,.T.);
#6372 = EDGE_CURVE('',#6350,#6373,#6375,.T.);
#6373 = VERTEX_POINT('',#6374);
#6374 = CARTESIAN_POINT('',(72.929699999979,-87.168,40.));
#6375 = SURFACE_CURVE('',#6376,(#6380,#6387),.PCURVE_S1.);
#6376 = LINE('',#6377,#6378);
#6377 = CARTESIAN_POINT('',(76.914100000053,-82.9492,40.));
#6378 = VECTOR('',#6379,1.);
#6379 = DIRECTION('',(-0.686621508893,-0.727015064167,0.));
#6380 = PCURVE('',#238,#6381);
#6381 = DEFINITIONAL_REPRESENTATION('',(#6382),#6386);
#6382 = LINE('',#6383,#6384);
#6383 = CARTESIAN_POINT('',(-68.02152143939,-93.09542080376));
#6384 = VECTOR('',#6385,1.);
#6385 = DIRECTION('',(0.686621508893,-0.727015064167));
#6386 = ( GEOMETRIC_REPRESENTATION_CONTEXT(2) 
PARAMETRIC_REPRESENTATION_CONTEXT() REPRESENTATION_CONTEXT('2D SPACE',''
  ) );
#6387 = PCURVE('',#1327,#6388);
#6388 = DEFINITIONAL_REPRESENTATION('',(#6389),#6393);
#6389 = LINE('',#6390,#6391);
#6390 = CARTESIAN_POINT('',(0.,-40.));
#6391 = VECTOR('',#6392,1.);
#6392 = DIRECTION('',(1.,0.));
#6393 = ( GEOMETRIC_REPRESENTATION_CONTEXT(2) 
PARAMETRIC_REPRESENTATION_CONTEXT() REPRESENTATION_CONTEXT('2D SPACE',''
  ) );
#6394 = ORIENTED_EDGE('',*,*,#6395,.T.);
#6395 = EDGE_CURVE('',#6373,#6396,#6398,.T.);
#6396 = VERTEX_POINT('',#6397);
#6397 = CARTESIAN_POINT('',(68.476600000053,-90.918,40.));
#6398 = SURFACE_CURVE('',#6399,(#6403,#6410),.PCURVE_S1.);
#6399 = LINE('',#6400,#6401);
#6400 = CARTESIAN_POINT('',(72.929699999979,-87.168,40.));
#6401 = VECTOR('',#6402,1.);
#6402 = DIRECTION('',(-0.764909416377,-0.644137861593,0.));
#6403 = PCURVE('',#238,#6404);
#6404 = DEFINITIONAL_REPRESENTATION('',(#6405),#6409);
#6405 = LINE('',#6406,#6407);
#6406 = CARTESIAN_POINT('',(-64.03712143931,-97.31422080376));
#6407 = VECTOR('',#6408,1.);
#6408 = DIRECTION('',(0.764909416377,-0.644137861593));
#6409 = ( GEOMETRIC_REPRESENTATION_CONTEXT(2) 
PARAMETRIC_REPRESENTATION_CONTEXT() REPRESENTATION_CONTEXT('2D SPACE',''
  ) );
#6410 = PCURVE('',#1355,#6411);
#6411 = DEFINITIONAL_REPRESENTATION('',(#6412),#6416);
#6412 = LINE('',#6413,#6414);
#6413 = CARTESIAN_POINT('',(0.,-40.));
#6414 = VECTOR('',#6415,1.);
#6415 = DIRECTION('',(1.,0.));
#6416 = ( GEOMETRIC_REPRESENTATION_CONTEXT(2) 
PARAMETRIC_REPRESENTATION_CONTEXT() REPRESENTATION_CONTEXT('2D SPACE',''
  ) );
#6417 = ORIENTED_EDGE('',*,*,#6418,.T.);
#6418 = EDGE_CURVE('',#6396,#6419,#6421,.T.);
#6419 = VERTEX_POINT('',#6420);
#6420 = CARTESIAN_POINT('',(68.395290779598,-88.34033534326,40.));
#6421 = SURFACE_CURVE('',#6422,(#6426,#6433),.PCURVE_S1.);
#6422 = LINE('',#6423,#6424);
#6423 = CARTESIAN_POINT('',(68.476600000053,-90.918,40.));
#6424 = VECTOR('',#6425,1.);
#6425 = DIRECTION('',(-3.152807279382E-02,0.999502866742,0.));
#6426 = PCURVE('',#238,#6427);
#6427 = DEFINITIONAL_REPRESENTATION('',(#6428),#6432);
#6428 = LINE('',#6429,#6430);
#6429 = CARTESIAN_POINT('',(-59.58402143939,-101.0642208037));
#6430 = VECTOR('',#6431,1.);
#6431 = DIRECTION('',(3.152807279382E-02,0.999502866742));
#6432 = ( GEOMETRIC_REPRESENTATION_CONTEXT(2) 
PARAMETRIC_REPRESENTATION_CONTEXT() REPRESENTATION_CONTEXT('2D SPACE',''
  ) );
#6433 = PCURVE('',#1383,#6434);
#6434 = DEFINITIONAL_REPRESENTATION('',(#6435),#6439);
#6435 = LINE('',#6436,#6437);
#6436 = CARTESIAN_POINT('',(0.,-40.));
#6437 = VECTOR('',#6438,1.);
#6438 = DIRECTION('',(1.,0.));
#6439 = ( GEOMETRIC_REPRESENTATION_CONTEXT(2) 
PARAMETRIC_REPRESENTATION_CONTEXT() REPRESENTATION_CONTEXT('2D SPACE',''
  ) );
#6440 = ORIENTED_EDGE('',*,*,#6441,.T.);
#6441 = EDGE_CURVE('',#6419,#6442,#6444,.T.);
#6442 = VERTEX_POINT('',#6443);
#6443 = CARTESIAN_POINT('',(68.47649999999,-88.41779999999,40.));
#6444 = SURFACE_CURVE('',#6445,(#6450,#6461),.PCURVE_S1.);
#6445 = CIRCLE('',#6446,35.5);
#6446 = AXIS2_PLACEMENT_3D('',#6447,#6448,#6449);
#6447 = CARTESIAN_POINT('',(92.93894141402,-62.6915690272,40.));
#6448 = DIRECTION('',(0.,0.,1.));
#6449 = DIRECTION('',(-0.893195532791,-0.449668478106,0.));
#6450 = PCURVE('',#238,#6451);
#6451 = DEFINITIONAL_REPRESENTATION('',(#6452),#6460);
#6452 = ( BOUNDED_CURVE() B_SPLINE_CURVE(2,(#6453,#6454,#6455,#6456,
#6457,#6458,#6459),.UNSPECIFIED.,.T.,.F.) B_SPLINE_CURVE_WITH_KNOTS((1,2
    ,2,2,2,1),(-2.094395102393,0.,2.094395102393,4.188790204786,
6.28318530718,8.377580409573),.UNSPECIFIED.) CURVE() 
GEOMETRIC_REPRESENTATION_ITEM() RATIONAL_B_SPLINE_CURVE((1.,0.5,1.,0.5,
1.,0.5,1.)) REPRESENTATION_ITEM('') );
#6453 = CARTESIAN_POINT('',(-52.33792143928,-88.80102080374));
#6454 = CARTESIAN_POINT('',(-79.9870485371,-143.7216523617));
#6455 = CARTESIAN_POINT('',(-113.7251471093,-92.31649012357));
#6456 = CARTESIAN_POINT('',(-147.4632456815,-40.9113278854));
#6457 = CARTESIAN_POINT('',(-86.07602001148,-37.39585856557));
#6458 = CARTESIAN_POINT('',(-24.68879434147,-33.88038924575));
#6459 = CARTESIAN_POINT('',(-52.33792143928,-88.80102080374));
#6460 = ( GEOMETRIC_REPRESENTATION_CONTEXT(2) 
PARAMETRIC_REPRESENTATION_CONTEXT() REPRESENTATION_CONTEXT('2D SPACE',''
  ) );
#6461 = PCURVE('',#6462,#6467);
#6462 = CYLINDRICAL_SURFACE('',#6463,35.5);
#6463 = AXIS2_PLACEMENT_3D('',#6464,#6465,#6466);
#6464 = CARTESIAN_POINT('',(92.93894141402,-62.6915690272,7.5));
#6465 = DIRECTION('',(-0.,-0.,-1.));
#6466 = DIRECTION('',(-0.893195532791,-0.449668478106,0.));
#6467 = DEFINITIONAL_REPRESENTATION('',(#6468),#6472);
#6468 = LINE('',#6469,#6470);
#6469 = CARTESIAN_POINT('',(-0.,-32.5));
#6470 = VECTOR('',#6471,1.);
#6471 = DIRECTION('',(-1.,0.));
#6472 = ( GEOMETRIC_REPRESENTATION_CONTEXT(2) 
PARAMETRIC_REPRESENTATION_CONTEXT() REPRESENTATION_CONTEXT('2D SPACE',''
  ) );
#6473 = ORIENTED_EDGE('',*,*,#6474,.T.);
#6474 = EDGE_CURVE('',#6442,#6475,#6477,.T.);
#6475 = VERTEX_POINT('',#6476);
#6476 = CARTESIAN_POINT('',(68.47649999999,-39.66779999999,40.));
#6477 = SURFACE_CURVE('',#6478,(#6482,#6489),.PCURVE_S1.);
#6478 = LINE('',#6479,#6480);
#6479 = CARTESIAN_POINT('',(68.47649999999,-88.41779999999,40.));
#6480 = VECTOR('',#6481,1.);
#6481 = DIRECTION('',(0.,1.,0.));
#6482 = PCURVE('',#238,#6483);
#6483 = DEFINITIONAL_REPRESENTATION('',(#6484),#6488);
#6484 = LINE('',#6485,#6486);
#6485 = CARTESIAN_POINT('',(-59.58392143933,-98.56402080375));
#6486 = VECTOR('',#6487,1.);
#6487 = DIRECTION('',(0.,1.));
#6488 = ( GEOMETRIC_REPRESENTATION_CONTEXT(2) 
PARAMETRIC_REPRESENTATION_CONTEXT() REPRESENTATION_CONTEXT('2D SPACE',''
  ) );
#6489 = PCURVE('',#6490,#6495);
#6490 = PLANE('',#6491);
#6491 = AXIS2_PLACEMENT_3D('',#6492,#6493,#6494);
#6492 = CARTESIAN_POINT('',(68.47649999999,-88.41779999999,7.5));
#6493 = DIRECTION('',(-1.,0.,0.));
#6494 = DIRECTION('',(0.,1.,0.));
#6495 = DEFINITIONAL_REPRESENTATION('',(#6496),#6500);
#6496 = LINE('',#6497,#6498);
#6497 = CARTESIAN_POINT('',(0.,-32.5));
#6498 = VECTOR('',#6499,1.);
#6499 = DIRECTION('',(1.,0.));
#6500 = ( GEOMETRIC_REPRESENTATION_CONTEXT(2) 
PARAMETRIC_REPRESENTATION_CONTEXT() REPRESENTATION_CONTEXT('2D SPACE',''
  ) );
#6501 = ORIENTED_EDGE('',*,*,#6502,.T.);
#6502 = EDGE_CURVE('',#6475,#6503,#6505,.T.);
#6503 = VERTEX_POINT('',#6504);
#6504 = CARTESIAN_POINT('',(68.320500000031,-39.66779999999,40.));
#6505 = SURFACE_CURVE('',#6506,(#6510,#6517),.PCURVE_S1.);
#6506 = LINE('',#6507,#6508);
#6507 = CARTESIAN_POINT('',(68.47649999999,-39.66779999999,40.));
#6508 = VECTOR('',#6509,1.);
#6509 = DIRECTION('',(-1.,0.,0.));
#6510 = PCURVE('',#238,#6511);
#6511 = DEFINITIONAL_REPRESENTATION('',(#6512),#6516);
#6512 = LINE('',#6513,#6514);
#6513 = CARTESIAN_POINT('',(-59.58392143933,-49.81402080375));
#6514 = VECTOR('',#6515,1.);
#6515 = DIRECTION('',(1.,0.));
#6516 = ( GEOMETRIC_REPRESENTATION_CONTEXT(2) 
PARAMETRIC_REPRESENTATION_CONTEXT() REPRESENTATION_CONTEXT('2D SPACE',''
  ) );
#6517 = PCURVE('',#6518,#6523);
#6518 = PLANE('',#6519);
#6519 = AXIS2_PLACEMENT_3D('',#6520,#6521,#6522);
#6520 = CARTESIAN_POINT('',(68.47649999999,-39.66779999999,7.5));
#6521 = DIRECTION('',(0.,-1.,0.));
#6522 = DIRECTION('',(-1.,0.,0.));
#6523 = DEFINITIONAL_REPRESENTATION('',(#6524),#6528);
#6524 = LINE('',#6525,#6526);
#6525 = CARTESIAN_POINT('',(0.,-32.5));
#6526 = VECTOR('',#6527,1.);
#6527 = DIRECTION('',(1.,0.));
#6528 = ( GEOMETRIC_REPRESENTATION_CONTEXT(2) 
PARAMETRIC_REPRESENTATION_CONTEXT() REPRESENTATION_CONTEXT('2D SPACE',''
  ) );
#6529 = ORIENTED_EDGE('',*,*,#6530,.T.);
#6530 = EDGE_CURVE('',#6503,#6531,#6533,.T.);
#6531 = VERTEX_POINT('',#6532);
#6532 = CARTESIAN_POINT('',(68.320500000031,10.332200000004,40.));
#6533 = SURFACE_CURVE('',#6534,(#6538,#6545),.PCURVE_S1.);
#6534 = LINE('',#6535,#6536);
#6535 = CARTESIAN_POINT('',(68.320500000031,-39.66779999999,40.));
#6536 = VECTOR('',#6537,1.);
#6537 = DIRECTION('',(0.,1.,0.));
#6538 = PCURVE('',#238,#6539);
#6539 = DEFINITIONAL_REPRESENTATION('',(#6540),#6544);
#6540 = LINE('',#6541,#6542);
#6541 = CARTESIAN_POINT('',(-59.42792143937,-49.81402080375));
#6542 = VECTOR('',#6543,1.);
#6543 = DIRECTION('',(0.,1.));
#6544 = ( GEOMETRIC_REPRESENTATION_CONTEXT(2) 
PARAMETRIC_REPRESENTATION_CONTEXT() REPRESENTATION_CONTEXT('2D SPACE',''
  ) );
#6545 = PCURVE('',#6546,#6551);
#6546 = PLANE('',#6547);
#6547 = AXIS2_PLACEMENT_3D('',#6548,#6549,#6550);
#6548 = CARTESIAN_POINT('',(68.320500000031,-39.66779999999,7.5));
#6549 = DIRECTION('',(-1.,0.,0.));
#6550 = DIRECTION('',(0.,1.,0.));
#6551 = DEFINITIONAL_REPRESENTATION('',(#6552),#6556);
#6552 = LINE('',#6553,#6554);
#6553 = CARTESIAN_POINT('',(0.,-32.5));
#6554 = VECTOR('',#6555,1.);
#6555 = DIRECTION('',(1.,0.));
#6556 = ( GEOMETRIC_REPRESENTATION_CONTEXT(2) 
PARAMETRIC_REPRESENTATION_CONTEXT() REPRESENTATION_CONTEXT('2D SPACE',''
  ) );
#6557 = ORIENTED_EDGE('',*,*,#6558,.T.);
#6558 = EDGE_CURVE('',#6531,#6559,#6561,.T.);
#6559 = VERTEX_POINT('',#6560);
#6560 = CARTESIAN_POINT('',(67.968499999959,16.797200000001,40.));
#6561 = SURFACE_CURVE('',#6562,(#6566,#6573),.PCURVE_S1.);
#6562 = LINE('',#6563,#6564);
#6563 = CARTESIAN_POINT('',(68.320500000031,10.332200000004,40.));
#6564 = VECTOR('',#6565,1.);
#6565 = DIRECTION('',(-5.436649792333E-02,0.998521048303,0.));
#6566 = PCURVE('',#238,#6567);
#6567 = DEFINITIONAL_REPRESENTATION('',(#6568),#6572);
#6568 = LINE('',#6569,#6570);
#6569 = CARTESIAN_POINT('',(-59.42792143937,0.185979196246));
#6570 = VECTOR('',#6571,1.);
#6571 = DIRECTION('',(5.436649792333E-02,0.998521048303));
#6572 = ( GEOMETRIC_REPRESENTATION_CONTEXT(2) 
PARAMETRIC_REPRESENTATION_CONTEXT() REPRESENTATION_CONTEXT('2D SPACE',''
  ) );
#6573 = PCURVE('',#6574,#6579);
#6574 = PLANE('',#6575);
#6575 = AXIS2_PLACEMENT_3D('',#6576,#6577,#6578);
#6576 = CARTESIAN_POINT('',(68.320500000031,10.332200000004,7.5));
#6577 = DIRECTION('',(-0.998521048303,-5.436649792333E-02,0.));
#6578 = DIRECTION('',(-5.436649792333E-02,0.998521048303,0.));
#6579 = DEFINITIONAL_REPRESENTATION('',(#6580),#6584);
#6580 = LINE('',#6581,#6582);
#6581 = CARTESIAN_POINT('',(0.,-32.5));
#6582 = VECTOR('',#6583,1.);
#6583 = DIRECTION('',(1.,0.));
#6584 = ( GEOMETRIC_REPRESENTATION_CONTEXT(2) 
PARAMETRIC_REPRESENTATION_CONTEXT() REPRESENTATION_CONTEXT('2D SPACE',''
  ) );
#6585 = ORIENTED_EDGE('',*,*,#6586,.T.);
#6586 = EDGE_CURVE('',#6559,#6587,#6589,.T.);
#6587 = VERTEX_POINT('',#6588);
#6588 = CARTESIAN_POINT('',(66.953499999945,23.203200000018,40.));
#6589 = SURFACE_CURVE('',#6590,(#6594,#6601),.PCURVE_S1.);
#6590 = LINE('',#6591,#6592);
#6591 = CARTESIAN_POINT('',(67.968499999959,16.797200000001,40.));
#6592 = VECTOR('',#6593,1.);
#6593 = DIRECTION('',(-0.156493014591,0.987679065478,0.));
#6594 = PCURVE('',#238,#6595);
#6595 = DEFINITIONAL_REPRESENTATION('',(#6596),#6600);
#6596 = LINE('',#6597,#6598);
#6597 = CARTESIAN_POINT('',(-59.07592143929,6.650979196243));
#6598 = VECTOR('',#6599,1.);
#6599 = DIRECTION('',(0.156493014591,0.987679065478));
#6600 = ( GEOMETRIC_REPRESENTATION_CONTEXT(2) 
PARAMETRIC_REPRESENTATION_CONTEXT() REPRESENTATION_CONTEXT('2D SPACE',''
  ) );
#6601 = PCURVE('',#6602,#6607);
#6602 = PLANE('',#6603);
#6603 = AXIS2_PLACEMENT_3D('',#6604,#6605,#6606);
#6604 = CARTESIAN_POINT('',(67.968499999959,16.797200000001,7.5));
#6605 = DIRECTION('',(-0.987679065478,-0.156493014591,0.));
#6606 = DIRECTION('',(-0.156493014591,0.987679065478,0.));
#6607 = DEFINITIONAL_REPRESENTATION('',(#6608),#6612);
#6608 = LINE('',#6609,#6610);
#6609 = CARTESIAN_POINT('',(0.,-32.5));
#6610 = VECTOR('',#6611,1.);
#6611 = DIRECTION('',(1.,0.));
#6612 = ( GEOMETRIC_REPRESENTATION_CONTEXT(2) 
PARAMETRIC_REPRESENTATION_CONTEXT() REPRESENTATION_CONTEXT('2D SPACE',''
  ) );
#6613 = ORIENTED_EDGE('',*,*,#6614,.T.);
#6614 = EDGE_CURVE('',#6587,#6615,#6617,.T.);
#6615 = VERTEX_POINT('',#6616);
#6616 = CARTESIAN_POINT('',(65.23450000002,29.433199999999,40.));
#6617 = SURFACE_CURVE('',#6618,(#6622,#6629),.PCURVE_S1.);
#6618 = LINE('',#6619,#6620);
#6619 = CARTESIAN_POINT('',(66.953499999945,23.203200000018,40.));
#6620 = VECTOR('',#6621,1.);
#6621 = DIRECTION('',(-0.265983538425,0.963977570946,0.));
#6622 = PCURVE('',#238,#6623);
#6623 = DEFINITIONAL_REPRESENTATION('',(#6624),#6628);
#6624 = LINE('',#6625,#6626);
#6625 = CARTESIAN_POINT('',(-58.06092143928,13.05697919626));
#6626 = VECTOR('',#6627,1.);
#6627 = DIRECTION('',(0.265983538425,0.963977570946));
#6628 = ( GEOMETRIC_REPRESENTATION_CONTEXT(2) 
PARAMETRIC_REPRESENTATION_CONTEXT() REPRESENTATION_CONTEXT('2D SPACE',''
  ) );
#6629 = PCURVE('',#6630,#6635);
#6630 = PLANE('',#6631);
#6631 = AXIS2_PLACEMENT_3D('',#6632,#6633,#6634);
#6632 = CARTESIAN_POINT('',(66.953499999945,23.203200000018,7.5));
#6633 = DIRECTION('',(-0.963977570946,-0.265983538425,0.));
#6634 = DIRECTION('',(-0.265983538425,0.963977570946,0.));
#6635 = DEFINITIONAL_REPRESENTATION('',(#6636),#6640);
#6636 = LINE('',#6637,#6638);
#6637 = CARTESIAN_POINT('',(0.,-32.5));
#6638 = VECTOR('',#6639,1.);
#6639 = DIRECTION('',(1.,0.));
#6640 = ( GEOMETRIC_REPRESENTATION_CONTEXT(2) 
PARAMETRIC_REPRESENTATION_CONTEXT() REPRESENTATION_CONTEXT('2D SPACE',''
  ) );
#6641 = ORIENTED_EDGE('',*,*,#6642,.T.);
#6642 = EDGE_CURVE('',#6615,#6643,#6645,.T.);
#6643 = VERTEX_POINT('',#6644);
#6644 = CARTESIAN_POINT('',(62.8125,35.469200000021,40.));
#6645 = SURFACE_CURVE('',#6646,(#6650,#6657),.PCURVE_S1.);
#6646 = LINE('',#6647,#6648);
#6647 = CARTESIAN_POINT('',(65.23450000002,29.433199999999,40.));
#6648 = VECTOR('',#6649,1.);
#6649 = DIRECTION('',(-0.372397826809,0.928073196783,0.));
#6650 = PCURVE('',#238,#6651);
#6651 = DEFINITIONAL_REPRESENTATION('',(#6652),#6656);
#6652 = LINE('',#6653,#6654);
#6653 = CARTESIAN_POINT('',(-56.34192143936,19.286979196241));
#6654 = VECTOR('',#6655,1.);
#6655 = DIRECTION('',(0.372397826809,0.928073196783));
#6656 = ( GEOMETRIC_REPRESENTATION_CONTEXT(2) 
PARAMETRIC_REPRESENTATION_CONTEXT() REPRESENTATION_CONTEXT('2D SPACE',''
  ) );
#6657 = PCURVE('',#6658,#6663);
#6658 = PLANE('',#6659);
#6659 = AXIS2_PLACEMENT_3D('',#6660,#6661,#6662);
#6660 = CARTESIAN_POINT('',(65.23450000002,29.433199999999,7.5));
#6661 = DIRECTION('',(-0.928073196783,-0.372397826809,0.));
#6662 = DIRECTION('',(-0.372397826809,0.928073196783,0.));
#6663 = DEFINITIONAL_REPRESENTATION('',(#6664),#6668);
#6664 = LINE('',#6665,#6666);
#6665 = CARTESIAN_POINT('',(0.,-32.5));
#6666 = VECTOR('',#6667,1.);
#6667 = DIRECTION('',(1.,0.));
#6668 = ( GEOMETRIC_REPRESENTATION_CONTEXT(2) 
PARAMETRIC_REPRESENTATION_CONTEXT() REPRESENTATION_CONTEXT('2D SPACE',''
  ) );
#6669 = ORIENTED_EDGE('',*,*,#6670,.T.);
#6670 = EDGE_CURVE('',#6643,#6671,#6673,.T.);
#6671 = VERTEX_POINT('',#6672);
#6672 = CARTESIAN_POINT('',(59.804499999969,41.191200000001,40.));
#6673 = SURFACE_CURVE('',#6674,(#6678,#6685),.PCURVE_S1.);
#6674 = LINE('',#6675,#6676);
#6675 = CARTESIAN_POINT('',(62.8125,35.469200000021,40.));
#6676 = VECTOR('',#6677,1.);
#6677 = DIRECTION('',(-0.465312837325,0.885146294926,0.));
#6678 = PCURVE('',#238,#6679);
#6679 = DEFINITIONAL_REPRESENTATION('',(#6680),#6684);
#6680 = LINE('',#6681,#6682);
#6681 = CARTESIAN_POINT('',(-53.91992143934,25.322979196263));
#6682 = VECTOR('',#6683,1.);
#6683 = DIRECTION('',(0.465312837325,0.885146294926));
#6684 = ( GEOMETRIC_REPRESENTATION_CONTEXT(2) 
PARAMETRIC_REPRESENTATION_CONTEXT() REPRESENTATION_CONTEXT('2D SPACE',''
  ) );
#6685 = PCURVE('',#6686,#6691);
#6686 = PLANE('',#6687);
#6687 = AXIS2_PLACEMENT_3D('',#6688,#6689,#6690);
#6688 = CARTESIAN_POINT('',(62.8125,35.469200000021,7.5));
#6689 = DIRECTION('',(-0.885146294926,-0.465312837325,0.));
#6690 = DIRECTION('',(-0.465312837325,0.885146294926,0.));
#6691 = DEFINITIONAL_REPRESENTATION('',(#6692),#6696);
#6692 = LINE('',#6693,#6694);
#6693 = CARTESIAN_POINT('',(0.,-32.5));
#6694 = VECTOR('',#6695,1.);
#6695 = DIRECTION('',(1.,0.));
#6696 = ( GEOMETRIC_REPRESENTATION_CONTEXT(2) 
PARAMETRIC_REPRESENTATION_CONTEXT() REPRESENTATION_CONTEXT('2D SPACE',''
  ) );
#6697 = ORIENTED_EDGE('',*,*,#6698,.T.);
#6698 = EDGE_CURVE('',#6671,#6699,#6701,.T.);
#6699 = VERTEX_POINT('',#6700);
#6700 = CARTESIAN_POINT('',(56.171500000055,46.562200000015,40.));
#6701 = SURFACE_CURVE('',#6702,(#6706,#6713),.PCURVE_S1.);
#6702 = LINE('',#6703,#6704);
#6703 = CARTESIAN_POINT('',(59.804499999969,41.191200000001,40.));
#6704 = VECTOR('',#6705,1.);
#6705 = DIRECTION('',(-0.560275137157,0.828306568056,0.));
#6706 = PCURVE('',#238,#6707);
#6707 = DEFINITIONAL_REPRESENTATION('',(#6708),#6712);
#6708 = LINE('',#6709,#6710);
#6709 = CARTESIAN_POINT('',(-50.9119214393,31.044979196243));
#6710 = VECTOR('',#6711,1.);
#6711 = DIRECTION('',(0.560275137157,0.828306568056));
#6712 = ( GEOMETRIC_REPRESENTATION_CONTEXT(2) 
PARAMETRIC_REPRESENTATION_CONTEXT() REPRESENTATION_CONTEXT('2D SPACE',''
  ) );
#6713 = PCURVE('',#6714,#6719);
#6714 = PLANE('',#6715);
#6715 = AXIS2_PLACEMENT_3D('',#6716,#6717,#6718);
#6716 = CARTESIAN_POINT('',(59.804499999969,41.191200000001,7.5));
#6717 = DIRECTION('',(-0.828306568056,-0.560275137157,0.));
#6718 = DIRECTION('',(-0.560275137157,0.828306568056,0.));
#6719 = DEFINITIONAL_REPRESENTATION('',(#6720),#6724);
#6720 = LINE('',#6721,#6722);
#6721 = CARTESIAN_POINT('',(0.,-32.5));
#6722 = VECTOR('',#6723,1.);
#6723 = DIRECTION('',(1.,0.));
#6724 = ( GEOMETRIC_REPRESENTATION_CONTEXT(2) 
PARAMETRIC_REPRESENTATION_CONTEXT() REPRESENTATION_CONTEXT('2D SPACE',''
  ) );
#6725 = ORIENTED_EDGE('',*,*,#6726,.T.);
#6726 = EDGE_CURVE('',#6699,#6727,#6729,.T.);
#6727 = VERTEX_POINT('',#6728);
#6728 = CARTESIAN_POINT('',(51.992500000051,51.504199999996,40.));
#6729 = SURFACE_CURVE('',#6730,(#6734,#6741),.PCURVE_S1.);
#6730 = LINE('',#6731,#6732);
#6731 = CARTESIAN_POINT('',(56.171500000055,46.562200000015,40.));
#6732 = VECTOR('',#6733,1.);
#6733 = DIRECTION('',(-0.645699787098,0.763591373014,0.));
#6734 = PCURVE('',#238,#6735);
#6735 = DEFINITIONAL_REPRESENTATION('',(#6736),#6740);
#6736 = LINE('',#6737,#6738);
#6737 = CARTESIAN_POINT('',(-47.27892143939,36.415979196257));
#6738 = VECTOR('',#6739,1.);
#6739 = DIRECTION('',(0.645699787098,0.763591373014));
#6740 = ( GEOMETRIC_REPRESENTATION_CONTEXT(2) 
PARAMETRIC_REPRESENTATION_CONTEXT() REPRESENTATION_CONTEXT('2D SPACE',''
  ) );
#6741 = PCURVE('',#6742,#6747);
#6742 = PLANE('',#6743);
#6743 = AXIS2_PLACEMENT_3D('',#6744,#6745,#6746);
#6744 = CARTESIAN_POINT('',(56.171500000055,46.562200000015,7.5));
#6745 = DIRECTION('',(-0.763591373014,-0.645699787098,0.));
#6746 = DIRECTION('',(-0.645699787098,0.763591373014,0.));
#6747 = DEFINITIONAL_REPRESENTATION('',(#6748),#6752);
#6748 = LINE('',#6749,#6750);
#6749 = CARTESIAN_POINT('',(0.,-32.5));
#6750 = VECTOR('',#6751,1.);
#6751 = DIRECTION('',(1.,0.));
#6752 = ( GEOMETRIC_REPRESENTATION_CONTEXT(2) 
PARAMETRIC_REPRESENTATION_CONTEXT() REPRESENTATION_CONTEXT('2D SPACE',''
  ) );
#6753 = ORIENTED_EDGE('',*,*,#6754,.T.);
#6754 = EDGE_CURVE('',#6727,#6755,#6757,.T.);
#6755 = VERTEX_POINT('',#6756);
#6756 = CARTESIAN_POINT('',(47.304499999969,55.976200000005,40.));
#6757 = SURFACE_CURVE('',#6758,(#6762,#6769),.PCURVE_S1.);
#6758 = LINE('',#6759,#6760);
#6759 = CARTESIAN_POINT('',(51.992500000051,51.504199999996,40.));
#6760 = VECTOR('',#6761,1.);
#6761 = DIRECTION('',(-0.723579768335,0.690240768759,0.));
#6762 = PCURVE('',#238,#6763);
#6763 = DEFINITIONAL_REPRESENTATION('',(#6764),#6768);
#6764 = LINE('',#6765,#6766);
#6765 = CARTESIAN_POINT('',(-43.09992143939,41.357979196238));
#6766 = VECTOR('',#6767,1.);
#6767 = DIRECTION('',(0.723579768335,0.690240768759));
#6768 = ( GEOMETRIC_REPRESENTATION_CONTEXT(2) 
PARAMETRIC_REPRESENTATION_CONTEXT() REPRESENTATION_CONTEXT('2D SPACE',''
  ) );
#6769 = PCURVE('',#6770,#6775);
#6770 = PLANE('',#6771);
#6771 = AXIS2_PLACEMENT_3D('',#6772,#6773,#6774);
#6772 = CARTESIAN_POINT('',(51.992500000051,51.504199999996,7.5));
#6773 = DIRECTION('',(-0.690240768759,-0.723579768335,0.));
#6774 = DIRECTION('',(-0.723579768335,0.690240768759,0.));
#6775 = DEFINITIONAL_REPRESENTATION('',(#6776),#6780);
#6776 = LINE('',#6777,#6778);
#6777 = CARTESIAN_POINT('',(0.,-32.5));
#6778 = VECTOR('',#6779,1.);
#6779 = DIRECTION('',(1.,0.));
#6780 = ( GEOMETRIC_REPRESENTATION_CONTEXT(2) 
PARAMETRIC_REPRESENTATION_CONTEXT() REPRESENTATION_CONTEXT('2D SPACE',''
  ) );
#6781 = ORIENTED_EDGE('',*,*,#6782,.T.);
#6782 = EDGE_CURVE('',#6755,#6783,#6785,.T.);
#6783 = VERTEX_POINT('',#6784);
#6784 = CARTESIAN_POINT('',(42.1875,59.922200000001,40.));
#6785 = SURFACE_CURVE('',#6786,(#6790,#6797),.PCURVE_S1.);
#6786 = LINE('',#6787,#6788);
#6787 = CARTESIAN_POINT('',(47.304499999969,55.976200000005,40.));
#6788 = VECTOR('',#6789,1.);
#6789 = DIRECTION('',(-0.791887025046,0.61066761791,0.));
#6790 = PCURVE('',#238,#6791);
#6791 = DEFINITIONAL_REPRESENTATION('',(#6792),#6796);
#6792 = LINE('',#6793,#6794);
#6793 = CARTESIAN_POINT('',(-38.4119214393,45.829979196246));
#6794 = VECTOR('',#6795,1.);
#6795 = DIRECTION('',(0.791887025046,0.61066761791));
#6796 = ( GEOMETRIC_REPRESENTATION_CONTEXT(2) 
PARAMETRIC_REPRESENTATION_CONTEXT() REPRESENTATION_CONTEXT('2D SPACE',''
  ) );
#6797 = PCURVE('',#6798,#6803);
#6798 = PLANE('',#6799);
#6799 = AXIS2_PLACEMENT_3D('',#6800,#6801,#6802);
#6800 = CARTESIAN_POINT('',(47.304499999969,55.976200000005,7.5));
#6801 = DIRECTION('',(-0.61066761791,-0.791887025046,0.));
#6802 = DIRECTION('',(-0.791887025046,0.61066761791,0.));
#6803 = DEFINITIONAL_REPRESENTATION('',(#6804),#6808);
#6804 = LINE('',#6805,#6806);
#6805 = CARTESIAN_POINT('',(0.,-32.5));
#6806 = VECTOR('',#6807,1.);
#6807 = DIRECTION('',(1.,0.));
#6808 = ( GEOMETRIC_REPRESENTATION_CONTEXT(2) 
PARAMETRIC_REPRESENTATION_CONTEXT() REPRESENTATION_CONTEXT('2D SPACE',''
  ) );
#6809 = ORIENTED_EDGE('',*,*,#6810,.T.);
#6810 = EDGE_CURVE('',#6783,#3932,#6811,.T.);
#6811 = SURFACE_CURVE('',#6812,(#6816,#6823),.PCURVE_S1.);
#6812 = LINE('',#6813,#6814);
#6813 = CARTESIAN_POINT('',(42.1875,59.922200000001,40.));
#6814 = VECTOR('',#6815,1.);
#6815 = DIRECTION('',(-0.855390402726,0.517983840408,0.));
#6816 = PCURVE('',#238,#6817);
#6817 = DEFINITIONAL_REPRESENTATION('',(#6818),#6822);
#6818 = LINE('',#6819,#6820);
#6819 = CARTESIAN_POINT('',(-33.29492143934,49.775979196243));
#6820 = VECTOR('',#6821,1.);
#6821 = DIRECTION('',(0.855390402726,0.517983840408));
#6822 = ( GEOMETRIC_REPRESENTATION_CONTEXT(2) 
PARAMETRIC_REPRESENTATION_CONTEXT() REPRESENTATION_CONTEXT('2D SPACE',''
  ) );
#6823 = PCURVE('',#6824,#6829);
#6824 = PLANE('',#6825);
#6825 = AXIS2_PLACEMENT_3D('',#6826,#6827,#6828);
#6826 = CARTESIAN_POINT('',(42.1875,59.922200000001,7.5));
#6827 = DIRECTION('',(-0.517983840408,-0.855390402726,0.));
#6828 = DIRECTION('',(-0.855390402726,0.517983840408,0.));
#6829 = DEFINITIONAL_REPRESENTATION('',(#6830),#6834);
#6830 = LINE('',#6831,#6832);
#6831 = CARTESIAN_POINT('',(0.,-32.5));
#6832 = VECTOR('',#6833,1.);
#6833 = DIRECTION('',(1.,0.));
#6834 = ( GEOMETRIC_REPRESENTATION_CONTEXT(2) 
PARAMETRIC_REPRESENTATION_CONTEXT() REPRESENTATION_CONTEXT('2D SPACE',''
  ) );
#6835 = ADVANCED_FACE('',(#6836),#264,.T.);
#6836 = FACE_BOUND('',#6837,.T.);
#6837 = EDGE_LOOP('',(#6838,#6839,#6840,#6861));
#6838 = ORIENTED_EDGE('',*,*,#250,.T.);
#6839 = ORIENTED_EDGE('',*,*,#5521,.T.);
#6840 = ORIENTED_EDGE('',*,*,#6841,.F.);
#6841 = EDGE_CURVE('',#281,#5522,#6842,.T.);
#6842 = SURFACE_CURVE('',#6843,(#6847,#6854),.PCURVE_S1.);
#6843 = LINE('',#6844,#6845);
#6844 = CARTESIAN_POINT('',(-88.55469999997,40.918000000005,0.));
#6845 = VECTOR('',#6846,1.);
#6846 = DIRECTION('',(0.,0.,1.));
#6847 = PCURVE('',#264,#6848);
#6848 = DEFINITIONAL_REPRESENTATION('',(#6849),#6853);
#6849 = LINE('',#6850,#6851);
#6850 = CARTESIAN_POINT('',(75.58600000001,0.));
#6851 = VECTOR('',#6852,1.);
#6852 = DIRECTION('',(0.,-1.));
#6853 = ( GEOMETRIC_REPRESENTATION_CONTEXT(2) 
PARAMETRIC_REPRESENTATION_CONTEXT() REPRESENTATION_CONTEXT('2D SPACE',''
  ) );
#6854 = PCURVE('',#319,#6855);
#6855 = DEFINITIONAL_REPRESENTATION('',(#6856),#6860);
#6856 = LINE('',#6857,#6858);
#6857 = CARTESIAN_POINT('',(0.,0.));
#6858 = VECTOR('',#6859,1.);
#6859 = DIRECTION('',(0.,-1.));
#6860 = ( GEOMETRIC_REPRESENTATION_CONTEXT(2) 
PARAMETRIC_REPRESENTATION_CONTEXT() REPRESENTATION_CONTEXT('2D SPACE',''
  ) );
#6861 = ORIENTED_EDGE('',*,*,#280,.F.);
#6862 = ADVANCED_FACE('',(#6863),#319,.T.);
#6863 = FACE_BOUND('',#6864,.T.);
#6864 = EDGE_LOOP('',(#6865,#6866,#6867,#6888));
#6865 = ORIENTED_EDGE('',*,*,#6841,.T.);
#6866 = ORIENTED_EDGE('',*,*,#5544,.T.);
#6867 = ORIENTED_EDGE('',*,*,#6868,.F.);
#6868 = EDGE_CURVE('',#304,#5545,#6869,.T.);
#6869 = SURFACE_CURVE('',#6870,(#6874,#6881),.PCURVE_S1.);
#6870 = LINE('',#6871,#6872);
#6871 = CARTESIAN_POINT('',(-88.24219999997,46.503900000011,0.));
#6872 = VECTOR('',#6873,1.);
#6873 = DIRECTION('',(0.,0.,1.));
#6874 = PCURVE('',#319,#6875);
#6875 = DEFINITIONAL_REPRESENTATION('',(#6876),#6880);
#6876 = LINE('',#6877,#6878);
#6877 = CARTESIAN_POINT('',(5.594634488513,0.));
#6878 = VECTOR('',#6879,1.);
#6879 = DIRECTION('',(0.,-1.));
#6880 = ( GEOMETRIC_REPRESENTATION_CONTEXT(2) 
PARAMETRIC_REPRESENTATION_CONTEXT() REPRESENTATION_CONTEXT('2D SPACE',''
  ) );
#6881 = PCURVE('',#347,#6882);
#6882 = DEFINITIONAL_REPRESENTATION('',(#6883),#6887);
#6883 = LINE('',#6884,#6885);
#6884 = CARTESIAN_POINT('',(0.,0.));
#6885 = VECTOR('',#6886,1.);
#6886 = DIRECTION('',(0.,-1.));
#6887 = ( GEOMETRIC_REPRESENTATION_CONTEXT(2) 
PARAMETRIC_REPRESENTATION_CONTEXT() REPRESENTATION_CONTEXT('2D SPACE',''
  ) );
#6888 = ORIENTED_EDGE('',*,*,#303,.F.);
#6889 = ADVANCED_FACE('',(#6890),#347,.T.);
#6890 = FACE_BOUND('',#6891,.T.);
#6891 = EDGE_LOOP('',(#6892,#6893,#6894,#6915));
#6892 = ORIENTED_EDGE('',*,*,#6868,.T.);
#6893 = ORIENTED_EDGE('',*,*,#5567,.T.);
#6894 = ORIENTED_EDGE('',*,*,#6895,.F.);
#6895 = EDGE_CURVE('',#332,#5568,#6896,.T.);
#6896 = SURFACE_CURVE('',#6897,(#6901,#6908),.PCURVE_S1.);
#6897 = LINE('',#6898,#6899);
#6898 = CARTESIAN_POINT('',(-87.30469999997,52.031300000002,0.));
#6899 = VECTOR('',#6900,1.);
#6900 = DIRECTION('',(0.,0.,1.));
#6901 = PCURVE('',#347,#6902);
#6902 = DEFINITIONAL_REPRESENTATION('',(#6903),#6907);
#6903 = LINE('',#6904,#6905);
#6904 = CARTESIAN_POINT('',(5.606340786102,0.));
#6905 = VECTOR('',#6906,1.);
#6906 = DIRECTION('',(0.,-1.));
#6907 = ( GEOMETRIC_REPRESENTATION_CONTEXT(2) 
PARAMETRIC_REPRESENTATION_CONTEXT() REPRESENTATION_CONTEXT('2D SPACE',''
  ) );
#6908 = PCURVE('',#375,#6909);
#6909 = DEFINITIONAL_REPRESENTATION('',(#6910),#6914);
#6910 = LINE('',#6911,#6912);
#6911 = CARTESIAN_POINT('',(0.,0.));
#6912 = VECTOR('',#6913,1.);
#6913 = DIRECTION('',(0.,-1.));
#6914 = ( GEOMETRIC_REPRESENTATION_CONTEXT(2) 
PARAMETRIC_REPRESENTATION_CONTEXT() REPRESENTATION_CONTEXT('2D SPACE',''
  ) );
#6915 = ORIENTED_EDGE('',*,*,#331,.F.);
#6916 = ADVANCED_FACE('',(#6917),#375,.T.);
#6917 = FACE_BOUND('',#6918,.T.);
#6918 = EDGE_LOOP('',(#6919,#6920,#6921,#6942));
#6919 = ORIENTED_EDGE('',*,*,#6895,.T.);
#6920 = ORIENTED_EDGE('',*,*,#5590,.T.);
#6921 = ORIENTED_EDGE('',*,*,#6922,.F.);
#6922 = EDGE_CURVE('',#360,#5591,#6923,.T.);
#6923 = SURFACE_CURVE('',#6924,(#6928,#6935),.PCURVE_S1.);
#6924 = LINE('',#6925,#6926);
#6925 = CARTESIAN_POINT('',(-85.78130000003,57.421900000016,0.));
#6926 = VECTOR('',#6927,1.);
#6927 = DIRECTION('',(0.,0.,1.));
#6928 = PCURVE('',#375,#6929);
#6929 = DEFINITIONAL_REPRESENTATION('',(#6930),#6934);
#6930 = LINE('',#6931,#6932);
#6931 = CARTESIAN_POINT('',(5.601724370226,0.));
#6932 = VECTOR('',#6933,1.);
#6933 = DIRECTION('',(0.,-1.));
#6934 = ( GEOMETRIC_REPRESENTATION_CONTEXT(2) 
PARAMETRIC_REPRESENTATION_CONTEXT() REPRESENTATION_CONTEXT('2D SPACE',''
  ) );
#6935 = PCURVE('',#403,#6936);
#6936 = DEFINITIONAL_REPRESENTATION('',(#6937),#6941);
#6937 = LINE('',#6938,#6939);
#6938 = CARTESIAN_POINT('',(0.,0.));
#6939 = VECTOR('',#6940,1.);
#6940 = DIRECTION('',(0.,-1.));
#6941 = ( GEOMETRIC_REPRESENTATION_CONTEXT(2) 
PARAMETRIC_REPRESENTATION_CONTEXT() REPRESENTATION_CONTEXT('2D SPACE',''
  ) );
#6942 = ORIENTED_EDGE('',*,*,#359,.F.);
#6943 = ADVANCED_FACE('',(#6944),#403,.T.);
#6944 = FACE_BOUND('',#6945,.T.);
#6945 = EDGE_LOOP('',(#6946,#6947,#6948,#6969));
#6946 = ORIENTED_EDGE('',*,*,#6922,.T.);
#6947 = ORIENTED_EDGE('',*,*,#5613,.T.);
#6948 = ORIENTED_EDGE('',*,*,#6949,.F.);
#6949 = EDGE_CURVE('',#388,#5614,#6950,.T.);
#6950 = SURFACE_CURVE('',#6951,(#6955,#6962),.PCURVE_S1.);
#6951 = LINE('',#6952,#6953);
#6952 = CARTESIAN_POINT('',(-83.63280000002,62.597700000013,0.));
#6953 = VECTOR('',#6954,1.);
#6954 = DIRECTION('',(0.,0.,1.));
#6955 = PCURVE('',#403,#6956);
#6956 = DEFINITIONAL_REPRESENTATION('',(#6957),#6961);
#6957 = LINE('',#6958,#6959);
#6958 = CARTESIAN_POINT('',(5.604012659694,0.));
#6959 = VECTOR('',#6960,1.);
#6960 = DIRECTION('',(0.,-1.));
#6961 = ( GEOMETRIC_REPRESENTATION_CONTEXT(2) 
PARAMETRIC_REPRESENTATION_CONTEXT() REPRESENTATION_CONTEXT('2D SPACE',''
  ) );
#6962 = PCURVE('',#431,#6963);
#6963 = DEFINITIONAL_REPRESENTATION('',(#6964),#6968);
#6964 = LINE('',#6965,#6966);
#6965 = CARTESIAN_POINT('',(0.,0.));
#6966 = VECTOR('',#6967,1.);
#6967 = DIRECTION('',(0.,-1.));
#6968 = ( GEOMETRIC_REPRESENTATION_CONTEXT(2) 
PARAMETRIC_REPRESENTATION_CONTEXT() REPRESENTATION_CONTEXT('2D SPACE',''
  ) );
#6969 = ORIENTED_EDGE('',*,*,#387,.F.);
#6970 = ADVANCED_FACE('',(#6971),#431,.T.);
#6971 = FACE_BOUND('',#6972,.T.);
#6972 = EDGE_LOOP('',(#6973,#6974,#6975,#6996));
#6973 = ORIENTED_EDGE('',*,*,#6949,.T.);
#6974 = ORIENTED_EDGE('',*,*,#5636,.T.);
#6975 = ORIENTED_EDGE('',*,*,#6976,.F.);
#6976 = EDGE_CURVE('',#416,#5637,#6977,.T.);
#6977 = SURFACE_CURVE('',#6978,(#6982,#6989),.PCURVE_S1.);
#6978 = LINE('',#6979,#6980);
#6979 = CARTESIAN_POINT('',(-80.89839999994,67.519499999995,0.));
#6980 = VECTOR('',#6981,1.);
#6981 = DIRECTION('',(0.,0.,1.));
#6982 = PCURVE('',#431,#6983);
#6983 = DEFINITIONAL_REPRESENTATION('',(#6984),#6988);
#6984 = LINE('',#6985,#6986);
#6985 = CARTESIAN_POINT('',(5.630369312952,0.));
#6986 = VECTOR('',#6987,1.);
#6987 = DIRECTION('',(0.,-1.));
#6988 = ( GEOMETRIC_REPRESENTATION_CONTEXT(2) 
PARAMETRIC_REPRESENTATION_CONTEXT() REPRESENTATION_CONTEXT('2D SPACE',''
  ) );
#6989 = PCURVE('',#459,#6990);
#6990 = DEFINITIONAL_REPRESENTATION('',(#6991),#6995);
#6991 = LINE('',#6992,#6993);
#6992 = CARTESIAN_POINT('',(0.,0.));
#6993 = VECTOR('',#6994,1.);
#6994 = DIRECTION('',(0.,-1.));
#6995 = ( GEOMETRIC_REPRESENTATION_CONTEXT(2) 
PARAMETRIC_REPRESENTATION_CONTEXT() REPRESENTATION_CONTEXT('2D SPACE',''
  ) );
#6996 = ORIENTED_EDGE('',*,*,#415,.F.);
#6997 = ADVANCED_FACE('',(#6998),#459,.T.);
#6998 = FACE_BOUND('',#6999,.T.);
#6999 = EDGE_LOOP('',(#7000,#7001,#7002,#7023));
#7000 = ORIENTED_EDGE('',*,*,#6976,.T.);
#7001 = ORIENTED_EDGE('',*,*,#5659,.T.);
#7002 = ORIENTED_EDGE('',*,*,#7003,.F.);
#7003 = EDGE_CURVE('',#444,#5660,#7004,.T.);
#7004 = SURFACE_CURVE('',#7005,(#7009,#7016),.PCURVE_S1.);
#7005 = LINE('',#7006,#7007);
#7006 = CARTESIAN_POINT('',(-77.65630000003,72.089900000021,0.));
#7007 = VECTOR('',#7008,1.);
#7008 = DIRECTION('',(0.,0.,1.));
#7009 = PCURVE('',#459,#7010);
#7010 = DEFINITIONAL_REPRESENTATION('',(#7011),#7015);
#7011 = LINE('',#7012,#7013);
#7012 = CARTESIAN_POINT('',(5.603549640156,0.));
#7013 = VECTOR('',#7014,1.);
#7014 = DIRECTION('',(0.,-1.));
#7015 = ( GEOMETRIC_REPRESENTATION_CONTEXT(2) 
PARAMETRIC_REPRESENTATION_CONTEXT() REPRESENTATION_CONTEXT('2D SPACE',''
  ) );
#7016 = PCURVE('',#487,#7017);
#7017 = DEFINITIONAL_REPRESENTATION('',(#7018),#7022);
#7018 = LINE('',#7019,#7020);
#7019 = CARTESIAN_POINT('',(0.,0.));
#7020 = VECTOR('',#7021,1.);
#7021 = DIRECTION('',(0.,-1.));
#7022 = ( GEOMETRIC_REPRESENTATION_CONTEXT(2) 
PARAMETRIC_REPRESENTATION_CONTEXT() REPRESENTATION_CONTEXT('2D SPACE',''
  ) );
#7023 = ORIENTED_EDGE('',*,*,#443,.F.);
#7024 = ADVANCED_FACE('',(#7025),#487,.T.);
#7025 = FACE_BOUND('',#7026,.T.);
#7026 = EDGE_LOOP('',(#7027,#7028,#7029,#7050));
#7027 = ORIENTED_EDGE('',*,*,#7003,.T.);
#7028 = ORIENTED_EDGE('',*,*,#5682,.T.);
#7029 = ORIENTED_EDGE('',*,*,#7030,.F.);
#7030 = EDGE_CURVE('',#472,#5683,#7031,.T.);
#7031 = SURFACE_CURVE('',#7032,(#7036,#7043),.PCURVE_S1.);
#7032 = LINE('',#7033,#7034);
#7033 = CARTESIAN_POINT('',(-73.94530000002,76.269499999995,0.));
#7034 = VECTOR('',#7035,1.);
#7035 = DIRECTION('',(0.,0.,1.));
#7036 = PCURVE('',#487,#7037);
#7037 = DEFINITIONAL_REPRESENTATION('',(#7038),#7042);
#7038 = LINE('',#7039,#7040);
#7039 = CARTESIAN_POINT('',(5.589327075763,0.));
#7040 = VECTOR('',#7041,1.);
#7041 = DIRECTION('',(0.,-1.));
#7042 = ( GEOMETRIC_REPRESENTATION_CONTEXT(2) 
PARAMETRIC_REPRESENTATION_CONTEXT() REPRESENTATION_CONTEXT('2D SPACE',''
  ) );
#7043 = PCURVE('',#515,#7044);
#7044 = DEFINITIONAL_REPRESENTATION('',(#7045),#7049);
#7045 = LINE('',#7046,#7047);
#7046 = CARTESIAN_POINT('',(0.,0.));
#7047 = VECTOR('',#7048,1.);
#7048 = DIRECTION('',(0.,-1.));
#7049 = ( GEOMETRIC_REPRESENTATION_CONTEXT(2) 
PARAMETRIC_REPRESENTATION_CONTEXT() REPRESENTATION_CONTEXT('2D SPACE',''
  ) );
#7050 = ORIENTED_EDGE('',*,*,#471,.F.);
#7051 = ADVANCED_FACE('',(#7052),#515,.T.);
#7052 = FACE_BOUND('',#7053,.T.);
#7053 = EDGE_LOOP('',(#7054,#7055,#7056,#7077));
#7054 = ORIENTED_EDGE('',*,*,#7030,.T.);
#7055 = ORIENTED_EDGE('',*,*,#5705,.T.);
#7056 = ORIENTED_EDGE('',*,*,#7057,.F.);
#7057 = EDGE_CURVE('',#500,#5706,#7058,.T.);
#7058 = SURFACE_CURVE('',#7059,(#7063,#7070),.PCURVE_S1.);
#7059 = LINE('',#7060,#7061);
#7060 = CARTESIAN_POINT('',(-69.76560000004,80.,0.));
#7061 = VECTOR('',#7062,1.);
#7062 = DIRECTION('',(0.,0.,1.));
#7063 = PCURVE('',#515,#7064);
#7064 = DEFINITIONAL_REPRESENTATION('',(#7065),#7069);
#7065 = LINE('',#7066,#7067);
#7066 = CARTESIAN_POINT('',(5.60236756558,0.));
#7067 = VECTOR('',#7068,1.);
#7068 = DIRECTION('',(0.,-1.));
#7069 = ( GEOMETRIC_REPRESENTATION_CONTEXT(2) 
PARAMETRIC_REPRESENTATION_CONTEXT() REPRESENTATION_CONTEXT('2D SPACE',''
  ) );
#7070 = PCURVE('',#543,#7071);
#7071 = DEFINITIONAL_REPRESENTATION('',(#7072),#7076);
#7072 = LINE('',#7073,#7074);
#7073 = CARTESIAN_POINT('',(0.,0.));
#7074 = VECTOR('',#7075,1.);
#7075 = DIRECTION('',(0.,-1.));
#7076 = ( GEOMETRIC_REPRESENTATION_CONTEXT(2) 
PARAMETRIC_REPRESENTATION_CONTEXT() REPRESENTATION_CONTEXT('2D SPACE',''
  ) );
#7077 = ORIENTED_EDGE('',*,*,#499,.F.);
#7078 = ADVANCED_FACE('',(#7079),#543,.T.);
#7079 = FACE_BOUND('',#7080,.T.);
#7080 = EDGE_LOOP('',(#7081,#7082,#7083,#7104));
#7081 = ORIENTED_EDGE('',*,*,#7057,.T.);
#7082 = ORIENTED_EDGE('',*,*,#5728,.T.);
#7083 = ORIENTED_EDGE('',*,*,#7084,.F.);
#7084 = EDGE_CURVE('',#528,#5729,#7085,.T.);
#7085 = SURFACE_CURVE('',#7086,(#7090,#7097),.PCURVE_S1.);
#7086 = LINE('',#7087,#7088);
#7087 = CARTESIAN_POINT('',(-65.15630000003,83.242200000008,0.));
#7088 = VECTOR('',#7089,1.);
#7089 = DIRECTION('',(0.,0.,1.));
#7090 = PCURVE('',#543,#7091);
#7091 = DEFINITIONAL_REPRESENTATION('',(#7092),#7096);
#7092 = LINE('',#7093,#7094);
#7093 = CARTESIAN_POINT('',(5.635379963246,0.));
#7094 = VECTOR('',#7095,1.);
#7095 = DIRECTION('',(0.,-1.));
#7096 = ( GEOMETRIC_REPRESENTATION_CONTEXT(2) 
PARAMETRIC_REPRESENTATION_CONTEXT() REPRESENTATION_CONTEXT('2D SPACE',''
  ) );
#7097 = PCURVE('',#571,#7098);
#7098 = DEFINITIONAL_REPRESENTATION('',(#7099),#7103);
#7099 = LINE('',#7100,#7101);
#7100 = CARTESIAN_POINT('',(0.,0.));
#7101 = VECTOR('',#7102,1.);
#7102 = DIRECTION('',(0.,-1.));
#7103 = ( GEOMETRIC_REPRESENTATION_CONTEXT(2) 
PARAMETRIC_REPRESENTATION_CONTEXT() REPRESENTATION_CONTEXT('2D SPACE',''
  ) );
#7104 = ORIENTED_EDGE('',*,*,#527,.F.);
#7105 = ADVANCED_FACE('',(#7106),#571,.T.);
#7106 = FACE_BOUND('',#7107,.T.);
#7107 = EDGE_LOOP('',(#7108,#7109,#7110,#7131));
#7108 = ORIENTED_EDGE('',*,*,#7084,.T.);
#7109 = ORIENTED_EDGE('',*,*,#5751,.T.);
#7110 = ORIENTED_EDGE('',*,*,#7111,.F.);
#7111 = EDGE_CURVE('',#556,#5752,#7112,.T.);
#7112 = SURFACE_CURVE('',#7113,(#7117,#7124),.PCURVE_S1.);
#7113 = LINE('',#7114,#7115);
#7114 = CARTESIAN_POINT('',(-60.27339999994,85.956999999995,0.));
#7115 = VECTOR('',#7116,1.);
#7116 = DIRECTION('',(0.,0.,1.));
#7117 = PCURVE('',#571,#7118);
#7118 = DEFINITIONAL_REPRESENTATION('',(#7119),#7123);
#7119 = LINE('',#7120,#7121);
#7120 = CARTESIAN_POINT('',(5.586846288449,0.));
#7121 = VECTOR('',#7122,1.);
#7122 = DIRECTION('',(0.,-1.));
#7123 = ( GEOMETRIC_REPRESENTATION_CONTEXT(2) 
PARAMETRIC_REPRESENTATION_CONTEXT() REPRESENTATION_CONTEXT('2D SPACE',''
  ) );
#7124 = PCURVE('',#599,#7125);
#7125 = DEFINITIONAL_REPRESENTATION('',(#7126),#7130);
#7126 = LINE('',#7127,#7128);
#7127 = CARTESIAN_POINT('',(0.,0.));
#7128 = VECTOR('',#7129,1.);
#7129 = DIRECTION('',(0.,-1.));
#7130 = ( GEOMETRIC_REPRESENTATION_CONTEXT(2) 
PARAMETRIC_REPRESENTATION_CONTEXT() REPRESENTATION_CONTEXT('2D SPACE',''
  ) );
#7131 = ORIENTED_EDGE('',*,*,#555,.F.);
#7132 = ADVANCED_FACE('',(#7133),#599,.T.);
#7133 = FACE_BOUND('',#7134,.T.);
#7134 = EDGE_LOOP('',(#7135,#7136,#7137,#7158));
#7135 = ORIENTED_EDGE('',*,*,#7111,.T.);
#7136 = ORIENTED_EDGE('',*,*,#5774,.T.);
#7137 = ORIENTED_EDGE('',*,*,#7138,.F.);
#7138 = EDGE_CURVE('',#584,#5775,#7139,.T.);
#7139 = SURFACE_CURVE('',#7140,(#7144,#7151),.PCURVE_S1.);
#7140 = LINE('',#7141,#7142);
#7141 = CARTESIAN_POINT('',(-55.07810000004,88.105500000005,0.));
#7142 = VECTOR('',#7143,1.);
#7143 = DIRECTION('',(0.,0.,1.));
#7144 = PCURVE('',#599,#7145);
#7145 = DEFINITIONAL_REPRESENTATION('',(#7146),#7150);
#7146 = LINE('',#7147,#7148);
#7147 = CARTESIAN_POINT('',(5.622027600346,0.));
#7148 = VECTOR('',#7149,1.);
#7149 = DIRECTION('',(0.,-1.));
#7150 = ( GEOMETRIC_REPRESENTATION_CONTEXT(2) 
PARAMETRIC_REPRESENTATION_CONTEXT() REPRESENTATION_CONTEXT('2D SPACE',''
  ) );
#7151 = PCURVE('',#627,#7152);
#7152 = DEFINITIONAL_REPRESENTATION('',(#7153),#7157);
#7153 = LINE('',#7154,#7155);
#7154 = CARTESIAN_POINT('',(0.,0.));
#7155 = VECTOR('',#7156,1.);
#7156 = DIRECTION('',(0.,-1.));
#7157 = ( GEOMETRIC_REPRESENTATION_CONTEXT(2) 
PARAMETRIC_REPRESENTATION_CONTEXT() REPRESENTATION_CONTEXT('2D SPACE',''
  ) );
#7158 = ORIENTED_EDGE('',*,*,#583,.F.);
#7159 = ADVANCED_FACE('',(#7160),#627,.T.);
#7160 = FACE_BOUND('',#7161,.T.);
#7161 = EDGE_LOOP('',(#7162,#7163,#7164,#7185));
#7162 = ORIENTED_EDGE('',*,*,#7138,.T.);
#7163 = ORIENTED_EDGE('',*,*,#5797,.T.);
#7164 = ORIENTED_EDGE('',*,*,#7165,.F.);
#7165 = EDGE_CURVE('',#612,#5798,#7166,.T.);
#7166 = SURFACE_CURVE('',#7167,(#7171,#7178),.PCURVE_S1.);
#7167 = LINE('',#7168,#7169);
#7168 = CARTESIAN_POINT('',(-49.6875,89.648400000005,0.));
#7169 = VECTOR('',#7170,1.);
#7170 = DIRECTION('',(0.,0.,1.));
#7171 = PCURVE('',#627,#7172);
#7172 = DEFINITIONAL_REPRESENTATION('',(#7173),#7177);
#7173 = LINE('',#7174,#7175);
#7174 = CARTESIAN_POINT('',(5.607058834225,0.));
#7175 = VECTOR('',#7176,1.);
#7176 = DIRECTION('',(0.,-1.));
#7177 = ( GEOMETRIC_REPRESENTATION_CONTEXT(2) 
PARAMETRIC_REPRESENTATION_CONTEXT() REPRESENTATION_CONTEXT('2D SPACE',''
  ) );
#7178 = PCURVE('',#655,#7179);
#7179 = DEFINITIONAL_REPRESENTATION('',(#7180),#7184);
#7180 = LINE('',#7181,#7182);
#7181 = CARTESIAN_POINT('',(0.,0.));
#7182 = VECTOR('',#7183,1.);
#7183 = DIRECTION('',(0.,-1.));
#7184 = ( GEOMETRIC_REPRESENTATION_CONTEXT(2) 
PARAMETRIC_REPRESENTATION_CONTEXT() REPRESENTATION_CONTEXT('2D SPACE',''
  ) );
#7185 = ORIENTED_EDGE('',*,*,#611,.F.);
#7186 = ADVANCED_FACE('',(#7187),#655,.T.);
#7187 = FACE_BOUND('',#7188,.T.);
#7188 = EDGE_LOOP('',(#7189,#7190,#7191,#7212));
#7189 = ORIENTED_EDGE('',*,*,#7165,.T.);
#7190 = ORIENTED_EDGE('',*,*,#5820,.T.);
#7191 = ORIENTED_EDGE('',*,*,#7192,.F.);
#7192 = EDGE_CURVE('',#640,#5821,#7193,.T.);
#7193 = SURFACE_CURVE('',#7194,(#7198,#7205),.PCURVE_S1.);
#7194 = LINE('',#7195,#7196);
#7195 = CARTESIAN_POINT('',(-44.17969999997,90.58600000001,0.));
#7196 = VECTOR('',#7197,1.);
#7197 = DIRECTION('',(0.,0.,1.));
#7198 = PCURVE('',#655,#7199);
#7199 = DEFINITIONAL_REPRESENTATION('',(#7200),#7204);
#7200 = LINE('',#7201,#7202);
#7201 = CARTESIAN_POINT('',(5.587034508596,0.));
#7202 = VECTOR('',#7203,1.);
#7203 = DIRECTION('',(0.,-1.));
#7204 = ( GEOMETRIC_REPRESENTATION_CONTEXT(2) 
PARAMETRIC_REPRESENTATION_CONTEXT() REPRESENTATION_CONTEXT('2D SPACE',''
  ) );
#7205 = PCURVE('',#683,#7206);
#7206 = DEFINITIONAL_REPRESENTATION('',(#7207),#7211);
#7207 = LINE('',#7208,#7209);
#7208 = CARTESIAN_POINT('',(0.,0.));
#7209 = VECTOR('',#7210,1.);
#7210 = DIRECTION('',(0.,-1.));
#7211 = ( GEOMETRIC_REPRESENTATION_CONTEXT(2) 
PARAMETRIC_REPRESENTATION_CONTEXT() REPRESENTATION_CONTEXT('2D SPACE',''
  ) );
#7212 = ORIENTED_EDGE('',*,*,#639,.F.);
#7213 = ADVANCED_FACE('',(#7214),#683,.T.);
#7214 = FACE_BOUND('',#7215,.T.);
#7215 = EDGE_LOOP('',(#7216,#7217,#7218,#7239));
#7216 = ORIENTED_EDGE('',*,*,#7192,.T.);
#7217 = ORIENTED_EDGE('',*,*,#5843,.T.);
#7218 = ORIENTED_EDGE('',*,*,#7219,.F.);
#7219 = EDGE_CURVE('',#668,#5844,#7220,.T.);
#7220 = SURFACE_CURVE('',#7221,(#7225,#7232),.PCURVE_S1.);
#7221 = LINE('',#7222,#7223);
#7222 = CARTESIAN_POINT('',(-38.55469999997,90.918000000005,0.));
#7223 = VECTOR('',#7224,1.);
#7224 = DIRECTION('',(0.,0.,1.));
#7225 = PCURVE('',#683,#7226);
#7226 = DEFINITIONAL_REPRESENTATION('',(#7227),#7231);
#7227 = LINE('',#7228,#7229);
#7228 = CARTESIAN_POINT('',(5.634789170856,0.));
#7229 = VECTOR('',#7230,1.);
#7230 = DIRECTION('',(0.,-1.));
#7231 = ( GEOMETRIC_REPRESENTATION_CONTEXT(2) 
PARAMETRIC_REPRESENTATION_CONTEXT() REPRESENTATION_CONTEXT('2D SPACE',''
  ) );
#7232 = PCURVE('',#711,#7233);
#7233 = DEFINITIONAL_REPRESENTATION('',(#7234),#7238);
#7234 = LINE('',#7235,#7236);
#7235 = CARTESIAN_POINT('',(0.,0.));
#7236 = VECTOR('',#7237,1.);
#7237 = DIRECTION('',(0.,-1.));
#7238 = ( GEOMETRIC_REPRESENTATION_CONTEXT(2) 
PARAMETRIC_REPRESENTATION_CONTEXT() REPRESENTATION_CONTEXT('2D SPACE',''
  ) );
#7239 = ORIENTED_EDGE('',*,*,#667,.F.);
#7240 = ADVANCED_FACE('',(#7241),#711,.T.);
#7241 = FACE_BOUND('',#7242,.T.);
#7242 = EDGE_LOOP('',(#7243,#7244,#7245,#7266));
#7243 = ORIENTED_EDGE('',*,*,#7219,.T.);
#7244 = ORIENTED_EDGE('',*,*,#5866,.T.);
#7245 = ORIENTED_EDGE('',*,*,#7246,.F.);
#7246 = EDGE_CURVE('',#696,#5867,#7247,.T.);
#7247 = SURFACE_CURVE('',#7248,(#7252,#7259),.PCURVE_S1.);
#7248 = LINE('',#7249,#7250);
#7249 = CARTESIAN_POINT('',(38.554699999979,90.918000000005,0.));
#7250 = VECTOR('',#7251,1.);
#7251 = DIRECTION('',(0.,0.,1.));
#7252 = PCURVE('',#711,#7253);
#7253 = DEFINITIONAL_REPRESENTATION('',(#7254),#7258);
#7254 = LINE('',#7255,#7256);
#7255 = CARTESIAN_POINT('',(77.109399999958,0.));
#7256 = VECTOR('',#7257,1.);
#7257 = DIRECTION('',(0.,-1.));
#7258 = ( GEOMETRIC_REPRESENTATION_CONTEXT(2) 
PARAMETRIC_REPRESENTATION_CONTEXT() REPRESENTATION_CONTEXT('2D SPACE',''
  ) );
#7259 = PCURVE('',#739,#7260);
#7260 = DEFINITIONAL_REPRESENTATION('',(#7261),#7265);
#7261 = LINE('',#7262,#7263);
#7262 = CARTESIAN_POINT('',(0.,0.));
#7263 = VECTOR('',#7264,1.);
#7264 = DIRECTION('',(0.,-1.));
#7265 = ( GEOMETRIC_REPRESENTATION_CONTEXT(2) 
PARAMETRIC_REPRESENTATION_CONTEXT() REPRESENTATION_CONTEXT('2D SPACE',''
  ) );
#7266 = ORIENTED_EDGE('',*,*,#695,.F.);
#7267 = ADVANCED_FACE('',(#7268),#739,.T.);
#7268 = FACE_BOUND('',#7269,.T.);
#7269 = EDGE_LOOP('',(#7270,#7271,#7272,#7293));
#7270 = ORIENTED_EDGE('',*,*,#7246,.T.);
#7271 = ORIENTED_EDGE('',*,*,#5889,.T.);
#7272 = ORIENTED_EDGE('',*,*,#7273,.F.);
#7273 = EDGE_CURVE('',#724,#5890,#7274,.T.);
#7274 = SURFACE_CURVE('',#7275,(#7279,#7286),.PCURVE_S1.);
#7275 = LINE('',#7276,#7277);
#7276 = CARTESIAN_POINT('',(44.140600000042,90.58600000001,0.));
#7277 = VECTOR('',#7278,1.);
#7278 = DIRECTION('',(0.,0.,1.));
#7279 = PCURVE('',#739,#7280);
#7280 = DEFINITIONAL_REPRESENTATION('',(#7281),#7285);
#7281 = LINE('',#7282,#7283);
#7282 = CARTESIAN_POINT('',(5.595757572546,0.));
#7283 = VECTOR('',#7284,1.);
#7284 = DIRECTION('',(0.,-1.));
#7285 = ( GEOMETRIC_REPRESENTATION_CONTEXT(2) 
PARAMETRIC_REPRESENTATION_CONTEXT() REPRESENTATION_CONTEXT('2D SPACE',''
  ) );
#7286 = PCURVE('',#767,#7287);
#7287 = DEFINITIONAL_REPRESENTATION('',(#7288),#7292);
#7288 = LINE('',#7289,#7290);
#7289 = CARTESIAN_POINT('',(0.,0.));
#7290 = VECTOR('',#7291,1.);
#7291 = DIRECTION('',(0.,-1.));
#7292 = ( GEOMETRIC_REPRESENTATION_CONTEXT(2) 
PARAMETRIC_REPRESENTATION_CONTEXT() REPRESENTATION_CONTEXT('2D SPACE',''
  ) );
#7293 = ORIENTED_EDGE('',*,*,#723,.F.);
#7294 = ADVANCED_FACE('',(#7295),#767,.T.);
#7295 = FACE_BOUND('',#7296,.T.);
#7296 = EDGE_LOOP('',(#7297,#7298,#7299,#7320));
#7297 = ORIENTED_EDGE('',*,*,#7273,.T.);
#7298 = ORIENTED_EDGE('',*,*,#5912,.T.);
#7299 = ORIENTED_EDGE('',*,*,#7300,.F.);
#7300 = EDGE_CURVE('',#752,#5913,#7301,.T.);
#7301 = SURFACE_CURVE('',#7302,(#7306,#7313),.PCURVE_S1.);
#7302 = LINE('',#7303,#7304);
#7303 = CARTESIAN_POINT('',(49.6875,89.648400000005,0.));
#7304 = VECTOR('',#7305,1.);
#7305 = DIRECTION('',(0.,0.,1.));
#7306 = PCURVE('',#767,#7307);
#7307 = DEFINITIONAL_REPRESENTATION('',(#7308),#7312);
#7308 = LINE('',#7309,#7310);
#7309 = CARTESIAN_POINT('',(5.625583824772,0.));
#7310 = VECTOR('',#7311,1.);
#7311 = DIRECTION('',(0.,-1.));
#7312 = ( GEOMETRIC_REPRESENTATION_CONTEXT(2) 
PARAMETRIC_REPRESENTATION_CONTEXT() REPRESENTATION_CONTEXT('2D SPACE',''
  ) );
#7313 = PCURVE('',#795,#7314);
#7314 = DEFINITIONAL_REPRESENTATION('',(#7315),#7319);
#7315 = LINE('',#7316,#7317);
#7316 = CARTESIAN_POINT('',(0.,0.));
#7317 = VECTOR('',#7318,1.);
#7318 = DIRECTION('',(0.,-1.));
#7319 = ( GEOMETRIC_REPRESENTATION_CONTEXT(2) 
PARAMETRIC_REPRESENTATION_CONTEXT() REPRESENTATION_CONTEXT('2D SPACE',''
  ) );
#7320 = ORIENTED_EDGE('',*,*,#751,.F.);
#7321 = ADVANCED_FACE('',(#7322),#795,.T.);
#7322 = FACE_BOUND('',#7323,.T.);
#7323 = EDGE_LOOP('',(#7324,#7325,#7326,#7347));
#7324 = ORIENTED_EDGE('',*,*,#7300,.T.);
#7325 = ORIENTED_EDGE('',*,*,#5935,.T.);
#7326 = ORIENTED_EDGE('',*,*,#7327,.F.);
#7327 = EDGE_CURVE('',#780,#5936,#7328,.T.);
#7328 = SURFACE_CURVE('',#7329,(#7333,#7340),.PCURVE_S1.);
#7329 = LINE('',#7330,#7331);
#7330 = CARTESIAN_POINT('',(55.078100000042,88.105500000005,0.));
#7331 = VECTOR('',#7332,1.);
#7332 = DIRECTION('',(0.,0.,1.));
#7333 = PCURVE('',#795,#7334);
#7334 = DEFINITIONAL_REPRESENTATION('',(#7335),#7339);
#7335 = LINE('',#7336,#7337);
#7336 = CARTESIAN_POINT('',(5.607058834225,0.));
#7337 = VECTOR('',#7338,1.);
#7338 = DIRECTION('',(0.,-1.));
#7339 = ( GEOMETRIC_REPRESENTATION_CONTEXT(2) 
PARAMETRIC_REPRESENTATION_CONTEXT() REPRESENTATION_CONTEXT('2D SPACE',''
  ) );
#7340 = PCURVE('',#823,#7341);
#7341 = DEFINITIONAL_REPRESENTATION('',(#7342),#7346);
#7342 = LINE('',#7343,#7344);
#7343 = CARTESIAN_POINT('',(0.,0.));
#7344 = VECTOR('',#7345,1.);
#7345 = DIRECTION('',(0.,-1.));
#7346 = ( GEOMETRIC_REPRESENTATION_CONTEXT(2) 
PARAMETRIC_REPRESENTATION_CONTEXT() REPRESENTATION_CONTEXT('2D SPACE',''
  ) );
#7347 = ORIENTED_EDGE('',*,*,#779,.F.);
#7348 = ADVANCED_FACE('',(#7349),#823,.T.);
#7349 = FACE_BOUND('',#7350,.T.);
#7350 = EDGE_LOOP('',(#7351,#7352,#7353,#7374));
#7351 = ORIENTED_EDGE('',*,*,#7327,.T.);
#7352 = ORIENTED_EDGE('',*,*,#5958,.T.);
#7353 = ORIENTED_EDGE('',*,*,#7354,.F.);
#7354 = EDGE_CURVE('',#808,#5959,#7355,.T.);
#7355 = SURFACE_CURVE('',#7356,(#7360,#7367),.PCURVE_S1.);
#7356 = LINE('',#7357,#7358);
#7357 = CARTESIAN_POINT('',(60.234399999958,85.956999999995,0.));
#7358 = VECTOR('',#7359,1.);
#7359 = DIRECTION('',(0.,0.,1.));
#7360 = PCURVE('',#823,#7361);
#7361 = DEFINITIONAL_REPRESENTATION('',(#7362),#7366);
#7362 = LINE('',#7363,#7364);
#7363 = CARTESIAN_POINT('',(5.586007692366,0.));
#7364 = VECTOR('',#7365,1.);
#7365 = DIRECTION('',(0.,-1.));
#7366 = ( GEOMETRIC_REPRESENTATION_CONTEXT(2) 
PARAMETRIC_REPRESENTATION_CONTEXT() REPRESENTATION_CONTEXT('2D SPACE',''
  ) );
#7367 = PCURVE('',#851,#7368);
#7368 = DEFINITIONAL_REPRESENTATION('',(#7369),#7373);
#7369 = LINE('',#7370,#7371);
#7370 = CARTESIAN_POINT('',(0.,0.));
#7371 = VECTOR('',#7372,1.);
#7372 = DIRECTION('',(0.,-1.));
#7373 = ( GEOMETRIC_REPRESENTATION_CONTEXT(2) 
PARAMETRIC_REPRESENTATION_CONTEXT() REPRESENTATION_CONTEXT('2D SPACE',''
  ) );
#7374 = ORIENTED_EDGE('',*,*,#807,.F.);
#7375 = ADVANCED_FACE('',(#7376),#851,.T.);
#7376 = FACE_BOUND('',#7377,.T.);
#7377 = EDGE_LOOP('',(#7378,#7379,#7380,#7401));
#7378 = ORIENTED_EDGE('',*,*,#7354,.T.);
#7379 = ORIENTED_EDGE('',*,*,#5981,.T.);
#7380 = ORIENTED_EDGE('',*,*,#7381,.F.);
#7381 = EDGE_CURVE('',#836,#5982,#7382,.T.);
#7382 = SURFACE_CURVE('',#7383,(#7387,#7394),.PCURVE_S1.);
#7383 = LINE('',#7384,#7385);
#7384 = CARTESIAN_POINT('',(65.156300000031,83.242200000008,0.));
#7385 = VECTOR('',#7386,1.);
#7386 = DIRECTION('',(0.,0.,1.));
#7387 = PCURVE('',#851,#7388);
#7388 = DEFINITIONAL_REPRESENTATION('',(#7389),#7393);
#7389 = LINE('',#7390,#7391);
#7390 = CARTESIAN_POINT('',(5.620964210049,0.));
#7391 = VECTOR('',#7392,1.);
#7392 = DIRECTION('',(0.,-1.));
#7393 = ( GEOMETRIC_REPRESENTATION_CONTEXT(2) 
PARAMETRIC_REPRESENTATION_CONTEXT() REPRESENTATION_CONTEXT('2D SPACE',''
  ) );
#7394 = PCURVE('',#879,#7395);
#7395 = DEFINITIONAL_REPRESENTATION('',(#7396),#7400);
#7396 = LINE('',#7397,#7398);
#7397 = CARTESIAN_POINT('',(0.,0.));
#7398 = VECTOR('',#7399,1.);
#7399 = DIRECTION('',(0.,-1.));
#7400 = ( GEOMETRIC_REPRESENTATION_CONTEXT(2) 
PARAMETRIC_REPRESENTATION_CONTEXT() REPRESENTATION_CONTEXT('2D SPACE',''
  ) );
#7401 = ORIENTED_EDGE('',*,*,#835,.F.);
#7402 = ADVANCED_FACE('',(#7403),#879,.T.);
#7403 = FACE_BOUND('',#7404,.T.);
#7404 = EDGE_LOOP('',(#7405,#7406,#7407,#7428));
#7405 = ORIENTED_EDGE('',*,*,#7381,.T.);
#7406 = ORIENTED_EDGE('',*,*,#6004,.T.);
#7407 = ORIENTED_EDGE('',*,*,#7408,.F.);
#7408 = EDGE_CURVE('',#864,#6005,#7409,.T.);
#7409 = SURFACE_CURVE('',#7410,(#7414,#7421),.PCURVE_S1.);
#7410 = LINE('',#7411,#7412);
#7411 = CARTESIAN_POINT('',(69.726600000053,80.,0.));
#7412 = VECTOR('',#7413,1.);
#7413 = DIRECTION('',(0.,0.,1.));
#7414 = PCURVE('',#879,#7415);
#7415 = DEFINITIONAL_REPRESENTATION('',(#7416),#7420);
#7416 = LINE('',#7417,#7418);
#7417 = CARTESIAN_POINT('',(5.603525937322,0.));
#7418 = VECTOR('',#7419,1.);
#7419 = DIRECTION('',(0.,-1.));
#7420 = ( GEOMETRIC_REPRESENTATION_CONTEXT(2) 
PARAMETRIC_REPRESENTATION_CONTEXT() REPRESENTATION_CONTEXT('2D SPACE',''
  ) );
#7421 = PCURVE('',#907,#7422);
#7422 = DEFINITIONAL_REPRESENTATION('',(#7423),#7427);
#7423 = LINE('',#7424,#7425);
#7424 = CARTESIAN_POINT('',(0.,0.));
#7425 = VECTOR('',#7426,1.);
#7426 = DIRECTION('',(0.,-1.));
#7427 = ( GEOMETRIC_REPRESENTATION_CONTEXT(2) 
PARAMETRIC_REPRESENTATION_CONTEXT() REPRESENTATION_CONTEXT('2D SPACE',''
  ) );
#7428 = ORIENTED_EDGE('',*,*,#863,.F.);
#7429 = ADVANCED_FACE('',(#7430),#907,.T.);
#7430 = FACE_BOUND('',#7431,.T.);
#7431 = EDGE_LOOP('',(#7432,#7433,#7434,#7455));
#7432 = ORIENTED_EDGE('',*,*,#7408,.T.);
#7433 = ORIENTED_EDGE('',*,*,#6027,.T.);
#7434 = ORIENTED_EDGE('',*,*,#7435,.F.);
#7435 = EDGE_CURVE('',#892,#6028,#7436,.T.);
#7436 = SURFACE_CURVE('',#7437,(#7441,#7448),.PCURVE_S1.);
#7437 = LINE('',#7438,#7439);
#7438 = CARTESIAN_POINT('',(73.906300000031,76.269499999995,0.));
#7439 = VECTOR('',#7440,1.);
#7440 = DIRECTION('',(0.,0.,1.));
#7441 = PCURVE('',#907,#7442);
#7442 = DEFINITIONAL_REPRESENTATION('',(#7443),#7447);
#7443 = LINE('',#7444,#7445);
#7444 = CARTESIAN_POINT('',(5.60236756558,0.));
#7445 = VECTOR('',#7446,1.);
#7446 = DIRECTION('',(0.,-1.));
#7447 = ( GEOMETRIC_REPRESENTATION_CONTEXT(2) 
PARAMETRIC_REPRESENTATION_CONTEXT() REPRESENTATION_CONTEXT('2D SPACE',''
  ) );
#7448 = PCURVE('',#935,#7449);
#7449 = DEFINITIONAL_REPRESENTATION('',(#7450),#7454);
#7450 = LINE('',#7451,#7452);
#7451 = CARTESIAN_POINT('',(0.,0.));
#7452 = VECTOR('',#7453,1.);
#7453 = DIRECTION('',(0.,-1.));
#7454 = ( GEOMETRIC_REPRESENTATION_CONTEXT(2) 
PARAMETRIC_REPRESENTATION_CONTEXT() REPRESENTATION_CONTEXT('2D SPACE',''
  ) );
#7455 = ORIENTED_EDGE('',*,*,#891,.F.);
#7456 = ADVANCED_FACE('',(#7457),#935,.T.);
#7457 = FACE_BOUND('',#7458,.T.);
#7458 = EDGE_LOOP('',(#7459,#7460,#7461,#7482));
#7459 = ORIENTED_EDGE('',*,*,#7435,.T.);
#7460 = ORIENTED_EDGE('',*,*,#6050,.T.);
#7461 = ORIENTED_EDGE('',*,*,#7462,.F.);
#7462 = EDGE_CURVE('',#920,#6051,#7463,.T.);
#7463 = SURFACE_CURVE('',#7464,(#7468,#7475),.PCURVE_S1.);
#7464 = LINE('',#7465,#7466);
#7465 = CARTESIAN_POINT('',(77.656300000031,72.089900000021,0.));
#7466 = VECTOR('',#7467,1.);
#7467 = DIRECTION('',(0.,0.,1.));
#7468 = PCURVE('',#935,#7469);
#7469 = DEFINITIONAL_REPRESENTATION('',(#7470),#7474);
#7470 = LINE('',#7471,#7472);
#7471 = CARTESIAN_POINT('',(5.6152966226,0.));
#7472 = VECTOR('',#7473,1.);
#7473 = DIRECTION('',(0.,-1.));
#7474 = ( GEOMETRIC_REPRESENTATION_CONTEXT(2) 
PARAMETRIC_REPRESENTATION_CONTEXT() REPRESENTATION_CONTEXT('2D SPACE',''
  ) );
#7475 = PCURVE('',#963,#7476);
#7476 = DEFINITIONAL_REPRESENTATION('',(#7477),#7481);
#7477 = LINE('',#7478,#7479);
#7478 = CARTESIAN_POINT('',(0.,0.));
#7479 = VECTOR('',#7480,1.);
#7480 = DIRECTION('',(0.,-1.));
#7481 = ( GEOMETRIC_REPRESENTATION_CONTEXT(2) 
PARAMETRIC_REPRESENTATION_CONTEXT() REPRESENTATION_CONTEXT('2D SPACE',''
  ) );
#7482 = ORIENTED_EDGE('',*,*,#919,.F.);
#7483 = ADVANCED_FACE('',(#7484),#963,.T.);
#7484 = FACE_BOUND('',#7485,.T.);
#7485 = EDGE_LOOP('',(#7486,#7487,#7488,#7509));
#7486 = ORIENTED_EDGE('',*,*,#7462,.T.);
#7487 = ORIENTED_EDGE('',*,*,#6073,.T.);
#7488 = ORIENTED_EDGE('',*,*,#7489,.F.);
#7489 = EDGE_CURVE('',#948,#6074,#7490,.T.);
#7490 = SURFACE_CURVE('',#7491,(#7495,#7502),.PCURVE_S1.);
#7491 = LINE('',#7492,#7493);
#7492 = CARTESIAN_POINT('',(80.898399999947,67.519499999995,0.));
#7493 = VECTOR('',#7494,1.);
#7494 = DIRECTION('',(0.,0.,1.));
#7495 = PCURVE('',#963,#7496);
#7496 = DEFINITIONAL_REPRESENTATION('',(#7497),#7501);
#7497 = LINE('',#7498,#7499);
#7498 = CARTESIAN_POINT('',(5.603549640156,0.));
#7499 = VECTOR('',#7500,1.);
#7500 = DIRECTION('',(0.,-1.));
#7501 = ( GEOMETRIC_REPRESENTATION_CONTEXT(2) 
PARAMETRIC_REPRESENTATION_CONTEXT() REPRESENTATION_CONTEXT('2D SPACE',''
  ) );
#7502 = PCURVE('',#991,#7503);
#7503 = DEFINITIONAL_REPRESENTATION('',(#7504),#7508);
#7504 = LINE('',#7505,#7506);
#7505 = CARTESIAN_POINT('',(0.,0.));
#7506 = VECTOR('',#7507,1.);
#7507 = DIRECTION('',(0.,-1.));
#7508 = ( GEOMETRIC_REPRESENTATION_CONTEXT(2) 
PARAMETRIC_REPRESENTATION_CONTEXT() REPRESENTATION_CONTEXT('2D SPACE',''
  ) );
#7509 = ORIENTED_EDGE('',*,*,#947,.F.);
#7510 = ADVANCED_FACE('',(#7511),#991,.T.);
#7511 = FACE_BOUND('',#7512,.T.);
#7512 = EDGE_LOOP('',(#7513,#7514,#7515,#7536));
#7513 = ORIENTED_EDGE('',*,*,#7489,.T.);
#7514 = ORIENTED_EDGE('',*,*,#6096,.T.);
#7515 = ORIENTED_EDGE('',*,*,#7516,.F.);
#7516 = EDGE_CURVE('',#976,#6097,#7517,.T.);
#7517 = SURFACE_CURVE('',#7518,(#7522,#7529),.PCURVE_S1.);
#7518 = LINE('',#7519,#7520);
#7519 = CARTESIAN_POINT('',(83.593699999969,62.597700000013,0.));
#7520 = VECTOR('',#7521,1.);
#7521 = DIRECTION('',(0.,0.,1.));
#7522 = PCURVE('',#991,#7523);
#7523 = DEFINITIONAL_REPRESENTATION('',(#7524),#7528);
#7524 = LINE('',#7525,#7526);
#7525 = CARTESIAN_POINT('',(5.611484414122,0.));
#7526 = VECTOR('',#7527,1.);
#7527 = DIRECTION('',(0.,-1.));
#7528 = ( GEOMETRIC_REPRESENTATION_CONTEXT(2) 
PARAMETRIC_REPRESENTATION_CONTEXT() REPRESENTATION_CONTEXT('2D SPACE',''
  ) );
#7529 = PCURVE('',#1019,#7530);
#7530 = DEFINITIONAL_REPRESENTATION('',(#7531),#7535);
#7531 = LINE('',#7532,#7533);
#7532 = CARTESIAN_POINT('',(0.,0.));
#7533 = VECTOR('',#7534,1.);
#7534 = DIRECTION('',(0.,-1.));
#7535 = ( GEOMETRIC_REPRESENTATION_CONTEXT(2) 
PARAMETRIC_REPRESENTATION_CONTEXT() REPRESENTATION_CONTEXT('2D SPACE',''
  ) );
#7536 = ORIENTED_EDGE('',*,*,#975,.F.);
#7537 = ADVANCED_FACE('',(#7538),#1019,.T.);
#7538 = FACE_BOUND('',#7539,.T.);
#7539 = EDGE_LOOP('',(#7540,#7541,#7542,#7563));
#7540 = ORIENTED_EDGE('',*,*,#7516,.T.);
#7541 = ORIENTED_EDGE('',*,*,#6119,.T.);
#7542 = ORIENTED_EDGE('',*,*,#7543,.F.);
#7543 = EDGE_CURVE('',#1004,#6120,#7544,.T.);
#7544 = SURFACE_CURVE('',#7545,(#7549,#7556),.PCURVE_S1.);
#7545 = LINE('',#7546,#7547);
#7546 = CARTESIAN_POINT('',(85.742199999979,57.421900000016,0.));
#7547 = VECTOR('',#7548,1.);
#7548 = DIRECTION('',(0.,0.,1.));
#7549 = PCURVE('',#1019,#7550);
#7550 = DEFINITIONAL_REPRESENTATION('',(#7551),#7555);
#7551 = LINE('',#7552,#7553);
#7552 = CARTESIAN_POINT('',(5.604012659694,0.));
#7553 = VECTOR('',#7554,1.);
#7554 = DIRECTION('',(0.,-1.));
#7555 = ( GEOMETRIC_REPRESENTATION_CONTEXT(2) 
PARAMETRIC_REPRESENTATION_CONTEXT() REPRESENTATION_CONTEXT('2D SPACE',''
  ) );
#7556 = PCURVE('',#1047,#7557);
#7557 = DEFINITIONAL_REPRESENTATION('',(#7558),#7562);
#7558 = LINE('',#7559,#7560);
#7559 = CARTESIAN_POINT('',(0.,0.));
#7560 = VECTOR('',#7561,1.);
#7561 = DIRECTION('',(0.,-1.));
#7562 = ( GEOMETRIC_REPRESENTATION_CONTEXT(2) 
PARAMETRIC_REPRESENTATION_CONTEXT() REPRESENTATION_CONTEXT('2D SPACE',''
  ) );
#7563 = ORIENTED_EDGE('',*,*,#1003,.F.);
#7564 = ADVANCED_FACE('',(#7565),#1047,.T.);
#7565 = FACE_BOUND('',#7566,.T.);
#7566 = EDGE_LOOP('',(#7567,#7568,#7569,#7590));
#7567 = ORIENTED_EDGE('',*,*,#7543,.T.);
#7568 = ORIENTED_EDGE('',*,*,#6142,.T.);
#7569 = ORIENTED_EDGE('',*,*,#7570,.F.);
#7570 = EDGE_CURVE('',#1032,#6143,#7571,.T.);
#7571 = SURFACE_CURVE('',#7572,(#7576,#7583),.PCURVE_S1.);
#7572 = LINE('',#7573,#7574);
#7573 = CARTESIAN_POINT('',(87.304699999979,52.031300000002,0.));
#7574 = VECTOR('',#7575,1.);
#7575 = DIRECTION('',(0.,0.,1.));
#7576 = PCURVE('',#1047,#7577);
#7577 = DEFINITIONAL_REPRESENTATION('',(#7578),#7582);
#7578 = LINE('',#7579,#7580);
#7579 = CARTESIAN_POINT('',(5.612483818252,0.));
#7580 = VECTOR('',#7581,1.);
#7581 = DIRECTION('',(0.,-1.));
#7582 = ( GEOMETRIC_REPRESENTATION_CONTEXT(2) 
PARAMETRIC_REPRESENTATION_CONTEXT() REPRESENTATION_CONTEXT('2D SPACE',''
  ) );
#7583 = PCURVE('',#1075,#7584);
#7584 = DEFINITIONAL_REPRESENTATION('',(#7585),#7589);
#7585 = LINE('',#7586,#7587);
#7586 = CARTESIAN_POINT('',(0.,0.));
#7587 = VECTOR('',#7588,1.);
#7588 = DIRECTION('',(0.,-1.));
#7589 = ( GEOMETRIC_REPRESENTATION_CONTEXT(2) 
PARAMETRIC_REPRESENTATION_CONTEXT() REPRESENTATION_CONTEXT('2D SPACE',''
  ) );
#7590 = ORIENTED_EDGE('',*,*,#1031,.F.);
#7591 = ADVANCED_FACE('',(#7592),#1075,.T.);
#7592 = FACE_BOUND('',#7593,.T.);
#7593 = EDGE_LOOP('',(#7594,#7595,#7596,#7617));
#7594 = ORIENTED_EDGE('',*,*,#7570,.T.);
#7595 = ORIENTED_EDGE('',*,*,#6165,.T.);
#7596 = ORIENTED_EDGE('',*,*,#7597,.F.);
#7597 = EDGE_CURVE('',#1060,#6166,#7598,.T.);
#7598 = SURFACE_CURVE('',#7599,(#7603,#7610),.PCURVE_S1.);
#7599 = LINE('',#7600,#7601);
#7600 = CARTESIAN_POINT('',(88.242199999979,46.503900000011,0.));
#7601 = VECTOR('',#7602,1.);
#7602 = DIRECTION('',(0.,0.,1.));
#7603 = PCURVE('',#1075,#7604);
#7604 = DEFINITIONAL_REPRESENTATION('',(#7605),#7609);
#7605 = LINE('',#7606,#7607);
#7606 = CARTESIAN_POINT('',(5.606340786102,0.));
#7607 = VECTOR('',#7608,1.);
#7608 = DIRECTION('',(0.,-1.));
#7609 = ( GEOMETRIC_REPRESENTATION_CONTEXT(2) 
PARAMETRIC_REPRESENTATION_CONTEXT() REPRESENTATION_CONTEXT('2D SPACE',''
  ) );
#7610 = PCURVE('',#1103,#7611);
#7611 = DEFINITIONAL_REPRESENTATION('',(#7612),#7616);
#7612 = LINE('',#7613,#7614);
#7613 = CARTESIAN_POINT('',(0.,0.));
#7614 = VECTOR('',#7615,1.);
#7615 = DIRECTION('',(0.,-1.));
#7616 = ( GEOMETRIC_REPRESENTATION_CONTEXT(2) 
PARAMETRIC_REPRESENTATION_CONTEXT() REPRESENTATION_CONTEXT('2D SPACE',''
  ) );
#7617 = ORIENTED_EDGE('',*,*,#1059,.F.);
#7618 = ADVANCED_FACE('',(#7619),#1103,.T.);
#7619 = FACE_BOUND('',#7620,.T.);
#7620 = EDGE_LOOP('',(#7621,#7622,#7623,#7644));
#7621 = ORIENTED_EDGE('',*,*,#7597,.T.);
#7622 = ORIENTED_EDGE('',*,*,#6188,.T.);
#7623 = ORIENTED_EDGE('',*,*,#7624,.F.);
#7624 = EDGE_CURVE('',#1088,#6189,#7625,.T.);
#7625 = SURFACE_CURVE('',#7626,(#7630,#7637),.PCURVE_S1.);
#7626 = LINE('',#7627,#7628);
#7627 = CARTESIAN_POINT('',(88.554699999979,40.918000000005,0.));
#7628 = VECTOR('',#7629,1.);
#7629 = DIRECTION('',(0.,0.,1.));
#7630 = PCURVE('',#1103,#7631);
#7631 = DEFINITIONAL_REPRESENTATION('',(#7632),#7636);
#7632 = LINE('',#7633,#7634);
#7633 = CARTESIAN_POINT('',(5.594634488513,0.));
#7634 = VECTOR('',#7635,1.);
#7635 = DIRECTION('',(0.,-1.));
#7636 = ( GEOMETRIC_REPRESENTATION_CONTEXT(2) 
PARAMETRIC_REPRESENTATION_CONTEXT() REPRESENTATION_CONTEXT('2D SPACE',''
  ) );
#7637 = PCURVE('',#1131,#7638);
#7638 = DEFINITIONAL_REPRESENTATION('',(#7639),#7643);
#7639 = LINE('',#7640,#7641);
#7640 = CARTESIAN_POINT('',(0.,0.));
#7641 = VECTOR('',#7642,1.);
#7642 = DIRECTION('',(0.,-1.));
#7643 = ( GEOMETRIC_REPRESENTATION_CONTEXT(2) 
PARAMETRIC_REPRESENTATION_CONTEXT() REPRESENTATION_CONTEXT('2D SPACE',''
  ) );
#7644 = ORIENTED_EDGE('',*,*,#1087,.F.);
#7645 = ADVANCED_FACE('',(#7646),#1131,.T.);
#7646 = FACE_BOUND('',#7647,.T.);
#7647 = EDGE_LOOP('',(#7648,#7649,#7650,#7671));
#7648 = ORIENTED_EDGE('',*,*,#7624,.T.);
#7649 = ORIENTED_EDGE('',*,*,#6211,.T.);
#7650 = ORIENTED_EDGE('',*,*,#7651,.F.);
#7651 = EDGE_CURVE('',#1116,#6212,#7652,.T.);
#7652 = SURFACE_CURVE('',#7653,(#7657,#7664),.PCURVE_S1.);
#7653 = LINE('',#7654,#7655);
#7654 = CARTESIAN_POINT('',(88.554699999979,-50.85939999998,0.));
#7655 = VECTOR('',#7656,1.);
#7656 = DIRECTION('',(0.,0.,1.));
#7657 = PCURVE('',#1131,#7658);
#7658 = DEFINITIONAL_REPRESENTATION('',(#7659),#7663);
#7659 = LINE('',#7660,#7661);
#7660 = CARTESIAN_POINT('',(91.777399999992,0.));
#7661 = VECTOR('',#7662,1.);
#7662 = DIRECTION('',(0.,-1.));
#7663 = ( GEOMETRIC_REPRESENTATION_CONTEXT(2) 
PARAMETRIC_REPRESENTATION_CONTEXT() REPRESENTATION_CONTEXT('2D SPACE',''
  ) );
#7664 = PCURVE('',#1159,#7665);
#7665 = DEFINITIONAL_REPRESENTATION('',(#7666),#7670);
#7666 = LINE('',#7667,#7668);
#7667 = CARTESIAN_POINT('',(0.,0.));
#7668 = VECTOR('',#7669,1.);
#7669 = DIRECTION('',(0.,-1.));
#7670 = ( GEOMETRIC_REPRESENTATION_CONTEXT(2) 
PARAMETRIC_REPRESENTATION_CONTEXT() REPRESENTATION_CONTEXT('2D SPACE',''
  ) );
#7671 = ORIENTED_EDGE('',*,*,#1115,.F.);
#7672 = ADVANCED_FACE('',(#7673),#1159,.T.);
#7673 = FACE_BOUND('',#7674,.T.);
#7674 = EDGE_LOOP('',(#7675,#7676,#7677,#7698));
#7675 = ORIENTED_EDGE('',*,*,#7651,.T.);
#7676 = ORIENTED_EDGE('',*,*,#6234,.T.);
#7677 = ORIENTED_EDGE('',*,*,#7678,.F.);
#7678 = EDGE_CURVE('',#1144,#6235,#7679,.T.);
#7679 = SURFACE_CURVE('',#7680,(#7684,#7691),.PCURVE_S1.);
#7680 = LINE('',#7681,#7682);
#7681 = CARTESIAN_POINT('',(88.203100000042,-56.66009999997,0.));
#7682 = VECTOR('',#7683,1.);
#7683 = DIRECTION('',(0.,0.,1.));
#7684 = PCURVE('',#1159,#7685);
#7685 = DEFINITIONAL_REPRESENTATION('',(#7686),#7690);
#7686 = LINE('',#7687,#7688);
#7687 = CARTESIAN_POINT('',(5.811346061789,0.));
#7688 = VECTOR('',#7689,1.);
#7689 = DIRECTION('',(0.,-1.));
#7690 = ( GEOMETRIC_REPRESENTATION_CONTEXT(2) 
PARAMETRIC_REPRESENTATION_CONTEXT() REPRESENTATION_CONTEXT('2D SPACE',''
  ) );
#7691 = PCURVE('',#1187,#7692);
#7692 = DEFINITIONAL_REPRESENTATION('',(#7693),#7697);
#7693 = LINE('',#7694,#7695);
#7694 = CARTESIAN_POINT('',(0.,0.));
#7695 = VECTOR('',#7696,1.);
#7696 = DIRECTION('',(0.,-1.));
#7697 = ( GEOMETRIC_REPRESENTATION_CONTEXT(2) 
PARAMETRIC_REPRESENTATION_CONTEXT() REPRESENTATION_CONTEXT('2D SPACE',''
  ) );
#7698 = ORIENTED_EDGE('',*,*,#1143,.F.);
#7699 = ADVANCED_FACE('',(#7700),#1187,.T.);
#7700 = FACE_BOUND('',#7701,.T.);
#7701 = EDGE_LOOP('',(#7702,#7703,#7704,#7725));
#7702 = ORIENTED_EDGE('',*,*,#7678,.T.);
#7703 = ORIENTED_EDGE('',*,*,#6257,.T.);
#7704 = ORIENTED_EDGE('',*,*,#7705,.F.);
#7705 = EDGE_CURVE('',#1172,#6258,#7706,.T.);
#7706 = SURFACE_CURVE('',#7707,(#7711,#7718),.PCURVE_S1.);
#7707 = LINE('',#7708,#7709);
#7708 = CARTESIAN_POINT('',(87.226600000053,-62.36329999999,0.));
#7709 = VECTOR('',#7710,1.);
#7710 = DIRECTION('',(0.,0.,1.));
#7711 = PCURVE('',#1187,#7712);
#7712 = DEFINITIONAL_REPRESENTATION('',(#7713),#7717);
#7713 = LINE('',#7714,#7715);
#7714 = CARTESIAN_POINT('',(5.786194128284,0.));
#7715 = VECTOR('',#7716,1.);
#7716 = DIRECTION('',(0.,-1.));
#7717 = ( GEOMETRIC_REPRESENTATION_CONTEXT(2) 
PARAMETRIC_REPRESENTATION_CONTEXT() REPRESENTATION_CONTEXT('2D SPACE',''
  ) );
#7718 = PCURVE('',#1215,#7719);
#7719 = DEFINITIONAL_REPRESENTATION('',(#7720),#7724);
#7720 = LINE('',#7721,#7722);
#7721 = CARTESIAN_POINT('',(0.,0.));
#7722 = VECTOR('',#7723,1.);
#7723 = DIRECTION('',(0.,-1.));
#7724 = ( GEOMETRIC_REPRESENTATION_CONTEXT(2) 
PARAMETRIC_REPRESENTATION_CONTEXT() REPRESENTATION_CONTEXT('2D SPACE',''
  ) );
#7725 = ORIENTED_EDGE('',*,*,#1171,.F.);
#7726 = ADVANCED_FACE('',(#7727),#1215,.T.);
#7727 = FACE_BOUND('',#7728,.T.);
#7728 = EDGE_LOOP('',(#7729,#7730,#7731,#7752));
#7729 = ORIENTED_EDGE('',*,*,#7705,.T.);
#7730 = ORIENTED_EDGE('',*,*,#6280,.T.);
#7731 = ORIENTED_EDGE('',*,*,#7732,.F.);
#7732 = EDGE_CURVE('',#1200,#6281,#7733,.T.);
#7733 = SURFACE_CURVE('',#7734,(#7738,#7745),.PCURVE_S1.);
#7734 = LINE('',#7735,#7736);
#7735 = CARTESIAN_POINT('',(85.546899999958,-67.92969999997,0.));
#7736 = VECTOR('',#7737,1.);
#7737 = DIRECTION('',(0.,0.,1.));
#7738 = PCURVE('',#1215,#7739);
#7739 = DEFINITIONAL_REPRESENTATION('',(#7740),#7744);
#7740 = LINE('',#7741,#7742);
#7741 = CARTESIAN_POINT('',(5.814310023564,0.));
#7742 = VECTOR('',#7743,1.);
#7743 = DIRECTION('',(0.,-1.));
#7744 = ( GEOMETRIC_REPRESENTATION_CONTEXT(2) 
PARAMETRIC_REPRESENTATION_CONTEXT() REPRESENTATION_CONTEXT('2D SPACE',''
  ) );
#7745 = PCURVE('',#1243,#7746);
#7746 = DEFINITIONAL_REPRESENTATION('',(#7747),#7751);
#7747 = LINE('',#7748,#7749);
#7748 = CARTESIAN_POINT('',(0.,0.));
#7749 = VECTOR('',#7750,1.);
#7750 = DIRECTION('',(0.,-1.));
#7751 = ( GEOMETRIC_REPRESENTATION_CONTEXT(2) 
PARAMETRIC_REPRESENTATION_CONTEXT() REPRESENTATION_CONTEXT('2D SPACE',''
  ) );
#7752 = ORIENTED_EDGE('',*,*,#1199,.F.);
#7753 = ADVANCED_FACE('',(#7754),#1243,.T.);
#7754 = FACE_BOUND('',#7755,.T.);
#7755 = EDGE_LOOP('',(#7756,#7757,#7758,#7779));
#7756 = ORIENTED_EDGE('',*,*,#7732,.T.);
#7757 = ORIENTED_EDGE('',*,*,#6303,.T.);
#7758 = ORIENTED_EDGE('',*,*,#7759,.F.);
#7759 = EDGE_CURVE('',#1228,#6304,#7760,.T.);
#7760 = SURFACE_CURVE('',#7761,(#7765,#7772),.PCURVE_S1.);
#7761 = LINE('',#7762,#7763);
#7762 = CARTESIAN_POINT('',(83.242199999979,-73.2617,0.));
#7763 = VECTOR('',#7764,1.);
#7764 = DIRECTION('',(0.,0.,1.));
#7765 = PCURVE('',#1243,#7766);
#7766 = DEFINITIONAL_REPRESENTATION('',(#7767),#7771);
#7767 = LINE('',#7768,#7769);
#7768 = CARTESIAN_POINT('',(5.80877492163,0.));
#7769 = VECTOR('',#7770,1.);
#7770 = DIRECTION('',(0.,-1.));
#7771 = ( GEOMETRIC_REPRESENTATION_CONTEXT(2) 
PARAMETRIC_REPRESENTATION_CONTEXT() REPRESENTATION_CONTEXT('2D SPACE',''
  ) );
#7772 = PCURVE('',#1271,#7773);
#7773 = DEFINITIONAL_REPRESENTATION('',(#7774),#7778);
#7774 = LINE('',#7775,#7776);
#7775 = CARTESIAN_POINT('',(0.,0.));
#7776 = VECTOR('',#7777,1.);
#7777 = DIRECTION('',(0.,-1.));
#7778 = ( GEOMETRIC_REPRESENTATION_CONTEXT(2) 
PARAMETRIC_REPRESENTATION_CONTEXT() REPRESENTATION_CONTEXT('2D SPACE',''
  ) );
#7779 = ORIENTED_EDGE('',*,*,#1227,.F.);
#7780 = ADVANCED_FACE('',(#7781),#1271,.T.);
#7781 = FACE_BOUND('',#7782,.T.);
#7782 = EDGE_LOOP('',(#7783,#7784,#7785,#7806));
#7783 = ORIENTED_EDGE('',*,*,#7759,.T.);
#7784 = ORIENTED_EDGE('',*,*,#6326,.T.);
#7785 = ORIENTED_EDGE('',*,*,#7786,.F.);
#7786 = EDGE_CURVE('',#1256,#6327,#7787,.T.);
#7787 = SURFACE_CURVE('',#7788,(#7792,#7799),.PCURVE_S1.);
#7788 = LINE('',#7789,#7790);
#7789 = CARTESIAN_POINT('',(80.351600000053,-78.28119999999,0.));
#7790 = VECTOR('',#7791,1.);
#7791 = DIRECTION('',(0.,0.,1.));
#7792 = PCURVE('',#1271,#7793);
#7793 = DEFINITIONAL_REPRESENTATION('',(#7794),#7798);
#7794 = LINE('',#7795,#7796);
#7795 = CARTESIAN_POINT('',(5.792318068746,0.));
#7796 = VECTOR('',#7797,1.);
#7797 = DIRECTION('',(0.,-1.));
#7798 = ( GEOMETRIC_REPRESENTATION_CONTEXT(2) 
PARAMETRIC_REPRESENTATION_CONTEXT() REPRESENTATION_CONTEXT('2D SPACE',''
  ) );
#7799 = PCURVE('',#1299,#7800);
#7800 = DEFINITIONAL_REPRESENTATION('',(#7801),#7805);
#7801 = LINE('',#7802,#7803);
#7802 = CARTESIAN_POINT('',(0.,0.));
#7803 = VECTOR('',#7804,1.);
#7804 = DIRECTION('',(0.,-1.));
#7805 = ( GEOMETRIC_REPRESENTATION_CONTEXT(2) 
PARAMETRIC_REPRESENTATION_CONTEXT() REPRESENTATION_CONTEXT('2D SPACE',''
  ) );
#7806 = ORIENTED_EDGE('',*,*,#1255,.F.);
#7807 = ADVANCED_FACE('',(#7808),#1299,.T.);
#7808 = FACE_BOUND('',#7809,.T.);
#7809 = EDGE_LOOP('',(#7810,#7811,#7812,#7833));
#7810 = ORIENTED_EDGE('',*,*,#7786,.T.);
#7811 = ORIENTED_EDGE('',*,*,#6349,.T.);
#7812 = ORIENTED_EDGE('',*,*,#7813,.F.);
#7813 = EDGE_CURVE('',#1284,#6350,#7814,.T.);
#7814 = SURFACE_CURVE('',#7815,(#7819,#7826),.PCURVE_S1.);
#7815 = LINE('',#7816,#7817);
#7816 = CARTESIAN_POINT('',(76.914100000053,-82.9492,0.));
#7817 = VECTOR('',#7818,1.);
#7818 = DIRECTION('',(0.,0.,1.));
#7819 = PCURVE('',#1299,#7820);
#7820 = DEFINITIONAL_REPRESENTATION('',(#7821),#7825);
#7821 = LINE('',#7822,#7823);
#7822 = CARTESIAN_POINT('',(5.797122583666,0.));
#7823 = VECTOR('',#7824,1.);
#7824 = DIRECTION('',(0.,-1.));
#7825 = ( GEOMETRIC_REPRESENTATION_CONTEXT(2) 
PARAMETRIC_REPRESENTATION_CONTEXT() REPRESENTATION_CONTEXT('2D SPACE',''
  ) );
#7826 = PCURVE('',#1327,#7827);
#7827 = DEFINITIONAL_REPRESENTATION('',(#7828),#7832);
#7828 = LINE('',#7829,#7830);
#7829 = CARTESIAN_POINT('',(0.,0.));
#7830 = VECTOR('',#7831,1.);
#7831 = DIRECTION('',(0.,-1.));
#7832 = ( GEOMETRIC_REPRESENTATION_CONTEXT(2) 
PARAMETRIC_REPRESENTATION_CONTEXT() REPRESENTATION_CONTEXT('2D SPACE',''
  ) );
#7833 = ORIENTED_EDGE('',*,*,#1283,.F.);
#7834 = ADVANCED_FACE('',(#7835),#1327,.T.);
#7835 = FACE_BOUND('',#7836,.T.);
#7836 = EDGE_LOOP('',(#7837,#7838,#7839,#7860));
#7837 = ORIENTED_EDGE('',*,*,#7813,.T.);
#7838 = ORIENTED_EDGE('',*,*,#6372,.T.);
#7839 = ORIENTED_EDGE('',*,*,#7840,.F.);
#7840 = EDGE_CURVE('',#1312,#6373,#7841,.T.);
#7841 = SURFACE_CURVE('',#7842,(#7846,#7853),.PCURVE_S1.);
#7842 = LINE('',#7843,#7844);
#7843 = CARTESIAN_POINT('',(72.929699999979,-87.168,0.));
#7844 = VECTOR('',#7845,1.);
#7845 = DIRECTION('',(0.,0.,1.));
#7846 = PCURVE('',#1327,#7847);
#7847 = DEFINITIONAL_REPRESENTATION('',(#7848),#7852);
#7848 = LINE('',#7849,#7850);
#7849 = CARTESIAN_POINT('',(5.802905892793,0.));
#7850 = VECTOR('',#7851,1.);
#7851 = DIRECTION('',(0.,-1.));
#7852 = ( GEOMETRIC_REPRESENTATION_CONTEXT(2) 
PARAMETRIC_REPRESENTATION_CONTEXT() REPRESENTATION_CONTEXT('2D SPACE',''
  ) );
#7853 = PCURVE('',#1355,#7854);
#7854 = DEFINITIONAL_REPRESENTATION('',(#7855),#7859);
#7855 = LINE('',#7856,#7857);
#7856 = CARTESIAN_POINT('',(0.,0.));
#7857 = VECTOR('',#7858,1.);
#7858 = DIRECTION('',(0.,-1.));
#7859 = ( GEOMETRIC_REPRESENTATION_CONTEXT(2) 
PARAMETRIC_REPRESENTATION_CONTEXT() REPRESENTATION_CONTEXT('2D SPACE',''
  ) );
#7860 = ORIENTED_EDGE('',*,*,#1311,.F.);
#7861 = ADVANCED_FACE('',(#7862),#1355,.T.);
#7862 = FACE_BOUND('',#7863,.T.);
#7863 = EDGE_LOOP('',(#7864,#7865,#7866,#7887));
#7864 = ORIENTED_EDGE('',*,*,#7840,.T.);
#7865 = ORIENTED_EDGE('',*,*,#6395,.T.);
#7866 = ORIENTED_EDGE('',*,*,#7867,.F.);
#7867 = EDGE_CURVE('',#1340,#6396,#7868,.T.);
#7868 = SURFACE_CURVE('',#7869,(#7873,#7880),.PCURVE_S1.);
#7869 = LINE('',#7870,#7871);
#7870 = CARTESIAN_POINT('',(68.476600000053,-90.918,0.));
#7871 = VECTOR('',#7872,1.);
#7872 = DIRECTION('',(0.,0.,1.));
#7873 = PCURVE('',#1355,#7874);
#7874 = DEFINITIONAL_REPRESENTATION('',(#7875),#7879);
#7875 = LINE('',#7876,#7877);
#7876 = CARTESIAN_POINT('',(5.821735102986,0.));
#7877 = VECTOR('',#7878,1.);
#7878 = DIRECTION('',(0.,-1.));
#7879 = ( GEOMETRIC_REPRESENTATION_CONTEXT(2) 
PARAMETRIC_REPRESENTATION_CONTEXT() REPRESENTATION_CONTEXT('2D SPACE',''
  ) );
#7880 = PCURVE('',#1383,#7881);
#7881 = DEFINITIONAL_REPRESENTATION('',(#7882),#7886);
#7882 = LINE('',#7883,#7884);
#7883 = CARTESIAN_POINT('',(0.,0.));
#7884 = VECTOR('',#7885,1.);
#7885 = DIRECTION('',(0.,-1.));
#7886 = ( GEOMETRIC_REPRESENTATION_CONTEXT(2) 
PARAMETRIC_REPRESENTATION_CONTEXT() REPRESENTATION_CONTEXT('2D SPACE',''
  ) );
#7887 = ORIENTED_EDGE('',*,*,#1339,.F.);
#7888 = ADVANCED_FACE('',(#7889),#1383,.T.);
#7889 = FACE_BOUND('',#7890,.T.);
#7890 = EDGE_LOOP('',(#7891,#7892,#7893,#7894,#7915,#7943));
#7891 = ORIENTED_EDGE('',*,*,#1367,.F.);
#7892 = ORIENTED_EDGE('',*,*,#7867,.T.);
#7893 = ORIENTED_EDGE('',*,*,#6418,.T.);
#7894 = ORIENTED_EDGE('',*,*,#7895,.T.);
#7895 = EDGE_CURVE('',#6419,#7896,#7898,.T.);
#7896 = VERTEX_POINT('',#7897);
#7897 = CARTESIAN_POINT('',(68.395290779599,-88.34033534326,7.5));
#7898 = SURFACE_CURVE('',#7899,(#7903,#7909),.PCURVE_S1.);
#7899 = LINE('',#7900,#7901);
#7900 = CARTESIAN_POINT('',(68.395290779599,-88.34033534326,7.5));
#7901 = VECTOR('',#7902,1.);
#7902 = DIRECTION('',(-0.,-0.,-1.));
#7903 = PCURVE('',#1383,#7904);
#7904 = DEFINITIONAL_REPRESENTATION('',(#7905),#7908);
#7905 = B_SPLINE_CURVE_WITH_KNOTS('',1,(#7906,#7907),.UNSPECIFIED.,.F.,
  .F.,(2,2),(-32.5000006,5.999999999062E-07),.PIECEWISE_BEZIER_KNOTS.);
#7906 = CARTESIAN_POINT('',(2.578946736936,-40.0000006));
#7907 = CARTESIAN_POINT('',(2.578946736936,-7.4999994));
#7908 = ( GEOMETRIC_REPRESENTATION_CONTEXT(2) 
PARAMETRIC_REPRESENTATION_CONTEXT() REPRESENTATION_CONTEXT('2D SPACE',''
  ) );
#7909 = PCURVE('',#6462,#7910);
#7910 = DEFINITIONAL_REPRESENTATION('',(#7911),#7914);
#7911 = B_SPLINE_CURVE_WITH_KNOTS('',1,(#7912,#7913),.UNSPECIFIED.,.F.,
  .F.,(2,2),(-32.5000006,5.999999999062E-07),.PIECEWISE_BEZIER_KNOTS.);
#7912 = CARTESIAN_POINT('',(-0.341018048589,-32.5000006));
#7913 = CARTESIAN_POINT('',(-0.341018048589,5.999999999062E-07));
#7914 = ( GEOMETRIC_REPRESENTATION_CONTEXT(2) 
PARAMETRIC_REPRESENTATION_CONTEXT() REPRESENTATION_CONTEXT('2D SPACE',''
  ) );
#7915 = ORIENTED_EDGE('',*,*,#7916,.F.);
#7916 = EDGE_CURVE('',#7917,#7896,#7919,.T.);
#7917 = VERTEX_POINT('',#7918);
#7918 = CARTESIAN_POINT('',(68.281300000031,-84.72659999999,7.5));
#7919 = SURFACE_CURVE('',#7920,(#7924,#7931),.PCURVE_S1.);
#7920 = LINE('',#7921,#7922);
#7921 = CARTESIAN_POINT('',(68.281300000031,-84.72659999999,7.5));
#7922 = VECTOR('',#7923,1.);
#7923 = DIRECTION('',(3.152807279382E-02,-0.999502866742,0.));
#7924 = PCURVE('',#1383,#7925);
#7925 = DEFINITIONAL_REPRESENTATION('',(#7926),#7930);
#7926 = LINE('',#7927,#7928);
#7927 = CARTESIAN_POINT('',(6.194479481776,-7.5));
#7928 = VECTOR('',#7929,1.);
#7929 = DIRECTION('',(-1.,-0.));
#7930 = ( GEOMETRIC_REPRESENTATION_CONTEXT(2) 
PARAMETRIC_REPRESENTATION_CONTEXT() REPRESENTATION_CONTEXT('2D SPACE',''
  ) );
#7931 = PCURVE('',#7932,#7937);
#7932 = PLANE('',#7933);
#7933 = AXIS2_PLACEMENT_3D('',#7934,#7935,#7936);
#7934 = CARTESIAN_POINT('',(-41.21528900089,-3.856402122259,7.5));
#7935 = DIRECTION('',(0.,0.,1.));
#7936 = DIRECTION('',(1.,0.,0.));
#7937 = DEFINITIONAL_REPRESENTATION('',(#7938),#7942);
#7938 = LINE('',#7939,#7940);
#7939 = CARTESIAN_POINT('',(109.49658900092,-80.87019787773));
#7940 = VECTOR('',#7941,1.);
#7941 = DIRECTION('',(3.152807279382E-02,-0.999502866742));
#7942 = ( GEOMETRIC_REPRESENTATION_CONTEXT(2) 
PARAMETRIC_REPRESENTATION_CONTEXT() REPRESENTATION_CONTEXT('2D SPACE',''
  ) );
#7943 = ORIENTED_EDGE('',*,*,#7944,.F.);
#7944 = EDGE_CURVE('',#1368,#7917,#7945,.T.);
#7945 = SURFACE_CURVE('',#7946,(#7950,#7957),.PCURVE_S1.);
#7946 = LINE('',#7947,#7948);
#7947 = CARTESIAN_POINT('',(68.281300000031,-84.72659999999,0.));
#7948 = VECTOR('',#7949,1.);
#7949 = DIRECTION('',(0.,0.,1.));
#7950 = PCURVE('',#1383,#7951);
#7951 = DEFINITIONAL_REPRESENTATION('',(#7952),#7956);
#7952 = LINE('',#7953,#7954);
#7953 = CARTESIAN_POINT('',(6.194479481776,0.));
#7954 = VECTOR('',#7955,1.);
#7955 = DIRECTION('',(0.,-1.));
#7956 = ( GEOMETRIC_REPRESENTATION_CONTEXT(2) 
PARAMETRIC_REPRESENTATION_CONTEXT() REPRESENTATION_CONTEXT('2D SPACE',''
  ) );
#7957 = PCURVE('',#1411,#7958);
#7958 = DEFINITIONAL_REPRESENTATION('',(#7959),#7963);
#7959 = LINE('',#7960,#7961);
#7960 = CARTESIAN_POINT('',(0.,0.));
#7961 = VECTOR('',#7962,1.);
#7962 = DIRECTION('',(0.,-1.));
#7963 = ( GEOMETRIC_REPRESENTATION_CONTEXT(2) 
PARAMETRIC_REPRESENTATION_CONTEXT() REPRESENTATION_CONTEXT('2D SPACE',''
  ) );
#7964 = ADVANCED_FACE('',(#7965),#1411,.T.);
#7965 = FACE_BOUND('',#7966,.T.);
#7966 = EDGE_LOOP('',(#7967,#7968,#7969,#7992));
#7967 = ORIENTED_EDGE('',*,*,#1395,.F.);
#7968 = ORIENTED_EDGE('',*,*,#7944,.T.);
#7969 = ORIENTED_EDGE('',*,*,#7970,.F.);
#7970 = EDGE_CURVE('',#7971,#7917,#7973,.T.);
#7971 = VERTEX_POINT('',#7972);
#7972 = CARTESIAN_POINT('',(67.382800000021,-78.59369999999,7.5));
#7973 = SURFACE_CURVE('',#7974,(#7978,#7985),.PCURVE_S1.);
#7974 = LINE('',#7975,#7976);
#7975 = CARTESIAN_POINT('',(67.382800000021,-78.59369999999,7.5));
#7976 = VECTOR('',#7977,1.);
#7977 = DIRECTION('',(0.144957513668,-0.989437880431,0.));
#7978 = PCURVE('',#1411,#7979);
#7979 = DEFINITIONAL_REPRESENTATION('',(#7980),#7984);
#7980 = LINE('',#7981,#7982);
#7981 = CARTESIAN_POINT('',(6.198367902923,-7.5));
#7982 = VECTOR('',#7983,1.);
#7983 = DIRECTION('',(-1.,-0.));
#7984 = ( GEOMETRIC_REPRESENTATION_CONTEXT(2) 
PARAMETRIC_REPRESENTATION_CONTEXT() REPRESENTATION_CONTEXT('2D SPACE',''
  ) );
#7985 = PCURVE('',#7932,#7986);
#7986 = DEFINITIONAL_REPRESENTATION('',(#7987),#7991);
#7987 = LINE('',#7988,#7989);
#7988 = CARTESIAN_POINT('',(108.59808900091,-74.73729787773));
#7989 = VECTOR('',#7990,1.);
#7990 = DIRECTION('',(0.144957513668,-0.989437880431));
#7991 = ( GEOMETRIC_REPRESENTATION_CONTEXT(2) 
PARAMETRIC_REPRESENTATION_CONTEXT() REPRESENTATION_CONTEXT('2D SPACE',''
  ) );
#7992 = ORIENTED_EDGE('',*,*,#7993,.F.);
#7993 = EDGE_CURVE('',#1396,#7971,#7994,.T.);
#7994 = SURFACE_CURVE('',#7995,(#7999,#8006),.PCURVE_S1.);
#7995 = LINE('',#7996,#7997);
#7996 = CARTESIAN_POINT('',(67.382800000021,-78.59369999999,0.));
#7997 = VECTOR('',#7998,1.);
#7998 = DIRECTION('',(0.,0.,1.));
#7999 = PCURVE('',#1411,#8000);
#8000 = DEFINITIONAL_REPRESENTATION('',(#8001),#8005);
#8001 = LINE('',#8002,#8003);
#8002 = CARTESIAN_POINT('',(6.198367902923,0.));
#8003 = VECTOR('',#8004,1.);
#8004 = DIRECTION('',(0.,-1.));
#8005 = ( GEOMETRIC_REPRESENTATION_CONTEXT(2) 
PARAMETRIC_REPRESENTATION_CONTEXT() REPRESENTATION_CONTEXT('2D SPACE',''
  ) );
#8006 = PCURVE('',#1439,#8007);
#8007 = DEFINITIONAL_REPRESENTATION('',(#8008),#8012);
#8008 = LINE('',#8009,#8010);
#8009 = CARTESIAN_POINT('',(0.,0.));
#8010 = VECTOR('',#8011,1.);
#8011 = DIRECTION('',(0.,-1.));
#8012 = ( GEOMETRIC_REPRESENTATION_CONTEXT(2) 
PARAMETRIC_REPRESENTATION_CONTEXT() REPRESENTATION_CONTEXT('2D SPACE',''
  ) );
#8013 = ADVANCED_FACE('',(#8014),#1439,.T.);
#8014 = FACE_BOUND('',#8015,.T.);
#8015 = EDGE_LOOP('',(#8016,#8017,#8018,#8041));
#8016 = ORIENTED_EDGE('',*,*,#1423,.F.);
#8017 = ORIENTED_EDGE('',*,*,#7993,.T.);
#8018 = ORIENTED_EDGE('',*,*,#8019,.F.);
#8019 = EDGE_CURVE('',#8020,#7971,#8022,.T.);
#8020 = VERTEX_POINT('',#8021);
#8021 = CARTESIAN_POINT('',(65.781300000031,-72.59759999997,7.5));
#8022 = SURFACE_CURVE('',#8023,(#8027,#8034),.PCURVE_S1.);
#8023 = LINE('',#8024,#8025);
#8024 = CARTESIAN_POINT('',(65.781300000031,-72.59759999997,7.5));
#8025 = VECTOR('',#8026,1.);
#8026 = DIRECTION('',(0.258044721782,-0.966132973022,0.));
#8027 = PCURVE('',#1439,#8028);
#8028 = DEFINITIONAL_REPRESENTATION('',(#8029),#8033);
#8029 = LINE('',#8030,#8031);
#8030 = CARTESIAN_POINT('',(6.206288541487,-7.5));
#8031 = VECTOR('',#8032,1.);
#8032 = DIRECTION('',(-1.,-0.));
#8033 = ( GEOMETRIC_REPRESENTATION_CONTEXT(2) 
PARAMETRIC_REPRESENTATION_CONTEXT() REPRESENTATION_CONTEXT('2D SPACE',''
  ) );
#8034 = PCURVE('',#7932,#8035);
#8035 = DEFINITIONAL_REPRESENTATION('',(#8036),#8040);
#8036 = LINE('',#8037,#8038);
#8037 = CARTESIAN_POINT('',(106.99658900092,-68.74119787772));
#8038 = VECTOR('',#8039,1.);
#8039 = DIRECTION('',(0.258044721782,-0.966132973022));
#8040 = ( GEOMETRIC_REPRESENTATION_CONTEXT(2) 
PARAMETRIC_REPRESENTATION_CONTEXT() REPRESENTATION_CONTEXT('2D SPACE',''
  ) );
#8041 = ORIENTED_EDGE('',*,*,#8042,.F.);
#8042 = EDGE_CURVE('',#1424,#8020,#8043,.T.);
#8043 = SURFACE_CURVE('',#8044,(#8048,#8055),.PCURVE_S1.);
#8044 = LINE('',#8045,#8046);
#8045 = CARTESIAN_POINT('',(65.781300000031,-72.59759999997,0.));
#8046 = VECTOR('',#8047,1.);
#8047 = DIRECTION('',(0.,0.,1.));
#8048 = PCURVE('',#1439,#8049);
#8049 = DEFINITIONAL_REPRESENTATION('',(#8050),#8054);
#8050 = LINE('',#8051,#8052);
#8051 = CARTESIAN_POINT('',(6.206288541487,0.));
#8052 = VECTOR('',#8053,1.);
#8053 = DIRECTION('',(0.,-1.));
#8054 = ( GEOMETRIC_REPRESENTATION_CONTEXT(2) 
PARAMETRIC_REPRESENTATION_CONTEXT() REPRESENTATION_CONTEXT('2D SPACE',''
  ) );
#8055 = PCURVE('',#1467,#8056);
#8056 = DEFINITIONAL_REPRESENTATION('',(#8057),#8061);
#8057 = LINE('',#8058,#8059);
#8058 = CARTESIAN_POINT('',(0.,0.));
#8059 = VECTOR('',#8060,1.);
#8060 = DIRECTION('',(0.,-1.));
#8061 = ( GEOMETRIC_REPRESENTATION_CONTEXT(2) 
PARAMETRIC_REPRESENTATION_CONTEXT() REPRESENTATION_CONTEXT('2D SPACE',''
  ) );
#8062 = ADVANCED_FACE('',(#8063),#1467,.T.);
#8063 = FACE_BOUND('',#8064,.T.);
#8064 = EDGE_LOOP('',(#8065,#8066,#8067,#8090));
#8065 = ORIENTED_EDGE('',*,*,#1451,.F.);
#8066 = ORIENTED_EDGE('',*,*,#8042,.T.);
#8067 = ORIENTED_EDGE('',*,*,#8068,.F.);
#8068 = EDGE_CURVE('',#8069,#8020,#8071,.T.);
#8069 = VERTEX_POINT('',#8070);
#8070 = CARTESIAN_POINT('',(63.554699999979,-66.81639999998,7.5));
#8071 = SURFACE_CURVE('',#8072,(#8076,#8083),.PCURVE_S1.);
#8072 = LINE('',#8073,#8074);
#8073 = CARTESIAN_POINT('',(63.554699999979,-66.81639999998,7.5));
#8074 = VECTOR('',#8075,1.);
#8075 = DIRECTION('',(0.359409540075,-0.933179930401,0.));
#8076 = PCURVE('',#1467,#8077);
#8077 = DEFINITIONAL_REPRESENTATION('',(#8078),#8082);
#8078 = LINE('',#8079,#8080);
#8079 = CARTESIAN_POINT('',(6.195161095582,-7.5));
#8080 = VECTOR('',#8081,1.);
#8081 = DIRECTION('',(-1.,-0.));
#8082 = ( GEOMETRIC_REPRESENTATION_CONTEXT(2) 
PARAMETRIC_REPRESENTATION_CONTEXT() REPRESENTATION_CONTEXT('2D SPACE',''
  ) );
#8083 = PCURVE('',#7932,#8084);
#8084 = DEFINITIONAL_REPRESENTATION('',(#8085),#8089);
#8085 = LINE('',#8086,#8087);
#8086 = CARTESIAN_POINT('',(104.76998900087,-62.95999787772));
#8087 = VECTOR('',#8088,1.);
#8088 = DIRECTION('',(0.359409540075,-0.933179930401));
#8089 = ( GEOMETRIC_REPRESENTATION_CONTEXT(2) 
PARAMETRIC_REPRESENTATION_CONTEXT() REPRESENTATION_CONTEXT('2D SPACE',''
  ) );
#8090 = ORIENTED_EDGE('',*,*,#8091,.F.);
#8091 = EDGE_CURVE('',#1452,#8069,#8092,.T.);
#8092 = SURFACE_CURVE('',#8093,(#8097,#8104),.PCURVE_S1.);
#8093 = LINE('',#8094,#8095);
#8094 = CARTESIAN_POINT('',(63.554699999979,-66.81639999998,0.));
#8095 = VECTOR('',#8096,1.);
#8096 = DIRECTION('',(0.,0.,1.));
#8097 = PCURVE('',#1467,#8098);
#8098 = DEFINITIONAL_REPRESENTATION('',(#8099),#8103);
#8099 = LINE('',#8100,#8101);
#8100 = CARTESIAN_POINT('',(6.195161095582,0.));
#8101 = VECTOR('',#8102,1.);
#8102 = DIRECTION('',(0.,-1.));
#8103 = ( GEOMETRIC_REPRESENTATION_CONTEXT(2) 
PARAMETRIC_REPRESENTATION_CONTEXT() REPRESENTATION_CONTEXT('2D SPACE',''
  ) );
#8104 = PCURVE('',#1495,#8105);
#8105 = DEFINITIONAL_REPRESENTATION('',(#8106),#8110);
#8106 = LINE('',#8107,#8108);
#8107 = CARTESIAN_POINT('',(0.,0.));
#8108 = VECTOR('',#8109,1.);
#8109 = DIRECTION('',(0.,-1.));
#8110 = ( GEOMETRIC_REPRESENTATION_CONTEXT(2) 
PARAMETRIC_REPRESENTATION_CONTEXT() REPRESENTATION_CONTEXT('2D SPACE',''
  ) );
#8111 = ADVANCED_FACE('',(#8112),#1495,.T.);
#8112 = FACE_BOUND('',#8113,.T.);
#8113 = EDGE_LOOP('',(#8114,#8115,#8116,#8139));
#8114 = ORIENTED_EDGE('',*,*,#1479,.F.);
#8115 = ORIENTED_EDGE('',*,*,#8091,.T.);
#8116 = ORIENTED_EDGE('',*,*,#8117,.F.);
#8117 = EDGE_CURVE('',#8118,#8069,#8120,.T.);
#8118 = VERTEX_POINT('',#8119);
#8119 = CARTESIAN_POINT('',(60.664100000053,-61.32809999998,7.5));
#8120 = SURFACE_CURVE('',#8121,(#8125,#8132),.PCURVE_S1.);
#8121 = LINE('',#8122,#8123);
#8122 = CARTESIAN_POINT('',(60.664100000053,-61.32809999998,7.5));
#8123 = VECTOR('',#8124,1.);
#8124 = DIRECTION('',(0.466001556236,-0.884783899936,0.));
#8125 = PCURVE('',#1495,#8126);
#8126 = DEFINITIONAL_REPRESENTATION('',(#8127),#8131);
#8127 = LINE('',#8128,#8129);
#8128 = CARTESIAN_POINT('',(6.202983576437,-7.5));
#8129 = VECTOR('',#8130,1.);
#8130 = DIRECTION('',(-1.,-0.));
#8131 = ( GEOMETRIC_REPRESENTATION_CONTEXT(2) 
PARAMETRIC_REPRESENTATION_CONTEXT() REPRESENTATION_CONTEXT('2D SPACE',''
  ) );
#8132 = PCURVE('',#7932,#8133);
#8133 = DEFINITIONAL_REPRESENTATION('',(#8134),#8138);
#8134 = LINE('',#8135,#8136);
#8135 = CARTESIAN_POINT('',(101.87938900094,-57.47169787772));
#8136 = VECTOR('',#8137,1.);
#8137 = DIRECTION('',(0.466001556236,-0.884783899936));
#8138 = ( GEOMETRIC_REPRESENTATION_CONTEXT(2) 
PARAMETRIC_REPRESENTATION_CONTEXT() REPRESENTATION_CONTEXT('2D SPACE',''
  ) );
#8139 = ORIENTED_EDGE('',*,*,#8140,.F.);
#8140 = EDGE_CURVE('',#1480,#8118,#8141,.T.);
#8141 = SURFACE_CURVE('',#8142,(#8146,#8153),.PCURVE_S1.);
#8142 = LINE('',#8143,#8144);
#8143 = CARTESIAN_POINT('',(60.664100000053,-61.32809999998,0.));
#8144 = VECTOR('',#8145,1.);
#8145 = DIRECTION('',(0.,0.,1.));
#8146 = PCURVE('',#1495,#8147);
#8147 = DEFINITIONAL_REPRESENTATION('',(#8148),#8152);
#8148 = LINE('',#8149,#8150);
#8149 = CARTESIAN_POINT('',(6.202983576437,0.));
#8150 = VECTOR('',#8151,1.);
#8151 = DIRECTION('',(0.,-1.));
#8152 = ( GEOMETRIC_REPRESENTATION_CONTEXT(2) 
PARAMETRIC_REPRESENTATION_CONTEXT() REPRESENTATION_CONTEXT('2D SPACE',''
  ) );
#8153 = PCURVE('',#1523,#8154);
#8154 = DEFINITIONAL_REPRESENTATION('',(#8155),#8159);
#8155 = LINE('',#8156,#8157);
#8156 = CARTESIAN_POINT('',(0.,0.));
#8157 = VECTOR('',#8158,1.);
#8158 = DIRECTION('',(0.,-1.));
#8159 = ( GEOMETRIC_REPRESENTATION_CONTEXT(2) 
PARAMETRIC_REPRESENTATION_CONTEXT() REPRESENTATION_CONTEXT('2D SPACE',''
  ) );
#8160 = ADVANCED_FACE('',(#8161),#1523,.T.);
#8161 = FACE_BOUND('',#8162,.T.);
#8162 = EDGE_LOOP('',(#8163,#8164,#8165,#8188));
#8163 = ORIENTED_EDGE('',*,*,#1507,.F.);
#8164 = ORIENTED_EDGE('',*,*,#8140,.T.);
#8165 = ORIENTED_EDGE('',*,*,#8166,.F.);
#8166 = EDGE_CURVE('',#8167,#8118,#8169,.T.);
#8167 = VERTEX_POINT('',#8168);
#8168 = CARTESIAN_POINT('',(57.226600000053,-56.19139999998,7.5));
#8169 = SURFACE_CURVE('',#8170,(#8174,#8181),.PCURVE_S1.);
#8170 = LINE('',#8171,#8172);
#8171 = CARTESIAN_POINT('',(57.226600000053,-56.19139999998,7.5));
#8172 = VECTOR('',#8173,1.);
#8173 = DIRECTION('',(0.556159202001,-0.83107577394,0.));
#8174 = PCURVE('',#1523,#8175);
#8175 = DEFINITIONAL_REPRESENTATION('',(#8176),#8180);
#8176 = LINE('',#8177,#8178);
#8177 = CARTESIAN_POINT('',(6.180784184877,-7.5));
#8178 = VECTOR('',#8179,1.);
#8179 = DIRECTION('',(-1.,-0.));
#8180 = ( GEOMETRIC_REPRESENTATION_CONTEXT(2) 
PARAMETRIC_REPRESENTATION_CONTEXT() REPRESENTATION_CONTEXT('2D SPACE',''
  ) );
#8181 = PCURVE('',#7932,#8182);
#8182 = DEFINITIONAL_REPRESENTATION('',(#8183),#8187);
#8183 = LINE('',#8184,#8185);
#8184 = CARTESIAN_POINT('',(98.441889000945,-52.33499787772));
#8185 = VECTOR('',#8186,1.);
#8186 = DIRECTION('',(0.556159202001,-0.83107577394));
#8187 = ( GEOMETRIC_REPRESENTATION_CONTEXT(2) 
PARAMETRIC_REPRESENTATION_CONTEXT() REPRESENTATION_CONTEXT('2D SPACE',''
  ) );
#8188 = ORIENTED_EDGE('',*,*,#8189,.F.);
#8189 = EDGE_CURVE('',#1508,#8167,#8190,.T.);
#8190 = SURFACE_CURVE('',#8191,(#8195,#8202),.PCURVE_S1.);
#8191 = LINE('',#8192,#8193);
#8192 = CARTESIAN_POINT('',(57.226600000053,-56.19139999998,0.));
#8193 = VECTOR('',#8194,1.);
#8194 = DIRECTION('',(0.,0.,1.));
#8195 = PCURVE('',#1523,#8196);
#8196 = DEFINITIONAL_REPRESENTATION('',(#8197),#8201);
#8197 = LINE('',#8198,#8199);
#8198 = CARTESIAN_POINT('',(6.180784184877,0.));
#8199 = VECTOR('',#8200,1.);
#8200 = DIRECTION('',(0.,-1.));
#8201 = ( GEOMETRIC_REPRESENTATION_CONTEXT(2) 
PARAMETRIC_REPRESENTATION_CONTEXT() REPRESENTATION_CONTEXT('2D SPACE',''
  ) );
#8202 = PCURVE('',#1551,#8203);
#8203 = DEFINITIONAL_REPRESENTATION('',(#8204),#8208);
#8204 = LINE('',#8205,#8206);
#8205 = CARTESIAN_POINT('',(0.,0.));
#8206 = VECTOR('',#8207,1.);
#8207 = DIRECTION('',(0.,-1.));
#8208 = ( GEOMETRIC_REPRESENTATION_CONTEXT(2) 
PARAMETRIC_REPRESENTATION_CONTEXT() REPRESENTATION_CONTEXT('2D SPACE',''
  ) );
#8209 = ADVANCED_FACE('',(#8210),#1551,.T.);
#8210 = FACE_BOUND('',#8211,.T.);
#8211 = EDGE_LOOP('',(#8212,#8213,#8214,#8237));
#8212 = ORIENTED_EDGE('',*,*,#1535,.F.);
#8213 = ORIENTED_EDGE('',*,*,#8189,.T.);
#8214 = ORIENTED_EDGE('',*,*,#8215,.F.);
#8215 = EDGE_CURVE('',#8216,#8167,#8218,.T.);
#8216 = VERTEX_POINT('',#8217);
#8217 = CARTESIAN_POINT('',(53.164100000053,-51.48439999998,7.5));
#8218 = SURFACE_CURVE('',#8219,(#8223,#8230),.PCURVE_S1.);
#8219 = LINE('',#8220,#8221);
#8220 = CARTESIAN_POINT('',(53.164100000053,-51.48439999998,7.5));
#8221 = VECTOR('',#8222,1.);
#8222 = DIRECTION('',(0.653376971981,-0.757032715597,0.));
#8223 = PCURVE('',#1551,#8224);
#8224 = DEFINITIONAL_REPRESENTATION('',(#8225),#8229);
#8225 = LINE('',#8226,#8227);
#8226 = CARTESIAN_POINT('',(6.217696940986,-7.5));
#8227 = VECTOR('',#8228,1.);
#8228 = DIRECTION('',(-1.,-0.));
#8229 = ( GEOMETRIC_REPRESENTATION_CONTEXT(2) 
PARAMETRIC_REPRESENTATION_CONTEXT() REPRESENTATION_CONTEXT('2D SPACE',''
  ) );
#8230 = PCURVE('',#7932,#8231);
#8231 = DEFINITIONAL_REPRESENTATION('',(#8232),#8236);
#8232 = LINE('',#8233,#8234);
#8233 = CARTESIAN_POINT('',(94.379389000945,-47.62799787772));
#8234 = VECTOR('',#8235,1.);
#8235 = DIRECTION('',(0.653376971981,-0.757032715597));
#8236 = ( GEOMETRIC_REPRESENTATION_CONTEXT(2) 
PARAMETRIC_REPRESENTATION_CONTEXT() REPRESENTATION_CONTEXT('2D SPACE',''
  ) );
#8237 = ORIENTED_EDGE('',*,*,#8238,.F.);
#8238 = EDGE_CURVE('',#1536,#8216,#8239,.T.);
#8239 = SURFACE_CURVE('',#8240,(#8244,#8251),.PCURVE_S1.);
#8240 = LINE('',#8241,#8242);
#8241 = CARTESIAN_POINT('',(53.164100000053,-51.48439999998,0.));
#8242 = VECTOR('',#8243,1.);
#8243 = DIRECTION('',(0.,0.,1.));
#8244 = PCURVE('',#1551,#8245);
#8245 = DEFINITIONAL_REPRESENTATION('',(#8246),#8250);
#8246 = LINE('',#8247,#8248);
#8247 = CARTESIAN_POINT('',(6.217696940986,0.));
#8248 = VECTOR('',#8249,1.);
#8249 = DIRECTION('',(0.,-1.));
#8250 = ( GEOMETRIC_REPRESENTATION_CONTEXT(2) 
PARAMETRIC_REPRESENTATION_CONTEXT() REPRESENTATION_CONTEXT('2D SPACE',''
  ) );
#8251 = PCURVE('',#1579,#8252);
#8252 = DEFINITIONAL_REPRESENTATION('',(#8253),#8257);
#8253 = LINE('',#8254,#8255);
#8254 = CARTESIAN_POINT('',(0.,0.));
#8255 = VECTOR('',#8256,1.);
#8256 = DIRECTION('',(0.,-1.));
#8257 = ( GEOMETRIC_REPRESENTATION_CONTEXT(2) 
PARAMETRIC_REPRESENTATION_CONTEXT() REPRESENTATION_CONTEXT('2D SPACE',''
  ) );
#8258 = ADVANCED_FACE('',(#8259),#1579,.T.);
#8259 = FACE_BOUND('',#8260,.T.);
#8260 = EDGE_LOOP('',(#8261,#8262,#8263,#8286));
#8261 = ORIENTED_EDGE('',*,*,#1563,.F.);
#8262 = ORIENTED_EDGE('',*,*,#8238,.T.);
#8263 = ORIENTED_EDGE('',*,*,#8264,.F.);
#8264 = EDGE_CURVE('',#8265,#8216,#8267,.T.);
#8265 = VERTEX_POINT('',#8266);
#8266 = CARTESIAN_POINT('',(48.671899999958,-47.24609999998,7.5));
#8267 = SURFACE_CURVE('',#8268,(#8272,#8279),.PCURVE_S1.);
#8268 = LINE('',#8269,#8270);
#8269 = CARTESIAN_POINT('',(48.671899999958,-47.24609999998,7.5));
#8270 = VECTOR('',#8271,1.);
#8271 = DIRECTION('',(0.727363305721,-0.686252593066,0.));
#8272 = PCURVE('',#1579,#8273);
#8273 = DEFINITIONAL_REPRESENTATION('',(#8274),#8278);
#8274 = LINE('',#8275,#8276);
#8275 = CARTESIAN_POINT('',(6.176005807221,-7.5));
#8276 = VECTOR('',#8277,1.);
#8277 = DIRECTION('',(-1.,-0.));
#8278 = ( GEOMETRIC_REPRESENTATION_CONTEXT(2) 
PARAMETRIC_REPRESENTATION_CONTEXT() REPRESENTATION_CONTEXT('2D SPACE',''
  ) );
#8279 = PCURVE('',#7932,#8280);
#8280 = DEFINITIONAL_REPRESENTATION('',(#8281),#8285);
#8281 = LINE('',#8282,#8283);
#8282 = CARTESIAN_POINT('',(89.88718900085,-43.38969787773));
#8283 = VECTOR('',#8284,1.);
#8284 = DIRECTION('',(0.727363305721,-0.686252593066));
#8285 = ( GEOMETRIC_REPRESENTATION_CONTEXT(2) 
PARAMETRIC_REPRESENTATION_CONTEXT() REPRESENTATION_CONTEXT('2D SPACE',''
  ) );
#8286 = ORIENTED_EDGE('',*,*,#8287,.F.);
#8287 = EDGE_CURVE('',#1564,#8265,#8288,.T.);
#8288 = SURFACE_CURVE('',#8289,(#8293,#8300),.PCURVE_S1.);
#8289 = LINE('',#8290,#8291);
#8290 = CARTESIAN_POINT('',(48.671899999958,-47.24609999998,0.));
#8291 = VECTOR('',#8292,1.);
#8292 = DIRECTION('',(0.,0.,1.));
#8293 = PCURVE('',#1579,#8294);
#8294 = DEFINITIONAL_REPRESENTATION('',(#8295),#8299);
#8295 = LINE('',#8296,#8297);
#8296 = CARTESIAN_POINT('',(6.176005807221,0.));
#8297 = VECTOR('',#8298,1.);
#8298 = DIRECTION('',(0.,-1.));
#8299 = ( GEOMETRIC_REPRESENTATION_CONTEXT(2) 
PARAMETRIC_REPRESENTATION_CONTEXT() REPRESENTATION_CONTEXT('2D SPACE',''
  ) );
#8300 = PCURVE('',#1607,#8301);
#8301 = DEFINITIONAL_REPRESENTATION('',(#8302),#8306);
#8302 = LINE('',#8303,#8304);
#8303 = CARTESIAN_POINT('',(0.,0.));
#8304 = VECTOR('',#8305,1.);
#8305 = DIRECTION('',(0.,-1.));
#8306 = ( GEOMETRIC_REPRESENTATION_CONTEXT(2) 
PARAMETRIC_REPRESENTATION_CONTEXT() REPRESENTATION_CONTEXT('2D SPACE',''
  ) );
#8307 = ADVANCED_FACE('',(#8308),#1607,.T.);
#8308 = FACE_BOUND('',#8309,.T.);
#8309 = EDGE_LOOP('',(#8310,#8311,#8312,#8334));
#8310 = ORIENTED_EDGE('',*,*,#1591,.F.);
#8311 = ORIENTED_EDGE('',*,*,#8287,.T.);
#8312 = ORIENTED_EDGE('',*,*,#8313,.T.);
#8313 = EDGE_CURVE('',#8265,#8314,#8316,.T.);
#8314 = VERTEX_POINT('',#8315);
#8315 = CARTESIAN_POINT('',(43.671899999958,-43.55469999997,7.5));
#8316 = SURFACE_CURVE('',#8317,(#8321,#8327),.PCURVE_S1.);
#8317 = LINE('',#8318,#8319);
#8318 = CARTESIAN_POINT('',(40.932412663871,-41.53219128948,7.5));
#8319 = VECTOR('',#8320,1.);
#8320 = DIRECTION('',(-0.804503053187,0.593948514109,0.));
#8321 = PCURVE('',#1607,#8322);
#8322 = DEFINITIONAL_REPRESENTATION('',(#8323),#8326);
#8323 = B_SPLINE_CURVE_WITH_KNOTS('',1,(#8324,#8325),.UNSPECIFIED.,.F.,
  .F.,(2,2),(-9.620208780344,-3.405191969419),.PIECEWISE_BEZIER_KNOTS.);
#8324 = CARTESIAN_POINT('',(0.,-7.5));
#8325 = CARTESIAN_POINT('',(6.215016810925,-7.5));
#8326 = ( GEOMETRIC_REPRESENTATION_CONTEXT(2) 
PARAMETRIC_REPRESENTATION_CONTEXT() REPRESENTATION_CONTEXT('2D SPACE',''
  ) );
#8327 = PCURVE('',#7932,#8328);
#8328 = DEFINITIONAL_REPRESENTATION('',(#8329),#8333);
#8329 = LINE('',#8330,#8331);
#8330 = CARTESIAN_POINT('',(82.147701664763,-37.67578916722));
#8331 = VECTOR('',#8332,1.);
#8332 = DIRECTION('',(-0.804503053187,0.593948514109));
#8333 = ( GEOMETRIC_REPRESENTATION_CONTEXT(2) 
PARAMETRIC_REPRESENTATION_CONTEXT() REPRESENTATION_CONTEXT('2D SPACE',''
  ) );
#8334 = ORIENTED_EDGE('',*,*,#8335,.F.);
#8335 = EDGE_CURVE('',#1592,#8314,#8336,.T.);
#8336 = SURFACE_CURVE('',#8337,(#8341,#8348),.PCURVE_S1.);
#8337 = LINE('',#8338,#8339);
#8338 = CARTESIAN_POINT('',(43.671899999958,-43.55469999997,0.));
#8339 = VECTOR('',#8340,1.);
#8340 = DIRECTION('',(0.,0.,1.));
#8341 = PCURVE('',#1607,#8342);
#8342 = DEFINITIONAL_REPRESENTATION('',(#8343),#8347);
#8343 = LINE('',#8344,#8345);
#8344 = CARTESIAN_POINT('',(6.215016810925,0.));
#8345 = VECTOR('',#8346,1.);
#8346 = DIRECTION('',(0.,-1.));
#8347 = ( GEOMETRIC_REPRESENTATION_CONTEXT(2) 
PARAMETRIC_REPRESENTATION_CONTEXT() REPRESENTATION_CONTEXT('2D SPACE',''
  ) );
#8348 = PCURVE('',#1635,#8349);
#8349 = DEFINITIONAL_REPRESENTATION('',(#8350),#8354);
#8350 = LINE('',#8351,#8352);
#8351 = CARTESIAN_POINT('',(0.,0.));
#8352 = VECTOR('',#8353,1.);
#8353 = DIRECTION('',(0.,-1.));
#8354 = ( GEOMETRIC_REPRESENTATION_CONTEXT(2) 
PARAMETRIC_REPRESENTATION_CONTEXT() REPRESENTATION_CONTEXT('2D SPACE',''
  ) );
#8355 = ADVANCED_FACE('',(#8356),#1635,.T.);
#8356 = FACE_BOUND('',#8357,.T.);
#8357 = EDGE_LOOP('',(#8358,#8359,#8360,#8382));
#8358 = ORIENTED_EDGE('',*,*,#1619,.F.);
#8359 = ORIENTED_EDGE('',*,*,#8335,.T.);
#8360 = ORIENTED_EDGE('',*,*,#8361,.T.);
#8361 = EDGE_CURVE('',#8314,#8362,#8364,.T.);
#8362 = VERTEX_POINT('',#8363);
#8363 = CARTESIAN_POINT('',(38.320300000021,-40.4492,7.5));
#8364 = SURFACE_CURVE('',#8365,(#8369,#8375),.PCURVE_S1.);
#8365 = LINE('',#8366,#8367);
#8366 = CARTESIAN_POINT('',(39.554263496678,-41.16526129735,7.5));
#8367 = VECTOR('',#8368,1.);
#8368 = DIRECTION('',(-0.86492090359,0.501908189347,0.));
#8369 = PCURVE('',#1635,#8370);
#8370 = DEFINITIONAL_REPRESENTATION('',(#8371),#8374);
#8371 = B_SPLINE_CURVE_WITH_KNOTS('',1,(#8372,#8373),.UNSPECIFIED.,.F.,
  .F.,(2,2),(-4.760708737862,1.426677851738),.PIECEWISE_BEZIER_KNOTS.);
#8372 = CARTESIAN_POINT('',(0.,-7.5));
#8373 = CARTESIAN_POINT('',(6.187386589601,-7.5));
#8374 = ( GEOMETRIC_REPRESENTATION_CONTEXT(2) 
PARAMETRIC_REPRESENTATION_CONTEXT() REPRESENTATION_CONTEXT('2D SPACE',''
  ) );
#8375 = PCURVE('',#7932,#8376);
#8376 = DEFINITIONAL_REPRESENTATION('',(#8377),#8381);
#8377 = LINE('',#8378,#8379);
#8378 = CARTESIAN_POINT('',(80.769552497571,-37.30885917509));
#8379 = VECTOR('',#8380,1.);
#8380 = DIRECTION('',(-0.86492090359,0.501908189347));
#8381 = ( GEOMETRIC_REPRESENTATION_CONTEXT(2) 
PARAMETRIC_REPRESENTATION_CONTEXT() REPRESENTATION_CONTEXT('2D SPACE',''
  ) );
#8382 = ORIENTED_EDGE('',*,*,#8383,.F.);
#8383 = EDGE_CURVE('',#1620,#8362,#8384,.T.);
#8384 = SURFACE_CURVE('',#8385,(#8389,#8396),.PCURVE_S1.);
#8385 = LINE('',#8386,#8387);
#8386 = CARTESIAN_POINT('',(38.320300000021,-40.4492,0.));
#8387 = VECTOR('',#8388,1.);
#8388 = DIRECTION('',(0.,0.,1.));
#8389 = PCURVE('',#1635,#8390);
#8390 = DEFINITIONAL_REPRESENTATION('',(#8391),#8395);
#8391 = LINE('',#8392,#8393);
#8392 = CARTESIAN_POINT('',(6.187386589601,0.));
#8393 = VECTOR('',#8394,1.);
#8394 = DIRECTION('',(0.,-1.));
#8395 = ( GEOMETRIC_REPRESENTATION_CONTEXT(2) 
PARAMETRIC_REPRESENTATION_CONTEXT() REPRESENTATION_CONTEXT('2D SPACE',''
  ) );
#8396 = PCURVE('',#1663,#8397);
#8397 = DEFINITIONAL_REPRESENTATION('',(#8398),#8402);
#8398 = LINE('',#8399,#8400);
#8399 = CARTESIAN_POINT('',(0.,0.));
#8400 = VECTOR('',#8401,1.);
#8401 = DIRECTION('',(0.,-1.));
#8402 = ( GEOMETRIC_REPRESENTATION_CONTEXT(2) 
PARAMETRIC_REPRESENTATION_CONTEXT() REPRESENTATION_CONTEXT('2D SPACE',''
  ) );
#8403 = ADVANCED_FACE('',(#8404),#1663,.T.);
#8404 = FACE_BOUND('',#8405,.T.);
#8405 = EDGE_LOOP('',(#8406,#8407,#8408,#8430));
#8406 = ORIENTED_EDGE('',*,*,#1647,.F.);
#8407 = ORIENTED_EDGE('',*,*,#8383,.T.);
#8408 = ORIENTED_EDGE('',*,*,#8409,.T.);
#8409 = EDGE_CURVE('',#8362,#8410,#8412,.T.);
#8410 = VERTEX_POINT('',#8411);
#8411 = CARTESIAN_POINT('',(32.656300000031,-37.9492,7.5));
#8412 = SURFACE_CURVE('',#8413,(#8417,#8423),.PCURVE_S1.);
#8413 = LINE('',#8414,#8415);
#8414 = CARTESIAN_POINT('',(38.43342976348,-40.49913368797,7.5));
#8415 = VECTOR('',#8416,1.);
#8416 = DIRECTION('',(-0.914847612638,0.403799264054,0.));
#8417 = PCURVE('',#1663,#8418);
#8418 = DEFINITIONAL_REPRESENTATION('',(#8419),#8422);
#8419 = B_SPLINE_CURVE_WITH_KNOTS('',1,(#8420,#8421),.UNSPECIFIED.,.F.,
  .F.,(2,2),(0.123659680471,6.314854718579),.PIECEWISE_BEZIER_KNOTS.);
#8420 = CARTESIAN_POINT('',(0.,-7.5));
#8421 = CARTESIAN_POINT('',(6.191195038107,-7.5));
#8422 = ( GEOMETRIC_REPRESENTATION_CONTEXT(2) 
PARAMETRIC_REPRESENTATION_CONTEXT() REPRESENTATION_CONTEXT('2D SPACE',''
  ) );
#8423 = PCURVE('',#7932,#8424);
#8424 = DEFINITIONAL_REPRESENTATION('',(#8425),#8429);
#8425 = LINE('',#8426,#8427);
#8426 = CARTESIAN_POINT('',(79.648718764372,-36.64273156571));
#8427 = VECTOR('',#8428,1.);
#8428 = DIRECTION('',(-0.914847612638,0.403799264054));
#8429 = ( GEOMETRIC_REPRESENTATION_CONTEXT(2) 
PARAMETRIC_REPRESENTATION_CONTEXT() REPRESENTATION_CONTEXT('2D SPACE',''
  ) );
#8430 = ORIENTED_EDGE('',*,*,#8431,.F.);
#8431 = EDGE_CURVE('',#1648,#8410,#8432,.T.);
#8432 = SURFACE_CURVE('',#8433,(#8437,#8444),.PCURVE_S1.);
#8433 = LINE('',#8434,#8435);
#8434 = CARTESIAN_POINT('',(32.656300000031,-37.9492,0.));
#8435 = VECTOR('',#8436,1.);
#8436 = DIRECTION('',(0.,0.,1.));
#8437 = PCURVE('',#1663,#8438);
#8438 = DEFINITIONAL_REPRESENTATION('',(#8439),#8443);
#8439 = LINE('',#8440,#8441);
#8440 = CARTESIAN_POINT('',(6.191195038107,0.));
#8441 = VECTOR('',#8442,1.);
#8442 = DIRECTION('',(0.,-1.));
#8443 = ( GEOMETRIC_REPRESENTATION_CONTEXT(2) 
PARAMETRIC_REPRESENTATION_CONTEXT() REPRESENTATION_CONTEXT('2D SPACE',''
  ) );
#8444 = PCURVE('',#1691,#8445);
#8445 = DEFINITIONAL_REPRESENTATION('',(#8446),#8450);
#8446 = LINE('',#8447,#8448);
#8447 = CARTESIAN_POINT('',(0.,0.));
#8448 = VECTOR('',#8449,1.);
#8449 = DIRECTION('',(0.,-1.));
#8450 = ( GEOMETRIC_REPRESENTATION_CONTEXT(2) 
PARAMETRIC_REPRESENTATION_CONTEXT() REPRESENTATION_CONTEXT('2D SPACE',''
  ) );
#8451 = ADVANCED_FACE('',(#8452),#1691,.T.);
#8452 = FACE_BOUND('',#8453,.T.);
#8453 = EDGE_LOOP('',(#8454,#8455,#8456,#8478));
#8454 = ORIENTED_EDGE('',*,*,#1675,.F.);
#8455 = ORIENTED_EDGE('',*,*,#8431,.T.);
#8456 = ORIENTED_EDGE('',*,*,#8457,.T.);
#8457 = EDGE_CURVE('',#8410,#8458,#8460,.T.);
#8458 = VERTEX_POINT('',#8459);
#8459 = CARTESIAN_POINT('',(26.718699999969,-36.09369999999,7.5));
#8460 = SURFACE_CURVE('',#8461,(#8465,#8471),.PCURVE_S1.);
#8461 = LINE('',#8462,#8463);
#8462 = CARTESIAN_POINT('',(37.458777179662,-39.44997411862,7.5));
#8463 = VECTOR('',#8464,1.);
#8464 = DIRECTION('',(-0.954479978036,0.298274993134,0.));
#8465 = PCURVE('',#1691,#8466);
#8466 = DEFINITIONAL_REPRESENTATION('',(#8467),#8470);
#8467 = B_SPLINE_CURVE_WITH_KNOTS('',1,(#8468,#8469),.UNSPECIFIED.,.F.,
  .F.,(2,2),(5.031511702858,11.252281270265),.PIECEWISE_BEZIER_KNOTS.);
#8468 = CARTESIAN_POINT('',(0.,-7.5));
#8469 = CARTESIAN_POINT('',(6.220769567406,-7.5));
#8470 = ( GEOMETRIC_REPRESENTATION_CONTEXT(2) 
PARAMETRIC_REPRESENTATION_CONTEXT() REPRESENTATION_CONTEXT('2D SPACE',''
  ) );
#8471 = PCURVE('',#7932,#8472);
#8472 = DEFINITIONAL_REPRESENTATION('',(#8473),#8477);
#8473 = LINE('',#8474,#8475);
#8474 = CARTESIAN_POINT('',(78.674066180555,-35.59357199636));
#8475 = VECTOR('',#8476,1.);
#8476 = DIRECTION('',(-0.954479978036,0.298274993134));
#8477 = ( GEOMETRIC_REPRESENTATION_CONTEXT(2) 
PARAMETRIC_REPRESENTATION_CONTEXT() REPRESENTATION_CONTEXT('2D SPACE',''
  ) );
#8478 = ORIENTED_EDGE('',*,*,#8479,.F.);
#8479 = EDGE_CURVE('',#1676,#8458,#8480,.T.);
#8480 = SURFACE_CURVE('',#8481,(#8485,#8492),.PCURVE_S1.);
#8481 = LINE('',#8482,#8483);
#8482 = CARTESIAN_POINT('',(26.718699999969,-36.09369999999,0.));
#8483 = VECTOR('',#8484,1.);
#8484 = DIRECTION('',(0.,0.,1.));
#8485 = PCURVE('',#1691,#8486);
#8486 = DEFINITIONAL_REPRESENTATION('',(#8487),#8491);
#8487 = LINE('',#8488,#8489);
#8488 = CARTESIAN_POINT('',(6.220769567406,0.));
#8489 = VECTOR('',#8490,1.);
#8490 = DIRECTION('',(0.,-1.));
#8491 = ( GEOMETRIC_REPRESENTATION_CONTEXT(2) 
PARAMETRIC_REPRESENTATION_CONTEXT() REPRESENTATION_CONTEXT('2D SPACE',''
  ) );
#8492 = PCURVE('',#1719,#8493);
#8493 = DEFINITIONAL_REPRESENTATION('',(#8494),#8498);
#8494 = LINE('',#8495,#8496);
#8495 = CARTESIAN_POINT('',(0.,0.));
#8496 = VECTOR('',#8497,1.);
#8497 = DIRECTION('',(0.,-1.));
#8498 = ( GEOMETRIC_REPRESENTATION_CONTEXT(2) 
PARAMETRIC_REPRESENTATION_CONTEXT() REPRESENTATION_CONTEXT('2D SPACE',''
  ) );
#8499 = ADVANCED_FACE('',(#8500),#1719,.T.);
#8500 = FACE_BOUND('',#8501,.T.);
#8501 = EDGE_LOOP('',(#8502,#8503,#8504,#8526));
#8502 = ORIENTED_EDGE('',*,*,#1703,.F.);
#8503 = ORIENTED_EDGE('',*,*,#8479,.T.);
#8504 = ORIENTED_EDGE('',*,*,#8505,.T.);
#8505 = EDGE_CURVE('',#8458,#8506,#8508,.T.);
#8506 = VERTEX_POINT('',#8507);
#8507 = CARTESIAN_POINT('',(20.664100000053,-34.92189999998,7.5));
#8508 = SURFACE_CURVE('',#8509,(#8513,#8519),.PCURVE_S1.);
#8509 = LINE('',#8510,#8511);
#8510 = CARTESIAN_POINT('',(36.393759775076,-37.96619942931,7.5));
#8511 = VECTOR('',#8512,1.);
#8512 = DIRECTION('',(-0.981781607087,0.190012831106,0.));
#8513 = PCURVE('',#1719,#8514);
#8514 = DEFINITIONAL_REPRESENTATION('',(#8515),#8518);
#8515 = B_SPLINE_CURVE_WITH_KNOTS('',1,(#8516,#8517),.UNSPECIFIED.,.F.,
  .F.,(2,2),(9.854594652481,16.021546606161),.PIECEWISE_BEZIER_KNOTS.);
#8516 = CARTESIAN_POINT('',(0.,-7.5));
#8517 = CARTESIAN_POINT('',(6.166951953681,-7.5));
#8518 = ( GEOMETRIC_REPRESENTATION_CONTEXT(2) 
PARAMETRIC_REPRESENTATION_CONTEXT() REPRESENTATION_CONTEXT('2D SPACE',''
  ) );
#8519 = PCURVE('',#7932,#8520);
#8520 = DEFINITIONAL_REPRESENTATION('',(#8521),#8525);
#8521 = LINE('',#8522,#8523);
#8522 = CARTESIAN_POINT('',(77.609048775969,-34.10979730705));
#8523 = VECTOR('',#8524,1.);
#8524 = DIRECTION('',(-0.981781607087,0.190012831106));
#8525 = ( GEOMETRIC_REPRESENTATION_CONTEXT(2) 
PARAMETRIC_REPRESENTATION_CONTEXT() REPRESENTATION_CONTEXT('2D SPACE',''
  ) );
#8526 = ORIENTED_EDGE('',*,*,#8527,.F.);
#8527 = EDGE_CURVE('',#1704,#8506,#8528,.T.);
#8528 = SURFACE_CURVE('',#8529,(#8533,#8540),.PCURVE_S1.);
#8529 = LINE('',#8530,#8531);
#8530 = CARTESIAN_POINT('',(20.664100000053,-34.92189999998,0.));
#8531 = VECTOR('',#8532,1.);
#8532 = DIRECTION('',(0.,0.,1.));
#8533 = PCURVE('',#1719,#8534);
#8534 = DEFINITIONAL_REPRESENTATION('',(#8535),#8539);
#8535 = LINE('',#8536,#8537);
#8536 = CARTESIAN_POINT('',(6.166951953681,0.));
#8537 = VECTOR('',#8538,1.);
#8538 = DIRECTION('',(0.,-1.));
#8539 = ( GEOMETRIC_REPRESENTATION_CONTEXT(2) 
PARAMETRIC_REPRESENTATION_CONTEXT() REPRESENTATION_CONTEXT('2D SPACE',''
  ) );
#8540 = PCURVE('',#1747,#8541);
#8541 = DEFINITIONAL_REPRESENTATION('',(#8542),#8546);
#8542 = LINE('',#8543,#8544);
#8543 = CARTESIAN_POINT('',(0.,0.));
#8544 = VECTOR('',#8545,1.);
#8545 = DIRECTION('',(0.,-1.));
#8546 = ( GEOMETRIC_REPRESENTATION_CONTEXT(2) 
PARAMETRIC_REPRESENTATION_CONTEXT() REPRESENTATION_CONTEXT('2D SPACE',''
  ) );
#8547 = ADVANCED_FACE('',(#8548),#1747,.T.);
#8548 = FACE_BOUND('',#8549,.T.);
#8549 = EDGE_LOOP('',(#8550,#8551,#8552,#8575,#8596));
#8550 = ORIENTED_EDGE('',*,*,#1731,.F.);
#8551 = ORIENTED_EDGE('',*,*,#8527,.T.);
#8552 = ORIENTED_EDGE('',*,*,#8553,.F.);
#8553 = EDGE_CURVE('',#8554,#8506,#8556,.T.);
#8554 = VERTEX_POINT('',#8555);
#8555 = CARTESIAN_POINT('',(16.366313497638,-34.59750742031,7.5));
#8556 = SURFACE_CURVE('',#8557,(#8561,#8568),.PCURVE_S1.);
#8557 = LINE('',#8558,#8559);
#8558 = CARTESIAN_POINT('',(14.453100000042,-34.45309999998,7.5));
#8559 = VECTOR('',#8560,1.);
#8560 = DIRECTION('',(0.997163574881,-7.526489839092E-02,0.));
#8561 = PCURVE('',#1747,#8562);
#8562 = DEFINITIONAL_REPRESENTATION('',(#8563),#8567);
#8563 = LINE('',#8564,#8565);
#8564 = CARTESIAN_POINT('',(6.228667147964,-7.5));
#8565 = VECTOR('',#8566,1.);
#8566 = DIRECTION('',(-1.,-0.));
#8567 = ( GEOMETRIC_REPRESENTATION_CONTEXT(2) 
PARAMETRIC_REPRESENTATION_CONTEXT() REPRESENTATION_CONTEXT('2D SPACE',''
  ) );
#8568 = PCURVE('',#7932,#8569);
#8569 = DEFINITIONAL_REPRESENTATION('',(#8570),#8574);
#8570 = LINE('',#8571,#8572);
#8571 = CARTESIAN_POINT('',(55.668389000935,-30.59669787772));
#8572 = VECTOR('',#8573,1.);
#8573 = DIRECTION('',(0.997163574881,-7.526489839092E-02));
#8574 = ( GEOMETRIC_REPRESENTATION_CONTEXT(2) 
PARAMETRIC_REPRESENTATION_CONTEXT() REPRESENTATION_CONTEXT('2D SPACE',''
  ) );
#8575 = ORIENTED_EDGE('',*,*,#8576,.F.);
#8576 = EDGE_CURVE('',#1785,#8554,#8577,.T.);
#8577 = SURFACE_CURVE('',#8578,(#8582,#8589),.PCURVE_S1.);
#8578 = LINE('',#8579,#8580);
#8579 = CARTESIAN_POINT('',(14.453100000042,-34.45309999998,7.5));
#8580 = VECTOR('',#8581,1.);
#8581 = DIRECTION('',(0.997163574881,-7.526489839092E-02,0.));
#8582 = PCURVE('',#1747,#8583);
#8583 = DEFINITIONAL_REPRESENTATION('',(#8584),#8588);
#8584 = LINE('',#8585,#8586);
#8585 = CARTESIAN_POINT('',(6.228667147964,-7.5));
#8586 = VECTOR('',#8587,1.);
#8587 = DIRECTION('',(-1.,-0.));
#8588 = ( GEOMETRIC_REPRESENTATION_CONTEXT(2) 
PARAMETRIC_REPRESENTATION_CONTEXT() REPRESENTATION_CONTEXT('2D SPACE',''
  ) );
#8589 = PCURVE('',#1822,#8590);
#8590 = DEFINITIONAL_REPRESENTATION('',(#8591),#8595);
#8591 = LINE('',#8592,#8593);
#8592 = CARTESIAN_POINT('',(51.74525743488,44.383469911157));
#8593 = VECTOR('',#8594,1.);
#8594 = DIRECTION('',(0.99637869694,8.502642109492E-02));
#8595 = ( GEOMETRIC_REPRESENTATION_CONTEXT(2) 
PARAMETRIC_REPRESENTATION_CONTEXT() REPRESENTATION_CONTEXT('2D SPACE',''
  ) );
#8596 = ORIENTED_EDGE('',*,*,#1784,.F.);
#8597 = ADVANCED_FACE('',(#8598),#1822,.T.);
#8598 = FACE_BOUND('',#8599,.T.);
#8599 = EDGE_LOOP('',(#8600,#8623,#8624,#8625));
#8600 = ORIENTED_EDGE('',*,*,#8601,.F.);
#8601 = EDGE_CURVE('',#1808,#8602,#8604,.T.);
#8602 = VERTEX_POINT('',#8603);
#8603 = CARTESIAN_POINT('',(13.818803353015,-34.55205717245,7.5));
#8604 = SURFACE_CURVE('',#8605,(#8609,#8616),.PCURVE_S1.);
#8605 = LINE('',#8606,#8607);
#8606 = CARTESIAN_POINT('',(11.599195719697,-34.51245704866,7.5));
#8607 = VECTOR('',#8608,1.);
#8608 = DIRECTION('',(0.999840886507,-1.783820810577E-02,0.));
#8609 = PCURVE('',#1822,#8610);
#8610 = DEFINITIONAL_REPRESENTATION('',(#8611),#8615);
#8611 = LINE('',#8612,#8613);
#8612 = CARTESIAN_POINT('',(48.890908725883,44.4148760897));
#8613 = VECTOR('',#8614,1.);
#8614 = DIRECTION('',(0.999618254515,2.762870318415E-02));
#8615 = ( GEOMETRIC_REPRESENTATION_CONTEXT(2) 
PARAMETRIC_REPRESENTATION_CONTEXT() REPRESENTATION_CONTEXT('2D SPACE',''
  ) );
#8616 = PCURVE('',#1876,#8617);
#8617 = DEFINITIONAL_REPRESENTATION('',(#8618),#8622);
#8618 = LINE('',#8619,#8620);
#8619 = CARTESIAN_POINT('',(0.,0.));
#8620 = VECTOR('',#8621,1.);
#8621 = DIRECTION('',(1.,0.));
#8622 = ( GEOMETRIC_REPRESENTATION_CONTEXT(2) 
PARAMETRIC_REPRESENTATION_CONTEXT() REPRESENTATION_CONTEXT('2D SPACE',''
  ) );
#8623 = ORIENTED_EDGE('',*,*,#1807,.F.);
#8624 = ORIENTED_EDGE('',*,*,#8576,.T.);
#8625 = ORIENTED_EDGE('',*,*,#8626,.F.);
#8626 = EDGE_CURVE('',#8602,#8554,#8627,.T.);
#8627 = SURFACE_CURVE('',#8628,(#8632,#8639),.PCURVE_S1.);
#8628 = LINE('',#8629,#8630);
#8629 = CARTESIAN_POINT('',(11.599195719697,-34.51245704866,7.5));
#8630 = VECTOR('',#8631,1.);
#8631 = DIRECTION('',(0.999840886507,-1.783820810577E-02,0.));
#8632 = PCURVE('',#1822,#8633);
#8633 = DEFINITIONAL_REPRESENTATION('',(#8634),#8638);
#8634 = LINE('',#8635,#8636);
#8635 = CARTESIAN_POINT('',(48.890908725883,44.4148760897));
#8636 = VECTOR('',#8637,1.);
#8637 = DIRECTION('',(0.999618254515,2.762870318415E-02));
#8638 = ( GEOMETRIC_REPRESENTATION_CONTEXT(2) 
PARAMETRIC_REPRESENTATION_CONTEXT() REPRESENTATION_CONTEXT('2D SPACE',''
  ) );
#8639 = PCURVE('',#8640,#8645);
#8640 = B_SPLINE_SURFACE_WITH_KNOTS('',1,1,(
    (#8641,#8642)
    ,(#8643,#8644
    )),.UNSPECIFIED.,.F.,.F.,.F.,(2,2),(2,2),(2.219960859044,
    5.735243035702),(0.,1.),.PIECEWISE_BEZIER_KNOTS.);
#8641 = CARTESIAN_POINT('',(13.818803353015,-34.55205717245,7.5));
#8642 = CARTESIAN_POINT('',(13.106879167026,-29.28586134925,15.));
#8643 = CARTESIAN_POINT('',(17.333526200848,-34.61476350747,7.5));
#8644 = CARTESIAN_POINT('',(16.046506201355,-28.74609615235,15.));
#8645 = DEFINITIONAL_REPRESENTATION('',(#8646),#8650);
#8646 = LINE('',#8647,#8648);
#8647 = CARTESIAN_POINT('',(0.,0.));
#8648 = VECTOR('',#8649,1.);
#8649 = DIRECTION('',(1.,0.));
#8650 = ( GEOMETRIC_REPRESENTATION_CONTEXT(2) 
PARAMETRIC_REPRESENTATION_CONTEXT() REPRESENTATION_CONTEXT('2D SPACE',''
  ) );
#8651 = ADVANCED_FACE('',(#8652),#1930,.T.);
#8652 = FACE_BOUND('',#8653,.T.);
#8653 = EDGE_LOOP('',(#8654,#8655,#8677,#8697));
#8654 = ORIENTED_EDGE('',*,*,#1916,.T.);
#8655 = ORIENTED_EDGE('',*,*,#8656,.T.);
#8656 = EDGE_CURVE('',#1889,#8657,#8659,.T.);
#8657 = VERTEX_POINT('',#8658);
#8658 = CARTESIAN_POINT('',(8.157085138257,-29.57029999999,15.));
#8659 = SURFACE_CURVE('',#8660,(#8663,#8670),.PCURVE_S1.);
#8660 = B_SPLINE_CURVE_WITH_KNOTS('',1,(#8661,#8662),.UNSPECIFIED.,.F.,
  .F.,(2,2),(0.,1.),.PIECEWISE_BEZIER_KNOTS.);
#8661 = CARTESIAN_POINT('',(8.137903530509,-34.6063072964,7.5));
#8662 = CARTESIAN_POINT('',(8.157085138257,-29.57029999999,15.));
#8663 = PCURVE('',#1930,#8664);
#8664 = DEFINITIONAL_REPRESENTATION('',(#8665),#8669);
#8665 = LINE('',#8666,#8667);
#8666 = CARTESIAN_POINT('',(2.276125613299,0.));
#8667 = VECTOR('',#8668,1.);
#8668 = DIRECTION('',(0.,1.));
#8669 = ( GEOMETRIC_REPRESENTATION_CONTEXT(2) 
PARAMETRIC_REPRESENTATION_CONTEXT() REPRESENTATION_CONTEXT('2D SPACE',''
  ) );
#8670 = PCURVE('',#1904,#8671);
#8671 = DEFINITIONAL_REPRESENTATION('',(#8672),#8676);
#8672 = LINE('',#8673,#8674);
#8673 = CARTESIAN_POINT('',(2.276125613299,0.));
#8674 = VECTOR('',#8675,1.);
#8675 = DIRECTION('',(0.,1.));
#8676 = ( GEOMETRIC_REPRESENTATION_CONTEXT(2) 
PARAMETRIC_REPRESENTATION_CONTEXT() REPRESENTATION_CONTEXT('2D SPACE',''
  ) );
#8677 = ORIENTED_EDGE('',*,*,#8678,.F.);
#8678 = EDGE_CURVE('',#1947,#8657,#8679,.T.);
#8679 = SURFACE_CURVE('',#8680,(#8684,#8690),.PCURVE_S1.);
#8680 = LINE('',#8681,#8682);
#8681 = CARTESIAN_POINT('',(3.209325465607,-29.25414000768,15.));
#8682 = VECTOR('',#8683,1.);
#8683 = DIRECTION('',(0.997964649785,-6.376956781872E-02,0.));
#8684 = PCURVE('',#1930,#8685);
#8685 = DEFINITIONAL_REPRESENTATION('',(#8686),#8689);
#8686 = B_SPLINE_CURVE_WITH_KNOTS('',1,(#8687,#8688),.UNSPECIFIED.,.F.,
  .F.,(2,2),(2.96922779922,4.957850635007),.PIECEWISE_BEZIER_KNOTS.);
#8687 = CARTESIAN_POINT('',(0.,1.));
#8688 = CARTESIAN_POINT('',(2.276125613299,1.));
#8689 = ( GEOMETRIC_REPRESENTATION_CONTEXT(2) 
PARAMETRIC_REPRESENTATION_CONTEXT() REPRESENTATION_CONTEXT('2D SPACE',''
  ) );
#8690 = PCURVE('',#1983,#8691);
#8691 = DEFINITIONAL_REPRESENTATION('',(#8692),#8696);
#8692 = LINE('',#8693,#8694);
#8693 = CARTESIAN_POINT('',(33.368510162507,39.557097055663));
#8694 = VECTOR('',#8695,1.);
#8695 = DIRECTION('',(0.994869303157,0.10116852097));
#8696 = ( GEOMETRIC_REPRESENTATION_CONTEXT(2) 
PARAMETRIC_REPRESENTATION_CONTEXT() REPRESENTATION_CONTEXT('2D SPACE',''
  ) );
#8697 = ORIENTED_EDGE('',*,*,#1946,.F.);
#8698 = ADVANCED_FACE('',(#8699),#1904,.T.);
#8699 = FACE_BOUND('',#8700,.T.);
#8700 = EDGE_LOOP('',(#8701,#8702,#8724,#8744));
#8701 = ORIENTED_EDGE('',*,*,#1888,.T.);
#8702 = ORIENTED_EDGE('',*,*,#8703,.T.);
#8703 = EDGE_CURVE('',#1861,#8704,#8706,.T.);
#8704 = VERTEX_POINT('',#8705);
#8705 = CARTESIAN_POINT('',(11.184188966562,-29.39634825097,15.));
#8706 = SURFACE_CURVE('',#8707,(#8710,#8717),.PCURVE_S1.);
#8707 = B_SPLINE_CURVE_WITH_KNOTS('',1,(#8708,#8709),.UNSPECIFIED.,.F.,
  .F.,(2,2),(0.,1.),.PIECEWISE_BEZIER_KNOTS.);
#8708 = CARTESIAN_POINT('',(11.599195719697,-34.51245704866,7.5));
#8709 = CARTESIAN_POINT('',(11.184188966562,-29.39634825097,15.));
#8710 = PCURVE('',#1904,#8711);
#8711 = DEFINITIONAL_REPRESENTATION('',(#8712),#8716);
#8712 = LINE('',#8713,#8714);
#8713 = CARTESIAN_POINT('',(5.738689906988,0.));
#8714 = VECTOR('',#8715,1.);
#8715 = DIRECTION('',(0.,1.));
#8716 = ( GEOMETRIC_REPRESENTATION_CONTEXT(2) 
PARAMETRIC_REPRESENTATION_CONTEXT() REPRESENTATION_CONTEXT('2D SPACE',''
  ) );
#8717 = PCURVE('',#1876,#8718);
#8718 = DEFINITIONAL_REPRESENTATION('',(#8719),#8723);
#8719 = LINE('',#8720,#8721);
#8720 = CARTESIAN_POINT('',(0.,0.));
#8721 = VECTOR('',#8722,1.);
#8722 = DIRECTION('',(0.,1.));
#8723 = ( GEOMETRIC_REPRESENTATION_CONTEXT(2) 
PARAMETRIC_REPRESENTATION_CONTEXT() REPRESENTATION_CONTEXT('2D SPACE',''
  ) );
#8724 = ORIENTED_EDGE('',*,*,#8725,.F.);
#8725 = EDGE_CURVE('',#8657,#8704,#8726,.T.);
#8726 = SURFACE_CURVE('',#8727,(#8731,#8737),.PCURVE_S1.);
#8727 = LINE('',#8728,#8729);
#8728 = CARTESIAN_POINT('',(8.157085138257,-29.57029999999,15.));
#8729 = VECTOR('',#8730,1.);
#8730 = DIRECTION('',(0.998352979521,5.737009920041E-02,0.));
#8731 = PCURVE('',#1904,#8732);
#8732 = DEFINITIONAL_REPRESENTATION('',(#8733),#8736);
#8733 = B_SPLINE_CURVE_WITH_KNOTS('',1,(#8734,#8735),.UNSPECIFIED.,.F.,
  .F.,(2,2),(0.,3.032097755404),.PIECEWISE_BEZIER_KNOTS.);
#8734 = CARTESIAN_POINT('',(2.276125613299,1.));
#8735 = CARTESIAN_POINT('',(5.738689906988,1.));
#8736 = ( GEOMETRIC_REPRESENTATION_CONTEXT(2) 
PARAMETRIC_REPRESENTATION_CONTEXT() REPRESENTATION_CONTEXT('2D SPACE',''
  ) );
#8737 = PCURVE('',#1983,#8738);
#8738 = DEFINITIONAL_REPRESENTATION('',(#8739),#8743);
#8739 = LINE('',#8740,#8741);
#8740 = CARTESIAN_POINT('',(38.300923568914,40.058675471597));
#8741 = VECTOR('',#8742,1.);
#8742 = DIRECTION('',(0.99980254667,-1.987127758377E-02));
#8743 = ( GEOMETRIC_REPRESENTATION_CONTEXT(2) 
PARAMETRIC_REPRESENTATION_CONTEXT() REPRESENTATION_CONTEXT('2D SPACE',''
  ) );
#8744 = ORIENTED_EDGE('',*,*,#8656,.F.);
#8745 = ADVANCED_FACE('',(#8746),#1876,.T.);
#8746 = FACE_BOUND('',#8747,.T.);
#8747 = EDGE_LOOP('',(#8748,#8749,#8750,#8772,#8792));
#8748 = ORIENTED_EDGE('',*,*,#1860,.T.);
#8749 = ORIENTED_EDGE('',*,*,#8601,.T.);
#8750 = ORIENTED_EDGE('',*,*,#8751,.T.);
#8751 = EDGE_CURVE('',#8602,#8752,#8754,.T.);
#8752 = VERTEX_POINT('',#8753);
#8753 = CARTESIAN_POINT('',(13.106879167026,-29.28586134925,15.));
#8754 = SURFACE_CURVE('',#8755,(#8758,#8765),.PCURVE_S1.);
#8755 = B_SPLINE_CURVE_WITH_KNOTS('',1,(#8756,#8757),.UNSPECIFIED.,.F.,
  .F.,(2,2),(0.,1.),.PIECEWISE_BEZIER_KNOTS.);
#8756 = CARTESIAN_POINT('',(13.818803353015,-34.55205717245,7.5));
#8757 = CARTESIAN_POINT('',(13.106879167026,-29.28586134925,15.));
#8758 = PCURVE('',#1876,#8759);
#8759 = DEFINITIONAL_REPRESENTATION('',(#8760),#8764);
#8760 = LINE('',#8761,#8762);
#8761 = CARTESIAN_POINT('',(2.219960859044,0.));
#8762 = VECTOR('',#8763,1.);
#8763 = DIRECTION('',(0.,1.));
#8764 = ( GEOMETRIC_REPRESENTATION_CONTEXT(2) 
PARAMETRIC_REPRESENTATION_CONTEXT() REPRESENTATION_CONTEXT('2D SPACE',''
  ) );
#8765 = PCURVE('',#8640,#8766);
#8766 = DEFINITIONAL_REPRESENTATION('',(#8767),#8771);
#8767 = LINE('',#8768,#8769);
#8768 = CARTESIAN_POINT('',(2.219960859044,0.));
#8769 = VECTOR('',#8770,1.);
#8770 = DIRECTION('',(0.,1.));
#8771 = ( GEOMETRIC_REPRESENTATION_CONTEXT(2) 
PARAMETRIC_REPRESENTATION_CONTEXT() REPRESENTATION_CONTEXT('2D SPACE',''
  ) );
#8772 = ORIENTED_EDGE('',*,*,#8773,.F.);
#8773 = EDGE_CURVE('',#8704,#8752,#8774,.T.);
#8774 = SURFACE_CURVE('',#8775,(#8779,#8785),.PCURVE_S1.);
#8775 = LINE('',#8776,#8777);
#8776 = CARTESIAN_POINT('',(8.157085138257,-29.57029999999,15.));
#8777 = VECTOR('',#8778,1.);
#8778 = DIRECTION('',(0.998352979521,5.737009920041E-02,0.));
#8779 = PCURVE('',#1876,#8780);
#8780 = DEFINITIONAL_REPRESENTATION('',(#8781),#8784);
#8781 = B_SPLINE_CURVE_WITH_KNOTS('',1,(#8782,#8783),.UNSPECIFIED.,.F.,
  .F.,(2,2),(3.032097755404,4.957959890244),.PIECEWISE_BEZIER_KNOTS.);
#8782 = CARTESIAN_POINT('',(0.,1.));
#8783 = CARTESIAN_POINT('',(2.219960859044,1.));
#8784 = ( GEOMETRIC_REPRESENTATION_CONTEXT(2) 
PARAMETRIC_REPRESENTATION_CONTEXT() REPRESENTATION_CONTEXT('2D SPACE',''
  ) );
#8785 = PCURVE('',#1983,#8786);
#8786 = DEFINITIONAL_REPRESENTATION('',(#8787),#8791);
#8787 = LINE('',#8788,#8789);
#8788 = CARTESIAN_POINT('',(38.300923568914,40.058675471597));
#8789 = VECTOR('',#8790,1.);
#8790 = DIRECTION('',(0.99980254667,-1.987127758377E-02));
#8791 = ( GEOMETRIC_REPRESENTATION_CONTEXT(2) 
PARAMETRIC_REPRESENTATION_CONTEXT() REPRESENTATION_CONTEXT('2D SPACE',''
  ) );
#8792 = ORIENTED_EDGE('',*,*,#8703,.F.);
#8793 = ADVANCED_FACE('',(#8794),#1983,.F.);
#8794 = FACE_BOUND('',#8795,.F.);
#8795 = EDGE_LOOP('',(#8796,#8820,#8842,#8864,#8886,#8908,#8930,#8952,
    #8974,#8996,#9018,#9040,#9062,#9084,#9106,#9128,#9150,#9172,#9193,
    #9214,#9235,#9256,#9277,#9298,#9319,#9340,#9361,#9382,#9403,#9424,
    #9445,#9466,#9487,#9508,#9529,#9550,#9571,#9592,#9613,#9634,#9655,
    #9676,#9697,#9718,#9739,#9760,#9781,#9802,#9823,#9844,#9865,#9886,
    #9907,#9928,#9949,#9976,#10003,#10030,#10057,#10084,#10111,#10138,
    #10165,#10192,#10219,#10246,#10273,#10300,#10327,#10354,#10381,
    #10408,#10435,#10462,#10489,#10516,#10543,#10570,#10597,#10624,
    #10651,#10678,#10705,#10732,#10759,#10786,#10813,#10840,#10867,
    #10894,#10921,#10948,#10975,#10995,#10996,#10997,#10998,#10999,
    #11000,#11022,#11044,#11066,#11088,#11110,#11132,#11154,#11176,
    #11198,#11220,#11242,#11264,#11286,#11308,#11330,#11352,#11374,
    #11396,#11418,#11440));
#8796 = ORIENTED_EDGE('',*,*,#8797,.F.);
#8797 = EDGE_CURVE('',#8798,#8800,#8802,.T.);
#8798 = VERTEX_POINT('',#8799);
#8799 = CARTESIAN_POINT('',(-31.61987994718,9.023109740045,15.));
#8800 = VERTEX_POINT('',#8801);
#8801 = CARTESIAN_POINT('',(-31.60873018042,7.285781945655,15.));
#8802 = SURFACE_CURVE('',#8803,(#8807,#8814),.PCURVE_S1.);
#8803 = LINE('',#8804,#8805);
#8804 = CARTESIAN_POINT('',(-31.64060000004,12.251654741704,15.));
#8805 = VECTOR('',#8806,1.);
#8806 = DIRECTION('',(6.417635857131E-03,-0.999979406763,0.));
#8807 = PCURVE('',#1983,#8808);
#8808 = DEFINITIONAL_REPRESENTATION('',(#8809),#8813);
#8809 = LINE('',#8810,#8811);
#8810 = CARTESIAN_POINT('',(0.100430262303,-3.227049102623));
#8811 = VECTOR('',#8812,1.);
#8812 = DIRECTION('',(-3.11063324398E-02,0.999516080952));
#8813 = ( GEOMETRIC_REPRESENTATION_CONTEXT(2) 
PARAMETRIC_REPRESENTATION_CONTEXT() REPRESENTATION_CONTEXT('2D SPACE',''
  ) );
#8814 = PCURVE('',#2670,#8815);
#8815 = DEFINITIONAL_REPRESENTATION('',(#8816),#8819);
#8816 = B_SPLINE_CURVE_WITH_KNOTS('',1,(#8817,#8818),.UNSPECIFIED.,.F.,
  .F.,(2,2),(3.22861148922,4.96597506155),.PIECEWISE_BEZIER_KNOTS.);
#8817 = CARTESIAN_POINT('',(0.,1.));
#8818 = CARTESIAN_POINT('',(2.002822374621,1.));
#8819 = ( GEOMETRIC_REPRESENTATION_CONTEXT(2) 
PARAMETRIC_REPRESENTATION_CONTEXT() REPRESENTATION_CONTEXT('2D SPACE',''
  ) );
#8820 = ORIENTED_EDGE('',*,*,#8821,.F.);
#8821 = EDGE_CURVE('',#8822,#8798,#8824,.T.);
#8822 = VERTEX_POINT('',#8823);
#8823 = CARTESIAN_POINT('',(-31.64060000004,12.251654741704,15.));
#8824 = SURFACE_CURVE('',#8825,(#8829,#8836),.PCURVE_S1.);
#8825 = LINE('',#8826,#8827);
#8826 = CARTESIAN_POINT('',(-31.64060000004,12.251654741704,15.));
#8827 = VECTOR('',#8828,1.);
#8828 = DIRECTION('',(6.417635857131E-03,-0.999979406763,0.));
#8829 = PCURVE('',#1983,#8830);
#8830 = DEFINITIONAL_REPRESENTATION('',(#8831),#8835);
#8831 = LINE('',#8832,#8833);
#8832 = CARTESIAN_POINT('',(0.100430262303,-3.227049102623));
#8833 = VECTOR('',#8834,1.);
#8834 = DIRECTION('',(-3.11063324398E-02,0.999516080952));
#8835 = ( GEOMETRIC_REPRESENTATION_CONTEXT(2) 
PARAMETRIC_REPRESENTATION_CONTEXT() REPRESENTATION_CONTEXT('2D SPACE',''
  ) );
#8836 = PCURVE('',#2698,#8837);
#8837 = DEFINITIONAL_REPRESENTATION('',(#8838),#8841);
#8838 = B_SPLINE_CURVE_WITH_KNOTS('',1,(#8839,#8840),.UNSPECIFIED.,.F.,
  .F.,(2,2),(0.,3.22861148922),.PIECEWISE_BEZIER_KNOTS.);
#8839 = CARTESIAN_POINT('',(2.024882503087,1.));
#8840 = CARTESIAN_POINT('',(5.736329198072,1.));
#8841 = ( GEOMETRIC_REPRESENTATION_CONTEXT(2) 
PARAMETRIC_REPRESENTATION_CONTEXT() REPRESENTATION_CONTEXT('2D SPACE',''
  ) );
#8842 = ORIENTED_EDGE('',*,*,#8843,.F.);
#8843 = EDGE_CURVE('',#8844,#8822,#8846,.T.);
#8844 = VERTEX_POINT('',#8845);
#8845 = CARTESIAN_POINT('',(-31.45033794704,13.998080944612,15.));
#8846 = SURFACE_CURVE('',#8847,(#8851,#8858),.PCURVE_S1.);
#8847 = LINE('',#8848,#8849);
#8848 = CARTESIAN_POINT('',(-31.10288814792,17.18734240692,15.));
#8849 = VECTOR('',#8850,1.);
#8850 = DIRECTION('',(-0.108302842328,-0.994117947903,0.));
#8851 = PCURVE('',#1983,#8852);
#8852 = DEFINITIONAL_REPRESENTATION('',(#8853),#8857);
#8853 = LINE('',#8854,#8855);
#8854 = CARTESIAN_POINT('',(0.822951592017,-8.139086326889));
#8855 = VECTOR('',#8856,1.);
#8856 = DIRECTION('',(-0.145526109092,0.989354411509));
#8857 = ( GEOMETRIC_REPRESENTATION_CONTEXT(2) 
PARAMETRIC_REPRESENTATION_CONTEXT() REPRESENTATION_CONTEXT('2D SPACE',''
  ) );
#8858 = PCURVE('',#2726,#8859);
#8859 = DEFINITIONAL_REPRESENTATION('',(#8860),#8863);
#8860 = B_SPLINE_CURVE_WITH_KNOTS('',1,(#8861,#8862),.UNSPECIFIED.,.F.,
  .F.,(2,2),(3.208131861047,4.964891415174),.PIECEWISE_BEZIER_KNOTS.);
#8861 = CARTESIAN_POINT('',(0.,1.));
#8862 = CARTESIAN_POINT('',(2.024882503087,1.));
#8863 = ( GEOMETRIC_REPRESENTATION_CONTEXT(2) 
PARAMETRIC_REPRESENTATION_CONTEXT() REPRESENTATION_CONTEXT('2D SPACE',''
  ) );
#8864 = ORIENTED_EDGE('',*,*,#8865,.F.);
#8865 = EDGE_CURVE('',#8866,#8844,#8868,.T.);
#8866 = VERTEX_POINT('',#8867);
#8867 = CARTESIAN_POINT('',(-31.10288814792,17.18734240692,15.));
#8868 = SURFACE_CURVE('',#8869,(#8873,#8880),.PCURVE_S1.);
#8869 = LINE('',#8870,#8871);
#8870 = CARTESIAN_POINT('',(-31.10288814792,17.18734240692,15.));
#8871 = VECTOR('',#8872,1.);
#8872 = DIRECTION('',(-0.108302842328,-0.994117947903,0.));
#8873 = PCURVE('',#1983,#8874);
#8874 = DEFINITIONAL_REPRESENTATION('',(#8875),#8879);
#8875 = LINE('',#8876,#8877);
#8876 = CARTESIAN_POINT('',(0.822951592017,-8.139086326889));
#8877 = VECTOR('',#8878,1.);
#8878 = DIRECTION('',(-0.145526109092,0.989354411509));
#8879 = ( GEOMETRIC_REPRESENTATION_CONTEXT(2) 
PARAMETRIC_REPRESENTATION_CONTEXT() REPRESENTATION_CONTEXT('2D SPACE',''
  ) );
#8880 = PCURVE('',#2754,#8881);
#8881 = DEFINITIONAL_REPRESENTATION('',(#8882),#8885);
#8882 = B_SPLINE_CURVE_WITH_KNOTS('',1,(#8883,#8884),.UNSPECIFIED.,.F.,
  .F.,(2,2),(0.,3.208131861047),.PIECEWISE_BEZIER_KNOTS.);
#8883 = CARTESIAN_POINT('',(2.054232825979,1.));
#8884 = CARTESIAN_POINT('',(5.735566488547,1.));
#8885 = ( GEOMETRIC_REPRESENTATION_CONTEXT(2) 
PARAMETRIC_REPRESENTATION_CONTEXT() REPRESENTATION_CONTEXT('2D SPACE',''
  ) );
#8886 = ORIENTED_EDGE('',*,*,#8887,.F.);
#8887 = EDGE_CURVE('',#8888,#8866,#8890,.T.);
#8888 = VERTEX_POINT('',#8889);
#8889 = CARTESIAN_POINT('',(-30.6838359421,18.924017810275,15.));
#8890 = SURFACE_CURVE('',#8891,(#8895,#8902),.PCURVE_S1.);
#8891 = LINE('',#8892,#8893);
#8892 = CARTESIAN_POINT('',(-29.9389255268,22.011145327997,15.));
#8893 = VECTOR('',#8894,1.);
#8894 = DIRECTION('',(-0.234563675948,-0.972100757085,0.));
#8895 = PCURVE('',#1983,#8896);
#8896 = DEFINITIONAL_REPRESENTATION('',(#8897),#8901);
#8897 = LINE('',#8898,#8899);
#8898 = CARTESIAN_POINT('',(2.167084787442,-12.91582052063));
#8899 = VECTOR('',#8900,1.);
#8900 = DIRECTION('',(-0.2708719486,0.962615389167));
#8901 = ( GEOMETRIC_REPRESENTATION_CONTEXT(2) 
PARAMETRIC_REPRESENTATION_CONTEXT() REPRESENTATION_CONTEXT('2D SPACE',''
  ) );
#8902 = PCURVE('',#2782,#8903);
#8903 = DEFINITIONAL_REPRESENTATION('',(#8904),#8907);
#8904 = B_SPLINE_CURVE_WITH_KNOTS('',1,(#8905,#8906),.UNSPECIFIED.,.F.,
  .F.,(2,2),(3.175727922461,4.962245822686),.PIECEWISE_BEZIER_KNOTS.);
#8905 = CARTESIAN_POINT('',(0.,1.));
#8906 = CARTESIAN_POINT('',(2.054232825979,1.));
#8907 = ( GEOMETRIC_REPRESENTATION_CONTEXT(2) 
PARAMETRIC_REPRESENTATION_CONTEXT() REPRESENTATION_CONTEXT('2D SPACE',''
  ) );
#8908 = ORIENTED_EDGE('',*,*,#8909,.F.);
#8909 = EDGE_CURVE('',#8910,#8888,#8912,.T.);
#8910 = VERTEX_POINT('',#8911);
#8911 = CARTESIAN_POINT('',(-29.9389255268,22.011145327997,15.));
#8912 = SURFACE_CURVE('',#8913,(#8917,#8924),.PCURVE_S1.);
#8913 = LINE('',#8914,#8915);
#8914 = CARTESIAN_POINT('',(-29.9389255268,22.011145327997,15.));
#8915 = VECTOR('',#8916,1.);
#8916 = DIRECTION('',(-0.234563675948,-0.972100757085,0.));
#8917 = PCURVE('',#1983,#8918);
#8918 = DEFINITIONAL_REPRESENTATION('',(#8919),#8923);
#8919 = LINE('',#8920,#8921);
#8920 = CARTESIAN_POINT('',(2.167084787442,-12.91582052063));
#8921 = VECTOR('',#8922,1.);
#8922 = DIRECTION('',(-0.2708719486,0.962615389167));
#8923 = ( GEOMETRIC_REPRESENTATION_CONTEXT(2) 
PARAMETRIC_REPRESENTATION_CONTEXT() REPRESENTATION_CONTEXT('2D SPACE',''
  ) );
#8924 = PCURVE('',#2810,#8925);
#8925 = DEFINITIONAL_REPRESENTATION('',(#8926),#8929);
#8926 = B_SPLINE_CURVE_WITH_KNOTS('',1,(#8927,#8928),.UNSPECIFIED.,.F.,
  .F.,(2,2),(0.,3.175727922461),.PIECEWISE_BEZIER_KNOTS.);
#8927 = CARTESIAN_POINT('',(2.097057517378,1.));
#8928 = CARTESIAN_POINT('',(5.735476160994,1.));
#8929 = ( GEOMETRIC_REPRESENTATION_CONTEXT(2) 
PARAMETRIC_REPRESENTATION_CONTEXT() REPRESENTATION_CONTEXT('2D SPACE',''
  ) );
#8930 = ORIENTED_EDGE('',*,*,#8931,.F.);
#8931 = EDGE_CURVE('',#8932,#8910,#8934,.T.);
#8932 = VERTEX_POINT('',#8933);
#8933 = CARTESIAN_POINT('',(-29.29672530289,23.721337133893,15.));
#8934 = SURFACE_CURVE('',#8935,(#8939,#8946),.PCURVE_S1.);
#8935 = LINE('',#8936,#8937);
#8936 = CARTESIAN_POINT('',(-28.19471703609,26.656006786332,15.));
#8937 = VECTOR('',#8938,1.);
#8938 = DIRECTION('',(-0.351544916838,-0.936171016132,0.));
#8939 = PCURVE('',#1983,#8940);
#8940 = DEFINITIONAL_REPRESENTATION('',(#8941),#8945);
#8941 = LINE('',#8942,#8943);
#8942 = CARTESIAN_POINT('',(4.084341359669,-17.49196829605));
#8943 = VECTOR('',#8944,1.);
#8944 = DIRECTION('',(-0.386422727461,0.922321785334));
#8945 = ( GEOMETRIC_REPRESENTATION_CONTEXT(2) 
PARAMETRIC_REPRESENTATION_CONTEXT() REPRESENTATION_CONTEXT('2D SPACE',''
  ) );
#8946 = PCURVE('',#2838,#8947);
#8947 = DEFINITIONAL_REPRESENTATION('',(#8948),#8951);
#8948 = B_SPLINE_CURVE_WITH_KNOTS('',1,(#8949,#8950),.UNSPECIFIED.,.F.,
  .F.,(2,2),(3.134758075041,4.961552300056),.PIECEWISE_BEZIER_KNOTS.);
#8949 = CARTESIAN_POINT('',(0.,1.));
#8950 = CARTESIAN_POINT('',(2.097057517378,1.));
#8951 = ( GEOMETRIC_REPRESENTATION_CONTEXT(2) 
PARAMETRIC_REPRESENTATION_CONTEXT() REPRESENTATION_CONTEXT('2D SPACE',''
  ) );
#8952 = ORIENTED_EDGE('',*,*,#8953,.F.);
#8953 = EDGE_CURVE('',#8954,#8932,#8956,.T.);
#8954 = VERTEX_POINT('',#8955);
#8955 = CARTESIAN_POINT('',(-28.19471703609,26.656006786332,15.));
#8956 = SURFACE_CURVE('',#8957,(#8961,#8968),.PCURVE_S1.);
#8957 = LINE('',#8958,#8959);
#8958 = CARTESIAN_POINT('',(-28.19471703609,26.656006786332,15.));
#8959 = VECTOR('',#8960,1.);
#8960 = DIRECTION('',(-0.351544916838,-0.936171016132,0.));
#8961 = PCURVE('',#1983,#8962);
#8962 = DEFINITIONAL_REPRESENTATION('',(#8963),#8967);
#8963 = LINE('',#8964,#8965);
#8964 = CARTESIAN_POINT('',(4.084341359669,-17.49196829605));
#8965 = VECTOR('',#8966,1.);
#8966 = DIRECTION('',(-0.386422727461,0.922321785334));
#8967 = ( GEOMETRIC_REPRESENTATION_CONTEXT(2) 
PARAMETRIC_REPRESENTATION_CONTEXT() REPRESENTATION_CONTEXT('2D SPACE',''
  ) );
#8968 = PCURVE('',#2866,#8969);
#8969 = DEFINITIONAL_REPRESENTATION('',(#8970),#8973);
#8970 = B_SPLINE_CURVE_WITH_KNOTS('',1,(#8971,#8972),.UNSPECIFIED.,.F.,
  .F.,(2,2),(0.,3.134758075041),.PIECEWISE_BEZIER_KNOTS.);
#8971 = CARTESIAN_POINT('',(2.146914423315,1.));
#8972 = CARTESIAN_POINT('',(5.732786163692,1.));
#8973 = ( GEOMETRIC_REPRESENTATION_CONTEXT(2) 
PARAMETRIC_REPRESENTATION_CONTEXT() REPRESENTATION_CONTEXT('2D SPACE',''
  ) );
#8974 = ORIENTED_EDGE('',*,*,#8975,.F.);
#8975 = EDGE_CURVE('',#8976,#8954,#8978,.T.);
#8976 = VERTEX_POINT('',#8977);
#8977 = CARTESIAN_POINT('',(-27.32264672408,28.312514383893,15.));
#8978 = SURFACE_CURVE('',#8979,(#8983,#8990),.PCURVE_S1.);
#8979 = LINE('',#8980,#8981);
#8980 = CARTESIAN_POINT('',(-25.88418717344,31.044884860923,15.));
#8981 = VECTOR('',#8982,1.);
#8982 = DIRECTION('',(-0.465840217274,-0.884868855803,0.));
#8983 = PCURVE('',#1983,#8984);
#8984 = DEFINITIONAL_REPRESENTATION('',(#8985),#8989);
#8985 = LINE('',#8986,#8987);
#8986 = CARTESIAN_POINT('',(6.557915985742,-21.79106443001));
#8987 = VECTOR('',#8988,1.);
#8988 = DIRECTION('',(-0.498712680534,0.866767363411));
#8989 = ( GEOMETRIC_REPRESENTATION_CONTEXT(2) 
PARAMETRIC_REPRESENTATION_CONTEXT() REPRESENTATION_CONTEXT('2D SPACE',''
  ) );
#8990 = PCURVE('',#2894,#8991);
#8991 = DEFINITIONAL_REPRESENTATION('',(#8992),#8995);
#8992 = B_SPLINE_CURVE_WITH_KNOTS('',1,(#8993,#8994),.UNSPECIFIED.,.F.,
  .F.,(2,2),(3.08788184725,4.959919253356),.PIECEWISE_BEZIER_KNOTS.);
#8993 = CARTESIAN_POINT('',(0.,1.));
#8994 = CARTESIAN_POINT('',(2.146914423315,1.));
#8995 = ( GEOMETRIC_REPRESENTATION_CONTEXT(2) 
PARAMETRIC_REPRESENTATION_CONTEXT() REPRESENTATION_CONTEXT('2D SPACE',''
  ) );
#8996 = ORIENTED_EDGE('',*,*,#8997,.F.);
#8997 = EDGE_CURVE('',#8998,#8976,#9000,.T.);
#8998 = VERTEX_POINT('',#8999);
#8999 = CARTESIAN_POINT('',(-25.88418717344,31.044884860923,15.));
#9000 = SURFACE_CURVE('',#9001,(#9005,#9012),.PCURVE_S1.);
#9001 = LINE('',#9002,#9003);
#9002 = CARTESIAN_POINT('',(-25.88418717344,31.044884860923,15.));
#9003 = VECTOR('',#9004,1.);
#9004 = DIRECTION('',(-0.465840217274,-0.884868855803,0.));
#9005 = PCURVE('',#1983,#9006);
#9006 = DEFINITIONAL_REPRESENTATION('',(#9007),#9011);
#9007 = LINE('',#9008,#9009);
#9008 = CARTESIAN_POINT('',(6.557915985742,-21.79106443001));
#9009 = VECTOR('',#9010,1.);
#9010 = DIRECTION('',(-0.498712680534,0.866767363411));
#9011 = ( GEOMETRIC_REPRESENTATION_CONTEXT(2) 
PARAMETRIC_REPRESENTATION_CONTEXT() REPRESENTATION_CONTEXT('2D SPACE',''
  ) );
#9012 = PCURVE('',#2922,#9013);
#9013 = DEFINITIONAL_REPRESENTATION('',(#9014),#9017);
#9014 = B_SPLINE_CURVE_WITH_KNOTS('',1,(#9015,#9016),.UNSPECIFIED.,.F.,
  .F.,(2,2),(0.,3.08788184725),.PIECEWISE_BEZIER_KNOTS.);
#9015 = CARTESIAN_POINT('',(2.204722369622,1.));
#9016 = CARTESIAN_POINT('',(5.733404155097,1.));
#9017 = ( GEOMETRIC_REPRESENTATION_CONTEXT(2) 
PARAMETRIC_REPRESENTATION_CONTEXT() REPRESENTATION_CONTEXT('2D SPACE',''
  ) );
#9018 = ORIENTED_EDGE('',*,*,#9019,.F.);
#9019 = EDGE_CURVE('',#9020,#8998,#9022,.T.);
#9020 = VERTEX_POINT('',#9021);
#9021 = CARTESIAN_POINT('',(-24.77932216958,32.622763141448,15.));
#9022 = SURFACE_CURVE('',#9023,(#9027,#9034),.PCURVE_S1.);
#9023 = LINE('',#9024,#9025);
#9024 = CARTESIAN_POINT('',(-23.03984674043,35.10694038443,15.));
#9025 = VECTOR('',#9026,1.);
#9026 = DIRECTION('',(-0.573584356943,-0.819146498173,0.));
#9027 = PCURVE('',#1983,#9028);
#9028 = DEFINITIONAL_REPRESENTATION('',(#9029),#9033);
#9029 = LINE('',#9030,#9031);
#9030 = CARTESIAN_POINT('',(9.552662854679,-25.74353944776));
#9031 = VECTOR('',#9032,1.);
#9032 = DIRECTION('',(-0.603915036712,0.797048698909));
#9033 = ( GEOMETRIC_REPRESENTATION_CONTEXT(2) 
PARAMETRIC_REPRESENTATION_CONTEXT() REPRESENTATION_CONTEXT('2D SPACE',''
  ) );
#9034 = PCURVE('',#2950,#9035);
#9035 = DEFINITIONAL_REPRESENTATION('',(#9036),#9039);
#9036 = B_SPLINE_CURVE_WITH_KNOTS('',1,(#9037,#9038),.UNSPECIFIED.,.F.,
  .F.,(2,2),(3.032640984881,4.958887735667),.PIECEWISE_BEZIER_KNOTS.);
#9037 = CARTESIAN_POINT('',(0.,1.));
#9038 = CARTESIAN_POINT('',(2.204722369622,1.));
#9039 = ( GEOMETRIC_REPRESENTATION_CONTEXT(2) 
PARAMETRIC_REPRESENTATION_CONTEXT() REPRESENTATION_CONTEXT('2D SPACE',''
  ) );
#9040 = ORIENTED_EDGE('',*,*,#9041,.F.);
#9041 = EDGE_CURVE('',#9042,#9020,#9044,.T.);
#9042 = VERTEX_POINT('',#9043);
#9043 = CARTESIAN_POINT('',(-23.03984674043,35.10694038443,15.));
#9044 = SURFACE_CURVE('',#9045,(#9049,#9056),.PCURVE_S1.);
#9045 = LINE('',#9046,#9047);
#9046 = CARTESIAN_POINT('',(-23.03984674043,35.10694038443,15.));
#9047 = VECTOR('',#9048,1.);
#9048 = DIRECTION('',(-0.573584356943,-0.819146498173,0.));
#9049 = PCURVE('',#1983,#9050);
#9050 = DEFINITIONAL_REPRESENTATION('',(#9051),#9055);
#9051 = LINE('',#9052,#9053);
#9052 = CARTESIAN_POINT('',(9.552662854679,-25.74353944776));
#9053 = VECTOR('',#9054,1.);
#9054 = DIRECTION('',(-0.603915036712,0.797048698909));
#9055 = ( GEOMETRIC_REPRESENTATION_CONTEXT(2) 
PARAMETRIC_REPRESENTATION_CONTEXT() REPRESENTATION_CONTEXT('2D SPACE',''
  ) );
#9056 = PCURVE('',#2978,#9057);
#9057 = DEFINITIONAL_REPRESENTATION('',(#9058),#9061);
#9058 = B_SPLINE_CURVE_WITH_KNOTS('',1,(#9059,#9060),.UNSPECIFIED.,.F.,
  .F.,(2,2),(0.,3.032640984881),.PIECEWISE_BEZIER_KNOTS.);
#9059 = CARTESIAN_POINT('',(2.271680334881,1.));
#9060 = CARTESIAN_POINT('',(5.733275745549,1.));
#9061 = ( GEOMETRIC_REPRESENTATION_CONTEXT(2) 
PARAMETRIC_REPRESENTATION_CONTEXT() REPRESENTATION_CONTEXT('2D SPACE',''
  ) );
#9062 = ORIENTED_EDGE('',*,*,#9063,.F.);
#9063 = EDGE_CURVE('',#9064,#9042,#9066,.T.);
#9064 = VERTEX_POINT('',#9065);
#9065 = CARTESIAN_POINT('',(-21.70787853634,36.580728624836,15.));
#9066 = SURFACE_CURVE('',#9067,(#9071,#9078),.PCURVE_S1.);
#9067 = LINE('',#9068,#9069);
#9068 = CARTESIAN_POINT('',(-19.71510833804,38.785677117645,15.));
#9069 = VECTOR('',#9070,1.);
#9070 = DIRECTION('',(-0.670509295168,-0.741901128921,0.));
#9071 = PCURVE('',#1983,#9072);
#9072 = DEFINITIONAL_REPRESENTATION('',(#9073),#9077);
#9073 = LINE('',#9074,#9075);
#9074 = CARTESIAN_POINT('',(13.013087223526,-29.29494094352));
#9075 = VECTOR('',#9076,1.);
#9076 = DIRECTION('',(-0.69787346363,0.71622107534));
#9077 = ( GEOMETRIC_REPRESENTATION_CONTEXT(2) 
PARAMETRIC_REPRESENTATION_CONTEXT() REPRESENTATION_CONTEXT('2D SPACE',''
  ) );
#9078 = PCURVE('',#3006,#9079);
#9079 = DEFINITIONAL_REPRESENTATION('',(#9080),#9083);
#9080 = B_SPLINE_CURVE_WITH_KNOTS('',1,(#9081,#9082),.UNSPECIFIED.,.F.,
  .F.,(2,2),(2.972024717117,4.958526938174),.PIECEWISE_BEZIER_KNOTS.);
#9081 = CARTESIAN_POINT('',(0.,1.));
#9082 = CARTESIAN_POINT('',(2.271680334881,1.));
#9083 = ( GEOMETRIC_REPRESENTATION_CONTEXT(2) 
PARAMETRIC_REPRESENTATION_CONTEXT() REPRESENTATION_CONTEXT('2D SPACE',''
  ) );
#9084 = ORIENTED_EDGE('',*,*,#9085,.F.);
#9085 = EDGE_CURVE('',#9086,#9064,#9088,.T.);
#9086 = VERTEX_POINT('',#9087);
#9087 = CARTESIAN_POINT('',(-19.71510833804,38.785677117645,15.));
#9088 = SURFACE_CURVE('',#9089,(#9093,#9100),.PCURVE_S1.);
#9089 = LINE('',#9090,#9091);
#9090 = CARTESIAN_POINT('',(-19.71510833804,38.785677117645,15.));
#9091 = VECTOR('',#9092,1.);
#9092 = DIRECTION('',(-0.670509295168,-0.741901128921,0.));
#9093 = PCURVE('',#1983,#9094);
#9094 = DEFINITIONAL_REPRESENTATION('',(#9095),#9099);
#9095 = LINE('',#9096,#9097);
#9096 = CARTESIAN_POINT('',(13.013087223526,-29.29494094352));
#9097 = VECTOR('',#9098,1.);
#9098 = DIRECTION('',(-0.69787346363,0.71622107534));
#9099 = ( GEOMETRIC_REPRESENTATION_CONTEXT(2) 
PARAMETRIC_REPRESENTATION_CONTEXT() REPRESENTATION_CONTEXT('2D SPACE',''
  ) );
#9100 = PCURVE('',#3034,#9101);
#9101 = DEFINITIONAL_REPRESENTATION('',(#9102),#9105);
#9102 = B_SPLINE_CURVE_WITH_KNOTS('',1,(#9103,#9104),.UNSPECIFIED.,.F.,
  .F.,(2,2),(0.,2.972024717117),.PIECEWISE_BEZIER_KNOTS.);
#9103 = CARTESIAN_POINT('',(2.340348479858,1.));
#9104 = CARTESIAN_POINT('',(5.730550173734,1.));
#9105 = ( GEOMETRIC_REPRESENTATION_CONTEXT(2) 
PARAMETRIC_REPRESENTATION_CONTEXT() REPRESENTATION_CONTEXT('2D SPACE',''
  ) );
#9106 = ORIENTED_EDGE('',*,*,#9107,.F.);
#9107 = EDGE_CURVE('',#9108,#9086,#9110,.T.);
#9108 = VERTEX_POINT('',#9109);
#9109 = CARTESIAN_POINT('',(-18.1698039044,40.129397227297,15.));
#9110 = SURFACE_CURVE('',#9111,(#9115,#9122),.PCURVE_S1.);
#9111 = LINE('',#9112,#9113);
#9112 = CARTESIAN_POINT('',(-15.97316285921,42.039487357019,15.));
#9113 = VECTOR('',#9114,1.);
#9114 = DIRECTION('',(-0.754611053518,-0.656172353812,0.));
#9115 = PCURVE('',#1983,#9116);
#9116 = DEFINITIONAL_REPRESENTATION('',(#9117),#9121);
#9117 = LINE('',#9118,#9119);
#9118 = CARTESIAN_POINT('',(16.874481563778,-32.40606144737));
#9119 = VECTOR('',#9120,1.);
#9120 = DIRECTION('',(-0.778699440607,0.627397147905));
#9121 = ( GEOMETRIC_REPRESENTATION_CONTEXT(2) 
PARAMETRIC_REPRESENTATION_CONTEXT() REPRESENTATION_CONTEXT('2D SPACE',''
  ) );
#9122 = PCURVE('',#3062,#9123);
#9123 = DEFINITIONAL_REPRESENTATION('',(#9124),#9127);
#9124 = B_SPLINE_CURVE_WITH_KNOTS('',1,(#9125,#9126),.UNSPECIFIED.,.F.,
  .F.,(2,2),(2.910957949728,4.958773743619),.PIECEWISE_BEZIER_KNOTS.);
#9125 = CARTESIAN_POINT('',(0.,1.));
#9126 = CARTESIAN_POINT('',(2.340348479858,1.));
#9127 = ( GEOMETRIC_REPRESENTATION_CONTEXT(2) 
PARAMETRIC_REPRESENTATION_CONTEXT() REPRESENTATION_CONTEXT('2D SPACE',''
  ) );
#9128 = ORIENTED_EDGE('',*,*,#9129,.F.);
#9129 = EDGE_CURVE('',#9130,#9108,#9132,.T.);
#9130 = VERTEX_POINT('',#9131);
#9131 = CARTESIAN_POINT('',(-15.97316285921,42.039487357019,15.));
#9132 = SURFACE_CURVE('',#9133,(#9137,#9144),.PCURVE_S1.);
#9133 = LINE('',#9134,#9135);
#9134 = CARTESIAN_POINT('',(-15.97316285921,42.039487357019,15.));
#9135 = VECTOR('',#9136,1.);
#9136 = DIRECTION('',(-0.754611053518,-0.656172353812,0.));
#9137 = PCURVE('',#1983,#9138);
#9138 = DEFINITIONAL_REPRESENTATION('',(#9139),#9143);
#9139 = LINE('',#9140,#9141);
#9140 = CARTESIAN_POINT('',(16.874481563778,-32.40606144737));
#9141 = VECTOR('',#9142,1.);
#9142 = DIRECTION('',(-0.778699440607,0.627397147905));
#9143 = ( GEOMETRIC_REPRESENTATION_CONTEXT(2) 
PARAMETRIC_REPRESENTATION_CONTEXT() REPRESENTATION_CONTEXT('2D SPACE',''
  ) );
#9144 = PCURVE('',#3090,#9145);
#9145 = DEFINITIONAL_REPRESENTATION('',(#9146),#9149);
#9146 = B_SPLINE_CURVE_WITH_KNOTS('',1,(#9147,#9148),.UNSPECIFIED.,.F.,
  .F.,(2,2),(0.,2.910957949728),.PIECEWISE_BEZIER_KNOTS.);
#9147 = CARTESIAN_POINT('',(2.414228952257,1.));
#9148 = CARTESIAN_POINT('',(5.731676904548,1.));
#9149 = ( GEOMETRIC_REPRESENTATION_CONTEXT(2) 
PARAMETRIC_REPRESENTATION_CONTEXT() REPRESENTATION_CONTEXT('2D SPACE',''
  ) );
#9150 = ORIENTED_EDGE('',*,*,#9151,.F.);
#9151 = EDGE_CURVE('',#9152,#9130,#9154,.T.);
#9152 = VERTEX_POINT('',#9153);
#9153 = CARTESIAN_POINT('',(-14.21849999995,42.578050330491,15.));
#9154 = SURFACE_CURVE('',#9155,(#9159,#9166),.PCURVE_S1.);
#9155 = LINE('',#9156,#9157);
#9156 = CARTESIAN_POINT('',(-11.48190546722,43.418000000005,15.));
#9157 = VECTOR('',#9158,1.);
#9158 = DIRECTION('',(-0.95598295827,-0.293422193261,0.));
#9159 = PCURVE('',#1983,#9160);
#9160 = DEFINITIONAL_REPRESENTATION('',(#9161),#9165);
#9161 = LINE('',#9162,#9163);
#9162 = CARTESIAN_POINT('',(21.414298620791,-33.61509046142));
#9163 = VECTOR('',#9164,1.);
#9164 = DIRECTION('',(-0.966319086479,0.257346892552));
#9165 = ( GEOMETRIC_REPRESENTATION_CONTEXT(2) 
PARAMETRIC_REPRESENTATION_CONTEXT() REPRESENTATION_CONTEXT('2D SPACE',''
  ) );
#9166 = PCURVE('',#3118,#9167);
#9167 = DEFINITIONAL_REPRESENTATION('',(#9168),#9171);
#9168 = B_SPLINE_CURVE_WITH_KNOTS('',1,(#9169,#9170),.UNSPECIFIED.,.F.,
  .F.,(2,2),(2.493691938402,4.698051731085),.PIECEWISE_BEZIER_KNOTS.);
#9169 = CARTESIAN_POINT('',(0.,1.));
#9170 = CARTESIAN_POINT('',(2.414228952257,1.));
#9171 = ( GEOMETRIC_REPRESENTATION_CONTEXT(2) 
PARAMETRIC_REPRESENTATION_CONTEXT() REPRESENTATION_CONTEXT('2D SPACE',''
  ) );
#9172 = ORIENTED_EDGE('',*,*,#9173,.T.);
#9173 = EDGE_CURVE('',#9152,#9174,#9176,.T.);
#9174 = VERTEX_POINT('',#9175);
#9175 = CARTESIAN_POINT('',(-14.21849999995,37.246199999994,15.));
#9176 = SURFACE_CURVE('',#9177,(#9181,#9187),.PCURVE_S1.);
#9177 = LINE('',#9178,#9179);
#9178 = CARTESIAN_POINT('',(-14.21849999995,29.765654870028,15.));
#9179 = VECTOR('',#9180,1.);
#9180 = DIRECTION('',(-0.,-1.,-0.));
#9181 = PCURVE('',#1983,#9182);
#9182 = DEFINITIONAL_REPRESENTATION('',(#9183),#9186);
#9183 = B_SPLINE_CURVE_WITH_KNOTS('',1,(#9184,#9185),.UNSPECIFIED.,.F.,
  .F.,(2,2),(-13.54959514581,-7.480545129966),.PIECEWISE_BEZIER_KNOTS.);
#9184 = CARTESIAN_POINT('',(18.675775808063,-33.61509046142));
#9185 = CARTESIAN_POINT('',(18.448063703529,-27.55031385446));
#9186 = ( GEOMETRIC_REPRESENTATION_CONTEXT(2) 
PARAMETRIC_REPRESENTATION_CONTEXT() REPRESENTATION_CONTEXT('2D SPACE',''
  ) );
#9187 = PCURVE('',#3202,#9188);
#9188 = DEFINITIONAL_REPRESENTATION('',(#9189),#9192);
#9189 = B_SPLINE_CURVE_WITH_KNOTS('',1,(#9190,#9191),.UNSPECIFIED.,.F.,
  .F.,(2,2),(-13.54959514581,-7.480545129966),.PIECEWISE_BEZIER_KNOTS.);
#9190 = CARTESIAN_POINT('',(-7.192949984167,-7.5));
#9191 = CARTESIAN_POINT('',(-13.26200000001,-7.5));
#9192 = ( GEOMETRIC_REPRESENTATION_CONTEXT(2) 
PARAMETRIC_REPRESENTATION_CONTEXT() REPRESENTATION_CONTEXT('2D SPACE',''
  ) );
#9193 = ORIENTED_EDGE('',*,*,#9194,.T.);
#9194 = EDGE_CURVE('',#9174,#9195,#9197,.T.);
#9195 = VERTEX_POINT('',#9196);
#9196 = CARTESIAN_POINT('',(-17.73450000002,33.847200000018,15.));
#9197 = SURFACE_CURVE('',#9198,(#9202,#9208),.PCURVE_S1.);
#9198 = LINE('',#9199,#9200);
#9199 = CARTESIAN_POINT('',(-27.5257501666,24.381767885286,15.));
#9200 = VECTOR('',#9201,1.);
#9201 = DIRECTION('',(-0.71896793903,-0.69504323797,-0.));
#9202 = PCURVE('',#1983,#9203);
#9203 = DEFINITIONAL_REPRESENTATION('',(#9204),#9207);
#9204 = B_SPLINE_CURVE_WITH_KNOTS('',1,(#9205,#9206),.UNSPECIFIED.,.F.,
  .F.,(2,2),(-18.50882277811,-13.61847953859),.PIECEWISE_BEZIER_KNOTS.);
#9205 = CARTESIAN_POINT('',(18.448063703529,-27.55031385446));
#9206 = CARTESIAN_POINT('',(14.807008194669,-24.28562829813));
#9207 = ( GEOMETRIC_REPRESENTATION_CONTEXT(2) 
PARAMETRIC_REPRESENTATION_CONTEXT() REPRESENTATION_CONTEXT('2D SPACE',''
  ) );
#9208 = PCURVE('',#4957,#9209);
#9209 = DEFINITIONAL_REPRESENTATION('',(#9210),#9213);
#9210 = B_SPLINE_CURVE_WITH_KNOTS('',1,(#9211,#9212),.UNSPECIFIED.,.F.,
  .F.,(2,2),(-18.50882277811,-13.61847953859),.PIECEWISE_BEZIER_KNOTS.);
#9211 = CARTESIAN_POINT('',(4.890343239515,-7.5));
#9212 = CARTESIAN_POINT('',(0.,-7.5));
#9213 = ( GEOMETRIC_REPRESENTATION_CONTEXT(2) 
PARAMETRIC_REPRESENTATION_CONTEXT() REPRESENTATION_CONTEXT('2D SPACE',''
  ) );
#9214 = ORIENTED_EDGE('',*,*,#9215,.T.);
#9215 = EDGE_CURVE('',#9195,#9216,#9218,.T.);
#9216 = VERTEX_POINT('',#9217);
#9217 = CARTESIAN_POINT('',(-20.78150000004,30.000200000009,15.));
#9218 = SURFACE_CURVE('',#9219,(#9223,#9229),.PCURVE_S1.);
#9219 = LINE('',#9220,#9221);
#9220 = CARTESIAN_POINT('',(-27.97550278763,20.917387816309,15.));
#9221 = VECTOR('',#9222,1.);
#9222 = DIRECTION('',(-0.6208856024,-0.783901185567,-0.));
#9223 = PCURVE('',#1983,#9224);
#9224 = DEFINITIONAL_REPRESENTATION('',(#9225),#9228);
#9225 = B_SPLINE_CURVE_WITH_KNOTS('',1,(#9226,#9227),.UNSPECIFIED.,.F.,
  .F.,(2,2),(-16.49418628492,-11.58667999352),.PIECEWISE_BEZIER_KNOTS.);
#9226 = CARTESIAN_POINT('',(14.807008194669,-24.28562829813));
#9227 = CARTESIAN_POINT('',(11.617813388706,-20.55566120849));
#9228 = ( GEOMETRIC_REPRESENTATION_CONTEXT(2) 
PARAMETRIC_REPRESENTATION_CONTEXT() REPRESENTATION_CONTEXT('2D SPACE',''
  ) );
#9229 = PCURVE('',#4929,#9230);
#9230 = DEFINITIONAL_REPRESENTATION('',(#9231),#9234);
#9231 = B_SPLINE_CURVE_WITH_KNOTS('',1,(#9232,#9233),.UNSPECIFIED.,.F.,
  .F.,(2,2),(-16.49418628492,-11.58667999352),.PIECEWISE_BEZIER_KNOTS.);
#9232 = CARTESIAN_POINT('',(4.907506291406,-7.5));
#9233 = CARTESIAN_POINT('',(0.,-7.5));
#9234 = ( GEOMETRIC_REPRESENTATION_CONTEXT(2) 
PARAMETRIC_REPRESENTATION_CONTEXT() REPRESENTATION_CONTEXT('2D SPACE',''
  ) );
#9235 = ORIENTED_EDGE('',*,*,#9236,.T.);
#9236 = EDGE_CURVE('',#9216,#9237,#9239,.T.);
#9237 = VERTEX_POINT('',#9238);
#9238 = CARTESIAN_POINT('',(-23.24250000005,25.762199999997,15.));
#9239 = SURFACE_CURVE('',#9240,(#9244,#9250),.PCURVE_S1.);
#9240 = LINE('',#9241,#9242);
#9241 = CARTESIAN_POINT('',(-27.93334857778,17.684257589431,15.));
#9242 = VECTOR('',#9243,1.);
#9243 = DIRECTION('',(-0.502169975438,-0.864768937791,-0.));
#9244 = PCURVE('',#1983,#9245);
#9245 = DEFINITIONAL_REPRESENTATION('',(#9246),#9249);
#9246 = B_SPLINE_CURVE_WITH_KNOTS('',1,(#9247,#9248),.UNSPECIFIED.,.F.,
  .F.,(2,2),(-14.24188806091,-9.341156992988),.PIECEWISE_BEZIER_KNOTS.);
#9247 = CARTESIAN_POINT('',(11.617813388706,-20.55566120849));
#9248 = CARTESIAN_POINT('',(8.999535554892,-16.41298258409));
#9249 = ( GEOMETRIC_REPRESENTATION_CONTEXT(2) 
PARAMETRIC_REPRESENTATION_CONTEXT() REPRESENTATION_CONTEXT('2D SPACE',''
  ) );
#9250 = PCURVE('',#4901,#9251);
#9251 = DEFINITIONAL_REPRESENTATION('',(#9252),#9255);
#9252 = B_SPLINE_CURVE_WITH_KNOTS('',1,(#9253,#9254),.UNSPECIFIED.,.F.,
  .F.,(2,2),(-14.24188806091,-9.341156992988),.PIECEWISE_BEZIER_KNOTS.);
#9253 = CARTESIAN_POINT('',(4.900731067928,-7.5));
#9254 = CARTESIAN_POINT('',(0.,-7.5));
#9255 = ( GEOMETRIC_REPRESENTATION_CONTEXT(2) 
PARAMETRIC_REPRESENTATION_CONTEXT() REPRESENTATION_CONTEXT('2D SPACE',''
  ) );
#9256 = ORIENTED_EDGE('',*,*,#9257,.T.);
#9257 = EDGE_CURVE('',#9237,#9258,#9260,.T.);
#9258 = VERTEX_POINT('',#9259);
#9259 = CARTESIAN_POINT('',(-25.07849999994,21.23020000002,15.));
#9260 = SURFACE_CURVE('',#9261,(#9265,#9271),.PCURVE_S1.);
#9261 = LINE('',#9262,#9263);
#9262 = CARTESIAN_POINT('',(-27.6636713888,14.848938161834,15.));
#9263 = VECTOR('',#9264,1.);
#9264 = DIRECTION('',(-0.375477238683,-0.92683161536,-0.));
#9265 = PCURVE('',#1983,#9266);
#9266 = DEFINITIONAL_REPRESENTATION('',(#9267),#9270);
#9267 = B_SPLINE_CURVE_WITH_KNOTS('',1,(#9268,#9269),.UNSPECIFIED.,.F.,
  .F.,(2,2),(-11.7748053231,-6.885028232132),.PIECEWISE_BEZIER_KNOTS.);
#9268 = CARTESIAN_POINT('',(8.999535554892,-16.41298258409));
#9269 = CARTESIAN_POINT('',(6.994786693751,-11.95306083554));
#9270 = ( GEOMETRIC_REPRESENTATION_CONTEXT(2) 
PARAMETRIC_REPRESENTATION_CONTEXT() REPRESENTATION_CONTEXT('2D SPACE',''
  ) );
#9271 = PCURVE('',#4873,#9272);
#9272 = DEFINITIONAL_REPRESENTATION('',(#9273),#9276);
#9273 = B_SPLINE_CURVE_WITH_KNOTS('',1,(#9274,#9275),.UNSPECIFIED.,.F.,
  .F.,(2,2),(-11.7748053231,-6.885028232132),.PIECEWISE_BEZIER_KNOTS.);
#9274 = CARTESIAN_POINT('',(4.889777090973,-7.5));
#9275 = CARTESIAN_POINT('',(0.,-7.5));
#9276 = ( GEOMETRIC_REPRESENTATION_CONTEXT(2) 
PARAMETRIC_REPRESENTATION_CONTEXT() REPRESENTATION_CONTEXT('2D SPACE',''
  ) );
#9277 = ORIENTED_EDGE('',*,*,#9278,.T.);
#9278 = EDGE_CURVE('',#9258,#9279,#9281,.T.);
#9279 = VERTEX_POINT('',#9280);
#9280 = CARTESIAN_POINT('',(-26.24950000003,16.465200000006,15.));
#9281 = SURFACE_CURVE('',#9282,(#9286,#9292),.PCURVE_S1.);
#9282 = LINE('',#9283,#9284);
#9283 = CARTESIAN_POINT('',(-27.26479792699,12.333778461479,15.));
#9284 = VECTOR('',#9285,1.);
#9285 = DIRECTION('',(-0.238649497828,-0.971105770339,-0.));
#9286 = PCURVE('',#1983,#9287);
#9287 = DEFINITIONAL_REPRESENTATION('',(#9288),#9291);
#9288 = B_SPLINE_CURVE_WITH_KNOTS('',1,(#9289,#9290),.UNSPECIFIED.,.F.,
  .F.,(2,2),(-9.161125193842,-4.254347636183),.PIECEWISE_BEZIER_KNOTS.);
#9289 = CARTESIAN_POINT('',(6.994786693751,-11.95306083554));
#9290 = CARTESIAN_POINT('',(5.645827373261,-7.235352201894));
#9291 = ( GEOMETRIC_REPRESENTATION_CONTEXT(2) 
PARAMETRIC_REPRESENTATION_CONTEXT() REPRESENTATION_CONTEXT('2D SPACE',''
  ) );
#9292 = PCURVE('',#4845,#9293);
#9293 = DEFINITIONAL_REPRESENTATION('',(#9294),#9297);
#9294 = B_SPLINE_CURVE_WITH_KNOTS('',1,(#9295,#9296),.UNSPECIFIED.,.F.,
  .F.,(2,2),(-9.161125193842,-4.254347636183),.PIECEWISE_BEZIER_KNOTS.);
#9295 = CARTESIAN_POINT('',(4.906777557659,-7.5));
#9296 = CARTESIAN_POINT('',(0.,-7.5));
#9297 = ( GEOMETRIC_REPRESENTATION_CONTEXT(2) 
PARAMETRIC_REPRESENTATION_CONTEXT() REPRESENTATION_CONTEXT('2D SPACE',''
  ) );
#9298 = ORIENTED_EDGE('',*,*,#9299,.T.);
#9299 = EDGE_CURVE('',#9279,#9300,#9302,.T.);
#9300 = VERTEX_POINT('',#9301);
#9301 = CARTESIAN_POINT('',(-26.75749999994,11.601200000005,15.));
#9302 = SURFACE_CURVE('',#9303,(#9307,#9313),.PCURVE_S1.);
#9303 = LINE('',#9304,#9305);
#9304 = CARTESIAN_POINT('',(-26.91690919963,10.074888292524,15.));
#9305 = VECTOR('',#9306,1.);
#9306 = DIRECTION('',(-0.103875793735,-0.994590277188,-0.));
#9307 = PCURVE('',#1983,#9308);
#9308 = DEFINITIONAL_REPRESENTATION('',(#9309),#9312);
#9309 = B_SPLINE_CURVE_WITH_KNOTS('',1,(#9310,#9311),.UNSPECIFIED.,.F.,
  .F.,(2,2),(-6.425069552813,-1.534613541363),.PIECEWISE_BEZIER_KNOTS.);
#9310 = CARTESIAN_POINT('',(5.645827373261,-7.235352201894));
#9311 = CARTESIAN_POINT('',(4.955686711817,-2.393837370011));
#9312 = ( GEOMETRIC_REPRESENTATION_CONTEXT(2) 
PARAMETRIC_REPRESENTATION_CONTEXT() REPRESENTATION_CONTEXT('2D SPACE',''
  ) );
#9313 = PCURVE('',#4817,#9314);
#9314 = DEFINITIONAL_REPRESENTATION('',(#9315),#9318);
#9315 = B_SPLINE_CURVE_WITH_KNOTS('',1,(#9316,#9317),.UNSPECIFIED.,.F.,
  .F.,(2,2),(-6.425069552813,-1.534613541363),.PIECEWISE_BEZIER_KNOTS.);
#9316 = CARTESIAN_POINT('',(4.89045601145,-7.5));
#9317 = CARTESIAN_POINT('',(0.,-7.5));
#9318 = ( GEOMETRIC_REPRESENTATION_CONTEXT(2) 
PARAMETRIC_REPRESENTATION_CONTEXT() REPRESENTATION_CONTEXT('2D SPACE',''
  ) );
#9319 = ORIENTED_EDGE('',*,*,#9320,.T.);
#9320 = EDGE_CURVE('',#9300,#9321,#9323,.T.);
#9321 = VERTEX_POINT('',#9322);
#9322 = CARTESIAN_POINT('',(-26.60149999999,6.699200000003,15.));
#9323 = SURFACE_CURVE('',#9324,(#9328,#9334),.PCURVE_S1.);
#9324 = LINE('',#9325,#9326);
#9325 = CARTESIAN_POINT('',(-26.64097895767,7.93975032461,15.));
#9326 = VECTOR('',#9327,1.);
#9327 = DIRECTION('',(3.180764287017E-02,-0.999494008914,0.));
#9328 = PCURVE('',#1983,#9329);
#9329 = DEFINITIONAL_REPRESENTATION('',(#9330),#9333);
#9330 = B_SPLINE_CURVE_WITH_KNOTS('',1,(#9331,#9332),.UNSPECIFIED.,.F.,
  .F.,(2,2),(-3.663303274197,1.241178349788),.PIECEWISE_BEZIER_KNOTS.);
#9331 = CARTESIAN_POINT('',(4.955686711817,-2.393837370011));
#9332 = CARTESIAN_POINT('',(4.927652738535,2.510564132349));
#9333 = ( GEOMETRIC_REPRESENTATION_CONTEXT(2) 
PARAMETRIC_REPRESENTATION_CONTEXT() REPRESENTATION_CONTEXT('2D SPACE',''
  ) );
#9334 = PCURVE('',#4789,#9335);
#9335 = DEFINITIONAL_REPRESENTATION('',(#9336),#9339);
#9336 = B_SPLINE_CURVE_WITH_KNOTS('',1,(#9337,#9338),.UNSPECIFIED.,.F.,
  .F.,(2,2),(-3.663303274197,1.241178349788),.PIECEWISE_BEZIER_KNOTS.);
#9337 = CARTESIAN_POINT('',(4.904481623985,-7.5));
#9338 = CARTESIAN_POINT('',(0.,-7.5));
#9339 = ( GEOMETRIC_REPRESENTATION_CONTEXT(2) 
PARAMETRIC_REPRESENTATION_CONTEXT() REPRESENTATION_CONTEXT('2D SPACE',''
  ) );
#9340 = ORIENTED_EDGE('',*,*,#9341,.T.);
#9341 = EDGE_CURVE('',#9321,#9342,#9344,.T.);
#9342 = VERTEX_POINT('',#9343);
#9343 = CARTESIAN_POINT('',(-25.78150000004,1.89420000001,15.));
#9344 = SURFACE_CURVE('',#9345,(#9349,#9355),.PCURVE_S1.);
#9345 = LINE('',#9346,#9347);
#9346 = CARTESIAN_POINT('',(-26.45519047361,5.841861860638,15.));
#9347 = VECTOR('',#9348,1.);
#9348 = DIRECTION('',(0.168223533144,-0.985748874154,0.));
#9349 = PCURVE('',#1983,#9350);
#9350 = DEFINITIONAL_REPRESENTATION('',(#9351),#9354);
#9351 = B_SPLINE_CURVE_WITH_KNOTS('',1,(#9352,#9353),.UNSPECIFIED.,.F.,
  .F.,(2,2),(-0.869732811108,4.004733826366),.PIECEWISE_BEZIER_KNOTS.);
#9352 = CARTESIAN_POINT('',(4.927652738535,2.510564132349));
#9353 = CARTESIAN_POINT('',(5.566790683515,7.342947362923));
#9354 = ( GEOMETRIC_REPRESENTATION_CONTEXT(2) 
PARAMETRIC_REPRESENTATION_CONTEXT() REPRESENTATION_CONTEXT('2D SPACE',''
  ) );
#9355 = PCURVE('',#4761,#9356);
#9356 = DEFINITIONAL_REPRESENTATION('',(#9357),#9360);
#9357 = B_SPLINE_CURVE_WITH_KNOTS('',1,(#9358,#9359),.UNSPECIFIED.,.F.,
  .F.,(2,2),(-0.869732811108,4.004733826366),.PIECEWISE_BEZIER_KNOTS.);
#9358 = CARTESIAN_POINT('',(4.874466637474,-7.5));
#9359 = CARTESIAN_POINT('',(0.,-7.5));
#9360 = ( GEOMETRIC_REPRESENTATION_CONTEXT(2) 
PARAMETRIC_REPRESENTATION_CONTEXT() REPRESENTATION_CONTEXT('2D SPACE',''
  ) );
#9361 = ORIENTED_EDGE('',*,*,#9362,.T.);
#9362 = EDGE_CURVE('',#9342,#9363,#9365,.T.);
#9363 = VERTEX_POINT('',#9364);
#9364 = CARTESIAN_POINT('',(-24.25749999994,-2.773799999995,15.));
#9365 = SURFACE_CURVE('',#9366,(#9370,#9376),.PCURVE_S1.);
#9366 = LINE('',#9367,#9368);
#9367 = CARTESIAN_POINT('',(-26.35230608563,3.642574545549,15.));
#9368 = VECTOR('',#9369,1.);
#9369 = DIRECTION('',(0.310356714037,-0.950620171284,0.));
#9370 = PCURVE('',#1983,#9371);
#9371 = DEFINITIONAL_REPRESENTATION('',(#9372),#9375);
#9372 = B_SPLINE_CURVE_WITH_KNOTS('',1,(#9373,#9374),.UNSPECIFIED.,.F.,
  .F.,(2,2),(1.839193611027,6.749672202807),.PIECEWISE_BEZIER_KNOTS.);
#9373 = CARTESIAN_POINT('',(5.566790683515,7.342947362923));
#9374 = CARTESIAN_POINT('',(6.914573190536,12.06484129588));
#9375 = ( GEOMETRIC_REPRESENTATION_CONTEXT(2) 
PARAMETRIC_REPRESENTATION_CONTEXT() REPRESENTATION_CONTEXT('2D SPACE',''
  ) );
#9376 = PCURVE('',#4733,#9377);
#9377 = DEFINITIONAL_REPRESENTATION('',(#9378),#9381);
#9378 = B_SPLINE_CURVE_WITH_KNOTS('',1,(#9379,#9380),.UNSPECIFIED.,.F.,
  .F.,(2,2),(1.839193611027,6.749672202807),.PIECEWISE_BEZIER_KNOTS.);
#9379 = CARTESIAN_POINT('',(4.91047859178,-7.5));
#9380 = CARTESIAN_POINT('',(0.,-7.5));
#9381 = ( GEOMETRIC_REPRESENTATION_CONTEXT(2) 
PARAMETRIC_REPRESENTATION_CONTEXT() REPRESENTATION_CONTEXT('2D SPACE',''
  ) );
#9382 = ORIENTED_EDGE('',*,*,#9383,.T.);
#9383 = EDGE_CURVE('',#9363,#9384,#9386,.T.);
#9384 = VERTEX_POINT('',#9385);
#9385 = CARTESIAN_POINT('',(-22.10950000002,-7.167799999996,15.));
#9386 = SURFACE_CURVE('',#9387,(#9391,#9397),.PCURVE_S1.);
#9387 = LINE('',#9388,#9389);
#9388 = CARTESIAN_POINT('',(-26.22081822658,1.242410562454,15.));
#9389 = VECTOR('',#9390,1.);
#9390 = DIRECTION('',(0.439180795083,-0.898398702821,0.));
#9391 = PCURVE('',#1983,#9392);
#9392 = DEFINITIONAL_REPRESENTATION('',(#9393),#9396);
#9393 = B_SPLINE_CURVE_WITH_KNOTS('',1,(#9394,#9395),.UNSPECIFIED.,.F.,
  .F.,(2,2),(4.470410019337,9.361334267339),.PIECEWISE_BEZIER_KNOTS.);
#9394 = CARTESIAN_POINT('',(6.914573190536,12.06484129588));
#9395 = CARTESIAN_POINT('',(8.896196860235,16.53634077943));
#9396 = ( GEOMETRIC_REPRESENTATION_CONTEXT(2) 
PARAMETRIC_REPRESENTATION_CONTEXT() REPRESENTATION_CONTEXT('2D SPACE',''
  ) );
#9397 = PCURVE('',#4705,#9398);
#9398 = DEFINITIONAL_REPRESENTATION('',(#9399),#9402);
#9399 = B_SPLINE_CURVE_WITH_KNOTS('',1,(#9400,#9401),.UNSPECIFIED.,.F.,
  .F.,(2,2),(4.470410019337,9.361334267339),.PIECEWISE_BEZIER_KNOTS.);
#9400 = CARTESIAN_POINT('',(4.890924248002,-7.5));
#9401 = CARTESIAN_POINT('',(0.,-7.5));
#9402 = ( GEOMETRIC_REPRESENTATION_CONTEXT(2) 
PARAMETRIC_REPRESENTATION_CONTEXT() REPRESENTATION_CONTEXT('2D SPACE',''
  ) );
#9403 = ORIENTED_EDGE('',*,*,#9404,.T.);
#9404 = EDGE_CURVE('',#9384,#9405,#9407,.T.);
#9405 = VERTEX_POINT('',#9406);
#9406 = CARTESIAN_POINT('',(-19.37549999996,-11.23079999999,15.));
#9407 = SURFACE_CURVE('',#9408,(#9412,#9418),.PCURVE_S1.);
#9408 = LINE('',#9409,#9410);
#9409 = CARTESIAN_POINT('',(-25.97418891708,-1.424482125196,15.));
#9410 = VECTOR('',#9411,1.);
#9411 = DIRECTION('',(0.55827637058,-0.829655045216,0.));
#9412 = PCURVE('',#1983,#9413);
#9413 = DEFINITIONAL_REPRESENTATION('',(#9414),#9417);
#9414 = B_SPLINE_CURVE_WITH_KNOTS('',1,(#9415,#9416),.UNSPECIFIED.,.F.,
  .F.,(2,2),(6.922537153146,11.819753199049),.PIECEWISE_BEZIER_KNOTS.);
#9415 = CARTESIAN_POINT('',(8.896196860235,16.53634077943));
#9416 = CARTESIAN_POINT('',(11.475827102555,20.699060180634));
#9417 = ( GEOMETRIC_REPRESENTATION_CONTEXT(2) 
PARAMETRIC_REPRESENTATION_CONTEXT() REPRESENTATION_CONTEXT('2D SPACE',''
  ) );
#9418 = PCURVE('',#4677,#9419);
#9419 = DEFINITIONAL_REPRESENTATION('',(#9420),#9423);
#9420 = B_SPLINE_CURVE_WITH_KNOTS('',1,(#9421,#9422),.UNSPECIFIED.,.F.,
  .F.,(2,2),(6.922537153146,11.819753199049),.PIECEWISE_BEZIER_KNOTS.);
#9421 = CARTESIAN_POINT('',(4.897216045904,-7.5));
#9422 = CARTESIAN_POINT('',(0.,-7.5));
#9423 = ( GEOMETRIC_REPRESENTATION_CONTEXT(2) 
PARAMETRIC_REPRESENTATION_CONTEXT() REPRESENTATION_CONTEXT('2D SPACE',''
  ) );
#9424 = ORIENTED_EDGE('',*,*,#9425,.T.);
#9425 = EDGE_CURVE('',#9405,#9426,#9428,.T.);
#9426 = VERTEX_POINT('',#9427);
#9427 = CARTESIAN_POINT('',(-16.09349999995,-14.88279999999,15.));
#9428 = SURFACE_CURVE('',#9429,(#9433,#9439),.PCURVE_S1.);
#9429 = LINE('',#9430,#9431);
#9430 = CARTESIAN_POINT('',(-25.50456555655,-4.41076727219,15.));
#9431 = VECTOR('',#9432,1.);
#9432 = DIRECTION('',(0.668424452235,-0.743780042522,0.));
#9433 = PCURVE('',#1983,#9434);
#9434 = DEFINITIONAL_REPRESENTATION('',(#9435),#9438);
#9435 = B_SPLINE_CURVE_WITH_KNOTS('',1,(#9436,#9437),.UNSPECIFIED.,.F.,
  .F.,(2,2),(9.169421519664,14.079475287196),.PIECEWISE_BEZIER_KNOTS.);
#9436 = CARTESIAN_POINT('',(11.475827102555,20.699060180634));
#9437 = CARTESIAN_POINT('',(14.618492292084,24.471630061575));
#9438 = ( GEOMETRIC_REPRESENTATION_CONTEXT(2) 
PARAMETRIC_REPRESENTATION_CONTEXT() REPRESENTATION_CONTEXT('2D SPACE',''
  ) );
#9439 = PCURVE('',#4649,#9440);
#9440 = DEFINITIONAL_REPRESENTATION('',(#9441),#9444);
#9441 = B_SPLINE_CURVE_WITH_KNOTS('',1,(#9442,#9443),.UNSPECIFIED.,.F.,
  .F.,(2,2),(9.169421519664,14.079475287196),.PIECEWISE_BEZIER_KNOTS.);
#9442 = CARTESIAN_POINT('',(4.910053767532,-7.5));
#9443 = CARTESIAN_POINT('',(0.,-7.5));
#9444 = ( GEOMETRIC_REPRESENTATION_CONTEXT(2) 
PARAMETRIC_REPRESENTATION_CONTEXT() REPRESENTATION_CONTEXT('2D SPACE',''
  ) );
#9445 = ORIENTED_EDGE('',*,*,#9446,.T.);
#9446 = EDGE_CURVE('',#9426,#9447,#9449,.T.);
#9447 = VERTEX_POINT('',#9448);
#9448 = CARTESIAN_POINT('',(-12.34349999995,-18.02779999998,15.));
#9449 = SURFACE_CURVE('',#9450,(#9454,#9460),.PCURVE_S1.);
#9450 = LINE('',#9451,#9452);
#9451 = CARTESIAN_POINT('',(-24.66122275172,-7.697336518872,15.));
#9452 = VECTOR('',#9453,1.);
#9453 = DIRECTION('',(0.766207768826,-0.642592915453,0.));
#9454 = PCURVE('',#1983,#9455);
#9455 = DEFINITIONAL_REPRESENTATION('',(#9456),#9459);
#9456 = B_SPLINE_CURVE_WITH_KNOTS('',1,(#9457,#9458),.UNSPECIFIED.,.F.,
  .F.,(2,2),(11.181983660763,16.076217512954),.PIECEWISE_BEZIER_KNOTS.);
#9457 = CARTESIAN_POINT('',(14.618492292084,24.471630061575));
#9458 = CARTESIAN_POINT('',(18.247850700702,27.755116401082));
#9459 = ( GEOMETRIC_REPRESENTATION_CONTEXT(2) 
PARAMETRIC_REPRESENTATION_CONTEXT() REPRESENTATION_CONTEXT('2D SPACE',''
  ) );
#9460 = PCURVE('',#4621,#9461);
#9461 = DEFINITIONAL_REPRESENTATION('',(#9462),#9465);
#9462 = B_SPLINE_CURVE_WITH_KNOTS('',1,(#9463,#9464),.UNSPECIFIED.,.F.,
  .F.,(2,2),(11.181983660763,16.076217512954),.PIECEWISE_BEZIER_KNOTS.);
#9463 = CARTESIAN_POINT('',(4.894233852191,-7.5));
#9464 = CARTESIAN_POINT('',(0.,-7.5));
#9465 = ( GEOMETRIC_REPRESENTATION_CONTEXT(2) 
PARAMETRIC_REPRESENTATION_CONTEXT() REPRESENTATION_CONTEXT('2D SPACE',''
  ) );
#9466 = ORIENTED_EDGE('',*,*,#9467,.T.);
#9467 = EDGE_CURVE('',#9447,#9468,#9470,.T.);
#9468 = VERTEX_POINT('',#9469);
#9469 = CARTESIAN_POINT('',(-8.203499999945,-20.62479999999,15.));
#9470 = SURFACE_CURVE('',#9471,(#9475,#9481),.PCURVE_S1.);
#9471 = LINE('',#9472,#9473);
#9472 = CARTESIAN_POINT('',(-23.27863372532,-11.16824872346,15.));
#9473 = VECTOR('',#9474,1.);
#9474 = DIRECTION('',(0.847123496871,-0.531396067965,0.));
#9475 = PCURVE('',#1983,#9476);
#9476 = DEFINITIONAL_REPRESENTATION('',(#9477),#9480);
#9477 = B_SPLINE_CURVE_WITH_KNOTS('',1,(#9478,#9479),.UNSPECIFIED.,.F.,
  .F.,(2,2),(12.908547296533,17.795674162101),.PIECEWISE_BEZIER_KNOTS.);
#9478 = CARTESIAN_POINT('',(18.247850700702,27.755116401082));
#9479 = CARTESIAN_POINT('',(22.287495579784,30.505621491255));
#9480 = ( GEOMETRIC_REPRESENTATION_CONTEXT(2) 
PARAMETRIC_REPRESENTATION_CONTEXT() REPRESENTATION_CONTEXT('2D SPACE',''
  ) );
#9481 = PCURVE('',#4593,#9482);
#9482 = DEFINITIONAL_REPRESENTATION('',(#9483),#9486);
#9483 = B_SPLINE_CURVE_WITH_KNOTS('',1,(#9484,#9485),.UNSPECIFIED.,.F.,
  .F.,(2,2),(12.908547296533,17.795674162101),.PIECEWISE_BEZIER_KNOTS.);
#9484 = CARTESIAN_POINT('',(4.887126865569,-7.5));
#9485 = CARTESIAN_POINT('',(0.,-7.5));
#9486 = ( GEOMETRIC_REPRESENTATION_CONTEXT(2) 
PARAMETRIC_REPRESENTATION_CONTEXT() REPRESENTATION_CONTEXT('2D SPACE',''
  ) );
#9487 = ORIENTED_EDGE('',*,*,#9488,.T.);
#9488 = EDGE_CURVE('',#9468,#9489,#9491,.T.);
#9489 = VERTEX_POINT('',#9490);
#9490 = CARTESIAN_POINT('',(-3.710500000045,-22.61679999998,15.));
#9491 = SURFACE_CURVE('',#9492,(#9496,#9502),.PCURVE_S1.);
#9492 = LINE('',#9493,#9494);
#9493 = CARTESIAN_POINT('',(-21.23447069231,-14.84743663036,15.));
#9494 = VECTOR('',#9495,1.);
#9495 = DIRECTION('',(0.914180349584,-0.405307646652,0.));
#9496 = PCURVE('',#1983,#9497);
#9497 = DEFINITIONAL_REPRESENTATION('',(#9498),#9501);
#9498 = B_SPLINE_CURVE_WITH_KNOTS('',1,(#9499,#9500),.UNSPECIFIED.,.F.,
  .F.,(2,2),(14.254266894164,19.169052036884),.PIECEWISE_BEZIER_KNOTS.);
#9499 = CARTESIAN_POINT('',(22.287495579784,30.505621491255));
#9500 = CARTESIAN_POINT('',(26.702591634728,32.664797219331));
#9501 = ( GEOMETRIC_REPRESENTATION_CONTEXT(2) 
PARAMETRIC_REPRESENTATION_CONTEXT() REPRESENTATION_CONTEXT('2D SPACE',''
  ) );
#9502 = PCURVE('',#4565,#9503);
#9503 = DEFINITIONAL_REPRESENTATION('',(#9504),#9507);
#9504 = B_SPLINE_CURVE_WITH_KNOTS('',1,(#9505,#9506),.UNSPECIFIED.,.F.,
  .F.,(2,2),(14.254266894164,19.169052036884),.PIECEWISE_BEZIER_KNOTS.);
#9505 = CARTESIAN_POINT('',(4.91478514272,-7.5));
#9506 = CARTESIAN_POINT('',(0.,-7.5));
#9507 = ( GEOMETRIC_REPRESENTATION_CONTEXT(2) 
PARAMETRIC_REPRESENTATION_CONTEXT() REPRESENTATION_CONTEXT('2D SPACE',''
  ) );
#9508 = ORIENTED_EDGE('',*,*,#9509,.T.);
#9509 = EDGE_CURVE('',#9489,#9510,#9512,.T.);
#9510 = VERTEX_POINT('',#9511);
#9511 = CARTESIAN_POINT('',(0.97649999999,-23.96479999998,15.));
#9512 = SURFACE_CURVE('',#9513,(#9517,#9523),.PCURVE_S1.);
#9513 = LINE('',#9514,#9515);
#9514 = CARTESIAN_POINT('',(-18.45788191277,-18.37539380878,15.));
#9515 = VECTOR('',#9516,1.);
#9516 = DIRECTION('',(0.961042755296,-0.276399751254,0.));
#9517 = PCURVE('',#1983,#9518);
#9518 = DEFINITIONAL_REPRESENTATION('',(#9519),#9522);
#9519 = B_SPLINE_CURVE_WITH_KNOTS('',1,(#9520,#9521),.UNSPECIFIED.,.F.,
  .F.,(2,2),(15.345188163023,20.222182421817),.PIECEWISE_BEZIER_KNOTS.);
#9520 = CARTESIAN_POINT('',(26.702591634728,32.664797219331));
#9521 = CARTESIAN_POINT('',(31.335714111341,34.187705331143));
#9522 = ( GEOMETRIC_REPRESENTATION_CONTEXT(2) 
PARAMETRIC_REPRESENTATION_CONTEXT() REPRESENTATION_CONTEXT('2D SPACE',''
  ) );
#9523 = PCURVE('',#4537,#9524);
#9524 = DEFINITIONAL_REPRESENTATION('',(#9525),#9528);
#9525 = B_SPLINE_CURVE_WITH_KNOTS('',1,(#9526,#9527),.UNSPECIFIED.,.F.,
  .F.,(2,2),(15.345188163023,20.222182421817),.PIECEWISE_BEZIER_KNOTS.);
#9526 = CARTESIAN_POINT('',(4.876994258795,-7.5));
#9527 = CARTESIAN_POINT('',(0.,-7.5));
#9528 = ( GEOMETRIC_REPRESENTATION_CONTEXT(2) 
PARAMETRIC_REPRESENTATION_CONTEXT() REPRESENTATION_CONTEXT('2D SPACE',''
  ) );
#9529 = ORIENTED_EDGE('',*,*,#9530,.T.);
#9530 = EDGE_CURVE('',#9510,#9531,#9533,.T.);
#9531 = VERTEX_POINT('',#9532);
#9532 = CARTESIAN_POINT('',(5.820500000031,-24.64879999999,15.));
#9533 = SURFACE_CURVE('',#9534,(#9538,#9544),.PCURVE_S1.);
#9534 = LINE('',#9535,#9536);
#9535 = CARTESIAN_POINT('',(-14.8645809759,-21.72795041543,15.));
#9536 = VECTOR('',#9537,1.);
#9537 = DIRECTION('',(0.990177139152,-0.139818572086,0.));
#9538 = PCURVE('',#1983,#9539);
#9539 = DEFINITIONAL_REPRESENTATION('',(#9540),#9543);
#9540 = B_SPLINE_CURVE_WITH_KNOTS('',1,(#9541,#9542),.UNSPECIFIED.,.F.,
  .F.,(2,2),(15.998229356675,20.890283322078),.PIECEWISE_BEZIER_KNOTS.);
#9541 = CARTESIAN_POINT('',(31.335714111341,34.187705331143));
#9542 = CARTESIAN_POINT('',(36.150639466799,35.052971661108));
#9543 = ( GEOMETRIC_REPRESENTATION_CONTEXT(2) 
PARAMETRIC_REPRESENTATION_CONTEXT() REPRESENTATION_CONTEXT('2D SPACE',''
  ) );
#9544 = PCURVE('',#4509,#9545);
#9545 = DEFINITIONAL_REPRESENTATION('',(#9546),#9549);
#9546 = B_SPLINE_CURVE_WITH_KNOTS('',1,(#9547,#9548),.UNSPECIFIED.,.F.,
  .F.,(2,2),(15.998229356675,20.890283322078),.PIECEWISE_BEZIER_KNOTS.);
#9547 = CARTESIAN_POINT('',(4.892053965402,-7.5));
#9548 = CARTESIAN_POINT('',(0.,-7.5));
#9549 = ( GEOMETRIC_REPRESENTATION_CONTEXT(2) 
PARAMETRIC_REPRESENTATION_CONTEXT() REPRESENTATION_CONTEXT('2D SPACE',''
  ) );
#9550 = ORIENTED_EDGE('',*,*,#9551,.T.);
#9551 = EDGE_CURVE('',#9531,#9552,#9554,.T.);
#9552 = VERTEX_POINT('',#9553);
#9553 = CARTESIAN_POINT('',(10.742500000051,-24.64879999999,15.));
#9554 = SURFACE_CURVE('',#9555,(#9559,#9565),.PCURVE_S1.);
#9555 = LINE('',#9556,#9557);
#9556 = CARTESIAN_POINT('',(-10.43868997356,-24.64879999999,15.));
#9557 = VECTOR('',#9558,1.);
#9558 = DIRECTION('',(1.,0.,0.));
#9559 = PCURVE('',#1983,#9560);
#9560 = DEFINITIONAL_REPRESENTATION('',(#9561),#9564);
#9561 = B_SPLINE_CURVE_WITH_KNOTS('',1,(#9562,#9563),.UNSPECIFIED.,.F.,
  .F.,(2,2),(16.259189973595,21.181189973616),.PIECEWISE_BEZIER_KNOTS.);
#9562 = CARTESIAN_POINT('',(36.150639466799,35.052971661108));
#9563 = CARTESIAN_POINT('',(41.069173731903,35.237646194288));
#9564 = ( GEOMETRIC_REPRESENTATION_CONTEXT(2) 
PARAMETRIC_REPRESENTATION_CONTEXT() REPRESENTATION_CONTEXT('2D SPACE',''
  ) );
#9565 = PCURVE('',#4481,#9566);
#9566 = DEFINITIONAL_REPRESENTATION('',(#9567),#9570);
#9567 = B_SPLINE_CURVE_WITH_KNOTS('',1,(#9568,#9569),.UNSPECIFIED.,.F.,
  .F.,(2,2),(16.259189973595,21.181189973616),.PIECEWISE_BEZIER_KNOTS.);
#9568 = CARTESIAN_POINT('',(4.92200000002,-7.5));
#9569 = CARTESIAN_POINT('',(0.,-7.5));
#9570 = ( GEOMETRIC_REPRESENTATION_CONTEXT(2) 
PARAMETRIC_REPRESENTATION_CONTEXT() REPRESENTATION_CONTEXT('2D SPACE',''
  ) );
#9571 = ORIENTED_EDGE('',*,*,#9572,.T.);
#9572 = EDGE_CURVE('',#9552,#9573,#9575,.T.);
#9573 = VERTEX_POINT('',#9574);
#9574 = CARTESIAN_POINT('',(15.585500000045,-23.96479999998,15.));
#9575 = SURFACE_CURVE('',#9576,(#9580,#9586),.PCURVE_S1.);
#9576 = LINE('',#9577,#9578);
#9577 = CARTESIAN_POINT('',(-5.271627460312,-26.91055163803,15.));
#9578 = VECTOR('',#9579,1.);
#9579 = DIRECTION('',(0.990173141819,0.139846877764,0.));
#9580 = PCURVE('',#1983,#9581);
#9581 = DEFINITIONAL_REPRESENTATION('',(#9582),#9585);
#9582 = B_SPLINE_CURVE_WITH_KNOTS('',1,(#9583,#9584),.UNSPECIFIED.,.F.,
  .F.,(2,2),(16.173057805775,21.06412159599),.PIECEWISE_BEZIER_KNOTS.);
#9583 = CARTESIAN_POINT('',(41.069173731903,35.237646194288));
#9584 = CARTESIAN_POINT('',(45.93442745528,34.735838255813));
#9585 = ( GEOMETRIC_REPRESENTATION_CONTEXT(2) 
PARAMETRIC_REPRESENTATION_CONTEXT() REPRESENTATION_CONTEXT('2D SPACE',''
  ) );
#9586 = PCURVE('',#4453,#9587);
#9587 = DEFINITIONAL_REPRESENTATION('',(#9588),#9591);
#9588 = B_SPLINE_CURVE_WITH_KNOTS('',1,(#9589,#9590),.UNSPECIFIED.,.F.,
  .F.,(2,2),(16.173057805775,21.06412159599),.PIECEWISE_BEZIER_KNOTS.);
#9589 = CARTESIAN_POINT('',(4.891063790215,-7.5));
#9590 = CARTESIAN_POINT('',(0.,-7.5));
#9591 = ( GEOMETRIC_REPRESENTATION_CONTEXT(2) 
PARAMETRIC_REPRESENTATION_CONTEXT() REPRESENTATION_CONTEXT('2D SPACE',''
  ) );
#9592 = ORIENTED_EDGE('',*,*,#9593,.T.);
#9593 = EDGE_CURVE('',#9573,#9594,#9596,.T.);
#9594 = VERTEX_POINT('',#9595);
#9595 = CARTESIAN_POINT('',(20.27350000001,-22.61679999998,15.));
#9596 = SURFACE_CURVE('',#9597,(#9601,#9607),.PCURVE_S1.);
#9597 = LINE('',#9598,#9599);
#9598 = CARTESIAN_POINT('',(0.509800135003,-28.29970687247,15.));
#9599 = VECTOR('',#9600,1.);
#9600 = DIRECTION('',(0.961058415401,0.276345295215,0.));
#9601 = PCURVE('',#1983,#9602);
#9602 = DEFINITIONAL_REPRESENTATION('',(#9603),#9606);
#9603 = B_SPLINE_CURVE_WITH_KNOTS('',1,(#9604,#9605),.UNSPECIFIED.,.F.,
  .F.,(2,2),(15.68655934276,20.564514652075),.PIECEWISE_BEZIER_KNOTS.);
#9604 = CARTESIAN_POINT('',(45.93442745528,34.735838255813));
#9605 = CARTESIAN_POINT('',(50.669703746475,33.564682226194));
#9606 = ( GEOMETRIC_REPRESENTATION_CONTEXT(2) 
PARAMETRIC_REPRESENTATION_CONTEXT() REPRESENTATION_CONTEXT('2D SPACE',''
  ) );
#9607 = PCURVE('',#4425,#9608);
#9608 = DEFINITIONAL_REPRESENTATION('',(#9609),#9612);
#9609 = B_SPLINE_CURVE_WITH_KNOTS('',1,(#9610,#9611),.UNSPECIFIED.,.F.,
  .F.,(2,2),(15.68655934276,20.564514652075),.PIECEWISE_BEZIER_KNOTS.);
#9610 = CARTESIAN_POINT('',(4.877955309315,-7.5));
#9611 = CARTESIAN_POINT('',(0.,-7.5));
#9612 = ( GEOMETRIC_REPRESENTATION_CONTEXT(2) 
PARAMETRIC_REPRESENTATION_CONTEXT() REPRESENTATION_CONTEXT('2D SPACE',''
  ) );
#9613 = ORIENTED_EDGE('',*,*,#9614,.T.);
#9614 = EDGE_CURVE('',#9594,#9615,#9617,.T.);
#9615 = VERTEX_POINT('',#9616);
#9616 = CARTESIAN_POINT('',(24.76549999998,-20.62479999999,15.));
#9617 = SURFACE_CURVE('',#9618,(#9622,#9628),.PCURVE_S1.);
#9618 = LINE('',#9619,#9620);
#9619 = CARTESIAN_POINT('',(6.69932368768,-28.63633677967,15.));
#9620 = VECTOR('',#9621,1.);
#9621 = DIRECTION('',(0.914146915747,0.405383049016,0.));
#9622 = PCURVE('',#1983,#9623);
#9623 = DEFINITIONAL_REPRESENTATION('',(#9624),#9627);
#9624 = B_SPLINE_CURVE_WITH_KNOTS('',1,(#9625,#9626),.UNSPECIFIED.,.F.,
  .F.,(2,2),(14.849009583139,19.762880562288),.PIECEWISE_BEZIER_KNOTS.);
#9625 = CARTESIAN_POINT('',(50.669703746475,33.564682226194));
#9626 = CARTESIAN_POINT('',(55.233281070468,31.742625693687));
#9627 = ( GEOMETRIC_REPRESENTATION_CONTEXT(2) 
PARAMETRIC_REPRESENTATION_CONTEXT() REPRESENTATION_CONTEXT('2D SPACE',''
  ) );
#9628 = PCURVE('',#4397,#9629);
#9629 = DEFINITIONAL_REPRESENTATION('',(#9630),#9633);
#9630 = B_SPLINE_CURVE_WITH_KNOTS('',1,(#9631,#9632),.UNSPECIFIED.,.F.,
  .F.,(2,2),(14.849009583139,19.762880562288),.PIECEWISE_BEZIER_KNOTS.);
#9631 = CARTESIAN_POINT('',(4.913870979148,-7.5));
#9632 = CARTESIAN_POINT('',(0.,-7.5));
#9633 = ( GEOMETRIC_REPRESENTATION_CONTEXT(2) 
PARAMETRIC_REPRESENTATION_CONTEXT() REPRESENTATION_CONTEXT('2D SPACE',''
  ) );
#9634 = ORIENTED_EDGE('',*,*,#9635,.T.);
#9635 = EDGE_CURVE('',#9615,#9636,#9638,.T.);
#9636 = VERTEX_POINT('',#9637);
#9637 = CARTESIAN_POINT('',(28.906500000041,-18.02779999998,15.));
#9638 = SURFACE_CURVE('',#9639,(#9643,#9649),.PCURVE_S1.);
#9639 = LINE('',#9640,#9641);
#9640 = CARTESIAN_POINT('',(13.274074448773,-27.83156941707,15.));
#9641 = VECTOR('',#9642,1.);
#9642 = DIRECTION('',(0.847181262589,0.531303969794,0.));
#9643 = PCURVE('',#1983,#9644);
#9644 = DEFINITIONAL_REPRESENTATION('',(#9645),#9648);
#9645 = B_SPLINE_CURVE_WITH_KNOTS('',1,(#9646,#9647),.UNSPECIFIED.,.F.,
  .F.,(2,2),(13.5643056081,18.452279626091),.PIECEWISE_BEZIER_KNOTS.);
#9646 = CARTESIAN_POINT('',(55.233281070468,31.742625693687));
#9647 = CARTESIAN_POINT('',(59.468805279058,29.302825562733));
#9648 = ( GEOMETRIC_REPRESENTATION_CONTEXT(2) 
PARAMETRIC_REPRESENTATION_CONTEXT() REPRESENTATION_CONTEXT('2D SPACE',''
  ) );
#9649 = PCURVE('',#4369,#9650);
#9650 = DEFINITIONAL_REPRESENTATION('',(#9651),#9654);
#9651 = B_SPLINE_CURVE_WITH_KNOTS('',1,(#9652,#9653),.UNSPECIFIED.,.F.,
  .F.,(2,2),(13.5643056081,18.452279626091),.PIECEWISE_BEZIER_KNOTS.);
#9652 = CARTESIAN_POINT('',(4.887974017991,-7.5));
#9653 = CARTESIAN_POINT('',(0.,-7.5));
#9654 = ( GEOMETRIC_REPRESENTATION_CONTEXT(2) 
PARAMETRIC_REPRESENTATION_CONTEXT() REPRESENTATION_CONTEXT('2D SPACE',''
  ) );
#9655 = ORIENTED_EDGE('',*,*,#9656,.T.);
#9656 = EDGE_CURVE('',#9636,#9657,#9659,.T.);
#9657 = VERTEX_POINT('',#9658);
#9658 = CARTESIAN_POINT('',(32.656500000041,-14.88279999999,15.));
#9659 = SURFACE_CURVE('',#9660,(#9664,#9670),.PCURVE_S1.);
#9660 = LINE('',#9661,#9662);
#9661 = CARTESIAN_POINT('',(19.674146254321,-25.77066734136,15.));
#9662 = VECTOR('',#9663,1.);
#9663 = DIRECTION('',(0.766207768826,0.642592915453,0.));
#9664 = PCURVE('',#1983,#9665);
#9665 = DEFINITIONAL_REPRESENTATION('',(#9666),#9669);
#9666 = B_SPLINE_CURVE_WITH_KNOTS('',1,(#9667,#9668),.UNSPECIFIED.,.F.,
  .F.,(2,2),(12.049412863388,16.94364671558),.PIECEWISE_BEZIER_KNOTS.);
#9667 = CARTESIAN_POINT('',(59.468805279058,29.302825562733));
#9668 = CARTESIAN_POINT('',(63.334165884688,26.30074088898));
#9669 = ( GEOMETRIC_REPRESENTATION_CONTEXT(2) 
PARAMETRIC_REPRESENTATION_CONTEXT() REPRESENTATION_CONTEXT('2D SPACE',''
  ) );
#9670 = PCURVE('',#4341,#9671);
#9671 = DEFINITIONAL_REPRESENTATION('',(#9672),#9675);
#9672 = B_SPLINE_CURVE_WITH_KNOTS('',1,(#9673,#9674),.UNSPECIFIED.,.F.,
  .F.,(2,2),(12.049412863388,16.94364671558),.PIECEWISE_BEZIER_KNOTS.);
#9673 = CARTESIAN_POINT('',(4.894233852191,-7.5));
#9674 = CARTESIAN_POINT('',(0.,-7.5));
#9675 = ( GEOMETRIC_REPRESENTATION_CONTEXT(2) 
PARAMETRIC_REPRESENTATION_CONTEXT() REPRESENTATION_CONTEXT('2D SPACE',''
  ) );
#9676 = ORIENTED_EDGE('',*,*,#9677,.T.);
#9677 = EDGE_CURVE('',#9657,#9678,#9680,.T.);
#9678 = VERTEX_POINT('',#9679);
#9679 = CARTESIAN_POINT('',(35.9375,-11.23079999999,15.));
#9680 = SURFACE_CURVE('',#9681,(#9685,#9691),.PCURVE_S1.);
#9681 = LINE('',#9682,#9683);
#9682 = CARTESIAN_POINT('',(25.885126478281,-22.41984849185,15.));
#9683 = VECTOR('',#9684,1.);
#9684 = DIRECTION('',(0.668311760647,0.743881301406,0.));
#9685 = PCURVE('',#1983,#9686);
#9686 = DEFINITIONAL_REPRESENTATION('',(#9687),#9690);
#9687 = B_SPLINE_CURVE_WITH_KNOTS('',1,(#9688,#9689),.UNSPECIFIED.,.F.,
  .F.,(2,2),(10.132058001207,15.041443400597),.PIECEWISE_BEZIER_KNOTS.);
#9688 = CARTESIAN_POINT('',(63.334165884688,26.30074088898));
#9689 = CARTESIAN_POINT('',(66.749879480524,22.774416225685));
#9690 = ( GEOMETRIC_REPRESENTATION_CONTEXT(2) 
PARAMETRIC_REPRESENTATION_CONTEXT() REPRESENTATION_CONTEXT('2D SPACE',''
  ) );
#9691 = PCURVE('',#4313,#9692);
#9692 = DEFINITIONAL_REPRESENTATION('',(#9693),#9696);
#9693 = B_SPLINE_CURVE_WITH_KNOTS('',1,(#9694,#9695),.UNSPECIFIED.,.F.,
  .F.,(2,2),(10.132058001207,15.041443400597),.PIECEWISE_BEZIER_KNOTS.);
#9694 = CARTESIAN_POINT('',(4.90938539939,-7.5));
#9695 = CARTESIAN_POINT('',(0.,-7.5));
#9696 = ( GEOMETRIC_REPRESENTATION_CONTEXT(2) 
PARAMETRIC_REPRESENTATION_CONTEXT() REPRESENTATION_CONTEXT('2D SPACE',''
  ) );
#9697 = ORIENTED_EDGE('',*,*,#9698,.T.);
#9698 = EDGE_CURVE('',#9678,#9699,#9701,.T.);
#9699 = VERTEX_POINT('',#9700);
#9700 = CARTESIAN_POINT('',(38.671500000055,-7.167799999996,15.));
#9701 = SURFACE_CURVE('',#9702,(#9706,#9712),.PCURVE_S1.);
#9702 = LINE('',#9703,#9704);
#9703 = CARTESIAN_POINT('',(31.46718167446,-17.87414431465,15.));
#9704 = VECTOR('',#9705,1.);
#9705 = DIRECTION('',(0.55827637058,0.829655045216,0.));
#9706 = PCURVE('',#1983,#9707);
#9707 = DEFINITIONAL_REPRESENTATION('',(#9708),#9711);
#9708 = B_SPLINE_CURVE_WITH_KNOTS('',1,(#9709,#9710),.UNSPECIFIED.,.F.,
  .F.,(2,2),(8.007357217882,12.904573263786),.PIECEWISE_BEZIER_KNOTS.);
#9709 = CARTESIAN_POINT('',(66.749879480524,22.774416225685));
#9710 = CARTESIAN_POINT('',(69.634399047634,18.816857398931));
#9711 = ( GEOMETRIC_REPRESENTATION_CONTEXT(2) 
PARAMETRIC_REPRESENTATION_CONTEXT() REPRESENTATION_CONTEXT('2D SPACE',''
  ) );
#9712 = PCURVE('',#4285,#9713);
#9713 = DEFINITIONAL_REPRESENTATION('',(#9714),#9717);
#9714 = B_SPLINE_CURVE_WITH_KNOTS('',1,(#9715,#9716),.UNSPECIFIED.,.F.,
  .F.,(2,2),(8.007357217882,12.904573263786),.PIECEWISE_BEZIER_KNOTS.);
#9715 = CARTESIAN_POINT('',(4.897216045904,-7.5));
#9716 = CARTESIAN_POINT('',(0.,-7.5));
#9717 = ( GEOMETRIC_REPRESENTATION_CONTEXT(2) 
PARAMETRIC_REPRESENTATION_CONTEXT() REPRESENTATION_CONTEXT('2D SPACE',''
  ) );
#9718 = ORIENTED_EDGE('',*,*,#9719,.T.);
#9719 = EDGE_CURVE('',#9699,#9720,#9722,.T.);
#9720 = VERTEX_POINT('',#9721);
#9721 = CARTESIAN_POINT('',(40.820500000031,-2.773799999995,15.));
#9722 = SURFACE_CURVE('',#9723,(#9727,#9733),.PCURVE_S1.);
#9723 = LINE('',#9724,#9725);
#9724 = CARTESIAN_POINT('',(36.157064077763,-12.30899657639,15.));
#9725 = VECTOR('',#9726,1.);
#9726 = DIRECTION('',(0.439345796934,0.89831802315,0.));
#9727 = PCURVE('',#1983,#9728);
#9728 = DEFINITIONAL_REPRESENTATION('',(#9729),#9732);
#9729 = B_SPLINE_CURVE_WITH_KNOTS('',1,(#9730,#9731),.UNSPECIFIED.,.F.,
  .F.,(2,2),(5.723136399254,10.614499910577),.PIECEWISE_BEZIER_KNOTS.);
#9730 = CARTESIAN_POINT('',(69.634399047634,18.816857398931));
#9731 = CARTESIAN_POINT('',(71.946749725068,14.506582309744));
#9732 = ( GEOMETRIC_REPRESENTATION_CONTEXT(2) 
PARAMETRIC_REPRESENTATION_CONTEXT() REPRESENTATION_CONTEXT('2D SPACE',''
  ) );
#9733 = PCURVE('',#4257,#9734);
#9734 = DEFINITIONAL_REPRESENTATION('',(#9735),#9738);
#9735 = B_SPLINE_CURVE_WITH_KNOTS('',1,(#9736,#9737),.UNSPECIFIED.,.F.,
  .F.,(2,2),(5.723136399254,10.614499910577),.PIECEWISE_BEZIER_KNOTS.);
#9736 = CARTESIAN_POINT('',(4.891363511323,-7.5));
#9737 = CARTESIAN_POINT('',(0.,-7.5));
#9738 = ( GEOMETRIC_REPRESENTATION_CONTEXT(2) 
PARAMETRIC_REPRESENTATION_CONTEXT() REPRESENTATION_CONTEXT('2D SPACE',''
  ) );
#9739 = ORIENTED_EDGE('',*,*,#9740,.T.);
#9740 = EDGE_CURVE('',#9720,#9741,#9743,.T.);
#9741 = VERTEX_POINT('',#9742);
#9742 = CARTESIAN_POINT('',(42.304499999969,1.89420000001,15.));
#9743 = SURFACE_CURVE('',#9744,(#9748,#9754),.PCURVE_S1.);
#9744 = LINE('',#9745,#9746);
#9745 = CARTESIAN_POINT('',(39.940921343553,-5.540560895286,15.));
#9746 = VECTOR('',#9747,1.);
#9747 = DIRECTION('',(0.302967700171,0.953000825106,0.));
#9748 = PCURVE('',#1983,#9749);
#9749 = DEFINITIONAL_REPRESENTATION('',(#9750),#9753);
#9750 = B_SPLINE_CURVE_WITH_KNOTS('',1,(#9751,#9752),.UNSPECIFIED.,.F.,
  .F.,(2,2),(2.903209338756,7.801421257391),.PIECEWISE_BEZIER_KNOTS.);
#9751 = CARTESIAN_POINT('',(71.946749725068,14.506582309744));
#9752 = CARTESIAN_POINT('',(73.604849190725,9.897549204866));
#9753 = ( GEOMETRIC_REPRESENTATION_CONTEXT(2) 
PARAMETRIC_REPRESENTATION_CONTEXT() REPRESENTATION_CONTEXT('2D SPACE',''
  ) );
#9754 = PCURVE('',#4229,#9755);
#9755 = DEFINITIONAL_REPRESENTATION('',(#9756),#9759);
#9756 = B_SPLINE_CURVE_WITH_KNOTS('',1,(#9757,#9758),.UNSPECIFIED.,.F.,
  .F.,(2,2),(2.903209338756,7.801421257391),.PIECEWISE_BEZIER_KNOTS.);
#9757 = CARTESIAN_POINT('',(4.898211918636,-7.5));
#9758 = CARTESIAN_POINT('',(0.,-7.5));
#9759 = ( GEOMETRIC_REPRESENTATION_CONTEXT(2) 
PARAMETRIC_REPRESENTATION_CONTEXT() REPRESENTATION_CONTEXT('2D SPACE',''
  ) );
#9760 = ORIENTED_EDGE('',*,*,#9761,.T.);
#9761 = EDGE_CURVE('',#9741,#9762,#9764,.T.);
#9762 = VERTEX_POINT('',#9763);
#9763 = CARTESIAN_POINT('',(43.164499999955,6.699200000003,15.));
#9764 = SURFACE_CURVE('',#9765,(#9769,#9775),.PCURVE_S1.);
#9765 = LINE('',#9766,#9767);
#9766 = CARTESIAN_POINT('',(42.205373037267,1.340356911878,15.));
#9767 = VECTOR('',#9768,1.);
#9768 = DIRECTION('',(0.176180595247,0.984357860668,0.));
#9769 = PCURVE('',#1983,#9770);
#9770 = DEFINITIONAL_REPRESENTATION('',(#9771),#9774);
#9771 = B_SPLINE_CURVE_WITH_KNOTS('',1,(#9772,#9773),.UNSPECIFIED.,.F.,
  .F.,(2,2),(0.562644044673,5.443998877085),.PIECEWISE_BEZIER_KNOTS.);
#9772 = CARTESIAN_POINT('',(73.604849190725,9.897549204866));
#9773 = CARTESIAN_POINT('',(74.644528304871,5.128199947419));
#9774 = ( GEOMETRIC_REPRESENTATION_CONTEXT(2) 
PARAMETRIC_REPRESENTATION_CONTEXT() REPRESENTATION_CONTEXT('2D SPACE',''
  ) );
#9775 = PCURVE('',#4201,#9776);
#9776 = DEFINITIONAL_REPRESENTATION('',(#9777),#9780);
#9777 = B_SPLINE_CURVE_WITH_KNOTS('',1,(#9778,#9779),.UNSPECIFIED.,.F.,
  .F.,(2,2),(0.562644044673,5.443998877085),.PIECEWISE_BEZIER_KNOTS.);
#9778 = CARTESIAN_POINT('',(4.881354832412,-7.5));
#9779 = CARTESIAN_POINT('',(0.,-7.5));
#9780 = ( GEOMETRIC_REPRESENTATION_CONTEXT(2) 
PARAMETRIC_REPRESENTATION_CONTEXT() REPRESENTATION_CONTEXT('2D SPACE',''
  ) );
#9781 = ORIENTED_EDGE('',*,*,#9782,.T.);
#9782 = EDGE_CURVE('',#9762,#9783,#9785,.T.);
#9783 = VERTEX_POINT('',#9784);
#9784 = CARTESIAN_POINT('',(43.320500000031,11.601200000005,15.));
#9785 = SURFACE_CURVE('',#9786,(#9790,#9796),.PCURVE_S1.);
#9786 = LINE('',#9787,#9788);
#9787 = CARTESIAN_POINT('',(43.24160968834,9.122223668459,15.));
#9788 = VECTOR('',#9789,1.);
#9789 = DIRECTION('',(3.180764289388E-02,0.999494008913,0.));
#9790 = PCURVE('',#1983,#9791);
#9791 = DEFINITIONAL_REPRESENTATION('',(#9792),#9795);
#9792 = B_SPLINE_CURVE_WITH_KNOTS('',1,(#9793,#9794),.UNSPECIFIED.,.F.,
  .F.,(2,2),(-2.424250317509,2.48023130648),.PIECEWISE_BEZIER_KNOTS.);
#9793 = CARTESIAN_POINT('',(74.644528304871,5.128199947419));
#9794 = CARTESIAN_POINT('',(74.98434258918,0.235504754356));
#9795 = ( GEOMETRIC_REPRESENTATION_CONTEXT(2) 
PARAMETRIC_REPRESENTATION_CONTEXT() REPRESENTATION_CONTEXT('2D SPACE',''
  ) );
#9796 = PCURVE('',#4173,#9797);
#9797 = DEFINITIONAL_REPRESENTATION('',(#9798),#9801);
#9798 = B_SPLINE_CURVE_WITH_KNOTS('',1,(#9799,#9800),.UNSPECIFIED.,.F.,
  .F.,(2,2),(-2.424250317509,2.48023130648),.PIECEWISE_BEZIER_KNOTS.);
#9799 = CARTESIAN_POINT('',(4.904481623989,-7.5));
#9800 = CARTESIAN_POINT('',(0.,-7.5));
#9801 = ( GEOMETRIC_REPRESENTATION_CONTEXT(2) 
PARAMETRIC_REPRESENTATION_CONTEXT() REPRESENTATION_CONTEXT('2D SPACE',''
  ) );
#9802 = ORIENTED_EDGE('',*,*,#9803,.T.);
#9803 = EDGE_CURVE('',#9783,#9804,#9806,.T.);
#9804 = VERTEX_POINT('',#9805);
#9805 = CARTESIAN_POINT('',(42.8125,16.465200000006,15.));
#9806 = SURFACE_CURVE('',#9807,(#9811,#9817),.PCURVE_S1.);
#9807 = LINE('',#9808,#9809);
#9808 = CARTESIAN_POINT('',(42.795366106759,16.629253654967,15.));
#9809 = VECTOR('',#9810,1.);
#9810 = DIRECTION('',(-0.103875793758,0.994590277185,0.));
#9811 = PCURVE('',#1983,#9812);
#9812 = DEFINITIONAL_REPRESENTATION('',(#9813),#9816);
#9813 = B_SPLINE_CURVE_WITH_KNOTS('',1,(#9814,#9815),.UNSPECIFIED.,.F.,
  .F.,(2,2),(-5.055401978383,-0.164945966921),.PIECEWISE_BEZIER_KNOTS.);
#9814 = CARTESIAN_POINT('',(74.98434258918,0.235504754356));
#9815 = CARTESIAN_POINT('',(74.659198648215,-4.64413062318));
#9816 = ( GEOMETRIC_REPRESENTATION_CONTEXT(2) 
PARAMETRIC_REPRESENTATION_CONTEXT() REPRESENTATION_CONTEXT('2D SPACE',''
  ) );
#9817 = PCURVE('',#4145,#9818);
#9818 = DEFINITIONAL_REPRESENTATION('',(#9819),#9822);
#9819 = B_SPLINE_CURVE_WITH_KNOTS('',1,(#9820,#9821),.UNSPECIFIED.,.F.,
  .F.,(2,2),(-5.055401978383,-0.164945966921),.PIECEWISE_BEZIER_KNOTS.);
#9820 = CARTESIAN_POINT('',(4.890456011462,-7.5));
#9821 = CARTESIAN_POINT('',(0.,-7.5));
#9822 = ( GEOMETRIC_REPRESENTATION_CONTEXT(2) 
PARAMETRIC_REPRESENTATION_CONTEXT() REPRESENTATION_CONTEXT('2D SPACE',''
  ) );
#9823 = ORIENTED_EDGE('',*,*,#9824,.T.);
#9824 = EDGE_CURVE('',#9804,#9825,#9827,.T.);
#9825 = VERTEX_POINT('',#9826);
#9826 = CARTESIAN_POINT('',(41.60149999999,21.23020000002,15.));
#9827 = SURFACE_CURVE('',#9828,(#9832,#9838),.PCURVE_S1.);
#9828 = LINE('',#9829,#9830);
#9829 = CARTESIAN_POINT('',(40.837369957423,24.236871885081,15.));
#9830 = VECTOR('',#9831,1.);
#9831 = DIRECTION('',(-0.246314587112,0.969189931941,0.));
#9832 = PCURVE('',#1983,#9833);
#9833 = DEFINITIONAL_REPRESENTATION('',(#9834),#9837);
#9834 = B_SPLINE_CURVE_WITH_KNOTS('',1,(#9835,#9836),.UNSPECIFIED.,.F.,
  .F.,(2,2),(-8.018729486293,-3.102252495585),.PIECEWISE_BEZIER_KNOTS.);
#9835 = CARTESIAN_POINT('',(74.659198648215,-4.64413062318));
#9836 = CARTESIAN_POINT('',(73.627835209681,-9.451212425876));
#9837 = ( GEOMETRIC_REPRESENTATION_CONTEXT(2) 
PARAMETRIC_REPRESENTATION_CONTEXT() REPRESENTATION_CONTEXT('2D SPACE',''
  ) );
#9838 = PCURVE('',#4117,#9839);
#9839 = DEFINITIONAL_REPRESENTATION('',(#9840),#9843);
#9840 = B_SPLINE_CURVE_WITH_KNOTS('',1,(#9841,#9842),.UNSPECIFIED.,.F.,
  .F.,(2,2),(-8.018729486293,-3.102252495585),.PIECEWISE_BEZIER_KNOTS.);
#9841 = CARTESIAN_POINT('',(4.916476990708,-7.5));
#9842 = CARTESIAN_POINT('',(0.,-7.5));
#9843 = ( GEOMETRIC_REPRESENTATION_CONTEXT(2) 
PARAMETRIC_REPRESENTATION_CONTEXT() REPRESENTATION_CONTEXT('2D SPACE',''
  ) );
#9844 = ORIENTED_EDGE('',*,*,#9845,.T.);
#9845 = EDGE_CURVE('',#9825,#9846,#9848,.T.);
#9846 = VERTEX_POINT('',#9847);
#9847 = CARTESIAN_POINT('',(39.76549999998,25.762199999997,15.));
#9848 = SURFACE_CURVE('',#9849,(#9853,#9859),.PCURVE_S1.);
#9849 = LINE('',#9850,#9851);
#9850 = CARTESIAN_POINT('',(37.646068547114,30.993824915185,15.));
#9851 = VECTOR('',#9852,1.);
#9852 = DIRECTION('',(-0.375477238703,0.926831615352,0.));
#9853 = PCURVE('',#1983,#9854);
#9854 = DEFINITIONAL_REPRESENTATION('',(#9855),#9858);
#9855 = B_SPLINE_CURVE_WITH_KNOTS('',1,(#9856,#9857),.UNSPECIFIED.,.F.,
  .F.,(2,2),(-10.53441073161,-5.644633640601),.PIECEWISE_BEZIER_KNOTS.);
#9856 = CARTESIAN_POINT('',(73.627835209681,-9.451212425876));
#9857 = CARTESIAN_POINT('',(71.963169641543,-14.04890842997));
#9858 = ( GEOMETRIC_REPRESENTATION_CONTEXT(2) 
PARAMETRIC_REPRESENTATION_CONTEXT() REPRESENTATION_CONTEXT('2D SPACE',''
  ) );
#9859 = PCURVE('',#4089,#9860);
#9860 = DEFINITIONAL_REPRESENTATION('',(#9861),#9864);
#9861 = B_SPLINE_CURVE_WITH_KNOTS('',1,(#9862,#9863),.UNSPECIFIED.,.F.,
  .F.,(2,2),(-10.53441073161,-5.644633640601),.PIECEWISE_BEZIER_KNOTS.);
#9862 = CARTESIAN_POINT('',(4.889777091017,-7.5));
#9863 = CARTESIAN_POINT('',(0.,-7.5));
#9864 = ( GEOMETRIC_REPRESENTATION_CONTEXT(2) 
PARAMETRIC_REPRESENTATION_CONTEXT() REPRESENTATION_CONTEXT('2D SPACE',''
  ) );
#9865 = ORIENTED_EDGE('',*,*,#9866,.T.);
#9866 = EDGE_CURVE('',#9846,#9867,#9869,.T.);
#9867 = VERTEX_POINT('',#9868);
#9868 = CARTESIAN_POINT('',(37.343499999959,30.000200000009,15.));
#9869 = SURFACE_CURVE('',#9870,(#9874,#9880),.PCURVE_S1.);
#9870 = LINE('',#9871,#9872);
#9871 = CARTESIAN_POINT('',(33.372602710641,36.948450500436,15.));
#9872 = VECTOR('',#9873,1.);
#9873 = DIRECTION('',(-0.49618306249,0.868217926847,0.));
#9874 = PCURVE('',#1983,#9875);
#9875 = DEFINITIONAL_REPRESENTATION('',(#9876),#9879);
#9876 = B_SPLINE_CURVE_WITH_KNOTS('',1,(#9877,#9878),.UNSPECIFIED.,.F.,
  .F.,(2,2),(-12.88415057388,-8.002887622539),.PIECEWISE_BEZIER_KNOTS.);
#9877 = CARTESIAN_POINT('',(71.963169641543,-14.04890842997));
#9878 = CARTESIAN_POINT('',(69.701885749118,-18.37479829889));
#9879 = ( GEOMETRIC_REPRESENTATION_CONTEXT(2) 
PARAMETRIC_REPRESENTATION_CONTEXT() REPRESENTATION_CONTEXT('2D SPACE',''
  ) );
#9880 = PCURVE('',#4061,#9881);
#9881 = DEFINITIONAL_REPRESENTATION('',(#9882),#9885);
#9882 = B_SPLINE_CURVE_WITH_KNOTS('',1,(#9883,#9884),.UNSPECIFIED.,.F.,
  .F.,(2,2),(-12.88415057388,-8.002887622539),.PIECEWISE_BEZIER_KNOTS.);
#9883 = CARTESIAN_POINT('',(4.881262951348,-7.5));
#9884 = CARTESIAN_POINT('',(0.,-7.5));
#9885 = ( GEOMETRIC_REPRESENTATION_CONTEXT(2) 
PARAMETRIC_REPRESENTATION_CONTEXT() REPRESENTATION_CONTEXT('2D SPACE',''
  ) );
#9886 = ORIENTED_EDGE('',*,*,#9887,.T.);
#9887 = EDGE_CURVE('',#9867,#9888,#9890,.T.);
#9888 = VERTEX_POINT('',#9889);
#9889 = CARTESIAN_POINT('',(34.296500000055,33.847200000018,15.));
#9890 = SURFACE_CURVE('',#9891,(#9895,#9901),.PCURVE_S1.);
#9891 = LINE('',#9892,#9893);
#9892 = CARTESIAN_POINT('',(27.632256211929,42.261163194567,15.));
#9893 = VECTOR('',#9894,1.);
#9894 = DIRECTION('',(-0.620885602385,0.783901185578,0.));
#9895 = PCURVE('',#1983,#9896);
#9896 = DEFINITIONAL_REPRESENTATION('',(#9897),#9900);
#9897 = B_SPLINE_CURVE_WITH_KNOTS('',1,(#9898,#9899),.UNSPECIFIED.,.F.,
  .F.,(2,2),(-15.64095503378,-10.73344874245),.PIECEWISE_BEZIER_KNOTS.);
#9898 = CARTESIAN_POINT('',(69.701885749118,-18.37479829889));
#9899 = CARTESIAN_POINT('',(66.801371532114,-22.33341362201));
#9900 = ( GEOMETRIC_REPRESENTATION_CONTEXT(2) 
PARAMETRIC_REPRESENTATION_CONTEXT() REPRESENTATION_CONTEXT('2D SPACE',''
  ) );
#9901 = PCURVE('',#4033,#9902);
#9902 = DEFINITIONAL_REPRESENTATION('',(#9903),#9906);
#9903 = B_SPLINE_CURVE_WITH_KNOTS('',1,(#9904,#9905),.UNSPECIFIED.,.F.,
  .F.,(2,2),(-15.64095503378,-10.73344874245),.PIECEWISE_BEZIER_KNOTS.);
#9904 = CARTESIAN_POINT('',(4.907506291334,-7.5));
#9905 = CARTESIAN_POINT('',(0.,-7.5));
#9906 = ( GEOMETRIC_REPRESENTATION_CONTEXT(2) 
PARAMETRIC_REPRESENTATION_CONTEXT() REPRESENTATION_CONTEXT('2D SPACE',''
  ) );
#9907 = ORIENTED_EDGE('',*,*,#9908,.T.);
#9908 = EDGE_CURVE('',#9888,#9909,#9911,.T.);
#9909 = VERTEX_POINT('',#9910);
#9910 = CARTESIAN_POINT('',(30.781500000041,37.246199999994,15.));
#9911 = SURFACE_CURVE('',#9912,(#9916,#9922),.PCURVE_S1.);
#9912 = LINE('',#9913,#9914);
#9913 = CARTESIAN_POINT('',(21.709632574883,46.018682895519,15.));
#9914 = VECTOR('',#9915,1.);
#9915 = DIRECTION('',(-0.718869133762,0.695145429766,0.));
#9916 = PCURVE('',#1983,#9917);
#9917 = DEFINITIONAL_REPRESENTATION('',(#9918),#9921);
#9918 = B_SPLINE_CURVE_WITH_KNOTS('',1,(#9919,#9920),.UNSPECIFIED.,.F.,
  .F.,(2,2),(-17.50926119099,-12.61963687005),.PIECEWISE_BEZIER_KNOTS.);
#9919 = CARTESIAN_POINT('',(66.801371532114,-22.33341362201));
#9920 = CARTESIAN_POINT('',(63.416377789009,-25.86190385993));
#9921 = ( GEOMETRIC_REPRESENTATION_CONTEXT(2) 
PARAMETRIC_REPRESENTATION_CONTEXT() REPRESENTATION_CONTEXT('2D SPACE',''
  ) );
#9922 = PCURVE('',#4005,#9923);
#9923 = DEFINITIONAL_REPRESENTATION('',(#9924),#9927);
#9924 = B_SPLINE_CURVE_WITH_KNOTS('',1,(#9925,#9926),.UNSPECIFIED.,.F.,
  .F.,(2,2),(-17.50926119099,-12.61963687005),.PIECEWISE_BEZIER_KNOTS.);
#9925 = CARTESIAN_POINT('',(4.889624320941,-7.5));
#9926 = CARTESIAN_POINT('',(0.,-7.5));
#9927 = ( GEOMETRIC_REPRESENTATION_CONTEXT(2) 
PARAMETRIC_REPRESENTATION_CONTEXT() REPRESENTATION_CONTEXT('2D SPACE',''
  ) );
#9928 = ORIENTED_EDGE('',*,*,#9929,.T.);
#9929 = EDGE_CURVE('',#9909,#9930,#9932,.T.);
#9930 = VERTEX_POINT('',#9931);
#9931 = CARTESIAN_POINT('',(30.781500000041,42.56039340316,15.));
#9932 = SURFACE_CURVE('',#9933,(#9937,#9943),.PCURVE_S1.);
#9933 = LINE('',#9934,#9935);
#9934 = CARTESIAN_POINT('',(30.781500000041,37.51915487002,15.));
#9935 = VECTOR('',#9936,1.);
#9936 = DIRECTION('',(0.,1.,0.));
#9937 = PCURVE('',#1983,#9938);
#9938 = DEFINITIONAL_REPRESENTATION('',(#9939),#9942);
#9939 = B_SPLINE_CURVE_WITH_KNOTS('',1,(#9940,#9941),.UNSPECIFIED.,.F.,
  .F.,(2,2),(-0.272954870026,7.485694840608),.PIECEWISE_BEZIER_KNOTS.);
#9940 = CARTESIAN_POINT('',(63.416377789009,-25.86190385993));
#9941 = CARTESIAN_POINT('',(63.707484049353,-33.61509046142));
#9942 = ( GEOMETRIC_REPRESENTATION_CONTEXT(2) 
PARAMETRIC_REPRESENTATION_CONTEXT() REPRESENTATION_CONTEXT('2D SPACE',''
  ) );
#9943 = PCURVE('',#3977,#9944);
#9944 = DEFINITIONAL_REPRESENTATION('',(#9945),#9948);
#9945 = B_SPLINE_CURVE_WITH_KNOTS('',1,(#9946,#9947),.UNSPECIFIED.,.F.,
  .F.,(2,2),(-0.272954870026,7.485694840608),.PIECEWISE_BEZIER_KNOTS.);
#9946 = CARTESIAN_POINT('',(28.769,-7.5));
#9947 = CARTESIAN_POINT('',(21.010350289367,-7.5));
#9948 = ( GEOMETRIC_REPRESENTATION_CONTEXT(2) 
PARAMETRIC_REPRESENTATION_CONTEXT() REPRESENTATION_CONTEXT('2D SPACE',''
  ) );
#9949 = ORIENTED_EDGE('',*,*,#9950,.F.);
#9950 = EDGE_CURVE('',#9951,#9930,#9953,.T.);
#9951 = VERTEX_POINT('',#9952);
#9952 = CARTESIAN_POINT('',(32.707063330221,41.904856641719,15.));
#9953 = SURFACE_CURVE('',#9954,(#9958,#9965),.PCURVE_S1.);
#9954 = LINE('',#9955,#9956);
#9955 = CARTESIAN_POINT('',(32.707063330221,41.904856641719,15.));
#9956 = VECTOR('',#9957,1.);
#9957 = DIRECTION('',(-0.946646030443,0.322275182177,0.));
#9958 = PCURVE('',#1983,#9959);
#9959 = DEFINITIONAL_REPRESENTATION('',(#9960),#9964);
#9960 = LINE('',#9961,#9962);
#9961 = CARTESIAN_POINT('',(65.515379101408,-30.44503263126));
#9962 = VECTOR('',#9963,1.);
#9963 = DIRECTION('',(-0.933887630803,-0.357566627404));
#9964 = ( GEOMETRIC_REPRESENTATION_CONTEXT(2) 
PARAMETRIC_REPRESENTATION_CONTEXT() REPRESENTATION_CONTEXT('2D SPACE',''
  ) );
#9965 = PCURVE('',#9966,#9971);
#9966 = B_SPLINE_SURFACE_WITH_KNOTS('',1,1,(
    (#9967,#9968)
    ,(#9969,#9970
    )),.UNSPECIFIED.,.F.,.F.,.F.,(2,2),(2,2),(2.161225185815,
    5.729517687751),(0.,1.),.PIECEWISE_BEZIER_KNOTS.);
#9967 = CARTESIAN_POINT('',(36.0730502457,46.836963314855,7.5));
#9968 = CARTESIAN_POINT('',(32.707063330221,41.904856641719,15.));
#9969 = CARTESIAN_POINT('',(33.201307480922,48.954935191985,7.5));
#9970 = CARTESIAN_POINT('',(29.662855509382,42.941223560817,15.));
#9971 = DEFINITIONAL_REPRESENTATION('',(#9972),#9975);
#9972 = B_SPLINE_CURVE_WITH_KNOTS('',1,(#9973,#9974),.UNSPECIFIED.,.F.,
  .F.,(2,2),(0.,3.215782587095),.PIECEWISE_BEZIER_KNOTS.);
#9973 = CARTESIAN_POINT('',(2.161225185815,1.));
#9974 = CARTESIAN_POINT('',(5.729517687751,1.));
#9975 = ( GEOMETRIC_REPRESENTATION_CONTEXT(2) 
PARAMETRIC_REPRESENTATION_CONTEXT() REPRESENTATION_CONTEXT('2D SPACE',''
  ) );
#9976 = ORIENTED_EDGE('',*,*,#9977,.F.);
#9977 = EDGE_CURVE('',#9978,#9951,#9980,.T.);
#9978 = VERTEX_POINT('',#9979);
#9979 = CARTESIAN_POINT('',(34.132596132791,40.651488694259,15.));
#9980 = SURFACE_CURVE('',#9981,(#9985,#9992),.PCURVE_S1.);
#9981 = LINE('',#9982,#9983);
#9982 = CARTESIAN_POINT('',(36.430908181821,38.630749044969,15.));
#9983 = VECTOR('',#9984,1.);
#9984 = DIRECTION('',(-0.751001086096,0.660300968258,0.));
#9985 = PCURVE('',#1983,#9986);
#9986 = DEFINITIONAL_REPRESENTATION('',(#9987),#9991);
#9987 = LINE('',#9988,#9989);
#9988 = CARTESIAN_POINT('',(69.113756632582,-27.03351095068));
#9989 = VECTOR('',#9990,1.);
#9990 = DIRECTION('',(-0.725697643642,-0.688013757139));
#9991 = ( GEOMETRIC_REPRESENTATION_CONTEXT(2) 
PARAMETRIC_REPRESENTATION_CONTEXT() REPRESENTATION_CONTEXT('2D SPACE',''
  ) );
#9992 = PCURVE('',#9993,#9998);
#9993 = B_SPLINE_SURFACE_WITH_KNOTS('',1,1,(
    (#9994,#9995)
    ,(#9996,#9997
    )),.UNSPECIFIED.,.F.,.F.,.F.,(2,2),(2,2),(0.,2.161225185815),(0.,1.)
  ,.PIECEWISE_BEZIER_KNOTS.);
#9994 = CARTESIAN_POINT('',(37.812392742722,45.554160920932,7.5));
#9995 = CARTESIAN_POINT('',(34.132596132791,40.651488694259,15.));
#9996 = CARTESIAN_POINT('',(36.0730502457,46.836963314855,7.5));
#9997 = CARTESIAN_POINT('',(32.707063330221,41.904856641719,15.));
#9998 = DEFINITIONAL_REPRESENTATION('',(#9999),#10002);
#9999 = B_SPLINE_CURVE_WITH_KNOTS('',1,(#10000,#10001),.UNSPECIFIED.,.F.
  ,.F.,(2,2),(3.060331192033,4.95850794432),.PIECEWISE_BEZIER_KNOTS.);
#10000 = CARTESIAN_POINT('',(0.,1.));
#10001 = CARTESIAN_POINT('',(2.161225185815,1.));
#10002 = ( GEOMETRIC_REPRESENTATION_CONTEXT(2) 
PARAMETRIC_REPRESENTATION_CONTEXT() REPRESENTATION_CONTEXT('2D SPACE',''
  ) );
#10003 = ORIENTED_EDGE('',*,*,#10004,.F.);
#10004 = EDGE_CURVE('',#10005,#9978,#10007,.T.);
#10005 = VERTEX_POINT('',#10006);
#10006 = CARTESIAN_POINT('',(36.430908181821,38.630749044969,15.));
#10007 = SURFACE_CURVE('',#10008,(#10012,#10019),.PCURVE_S1.);
#10008 = LINE('',#10009,#10010);
#10009 = CARTESIAN_POINT('',(36.430908181821,38.630749044969,15.));
#10010 = VECTOR('',#10011,1.);
#10011 = DIRECTION('',(-0.751001086096,0.660300968258,0.));
#10012 = PCURVE('',#1983,#10013);
#10013 = DEFINITIONAL_REPRESENTATION('',(#10014),#10018);
#10014 = LINE('',#10015,#10016);
#10015 = CARTESIAN_POINT('',(69.113756632582,-27.03351095068));
#10016 = VECTOR('',#10017,1.);
#10017 = DIRECTION('',(-0.725697643642,-0.688013757139));
#10018 = ( GEOMETRIC_REPRESENTATION_CONTEXT(2) 
PARAMETRIC_REPRESENTATION_CONTEXT() REPRESENTATION_CONTEXT('2D SPACE',''
  ) );
#10019 = PCURVE('',#10020,#10025);
#10020 = B_SPLINE_SURFACE_WITH_KNOTS('',1,1,(
    (#10021,#10022)
    ,(#10023,#10024
    )),.UNSPECIFIED.,.F.,.F.,.F.,(2,2),(2,2),(2.236659789735,
    5.73011648688),(0.,1.),.PIECEWISE_BEZIER_KNOTS.);
#10021 = CARTESIAN_POINT('',(40.342680887306,43.145451390871,7.5));
#10022 = CARTESIAN_POINT('',(36.430908181821,38.630749044969,15.));
#10023 = CARTESIAN_POINT('',(37.812392742722,45.554160920932,7.5));
#10024 = CARTESIAN_POINT('',(34.132596132791,40.651488694259,15.));
#10025 = DEFINITIONAL_REPRESENTATION('',(#10026),#10029);
#10026 = B_SPLINE_CURVE_WITH_KNOTS('',1,(#10027,#10028),.UNSPECIFIED.,
  .F.,.F.,(2,2),(0.,3.060331192033),.PIECEWISE_BEZIER_KNOTS.);
#10027 = CARTESIAN_POINT('',(2.236659789735,1.));
#10028 = CARTESIAN_POINT('',(5.73011648688,1.));
#10029 = ( GEOMETRIC_REPRESENTATION_CONTEXT(2) 
PARAMETRIC_REPRESENTATION_CONTEXT() REPRESENTATION_CONTEXT('2D SPACE',''
  ) );
#10030 = ORIENTED_EDGE('',*,*,#10031,.F.);
#10031 = EDGE_CURVE('',#10032,#10005,#10034,.T.);
#10032 = VERTEX_POINT('',#10033);
#10033 = CARTESIAN_POINT('',(37.735127949208,37.164106733202,15.));
#10034 = SURFACE_CURVE('',#10035,(#10039,#10046),.PCURVE_S1.);
#10035 = LINE('',#10036,#10037);
#10036 = CARTESIAN_POINT('',(39.724990891991,34.926433865883,15.));
#10037 = VECTOR('',#10038,1.);
#10038 = DIRECTION('',(-0.664516871037,0.747273262005,0.));
#10039 = PCURVE('',#1983,#10040);
#10040 = DEFINITIONAL_REPRESENTATION('',(#10041),#10045);
#10041 = LINE('',#10042,#10043);
#10042 = CARTESIAN_POINT('',(72.266533147321,-23.20820938145));
#10043 = VECTOR('',#10044,1.);
#10044 = DIRECTION('',(-0.63601110506,-0.771679904002));
#10045 = ( GEOMETRIC_REPRESENTATION_CONTEXT(2) 
PARAMETRIC_REPRESENTATION_CONTEXT() REPRESENTATION_CONTEXT('2D SPACE',''
  ) );
#10046 = PCURVE('',#10047,#10052);
#10047 = B_SPLINE_SURFACE_WITH_KNOTS('',1,1,(
    (#10048,#10049)
    ,(#10050,#10051
    )),.UNSPECIFIED.,.F.,.F.,.F.,(2,2),(2,2),(0.,2.236659789735),(0.,1.)
  ,.PIECEWISE_BEZIER_KNOTS.);
#10048 = CARTESIAN_POINT('',(41.962679141201,41.603292944928,7.5));
#10049 = CARTESIAN_POINT('',(37.735127949208,37.164106733202,15.));
#10050 = CARTESIAN_POINT('',(40.342680887306,43.145451390871,7.5));
#10051 = CARTESIAN_POINT('',(36.430908181821,38.630749044969,15.));
#10052 = DEFINITIONAL_REPRESENTATION('',(#10053),#10056);
#10053 = B_SPLINE_CURVE_WITH_KNOTS('',1,(#10054,#10055),.UNSPECIFIED.,
  .F.,.F.,(2,2),(2.994450599391,4.957109222868),
  .PIECEWISE_BEZIER_KNOTS.);
#10054 = CARTESIAN_POINT('',(0.,1.));
#10055 = CARTESIAN_POINT('',(2.236659789735,1.));
#10056 = ( GEOMETRIC_REPRESENTATION_CONTEXT(2) 
PARAMETRIC_REPRESENTATION_CONTEXT() REPRESENTATION_CONTEXT('2D SPACE',''
  ) );
#10057 = ORIENTED_EDGE('',*,*,#10058,.F.);
#10058 = EDGE_CURVE('',#10059,#10032,#10061,.T.);
#10059 = VERTEX_POINT('',#10060);
#10060 = CARTESIAN_POINT('',(39.724990891991,34.926433865883,15.));
#10061 = SURFACE_CURVE('',#10062,(#10066,#10073),.PCURVE_S1.);
#10062 = LINE('',#10063,#10064);
#10063 = CARTESIAN_POINT('',(39.724990891991,34.926433865883,15.));
#10064 = VECTOR('',#10065,1.);
#10065 = DIRECTION('',(-0.664516871037,0.747273262005,0.));
#10066 = PCURVE('',#1983,#10067);
#10067 = DEFINITIONAL_REPRESENTATION('',(#10068),#10072);
#10068 = LINE('',#10069,#10070);
#10069 = CARTESIAN_POINT('',(72.266533147321,-23.20820938145));
#10070 = VECTOR('',#10071,1.);
#10071 = DIRECTION('',(-0.63601110506,-0.771679904002));
#10072 = ( GEOMETRIC_REPRESENTATION_CONTEXT(2) 
PARAMETRIC_REPRESENTATION_CONTEXT() REPRESENTATION_CONTEXT('2D SPACE',''
  ) );
#10073 = PCURVE('',#10074,#10079);
#10074 = B_SPLINE_SURFACE_WITH_KNOTS('',1,1,(
    (#10075,#10076)
    ,(#10077,#10078
    )),.UNSPECIFIED.,.F.,.F.,.F.,(2,2),(2,2),(2.308421172778,
    5.730362120861),(0.,1.),.PIECEWISE_BEZIER_KNOTS.);
#10075 = CARTESIAN_POINT('',(44.132372256597,38.95714260204,7.5));
#10076 = CARTESIAN_POINT('',(39.724990891991,34.926433865883,15.));
#10077 = CARTESIAN_POINT('',(41.962679141201,41.603292944928,7.5));
#10078 = CARTESIAN_POINT('',(37.735127949208,37.164106733202,15.));
#10079 = DEFINITIONAL_REPRESENTATION('',(#10080),#10083);
#10080 = B_SPLINE_CURVE_WITH_KNOTS('',1,(#10081,#10082),.UNSPECIFIED.,
  .F.,.F.,(2,2),(0.,2.994450599391),.PIECEWISE_BEZIER_KNOTS.);
#10081 = CARTESIAN_POINT('',(2.308421172778,1.));
#10082 = CARTESIAN_POINT('',(5.730362120861,1.));
#10083 = ( GEOMETRIC_REPRESENTATION_CONTEXT(2) 
PARAMETRIC_REPRESENTATION_CONTEXT() REPRESENTATION_CONTEXT('2D SPACE',''
  ) );
#10084 = ORIENTED_EDGE('',*,*,#10085,.F.);
#10085 = EDGE_CURVE('',#10086,#10059,#10088,.T.);
#10086 = VERTEX_POINT('',#10087);
#10087 = CARTESIAN_POINT('',(40.868492172124,33.256717397714,15.));
#10088 = SURFACE_CURVE('',#10089,(#10093,#10100),.PCURVE_S1.);
#10089 = LINE('',#10090,#10091);
#10090 = CARTESIAN_POINT('',(42.527029689169,30.8349558716,15.));
#10091 = VECTOR('',#10092,1.);
#10092 = DIRECTION('',(-0.565041870766,0.825062230551,0.));
#10093 = PCURVE('',#1983,#10094);
#10094 = DEFINITIONAL_REPRESENTATION('',(#10095),#10099);
#10095 = LINE('',#10096,#10097);
#10096 = CARTESIAN_POINT('',(74.913085777837,-19.01447920743));
#10097 = VECTOR('',#10098,1.);
#10098 = DIRECTION('',(-0.533687488886,-0.845681774787));
#10099 = ( GEOMETRIC_REPRESENTATION_CONTEXT(2) 
PARAMETRIC_REPRESENTATION_CONTEXT() REPRESENTATION_CONTEXT('2D SPACE',''
  ) );
#10100 = PCURVE('',#10101,#10106);
#10101 = B_SPLINE_SURFACE_WITH_KNOTS('',1,1,(
    (#10102,#10103)
    ,(#10104,#10105
    )),.UNSPECIFIED.,.F.,.F.,.F.,(2,2),(2,2),(0.,2.308421172778),(0.,1.)
  ,.PIECEWISE_BEZIER_KNOTS.);
#10102 = CARTESIAN_POINT('',(45.5960344302,37.172065194056,7.5));
#10103 = CARTESIAN_POINT('',(40.868492172124,33.256717397714,15.));
#10104 = CARTESIAN_POINT('',(44.132372256597,38.95714260204,7.5));
#10105 = CARTESIAN_POINT('',(39.724990891991,34.926433865883,15.));
#10106 = DEFINITIONAL_REPRESENTATION('',(#10107),#10110);
#10107 = B_SPLINE_CURVE_WITH_KNOTS('',1,(#10108,#10109),.UNSPECIFIED.,
  .F.,.F.,(2,2),(2.935247107964,4.958993204128),
  .PIECEWISE_BEZIER_KNOTS.);
#10108 = CARTESIAN_POINT('',(0.,1.));
#10109 = CARTESIAN_POINT('',(2.308421172778,1.));
#10110 = ( GEOMETRIC_REPRESENTATION_CONTEXT(2) 
PARAMETRIC_REPRESENTATION_CONTEXT() REPRESENTATION_CONTEXT('2D SPACE',''
  ) );
#10111 = ORIENTED_EDGE('',*,*,#10112,.F.);
#10112 = EDGE_CURVE('',#10113,#10086,#10115,.T.);
#10113 = VERTEX_POINT('',#10114);
#10114 = CARTESIAN_POINT('',(42.527029689169,30.8349558716,15.));
#10115 = SURFACE_CURVE('',#10116,(#10120,#10127),.PCURVE_S1.);
#10116 = LINE('',#10117,#10118);
#10117 = CARTESIAN_POINT('',(42.527029689169,30.8349558716,15.));
#10118 = VECTOR('',#10119,1.);
#10119 = DIRECTION('',(-0.565041870766,0.825062230551,0.));
#10120 = PCURVE('',#1983,#10121);
#10121 = DEFINITIONAL_REPRESENTATION('',(#10122),#10126);
#10122 = LINE('',#10123,#10124);
#10123 = CARTESIAN_POINT('',(74.913085777837,-19.01447920743));
#10124 = VECTOR('',#10125,1.);
#10125 = DIRECTION('',(-0.533687488886,-0.845681774787));
#10126 = ( GEOMETRIC_REPRESENTATION_CONTEXT(2) 
PARAMETRIC_REPRESENTATION_CONTEXT() REPRESENTATION_CONTEXT('2D SPACE',''
  ) );
#10127 = PCURVE('',#10128,#10133);
#10128 = B_SPLINE_SURFACE_WITH_KNOTS('',1,1,(
    (#10129,#10130)
    ,(#10131,#10132
    )),.UNSPECIFIED.,.F.,.F.,.F.,(2,2),(2,2),(2.370714490696,
    5.730077101272),(0.,1.),.PIECEWISE_BEZIER_KNOTS.);
#10129 = CARTESIAN_POINT('',(47.385002871351,34.328667742784,7.5));
#10130 = CARTESIAN_POINT('',(42.527029689169,30.8349558716,15.));
#10131 = CARTESIAN_POINT('',(45.5960344302,37.172065194056,7.5));
#10132 = CARTESIAN_POINT('',(40.868492172124,33.256717397714,15.));
#10133 = DEFINITIONAL_REPRESENTATION('',(#10134),#10137);
#10134 = B_SPLINE_CURVE_WITH_KNOTS('',1,(#10135,#10136),.UNSPECIFIED.,
  .F.,.F.,(2,2),(0.,2.935247107964),.PIECEWISE_BEZIER_KNOTS.);
#10135 = CARTESIAN_POINT('',(2.370714490696,1.));
#10136 = CARTESIAN_POINT('',(5.730077101272,1.));
#10137 = ( GEOMETRIC_REPRESENTATION_CONTEXT(2) 
PARAMETRIC_REPRESENTATION_CONTEXT() REPRESENTATION_CONTEXT('2D SPACE',''
  ) );
#10138 = ORIENTED_EDGE('',*,*,#10139,.F.);
#10139 = EDGE_CURVE('',#10140,#10113,#10142,.T.);
#10140 = VERTEX_POINT('',#10141);
#10141 = CARTESIAN_POINT('',(43.485660318807,28.994411042691,15.));
#10142 = SURFACE_CURVE('',#10143,(#10147,#10154),.PCURVE_S1.);
#10143 = LINE('',#10144,#10145);
#10144 = CARTESIAN_POINT('',(44.818191550556,26.435987190867,15.));
#10145 = VECTOR('',#10146,1.);
#10146 = DIRECTION('',(-0.461939547854,0.886911412785,0.));
#10147 = PCURVE('',#1983,#10148);
#10148 = DEFINITIONAL_REPRESENTATION('',(#10149),#10153);
#10149 = LINE('',#10150,#10151);
#10150 = CARTESIAN_POINT('',(77.037584078223,-14.53264307691));
#10151 = VECTOR('',#10152,1.);
#10152 = DIRECTION('',(-0.428337168507,-0.903618985013));
#10153 = ( GEOMETRIC_REPRESENTATION_CONTEXT(2) 
PARAMETRIC_REPRESENTATION_CONTEXT() REPRESENTATION_CONTEXT('2D SPACE',''
  ) );
#10154 = PCURVE('',#10155,#10160);
#10155 = B_SPLINE_SURFACE_WITH_KNOTS('',1,1,(
    (#10156,#10157)
    ,(#10158,#10159
    )),.UNSPECIFIED.,.F.,.F.,.F.,(2,2),(2,2),(0.,2.370714490696),(0.,1.)
  ,.PIECEWISE_BEZIER_KNOTS.);
#10156 = CARTESIAN_POINT('',(48.647484448506,32.322071753617,7.5));
#10157 = CARTESIAN_POINT('',(43.485660318807,28.994411042691,15.));
#10158 = CARTESIAN_POINT('',(47.385002871351,34.328667742784,7.5));
#10159 = CARTESIAN_POINT('',(42.527029689169,30.8349558716,15.));
#10160 = DEFINITIONAL_REPRESENTATION('',(#10161),#10164);
#10161 = B_SPLINE_CURVE_WITH_KNOTS('',1,(#10162,#10163),.UNSPECIFIED.,
  .F.,.F.,(2,2),(2.88464418762,4.959873801735),
  .PIECEWISE_BEZIER_KNOTS.);
#10162 = CARTESIAN_POINT('',(0.,1.));
#10163 = CARTESIAN_POINT('',(2.370714490696,1.));
#10164 = ( GEOMETRIC_REPRESENTATION_CONTEXT(2) 
PARAMETRIC_REPRESENTATION_CONTEXT() REPRESENTATION_CONTEXT('2D SPACE',''
  ) );
#10165 = ORIENTED_EDGE('',*,*,#10166,.F.);
#10166 = EDGE_CURVE('',#10167,#10140,#10169,.T.);
#10167 = VERTEX_POINT('',#10168);
#10168 = CARTESIAN_POINT('',(44.818191550556,26.435987190867,15.));
#10169 = SURFACE_CURVE('',#10170,(#10174,#10181),.PCURVE_S1.);
#10170 = LINE('',#10171,#10172);
#10171 = CARTESIAN_POINT('',(44.818191550556,26.435987190867,15.));
#10172 = VECTOR('',#10173,1.);
#10173 = DIRECTION('',(-0.461939547854,0.886911412785,0.));
#10174 = PCURVE('',#1983,#10175);
#10175 = DEFINITIONAL_REPRESENTATION('',(#10176),#10180);
#10176 = LINE('',#10177,#10178);
#10177 = CARTESIAN_POINT('',(77.037584078223,-14.53264307691));
#10178 = VECTOR('',#10179,1.);
#10179 = DIRECTION('',(-0.428337168507,-0.903618985013));
#10180 = ( GEOMETRIC_REPRESENTATION_CONTEXT(2) 
PARAMETRIC_REPRESENTATION_CONTEXT() REPRESENTATION_CONTEXT('2D SPACE',''
  ) );
#10181 = PCURVE('',#10182,#10187);
#10182 = B_SPLINE_SURFACE_WITH_KNOTS('',1,1,(
    (#10183,#10184)
    ,(#10185,#10186
    )),.UNSPECIFIED.,.F.,.F.,.F.,(2,2),(2,2),(2.425308104738,
    5.731030728125),(0.,1.),.PIECEWISE_BEZIER_KNOTS.);
#10183 = CARTESIAN_POINT('',(50.04574167775,29.326628750715,7.5));
#10184 = CARTESIAN_POINT('',(44.818191550556,26.435987190867,15.));
#10185 = CARTESIAN_POINT('',(48.647484448506,32.322071753617,7.5));
#10186 = CARTESIAN_POINT('',(43.485660318807,28.994411042691,15.));
#10187 = DEFINITIONAL_REPRESENTATION('',(#10188),#10191);
#10188 = B_SPLINE_CURVE_WITH_KNOTS('',1,(#10189,#10190),.UNSPECIFIED.,
  .F.,.F.,(2,2),(0.,2.88464418762),.PIECEWISE_BEZIER_KNOTS.);
#10189 = CARTESIAN_POINT('',(2.425308104738,1.));
#10190 = CARTESIAN_POINT('',(5.731030728125,1.));
#10191 = ( GEOMETRIC_REPRESENTATION_CONTEXT(2) 
PARAMETRIC_REPRESENTATION_CONTEXT() REPRESENTATION_CONTEXT('2D SPACE',''
  ) );
#10192 = ORIENTED_EDGE('',*,*,#10193,.F.);
#10193 = EDGE_CURVE('',#10194,#10167,#10196,.T.);
#10194 = VERTEX_POINT('',#10195);
#10195 = CARTESIAN_POINT('',(45.559089435254,24.448760779992,15.));
#10196 = SURFACE_CURVE('',#10197,(#10201,#10208),.PCURVE_S1.);
#10197 = LINE('',#10198,#10199);
#10198 = CARTESIAN_POINT('',(46.55048823962,21.789644148084,15.));
#10199 = VECTOR('',#10200,1.);
#10200 = DIRECTION('',(-0.349340310971,0.936995916283,0.));
#10201 = PCURVE('',#1983,#10202);
#10202 = DEFINITIONAL_REPRESENTATION('',(#10203),#10207);
#10203 = LINE('',#10204,#10205);
#10204 = CARTESIAN_POINT('',(78.594329179815,-9.824575513806));
#10205 = VECTOR('',#10206,1.);
#10206 = DIRECTION('',(-0.313938034591,-0.949443474061));
#10207 = ( GEOMETRIC_REPRESENTATION_CONTEXT(2) 
PARAMETRIC_REPRESENTATION_CONTEXT() REPRESENTATION_CONTEXT('2D SPACE',''
  ) );
#10208 = PCURVE('',#10209,#10214);
#10209 = B_SPLINE_SURFACE_WITH_KNOTS('',1,1,(
    (#10210,#10211)
    ,(#10212,#10213
    )),.UNSPECIFIED.,.F.,.F.,.F.,(2,2),(2,2),(0.,2.425308104738),(0.,1.)
  ,.PIECEWISE_BEZIER_KNOTS.);
#10210 = CARTESIAN_POINT('',(51.071600461728,27.128963362571,7.5));
#10211 = CARTESIAN_POINT('',(45.559089435254,24.448760779992,15.));
#10212 = CARTESIAN_POINT('',(50.04574167775,29.326628750715,7.5));
#10213 = CARTESIAN_POINT('',(44.818191550556,26.435987190867,15.));
#10214 = DEFINITIONAL_REPRESENTATION('',(#10215),#10218);
#10215 = B_SPLINE_CURVE_WITH_KNOTS('',1,(#10216,#10217),.UNSPECIFIED.,
  .F.,.F.,(2,2),(2.837916991631,4.958765520788),
  .PIECEWISE_BEZIER_KNOTS.);
#10216 = CARTESIAN_POINT('',(0.,1.));
#10217 = CARTESIAN_POINT('',(2.425308104738,1.));
#10218 = ( GEOMETRIC_REPRESENTATION_CONTEXT(2) 
PARAMETRIC_REPRESENTATION_CONTEXT() REPRESENTATION_CONTEXT('2D SPACE',''
  ) );
#10219 = ORIENTED_EDGE('',*,*,#10220,.F.);
#10220 = EDGE_CURVE('',#10221,#10194,#10223,.T.);
#10221 = VERTEX_POINT('',#10222);
#10222 = CARTESIAN_POINT('',(46.55048823962,21.789644148084,15.));
#10223 = SURFACE_CURVE('',#10224,(#10228,#10235),.PCURVE_S1.);
#10224 = LINE('',#10225,#10226);
#10225 = CARTESIAN_POINT('',(46.55048823962,21.789644148084,15.));
#10226 = VECTOR('',#10227,1.);
#10227 = DIRECTION('',(-0.349340310971,0.936995916283,0.));
#10228 = PCURVE('',#1983,#10229);
#10229 = DEFINITIONAL_REPRESENTATION('',(#10230),#10234);
#10230 = LINE('',#10231,#10232);
#10231 = CARTESIAN_POINT('',(78.594329179815,-9.824575513806));
#10232 = VECTOR('',#10233,1.);
#10233 = DIRECTION('',(-0.313938034591,-0.949443474061));
#10234 = ( GEOMETRIC_REPRESENTATION_CONTEXT(2) 
PARAMETRIC_REPRESENTATION_CONTEXT() REPRESENTATION_CONTEXT('2D SPACE',''
  ) );
#10235 = PCURVE('',#10236,#10241);
#10236 = B_SPLINE_SURFACE_WITH_KNOTS('',1,1,(
    (#10237,#10238)
    ,(#10239,#10240
    )),.UNSPECIFIED.,.F.,.F.,.F.,(2,2),(2,2),(2.475787855465,
    5.731568894475),(0.,1.),.PIECEWISE_BEZIER_KNOTS.);
#10237 = CARTESIAN_POINT('',(52.077583824665,24.032496400456,7.5));
#10238 = CARTESIAN_POINT('',(46.55048823962,21.789644148084,15.));
#10239 = CARTESIAN_POINT('',(51.071600461728,27.128963362571,7.5));
#10240 = CARTESIAN_POINT('',(45.559089435254,24.448760779992,15.));
#10241 = DEFINITIONAL_REPRESENTATION('',(#10242),#10245);
#10242 = B_SPLINE_CURVE_WITH_KNOTS('',1,(#10243,#10244),.UNSPECIFIED.,
  .F.,.F.,(2,2),(0.,2.837916991631),.PIECEWISE_BEZIER_KNOTS.);
#10243 = CARTESIAN_POINT('',(2.475787855465,1.));
#10244 = CARTESIAN_POINT('',(5.731568894475,1.));
#10245 = ( GEOMETRIC_REPRESENTATION_CONTEXT(2) 
PARAMETRIC_REPRESENTATION_CONTEXT() REPRESENTATION_CONTEXT('2D SPACE',''
  ) );
#10246 = ORIENTED_EDGE('',*,*,#10247,.F.);
#10247 = EDGE_CURVE('',#10248,#10221,#10250,.T.);
#10248 = VERTEX_POINT('',#10249);
#10249 = CARTESIAN_POINT('',(47.034894635849,19.681684164104,15.));
#10250 = SURFACE_CURVE('',#10251,(#10255,#10262),.PCURVE_S1.);
#10251 = LINE('',#10252,#10253);
#10252 = CARTESIAN_POINT('',(47.661842879723,16.953434041061,15.));
#10253 = VECTOR('',#10254,1.);
#10254 = DIRECTION('',(-0.223961329336,0.974598031479,0.));
#10255 = PCURVE('',#1983,#10256);
#10256 = DEFINITIONAL_REPRESENTATION('',(#10257),#10261);
#10257 = LINE('',#10258,#10259);
#10258 = CARTESIAN_POINT('',(79.523445602841,-4.95007246141));
#10259 = VECTOR('',#10260,1.);
#10260 = DIRECTION('',(-0.187236496525,-0.982314865188));
#10261 = ( GEOMETRIC_REPRESENTATION_CONTEXT(2) 
PARAMETRIC_REPRESENTATION_CONTEXT() REPRESENTATION_CONTEXT('2D SPACE',''
  ) );
#10262 = PCURVE('',#10263,#10268);
#10263 = B_SPLINE_SURFACE_WITH_KNOTS('',1,1,(
    (#10264,#10265)
    ,(#10266,#10267
    )),.UNSPECIFIED.,.F.,.F.,.F.,(2,2),(2,2),(0.,2.475787855465),(0.,1.)
  ,.PIECEWISE_BEZIER_KNOTS.);
#10264 = CARTESIAN_POINT('',(52.842561985948,21.677855468588,7.5));
#10265 = CARTESIAN_POINT('',(47.034894635849,19.681684164104,15.));
#10266 = CARTESIAN_POINT('',(52.077583824665,24.032496400456,7.5));
#10267 = CARTESIAN_POINT('',(46.55048823962,21.789644148084,15.));
#10268 = DEFINITIONAL_REPRESENTATION('',(#10269),#10272);
#10269 = B_SPLINE_CURVE_WITH_KNOTS('',1,(#10270,#10271),.UNSPECIFIED.,
  .F.,.F.,(2,2),(2.799359361422,4.962261312683),
  .PIECEWISE_BEZIER_KNOTS.);
#10270 = CARTESIAN_POINT('',(0.,1.));
#10271 = CARTESIAN_POINT('',(2.475787855465,1.));
#10272 = ( GEOMETRIC_REPRESENTATION_CONTEXT(2) 
PARAMETRIC_REPRESENTATION_CONTEXT() REPRESENTATION_CONTEXT('2D SPACE',''
  ) );
#10273 = ORIENTED_EDGE('',*,*,#10274,.F.);
#10274 = EDGE_CURVE('',#10275,#10248,#10277,.T.);
#10275 = VERTEX_POINT('',#10276);
#10276 = CARTESIAN_POINT('',(47.661842879723,16.953434041061,15.));
#10277 = SURFACE_CURVE('',#10278,(#10282,#10289),.PCURVE_S1.);
#10278 = LINE('',#10279,#10280);
#10279 = CARTESIAN_POINT('',(47.661842879723,16.953434041061,15.));
#10280 = VECTOR('',#10281,1.);
#10281 = DIRECTION('',(-0.223961329336,0.974598031479,0.));
#10282 = PCURVE('',#1983,#10283);
#10283 = DEFINITIONAL_REPRESENTATION('',(#10284),#10288);
#10284 = LINE('',#10285,#10286);
#10285 = CARTESIAN_POINT('',(79.523445602841,-4.95007246141));
#10286 = VECTOR('',#10287,1.);
#10287 = DIRECTION('',(-0.187236496525,-0.982314865188));
#10288 = ( GEOMETRIC_REPRESENTATION_CONTEXT(2) 
PARAMETRIC_REPRESENTATION_CONTEXT() REPRESENTATION_CONTEXT('2D SPACE',''
  ) );
#10289 = PCURVE('',#10290,#10295);
#10290 = B_SPLINE_SURFACE_WITH_KNOTS('',1,1,(
    (#10291,#10292)
    ,(#10293,#10294
    )),.UNSPECIFIED.,.F.,.F.,.F.,(2,2),(2,2),(2.512522159276,
    5.730623039586),(0.,1.),.PIECEWISE_BEZIER_KNOTS.);
#10291 = CARTESIAN_POINT('',(53.432426176656,18.514276243663,7.5));
#10292 = CARTESIAN_POINT('',(47.661842879723,16.953434041061,15.));
#10293 = CARTESIAN_POINT('',(52.842561985948,21.677855468588,7.5));
#10294 = CARTESIAN_POINT('',(47.034894635849,19.681684164104,15.));
#10295 = DEFINITIONAL_REPRESENTATION('',(#10296),#10299);
#10296 = B_SPLINE_CURVE_WITH_KNOTS('',1,(#10297,#10298),.UNSPECIFIED.,
  .F.,.F.,(2,2),(0.,2.799359361422),.PIECEWISE_BEZIER_KNOTS.);
#10297 = CARTESIAN_POINT('',(2.512522159276,1.));
#10298 = CARTESIAN_POINT('',(5.730623039586,1.));
#10299 = ( GEOMETRIC_REPRESENTATION_CONTEXT(2) 
PARAMETRIC_REPRESENTATION_CONTEXT() REPRESENTATION_CONTEXT('2D SPACE',''
  ) );
#10300 = ORIENTED_EDGE('',*,*,#10301,.F.);
#10301 = EDGE_CURVE('',#10302,#10275,#10304,.T.);
#10302 = VERTEX_POINT('',#10303);
#10303 = CARTESIAN_POINT('',(47.898450201364,14.77531061254,15.));
#10304 = SURFACE_CURVE('',#10305,(#10309,#10316),.PCURVE_S1.);
#10305 = LINE('',#10306,#10307);
#10306 = CARTESIAN_POINT('',(48.197757274611,12.019995417562,15.));
#10307 = VECTOR('',#10308,1.);
#10308 = DIRECTION('',(-0.107993670124,0.994151581608,0.));
#10309 = PCURVE('',#1983,#10310);
#10310 = DEFINITIONAL_REPRESENTATION('',(#10311),#10315);
#10311 = LINE('',#10312,#10313);
#10312 = CARTESIAN_POINT('',(79.873878930684,4.506469545916E-16));
#10313 = VECTOR('',#10314,1.);
#10314 = DIRECTION('',(-7.061684024286E-02,-0.997503514718));
#10315 = ( GEOMETRIC_REPRESENTATION_CONTEXT(2) 
PARAMETRIC_REPRESENTATION_CONTEXT() REPRESENTATION_CONTEXT('2D SPACE',''
  ) );
#10316 = PCURVE('',#10317,#10322);
#10317 = B_SPLINE_SURFACE_WITH_KNOTS('',1,1,(
    (#10318,#10319)
    ,(#10320,#10321
    )),.UNSPECIFIED.,.F.,.F.,.F.,(2,2),(2,2),(0.,2.512522159276),(0.,1.)
  ,.PIECEWISE_BEZIER_KNOTS.);
#10318 = CARTESIAN_POINT('',(53.892960791709,16.044321695663,7.5));
#10319 = CARTESIAN_POINT('',(47.898450201364,14.77531061254,15.));
#10320 = CARTESIAN_POINT('',(53.432426176656,18.514276243663,7.5));
#10321 = CARTESIAN_POINT('',(47.661842879723,16.953434041061,15.));
#10322 = DEFINITIONAL_REPRESENTATION('',(#10323),#10326);
#10323 = B_SPLINE_CURVE_WITH_KNOTS('',1,(#10324,#10325),.UNSPECIFIED.,
  .F.,.F.,(2,2),(2.771524228249,4.962461172692),
  .PIECEWISE_BEZIER_KNOTS.);
#10324 = CARTESIAN_POINT('',(0.,1.));
#10325 = CARTESIAN_POINT('',(2.512522159276,1.));
#10326 = ( GEOMETRIC_REPRESENTATION_CONTEXT(2) 
PARAMETRIC_REPRESENTATION_CONTEXT() REPRESENTATION_CONTEXT('2D SPACE',''
  ) );
#10327 = ORIENTED_EDGE('',*,*,#10328,.F.);
#10328 = EDGE_CURVE('',#10329,#10302,#10331,.T.);
#10329 = VERTEX_POINT('',#10330);
#10330 = CARTESIAN_POINT('',(48.197757274611,12.019995417562,15.));
#10331 = SURFACE_CURVE('',#10332,(#10336,#10343),.PCURVE_S1.);
#10332 = LINE('',#10333,#10334);
#10333 = CARTESIAN_POINT('',(48.197757274611,12.019995417562,15.));
#10334 = VECTOR('',#10335,1.);
#10335 = DIRECTION('',(-0.107993670124,0.994151581608,0.));
#10336 = PCURVE('',#1983,#10337);
#10337 = DEFINITIONAL_REPRESENTATION('',(#10338),#10342);
#10338 = LINE('',#10339,#10340);
#10339 = CARTESIAN_POINT('',(79.873878930684,4.506469545916E-16));
#10340 = VECTOR('',#10341,1.);
#10341 = DIRECTION('',(-7.061684024286E-02,-0.997503514718));
#10342 = ( GEOMETRIC_REPRESENTATION_CONTEXT(2) 
PARAMETRIC_REPRESENTATION_CONTEXT() REPRESENTATION_CONTEXT('2D SPACE',''
  ) );
#10343 = PCURVE('',#10344,#10349);
#10344 = B_SPLINE_SURFACE_WITH_KNOTS('',1,1,(
    (#10345,#10346)
    ,(#10347,#10348
    )),.UNSPECIFIED.,.F.,.F.,.F.,(2,2),(2,2),(2.543988381945,
    5.733412715533),(0.,1.),.PIECEWISE_BEZIER_KNOTS.);
#10345 = CARTESIAN_POINT('',(54.093758005968,12.861224452657,7.5));
#10346 = CARTESIAN_POINT('',(48.197757274611,12.019995417562,15.));
#10347 = CARTESIAN_POINT('',(53.892960791709,16.044321695663,7.5));
#10348 = CARTESIAN_POINT('',(47.898450201364,14.77531061254,15.));
#10349 = DEFINITIONAL_REPRESENTATION('',(#10350),#10353);
#10350 = B_SPLINE_CURVE_WITH_KNOTS('',1,(#10351,#10352),.UNSPECIFIED.,
  .F.,.F.,(2,2),(0.,2.771524228249),.PIECEWISE_BEZIER_KNOTS.);
#10351 = CARTESIAN_POINT('',(2.543988381945,1.));
#10352 = CARTESIAN_POINT('',(5.733412715533,1.));
#10353 = ( GEOMETRIC_REPRESENTATION_CONTEXT(2) 
PARAMETRIC_REPRESENTATION_CONTEXT() REPRESENTATION_CONTEXT('2D SPACE',''
  ) );
#10354 = ORIENTED_EDGE('',*,*,#10355,.F.);
#10355 = EDGE_CURVE('',#10356,#10329,#10358,.T.);
#10356 = VERTEX_POINT('',#10357);
#10357 = CARTESIAN_POINT('',(48.154539847188,9.804351267291,15.));
#10358 = SURFACE_CURVE('',#10359,(#10363,#10370),.PCURVE_S1.);
#10359 = LINE('',#10360,#10361);
#10360 = CARTESIAN_POINT('',(48.100938927266,7.05637269115,15.));
#10361 = VECTOR('',#10362,1.);
#10362 = DIRECTION('',(1.950187188012E-02,0.999809820412,0.));
#10363 = PCURVE('',#1983,#10364);
#10364 = DEFINITIONAL_REPRESENTATION('',(#10365),#10369);
#10365 = LINE('',#10366,#10367);
#10366 = CARTESIAN_POINT('',(79.590892529062,4.95649503773));
#10367 = VECTOR('',#10368,1.);
#10368 = DIRECTION('',(5.700122651936E-02,-0.998374108326));
#10369 = ( GEOMETRIC_REPRESENTATION_CONTEXT(2) 
PARAMETRIC_REPRESENTATION_CONTEXT() REPRESENTATION_CONTEXT('2D SPACE',''
  ) );
#10370 = PCURVE('',#10371,#10376);
#10371 = B_SPLINE_SURFACE_WITH_KNOTS('',1,1,(
    (#10372,#10373)
    ,(#10374,#10375
    )),.UNSPECIFIED.,.F.,.F.,.F.,(2,2),(2,2),(0.,2.543988381945),(0.,1.)
  ,.PIECEWISE_BEZIER_KNOTS.);
#10372 = CARTESIAN_POINT('',(54.253920382238,10.322282763547,7.5));
#10373 = CARTESIAN_POINT('',(48.154539847188,9.804351267291,15.));
#10374 = CARTESIAN_POINT('',(54.093758005968,12.861224452657,7.5));
#10375 = CARTESIAN_POINT('',(48.197757274611,12.019995417562,15.));
#10376 = DEFINITIONAL_REPRESENTATION('',(#10377),#10380);
#10377 = B_SPLINE_CURVE_WITH_KNOTS('',1,(#10378,#10379),.UNSPECIFIED.,
  .F.,.F.,(2,2),(2.748501284982,4.964566885695),
  .PIECEWISE_BEZIER_KNOTS.);
#10378 = CARTESIAN_POINT('',(0.,1.));
#10379 = CARTESIAN_POINT('',(2.543988381945,1.));
#10380 = ( GEOMETRIC_REPRESENTATION_CONTEXT(2) 
PARAMETRIC_REPRESENTATION_CONTEXT() REPRESENTATION_CONTEXT('2D SPACE',''
  ) );
#10381 = ORIENTED_EDGE('',*,*,#10382,.F.);
#10382 = EDGE_CURVE('',#10383,#10356,#10385,.T.);
#10383 = VERTEX_POINT('',#10384);
#10384 = CARTESIAN_POINT('',(48.100938927266,7.05637269115,15.));
#10385 = SURFACE_CURVE('',#10386,(#10390,#10397),.PCURVE_S1.);
#10386 = LINE('',#10387,#10388);
#10387 = CARTESIAN_POINT('',(48.100938927266,7.05637269115,15.));
#10388 = VECTOR('',#10389,1.);
#10389 = DIRECTION('',(1.950187188012E-02,0.999809820412,0.));
#10390 = PCURVE('',#1983,#10391);
#10391 = DEFINITIONAL_REPRESENTATION('',(#10392),#10396);
#10392 = LINE('',#10393,#10394);
#10393 = CARTESIAN_POINT('',(79.590892529062,4.95649503773));
#10394 = VECTOR('',#10395,1.);
#10395 = DIRECTION('',(5.700122651936E-02,-0.998374108326));
#10396 = ( GEOMETRIC_REPRESENTATION_CONTEXT(2) 
PARAMETRIC_REPRESENTATION_CONTEXT() REPRESENTATION_CONTEXT('2D SPACE',''
  ) );
#10397 = PCURVE('',#10398,#10403);
#10398 = B_SPLINE_SURFACE_WITH_KNOTS('',1,1,(
    (#10399,#10400)
    ,(#10401,#10402
    )),.UNSPECIFIED.,.F.,.F.,.F.,(2,2),(2,2),(2.565610359003,
    5.733362921586),(0.,1.),.PIECEWISE_BEZIER_KNOTS.);
#10399 = CARTESIAN_POINT('',(54.067407780105,7.1600257615,7.5));
#10400 = CARTESIAN_POINT('',(48.100938927266,7.05637269115,15.));
#10401 = CARTESIAN_POINT('',(54.253920382238,10.322282763547,7.5));
#10402 = CARTESIAN_POINT('',(48.154539847188,9.804351267291,15.));
#10403 = DEFINITIONAL_REPRESENTATION('',(#10404),#10407);
#10404 = B_SPLINE_CURVE_WITH_KNOTS('',1,(#10405,#10406),.UNSPECIFIED.,
  .F.,.F.,(2,2),(0.,2.748501284982),.PIECEWISE_BEZIER_KNOTS.);
#10405 = CARTESIAN_POINT('',(2.565610359003,1.));
#10406 = CARTESIAN_POINT('',(5.733362921586,1.));
#10407 = ( GEOMETRIC_REPRESENTATION_CONTEXT(2) 
PARAMETRIC_REPRESENTATION_CONTEXT() REPRESENTATION_CONTEXT('2D SPACE',''
  ) );
#10408 = ORIENTED_EDGE('',*,*,#10409,.F.);
#10409 = EDGE_CURVE('',#10410,#10383,#10412,.T.);
#10410 = VERTEX_POINT('',#10411);
#10411 = CARTESIAN_POINT('',(47.786282606655,4.848445547877,15.));
#10412 = SURFACE_CURVE('',#10413,(#10417,#10424),.PCURVE_S1.);
#10413 = LINE('',#10414,#10415);
#10414 = CARTESIAN_POINT('',(47.40027615102,2.139858193841,15.));
#10415 = VECTOR('',#10416,1.);
#10416 = DIRECTION('',(0.141086582687,0.989997260696,0.));
#10417 = PCURVE('',#1983,#10418);
#10418 = DEFINITIONAL_REPRESENTATION('',(#10419),#10423);
#10419 = LINE('',#10420,#10421);
#10420 = CARTESIAN_POINT('',(78.706254395602,9.843258639654));
#10421 = VECTOR('',#10422,1.);
#10422 = DIRECTION('',(0.178132156289,-0.984006572588));
#10423 = ( GEOMETRIC_REPRESENTATION_CONTEXT(2) 
PARAMETRIC_REPRESENTATION_CONTEXT() REPRESENTATION_CONTEXT('2D SPACE',''
  ) );
#10424 = PCURVE('',#10425,#10430);
#10425 = B_SPLINE_SURFACE_WITH_KNOTS('',1,1,(
    (#10426,#10427)
    ,(#10428,#10429
    )),.UNSPECIFIED.,.F.,.F.,.F.,(2,2),(2,2),(0.,2.565610359003),(0.,1.)
  ,.PIECEWISE_BEZIER_KNOTS.);
#10426 = CARTESIAN_POINT('',(53.91634842346,4.598866339482,7.5));
#10427 = CARTESIAN_POINT('',(47.786282606655,4.848445547877,15.));
#10428 = CARTESIAN_POINT('',(54.067407780105,7.1600257615,7.5));
#10429 = CARTESIAN_POINT('',(48.100938927266,7.05637269115,15.));
#10430 = DEFINITIONAL_REPRESENTATION('',(#10431),#10434);
#10431 = B_SPLINE_CURVE_WITH_KNOTS('',1,(#10432,#10433),.UNSPECIFIED.,
  .F.,.F.,(2,2),(2.735954392572,4.966190001224),
  .PIECEWISE_BEZIER_KNOTS.);
#10432 = CARTESIAN_POINT('',(0.,1.));
#10433 = CARTESIAN_POINT('',(2.565610359003,1.));
#10434 = ( GEOMETRIC_REPRESENTATION_CONTEXT(2) 
PARAMETRIC_REPRESENTATION_CONTEXT() REPRESENTATION_CONTEXT('2D SPACE',''
  ) );
#10435 = ORIENTED_EDGE('',*,*,#10436,.F.);
#10436 = EDGE_CURVE('',#10437,#10410,#10439,.T.);
#10437 = VERTEX_POINT('',#10438);
#10438 = CARTESIAN_POINT('',(47.40027615102,2.139858193841,15.));
#10439 = SURFACE_CURVE('',#10440,(#10444,#10451),.PCURVE_S1.);
#10440 = LINE('',#10441,#10442);
#10441 = CARTESIAN_POINT('',(47.40027615102,2.139858193841,15.));
#10442 = VECTOR('',#10443,1.);
#10443 = DIRECTION('',(0.141086582687,0.989997260696,0.));
#10444 = PCURVE('',#1983,#10445);
#10445 = DEFINITIONAL_REPRESENTATION('',(#10446),#10450);
#10446 = LINE('',#10447,#10448);
#10447 = CARTESIAN_POINT('',(78.706254395602,9.843258639654));
#10448 = VECTOR('',#10449,1.);
#10449 = DIRECTION('',(0.178132156289,-0.984006572588));
#10450 = ( GEOMETRIC_REPRESENTATION_CONTEXT(2) 
PARAMETRIC_REPRESENTATION_CONTEXT() REPRESENTATION_CONTEXT('2D SPACE',''
  ) );
#10451 = PCURVE('',#10452,#10457);
#10452 = B_SPLINE_SURFACE_WITH_KNOTS('',1,1,(
    (#10453,#10454)
    ,(#10455,#10456
    )),.UNSPECIFIED.,.F.,.F.,.F.,(2,2),(2,2),(2.573934676137,
    5.733187513563),(0.,1.),.PIECEWISE_BEZIER_KNOTS.);
#10453 = CARTESIAN_POINT('',(53.322250754008,1.495976323717,7.5));
#10454 = CARTESIAN_POINT('',(47.40027615102,2.139858193841,15.));
#10455 = CARTESIAN_POINT('',(53.91634842346,4.598866339482,7.5));
#10456 = CARTESIAN_POINT('',(47.786282606655,4.848445547877,15.));
#10457 = DEFINITIONAL_REPRESENTATION('',(#10458),#10461);
#10458 = B_SPLINE_CURVE_WITH_KNOTS('',1,(#10459,#10460),.UNSPECIFIED.,
  .F.,.F.,(2,2),(0.,2.735954392572),.PIECEWISE_BEZIER_KNOTS.);
#10459 = CARTESIAN_POINT('',(2.573934676137,1.));
#10460 = CARTESIAN_POINT('',(5.733187513563,1.));
#10461 = ( GEOMETRIC_REPRESENTATION_CONTEXT(2) 
PARAMETRIC_REPRESENTATION_CONTEXT() REPRESENTATION_CONTEXT('2D SPACE',''
  ) );
#10462 = ORIENTED_EDGE('',*,*,#10463,.F.);
#10463 = EDGE_CURVE('',#10464,#10437,#10466,.T.);
#10464 = VERTEX_POINT('',#10465);
#10465 = CARTESIAN_POINT('',(46.815080972144,-1.700036803084E-02,15.));
#10466 = SURFACE_CURVE('',#10467,(#10471,#10478),.PCURVE_S1.);
#10467 = LINE('',#10468,#10469);
#10468 = CARTESIAN_POINT('',(46.099388553062,-2.654833654233,15.));
#10469 = VECTOR('',#10470,1.);
#10470 = DIRECTION('',(0.261851500927,0.965108176042,0.));
#10471 = PCURVE('',#1983,#10472);
#10472 = DEFINITIONAL_REPRESENTATION('',(#10473),#10477);
#10473 = LINE('',#10474,#10475);
#10474 = CARTESIAN_POINT('',(77.22638489045,14.585764802879));
#10475 = VECTOR('',#10476,1.);
#10476 = DIRECTION('',(0.29787819617,-0.954603886566));
#10477 = ( GEOMETRIC_REPRESENTATION_CONTEXT(2) 
PARAMETRIC_REPRESENTATION_CONTEXT() REPRESENTATION_CONTEXT('2D SPACE',''
  ) );
#10478 = PCURVE('',#10479,#10484);
#10479 = B_SPLINE_SURFACE_WITH_KNOTS('',1,1,(
    (#10480,#10481)
    ,(#10482,#10483
    )),.UNSPECIFIED.,.F.,.F.,.F.,(2,2),(2,2),(0.,2.573934676137),(0.,1.)
  ,.PIECEWISE_BEZIER_KNOTS.);
#10480 = CARTESIAN_POINT('',(52.838222196908,-1.032037931174,7.5));
#10481 = CARTESIAN_POINT('',(46.815080972144,-1.700036803084E-02,15.));
#10482 = CARTESIAN_POINT('',(53.322250754008,1.495976323717,7.5));
#10483 = CARTESIAN_POINT('',(47.40027615102,2.139858193841,15.));
#10484 = DEFINITIONAL_REPRESENTATION('',(#10485),#10488);
#10485 = B_SPLINE_CURVE_WITH_KNOTS('',1,(#10486,#10487),.UNSPECIFIED.,
  .F.,.F.,(2,2),(2.733199605687,4.968035674238),
  .PIECEWISE_BEZIER_KNOTS.);
#10486 = CARTESIAN_POINT('',(0.,1.));
#10487 = CARTESIAN_POINT('',(2.573934676137,1.));
#10488 = ( GEOMETRIC_REPRESENTATION_CONTEXT(2) 
PARAMETRIC_REPRESENTATION_CONTEXT() REPRESENTATION_CONTEXT('2D SPACE',''
  ) );
#10489 = ORIENTED_EDGE('',*,*,#10490,.F.);
#10490 = EDGE_CURVE('',#10491,#10464,#10493,.T.);
#10491 = VERTEX_POINT('',#10492);
#10492 = CARTESIAN_POINT('',(46.099388553062,-2.654833654233,15.));
#10493 = SURFACE_CURVE('',#10494,(#10498,#10505),.PCURVE_S1.);
#10494 = LINE('',#10495,#10496);
#10495 = CARTESIAN_POINT('',(46.099388553062,-2.654833654233,15.));
#10496 = VECTOR('',#10497,1.);
#10497 = DIRECTION('',(0.261851500927,0.965108176042,0.));
#10498 = PCURVE('',#1983,#10499);
#10499 = DEFINITIONAL_REPRESENTATION('',(#10500),#10504);
#10500 = LINE('',#10501,#10502);
#10501 = CARTESIAN_POINT('',(77.22638489045,14.585764802879));
#10502 = VECTOR('',#10503,1.);
#10503 = DIRECTION('',(0.29787819617,-0.954603886566));
#10504 = ( GEOMETRIC_REPRESENTATION_CONTEXT(2) 
PARAMETRIC_REPRESENTATION_CONTEXT() REPRESENTATION_CONTEXT('2D SPACE',''
  ) );
#10505 = PCURVE('',#10506,#10511);
#10506 = B_SPLINE_SURFACE_WITH_KNOTS('',1,1,(
    (#10507,#10508)
    ,(#10509,#10510
    )),.UNSPECIFIED.,.F.,.F.,.F.,(2,2),(2,2),(2.576479610486,
    5.735310799535),(0.,1.),.PIECEWISE_BEZIER_KNOTS.);
#10507 = CARTESIAN_POINT('',(51.871505637686,-4.03930805124,7.5));
#10508 = CARTESIAN_POINT('',(46.099388553062,-2.654833654233,15.));
#10509 = CARTESIAN_POINT('',(52.838222196908,-1.032037931174,7.5));
#10510 = CARTESIAN_POINT('',(46.815080972144,-1.700036803084E-02,15.));
#10511 = DEFINITIONAL_REPRESENTATION('',(#10512),#10515);
#10512 = B_SPLINE_CURVE_WITH_KNOTS('',1,(#10513,#10514),.UNSPECIFIED.,
  .F.,.F.,(2,2),(0.,2.733199605687),.PIECEWISE_BEZIER_KNOTS.);
#10513 = CARTESIAN_POINT('',(2.576479610486,1.));
#10514 = CARTESIAN_POINT('',(5.735310799535,1.));
#10515 = ( GEOMETRIC_REPRESENTATION_CONTEXT(2) 
PARAMETRIC_REPRESENTATION_CONTEXT() REPRESENTATION_CONTEXT('2D SPACE',''
  ) );
#10516 = ORIENTED_EDGE('',*,*,#10517,.F.);
#10517 = EDGE_CURVE('',#10518,#10491,#10520,.T.);
#10518 = VERTEX_POINT('',#10519);
#10519 = CARTESIAN_POINT('',(45.244751431257,-4.719372415083,15.));
#10520 = SURFACE_CURVE('',#10521,(#10525,#10532),.PCURVE_S1.);
#10521 = LINE('',#10522,#10523);
#10522 = CARTESIAN_POINT('',(44.199263664428,-7.244947262632,15.));
#10523 = VECTOR('',#10524,1.);
#10524 = DIRECTION('',(0.382483701909,0.923962238284,0.));
#10525 = PCURVE('',#1983,#10526);
#10526 = DEFINITIONAL_REPRESENTATION('',(#10527),#10531);
#10527 = LINE('',#10528,#10529);
#10528 = CARTESIAN_POINT('',(75.155375857424,19.101353260161));
#10529 = VECTOR('',#10530,1.);
#10530 = DIRECTION('',(0.416881651504,-0.908960773983));
#10531 = ( GEOMETRIC_REPRESENTATION_CONTEXT(2) 
PARAMETRIC_REPRESENTATION_CONTEXT() REPRESENTATION_CONTEXT('2D SPACE',''
  ) );
#10532 = PCURVE('',#10533,#10538);
#10533 = B_SPLINE_SURFACE_WITH_KNOTS('',1,1,(
    (#10534,#10535)
    ,(#10536,#10537
    )),.UNSPECIFIED.,.F.,.F.,.F.,(2,2),(2,2),(0.,2.576479610486),(0.,1.)
  ,.PIECEWISE_BEZIER_KNOTS.);
#10534 = CARTESIAN_POINT('',(51.08300971787,-6.492167885735,7.5));
#10535 = CARTESIAN_POINT('',(45.244751431257,-4.719372415083,15.));
#10536 = CARTESIAN_POINT('',(51.871505637686,-4.03930805124,7.5));
#10537 = CARTESIAN_POINT('',(46.099388553062,-2.654833654233,15.));
#10538 = DEFINITIONAL_REPRESENTATION('',(#10539),#10542);
#10539 = B_SPLINE_CURVE_WITH_KNOTS('',1,(#10540,#10541),.UNSPECIFIED.,
  .F.,.F.,(2,2),(2.733417820452,4.967858445087),
  .PIECEWISE_BEZIER_KNOTS.);
#10540 = CARTESIAN_POINT('',(0.,1.));
#10541 = CARTESIAN_POINT('',(2.576479610486,1.));
#10542 = ( GEOMETRIC_REPRESENTATION_CONTEXT(2) 
PARAMETRIC_REPRESENTATION_CONTEXT() REPRESENTATION_CONTEXT('2D SPACE',''
  ) );
#10543 = ORIENTED_EDGE('',*,*,#10544,.F.);
#10544 = EDGE_CURVE('',#10545,#10518,#10547,.T.);
#10545 = VERTEX_POINT('',#10546);
#10546 = CARTESIAN_POINT('',(44.199263664428,-7.244947262632,15.));
#10547 = SURFACE_CURVE('',#10548,(#10552,#10559),.PCURVE_S1.);
#10548 = LINE('',#10549,#10550);
#10549 = CARTESIAN_POINT('',(44.199263664428,-7.244947262632,15.));
#10550 = VECTOR('',#10551,1.);
#10551 = DIRECTION('',(0.382483701909,0.923962238284,0.));
#10552 = PCURVE('',#1983,#10553);
#10553 = DEFINITIONAL_REPRESENTATION('',(#10554),#10558);
#10554 = LINE('',#10555,#10556);
#10555 = CARTESIAN_POINT('',(75.155375857424,19.101353260161));
#10556 = VECTOR('',#10557,1.);
#10557 = DIRECTION('',(0.416881651504,-0.908960773983));
#10558 = ( GEOMETRIC_REPRESENTATION_CONTEXT(2) 
PARAMETRIC_REPRESENTATION_CONTEXT() REPRESENTATION_CONTEXT('2D SPACE',''
  ) );
#10559 = PCURVE('',#10560,#10565);
#10560 = B_SPLINE_SURFACE_WITH_KNOTS('',1,1,(
    (#10561,#10562)
    ,(#10563,#10564
    )),.UNSPECIFIED.,.F.,.F.,.F.,(2,2),(2,2),(2.57250920668,
    5.736105550262),(0.,1.),.PIECEWISE_BEZIER_KNOTS.);
#10561 = CARTESIAN_POINT('',(49.762203940704,-9.366852898764,7.5));
#10562 = CARTESIAN_POINT('',(44.199263664428,-7.244947262632,15.));
#10563 = CARTESIAN_POINT('',(51.08300971787,-6.492167885735,7.5));
#10564 = CARTESIAN_POINT('',(45.244751431257,-4.719372415083,15.));
#10565 = DEFINITIONAL_REPRESENTATION('',(#10566),#10569);
#10566 = B_SPLINE_CURVE_WITH_KNOTS('',1,(#10567,#10568),.UNSPECIFIED.,
  .F.,.F.,(2,2),(0.,2.733417820452),.PIECEWISE_BEZIER_KNOTS.);
#10567 = CARTESIAN_POINT('',(2.57250920668,1.));
#10568 = CARTESIAN_POINT('',(5.736105550262,1.));
#10569 = ( GEOMETRIC_REPRESENTATION_CONTEXT(2) 
PARAMETRIC_REPRESENTATION_CONTEXT() REPRESENTATION_CONTEXT('2D SPACE',''
  ) );
#10570 = ORIENTED_EDGE('',*,*,#10571,.F.);
#10571 = EDGE_CURVE('',#10572,#10545,#10574,.T.);
#10572 = VERTEX_POINT('',#10573);
#10573 = CARTESIAN_POINT('',(43.083276321667,-9.171681607131,15.));
#10574 = SURFACE_CURVE('',#10575,(#10579,#10586),.PCURVE_S1.);
#10575 = LINE('',#10576,#10577);
#10576 = CARTESIAN_POINT('',(41.710416993243,-11.54190133712,15.));
#10577 = VECTOR('',#10578,1.);
#10578 = DIRECTION('',(0.501207663411,0.865327035368,0.));
#10579 = PCURVE('',#1983,#10580);
#10580 = DEFINITIONAL_REPRESENTATION('',(#10581),#10585);
#10581 = LINE('',#10582,#10583);
#10582 = CARTESIAN_POINT('',(72.507058990182,23.301899634347));
#10583 = VECTOR('',#10584,1.);
#10584 = DIRECTION('',(0.533322009897,-0.845912308552));
#10585 = ( GEOMETRIC_REPRESENTATION_CONTEXT(2) 
PARAMETRIC_REPRESENTATION_CONTEXT() REPRESENTATION_CONTEXT('2D SPACE',''
  ) );
#10586 = PCURVE('',#10587,#10592);
#10587 = B_SPLINE_SURFACE_WITH_KNOTS('',1,1,(
    (#10588,#10589)
    ,(#10590,#10591
    )),.UNSPECIFIED.,.F.,.F.,.F.,(2,2),(2,2),(0.,2.57250920668),(0.,1.),
  .PIECEWISE_BEZIER_KNOTS.);
#10588 = CARTESIAN_POINT('',(48.688177847303,-11.70443104059,7.5));
#10589 = CARTESIAN_POINT('',(43.083276321667,-9.171681607131,15.));
#10590 = CARTESIAN_POINT('',(49.762203940704,-9.366852898764,7.5));
#10591 = CARTESIAN_POINT('',(44.199263664428,-7.244947262632,15.));
#10592 = DEFINITIONAL_REPRESENTATION('',(#10593),#10596);
#10593 = B_SPLINE_CURVE_WITH_KNOTS('',1,(#10594,#10595),.UNSPECIFIED.,
  .F.,.F.,(2,2),(2.73910282832,4.965699555048),
  .PIECEWISE_BEZIER_KNOTS.);
#10594 = CARTESIAN_POINT('',(0.,1.));
#10595 = CARTESIAN_POINT('',(2.57250920668,1.));
#10596 = ( GEOMETRIC_REPRESENTATION_CONTEXT(2) 
PARAMETRIC_REPRESENTATION_CONTEXT() REPRESENTATION_CONTEXT('2D SPACE',''
  ) );
#10597 = ORIENTED_EDGE('',*,*,#10598,.F.);
#10598 = EDGE_CURVE('',#10599,#10572,#10601,.T.);
#10599 = VERTEX_POINT('',#10600);
#10600 = CARTESIAN_POINT('',(41.710416993243,-11.54190133712,15.));
#10601 = SURFACE_CURVE('',#10602,(#10606,#10613),.PCURVE_S1.);
#10602 = LINE('',#10603,#10604);
#10603 = CARTESIAN_POINT('',(41.710416993243,-11.54190133712,15.));
#10604 = VECTOR('',#10605,1.);
#10605 = DIRECTION('',(0.501207663411,0.865327035368,0.));
#10606 = PCURVE('',#1983,#10607);
#10607 = DEFINITIONAL_REPRESENTATION('',(#10608),#10612);
#10608 = LINE('',#10609,#10610);
#10609 = CARTESIAN_POINT('',(72.507058990182,23.301899634347));
#10610 = VECTOR('',#10611,1.);
#10611 = DIRECTION('',(0.533322009897,-0.845912308552));
#10612 = ( GEOMETRIC_REPRESENTATION_CONTEXT(2) 
PARAMETRIC_REPRESENTATION_CONTEXT() REPRESENTATION_CONTEXT('2D SPACE',''
  ) );
#10613 = PCURVE('',#10614,#10619);
#10614 = B_SPLINE_SURFACE_WITH_KNOTS('',1,1,(
    (#10615,#10616)
    ,(#10617,#10618
    )),.UNSPECIFIED.,.F.,.F.,.F.,(2,2),(2,2),(2.557174531055,
    5.7365637908),(0.,1.),.PIECEWISE_BEZIER_KNOTS.);
#10615 = CARTESIAN_POINT('',(46.995325791811,-14.39567015728,7.5));
#10616 = CARTESIAN_POINT('',(41.710416993243,-11.54190133712,15.));
#10617 = CARTESIAN_POINT('',(48.688177847303,-11.70443104059,7.5));
#10618 = CARTESIAN_POINT('',(43.083276321667,-9.171681607131,15.));
#10619 = DEFINITIONAL_REPRESENTATION('',(#10620),#10623);
#10620 = B_SPLINE_CURVE_WITH_KNOTS('',1,(#10621,#10622),.UNSPECIFIED.,
  .F.,.F.,(2,2),(0.,2.73910282832),.PIECEWISE_BEZIER_KNOTS.);
#10621 = CARTESIAN_POINT('',(2.557174531055,1.));
#10622 = CARTESIAN_POINT('',(5.7365637908,1.));
#10623 = ( GEOMETRIC_REPRESENTATION_CONTEXT(2) 
PARAMETRIC_REPRESENTATION_CONTEXT() REPRESENTATION_CONTEXT('2D SPACE',''
  ) );
#10624 = ORIENTED_EDGE('',*,*,#10625,.F.);
#10625 = EDGE_CURVE('',#10626,#10599,#10628,.T.);
#10626 = VERTEX_POINT('',#10627);
#10627 = CARTESIAN_POINT('',(40.389109003312,-13.30957056618,15.));
#10628 = SURFACE_CURVE('',#10629,(#10633,#10640),.PCURVE_S1.);
#10629 = LINE('',#10630,#10631);
#10630 = CARTESIAN_POINT('',(38.738105835742,-15.51831184272,15.));
#10631 = VECTOR('',#10632,1.);
#10632 = DIRECTION('',(0.598710496723,0.80096550557,0.));
#10633 = PCURVE('',#1983,#10634);
#10634 = DEFINITIONAL_REPRESENTATION('',(#10635),#10639);
#10635 = LINE('',#10636,#10637);
#10636 = CARTESIAN_POINT('',(69.387644925065,27.16398844953));
#10637 = VECTOR('',#10638,1.);
#10638 = DIRECTION('',(0.628341329507,-0.777937769769));
#10639 = ( GEOMETRIC_REPRESENTATION_CONTEXT(2) 
PARAMETRIC_REPRESENTATION_CONTEXT() REPRESENTATION_CONTEXT('2D SPACE',''
  ) );
#10640 = PCURVE('',#10641,#10646);
#10641 = B_SPLINE_SURFACE_WITH_KNOTS('',1,1,(
    (#10642,#10643)
    ,(#10644,#10645
    )),.UNSPECIFIED.,.F.,.F.,.F.,(2,2),(2,2),(0.,2.557174531055),(0.,1.)
  ,.PIECEWISE_BEZIER_KNOTS.);
#10642 = CARTESIAN_POINT('',(45.633769276552,-16.56022679503,7.5));
#10643 = CARTESIAN_POINT('',(40.389109003312,-13.30957056618,15.));
#10644 = CARTESIAN_POINT('',(46.995325791811,-14.39567015728,7.5));
#10645 = CARTESIAN_POINT('',(41.710416993243,-11.54190133712,15.));
#10646 = DEFINITIONAL_REPRESENTATION('',(#10647),#10650);
#10647 = B_SPLINE_CURVE_WITH_KNOTS('',1,(#10648,#10649),.UNSPECIFIED.,
  .F.,.F.,(2,2),(2.757598499786,4.964521540492),
  .PIECEWISE_BEZIER_KNOTS.);
#10648 = CARTESIAN_POINT('',(0.,1.));
#10649 = CARTESIAN_POINT('',(2.557174531055,1.));
#10650 = ( GEOMETRIC_REPRESENTATION_CONTEXT(2) 
PARAMETRIC_REPRESENTATION_CONTEXT() REPRESENTATION_CONTEXT('2D SPACE',''
  ) );
#10651 = ORIENTED_EDGE('',*,*,#10652,.F.);
#10652 = EDGE_CURVE('',#10653,#10626,#10655,.T.);
#10653 = VERTEX_POINT('',#10654);
#10654 = CARTESIAN_POINT('',(38.738105835742,-15.51831184272,15.));
#10655 = SURFACE_CURVE('',#10656,(#10660,#10667),.PCURVE_S1.);
#10656 = LINE('',#10657,#10658);
#10657 = CARTESIAN_POINT('',(38.738105835742,-15.51831184272,15.));
#10658 = VECTOR('',#10659,1.);
#10659 = DIRECTION('',(0.598710496723,0.80096550557,0.));
#10660 = PCURVE('',#1983,#10661);
#10661 = DEFINITIONAL_REPRESENTATION('',(#10662),#10666);
#10662 = LINE('',#10663,#10664);
#10663 = CARTESIAN_POINT('',(69.387644925065,27.16398844953));
#10664 = VECTOR('',#10665,1.);
#10665 = DIRECTION('',(0.628341329507,-0.777937769769));
#10666 = ( GEOMETRIC_REPRESENTATION_CONTEXT(2) 
PARAMETRIC_REPRESENTATION_CONTEXT() REPRESENTATION_CONTEXT('2D SPACE',''
  ) );
#10667 = PCURVE('',#10668,#10673);
#10668 = B_SPLINE_SURFACE_WITH_KNOTS('',1,1,(
    (#10669,#10670)
    ,(#10671,#10672
    )),.UNSPECIFIED.,.F.,.F.,.F.,(2,2),(2,2),(2.532082096471,
    5.738193517252),(0.,1.),.PIECEWISE_BEZIER_KNOTS.);
#10669 = CARTESIAN_POINT('',(43.60573412346,-19.04341504006,7.5));
#10670 = CARTESIAN_POINT('',(38.738105835742,-15.51831184272,15.));
#10671 = CARTESIAN_POINT('',(45.633769276552,-16.56022679503,7.5));
#10672 = CARTESIAN_POINT('',(40.389109003312,-13.30957056618,15.));
#10673 = DEFINITIONAL_REPRESENTATION('',(#10674),#10677);
#10674 = B_SPLINE_CURVE_WITH_KNOTS('',1,(#10675,#10676),.UNSPECIFIED.,
  .F.,.F.,(2,2),(0.,2.757598499786),.PIECEWISE_BEZIER_KNOTS.);
#10675 = CARTESIAN_POINT('',(2.532082096471,1.));
#10676 = CARTESIAN_POINT('',(5.738193517252,1.));
#10677 = ( GEOMETRIC_REPRESENTATION_CONTEXT(2) 
PARAMETRIC_REPRESENTATION_CONTEXT() REPRESENTATION_CONTEXT('2D SPACE',''
  ) );
#10678 = ORIENTED_EDGE('',*,*,#10679,.F.);
#10679 = EDGE_CURVE('',#10680,#10653,#10682,.T.);
#10680 = VERTEX_POINT('',#10681);
#10681 = CARTESIAN_POINT('',(37.222556435868,-17.08766867234,15.));
#10682 = SURFACE_CURVE('',#10683,(#10687,#10694),.PCURVE_S1.);
#10683 = LINE('',#10684,#10685);
#10684 = CARTESIAN_POINT('',(35.290897793602,-19.08790811224,15.));
#10685 = VECTOR('',#10686,1.);
#10686 = DIRECTION('',(0.694667650206,0.719330838875,0.));
#10687 = PCURVE('',#1983,#10688);
#10688 = DEFINITIONAL_REPRESENTATION('',(#10689),#10693);
#10689 = LINE('',#10690,#10691);
#10690 = CARTESIAN_POINT('',(65.808932125625,30.601731242739));
#10691 = VECTOR('',#10692,1.);
#10692 = DIRECTION('',(0.721167965716,-0.692760250898));
#10693 = ( GEOMETRIC_REPRESENTATION_CONTEXT(2) 
PARAMETRIC_REPRESENTATION_CONTEXT() REPRESENTATION_CONTEXT('2D SPACE',''
  ) );
#10694 = PCURVE('',#10695,#10700);
#10695 = B_SPLINE_SURFACE_WITH_KNOTS('',1,1,(
    (#10696,#10697)
    ,(#10698,#10699
    )),.UNSPECIFIED.,.F.,.F.,.F.,(2,2),(2,2),(0.,2.532082096471),(0.,1.)
  ,.PIECEWISE_BEZIER_KNOTS.);
#10696 = CARTESIAN_POINT('',(42.004058190156,-21.00455602121,7.5));
#10697 = CARTESIAN_POINT('',(37.222556435868,-17.08766867234,15.));
#10698 = CARTESIAN_POINT('',(43.60573412346,-19.04341504006,7.5));
#10699 = CARTESIAN_POINT('',(38.738105835742,-15.51831184272,15.));
#10700 = DEFINITIONAL_REPRESENTATION('',(#10701),#10704);
#10701 = B_SPLINE_CURVE_WITH_KNOTS('',1,(#10702,#10703),.UNSPECIFIED.,
  .F.,.F.,(2,2),(2.780694684274,4.962384589403),
  .PIECEWISE_BEZIER_KNOTS.);
#10702 = CARTESIAN_POINT('',(0.,1.));
#10703 = CARTESIAN_POINT('',(2.532082096471,1.));
#10704 = ( GEOMETRIC_REPRESENTATION_CONTEXT(2) 
PARAMETRIC_REPRESENTATION_CONTEXT() REPRESENTATION_CONTEXT('2D SPACE',''
  ) );
#10705 = ORIENTED_EDGE('',*,*,#10706,.F.);
#10706 = EDGE_CURVE('',#10707,#10680,#10709,.T.);
#10707 = VERTEX_POINT('',#10708);
#10708 = CARTESIAN_POINT('',(35.290897793602,-19.08790811224,15.));
#10709 = SURFACE_CURVE('',#10710,(#10714,#10721),.PCURVE_S1.);
#10710 = LINE('',#10711,#10712);
#10711 = CARTESIAN_POINT('',(35.290897793602,-19.08790811224,15.));
#10712 = VECTOR('',#10713,1.);
#10713 = DIRECTION('',(0.694667650206,0.719330838875,0.));
#10714 = PCURVE('',#1983,#10715);
#10715 = DEFINITIONAL_REPRESENTATION('',(#10716),#10720);
#10716 = LINE('',#10717,#10718);
#10717 = CARTESIAN_POINT('',(65.808932125625,30.601731242739));
#10718 = VECTOR('',#10719,1.);
#10719 = DIRECTION('',(0.721167965716,-0.692760250898));
#10720 = ( GEOMETRIC_REPRESENTATION_CONTEXT(2) 
PARAMETRIC_REPRESENTATION_CONTEXT() REPRESENTATION_CONTEXT('2D SPACE',''
  ) );
#10721 = PCURVE('',#10722,#10727);
#10722 = B_SPLINE_SURFACE_WITH_KNOTS('',1,1,(
    (#10723,#10724)
    ,(#10725,#10726
    )),.UNSPECIFIED.,.F.,.F.,.F.,(2,2),(2,2),(2.500725141132,
    5.738756689292),(0.,1.),.PIECEWISE_BEZIER_KNOTS.);
#10723 = CARTESIAN_POINT('',(39.656367074062,-23.23462210326,7.5));
#10724 = CARTESIAN_POINT('',(35.290897793602,-19.08790811224,15.));
#10725 = CARTESIAN_POINT('',(42.004058190156,-21.00455602121,7.5));
#10726 = CARTESIAN_POINT('',(37.222556435868,-17.08766867234,15.));
#10727 = DEFINITIONAL_REPRESENTATION('',(#10728),#10731);
#10728 = B_SPLINE_CURVE_WITH_KNOTS('',1,(#10729,#10730),.UNSPECIFIED.,
  .F.,.F.,(2,2),(0.,2.780694684274),.PIECEWISE_BEZIER_KNOTS.);
#10729 = CARTESIAN_POINT('',(2.500725141132,1.));
#10730 = CARTESIAN_POINT('',(5.738756689292,1.));
#10731 = ( GEOMETRIC_REPRESENTATION_CONTEXT(2) 
PARAMETRIC_REPRESENTATION_CONTEXT() REPRESENTATION_CONTEXT('2D SPACE',''
  ) );
#10732 = ORIENTED_EDGE('',*,*,#10733,.F.);
#10733 = EDGE_CURVE('',#10734,#10707,#10736,.T.);
#10734 = VERTEX_POINT('',#10735);
#10735 = CARTESIAN_POINT('',(33.61705455137,-20.4390013141,15.));
#10736 = SURFACE_CURVE('',#10737,(#10741,#10748),.PCURVE_S1.);
#10737 = LINE('',#10738,#10739);
#10738 = CARTESIAN_POINT('',(31.430424076389,-22.20400624119,15.));
#10739 = VECTOR('',#10740,1.);
#10740 = DIRECTION('',(0.77813591024,0.628095936299,0.));
#10741 = PCURVE('',#1983,#10742);
#10742 = DEFINITIONAL_REPRESENTATION('',(#10743),#10747);
#10743 = LINE('',#10744,#10745);
#10744 = CARTESIAN_POINT('',(61.834259995419,33.57078939777));
#10745 = VECTOR('',#10746,1.);
#10746 = DIRECTION('',(0.801154299316,-0.59845784203));
#10747 = ( GEOMETRIC_REPRESENTATION_CONTEXT(2) 
PARAMETRIC_REPRESENTATION_CONTEXT() REPRESENTATION_CONTEXT('2D SPACE',''
  ) );
#10748 = PCURVE('',#10749,#10754);
#10749 = B_SPLINE_SURFACE_WITH_KNOTS('',1,1,(
    (#10750,#10751)
    ,(#10752,#10753
    )),.UNSPECIFIED.,.F.,.F.,.F.,(2,2),(2,2),(0.,2.500725141132),(0.,1.)
  ,.PIECEWISE_BEZIER_KNOTS.);
#10750 = CARTESIAN_POINT('',(37.843250027392,-24.95689757674,7.5));
#10751 = CARTESIAN_POINT('',(33.61705455137,-20.4390013141,15.));
#10752 = CARTESIAN_POINT('',(39.656367074062,-23.23462210326,7.5));
#10753 = CARTESIAN_POINT('',(35.290897793602,-19.08790811224,15.));
#10754 = DEFINITIONAL_REPRESENTATION('',(#10755),#10758);
#10755 = B_SPLINE_CURVE_WITH_KNOTS('',1,(#10756,#10757),.UNSPECIFIED.,
  .F.,.F.,(2,2),(2.810088117265,4.961181801808),
  .PIECEWISE_BEZIER_KNOTS.);
#10756 = CARTESIAN_POINT('',(0.,1.));
#10757 = CARTESIAN_POINT('',(2.500725141132,1.));
#10758 = ( GEOMETRIC_REPRESENTATION_CONTEXT(2) 
PARAMETRIC_REPRESENTATION_CONTEXT() REPRESENTATION_CONTEXT('2D SPACE',''
  ) );
#10759 = ORIENTED_EDGE('',*,*,#10760,.F.);
#10760 = EDGE_CURVE('',#10761,#10734,#10763,.T.);
#10761 = VERTEX_POINT('',#10762);
#10762 = CARTESIAN_POINT('',(31.430424076389,-22.20400624119,15.));
#10763 = SURFACE_CURVE('',#10764,(#10768,#10775),.PCURVE_S1.);
#10764 = LINE('',#10765,#10766);
#10765 = CARTESIAN_POINT('',(31.430424076389,-22.20400624119,15.));
#10766 = VECTOR('',#10767,1.);
#10767 = DIRECTION('',(0.77813591024,0.628095936299,0.));
#10768 = PCURVE('',#1983,#10769);
#10769 = DEFINITIONAL_REPRESENTATION('',(#10770),#10774);
#10770 = LINE('',#10771,#10772);
#10771 = CARTESIAN_POINT('',(61.834259995419,33.57078939777));
#10772 = VECTOR('',#10773,1.);
#10773 = DIRECTION('',(0.801154299316,-0.59845784203));
#10774 = ( GEOMETRIC_REPRESENTATION_CONTEXT(2) 
PARAMETRIC_REPRESENTATION_CONTEXT() REPRESENTATION_CONTEXT('2D SPACE',''
  ) );
#10775 = PCURVE('',#10776,#10781);
#10776 = B_SPLINE_SURFACE_WITH_KNOTS('',1,1,(
    (#10777,#10778)
    ,(#10779,#10780
    )),.UNSPECIFIED.,.F.,.F.,.F.,(2,2),(2,2),(2.46257127702,
    5.73884566354),(0.,1.),.PIECEWISE_BEZIER_KNOTS.);
#10777 = CARTESIAN_POINT('',(35.200196495261,-26.89293525253,7.5));
#10778 = CARTESIAN_POINT('',(31.430424076389,-22.20400624119,15.));
#10779 = CARTESIAN_POINT('',(37.843250027392,-24.95689757674,7.5));
#10780 = CARTESIAN_POINT('',(33.61705455137,-20.4390013141,15.));
#10781 = DEFINITIONAL_REPRESENTATION('',(#10782),#10785);
#10782 = B_SPLINE_CURVE_WITH_KNOTS('',1,(#10783,#10784),.UNSPECIFIED.,
  .F.,.F.,(2,2),(0.,2.810088117265),.PIECEWISE_BEZIER_KNOTS.);
#10783 = CARTESIAN_POINT('',(2.46257127702,1.));
#10784 = CARTESIAN_POINT('',(5.73884566354,1.));
#10785 = ( GEOMETRIC_REPRESENTATION_CONTEXT(2) 
PARAMETRIC_REPRESENTATION_CONTEXT() REPRESENTATION_CONTEXT('2D SPACE',''
  ) );
#10786 = ORIENTED_EDGE('',*,*,#10787,.F.);
#10787 = EDGE_CURVE('',#10788,#10761,#10790,.T.);
#10788 = VERTEX_POINT('',#10789);
#10789 = CARTESIAN_POINT('',(29.630856922838,-23.31714645237,15.));
#10790 = SURFACE_CURVE('',#10791,(#10795,#10802),.PCURVE_S1.);
#10791 = LINE('',#10792,#10793);
#10792 = CARTESIAN_POINT('',(27.212310790666,-24.81316228429,15.));
#10793 = VECTOR('',#10794,1.);
#10794 = DIRECTION('',(0.850450697273,0.526054760941,0.));
#10795 = PCURVE('',#1983,#10796);
#10796 = DEFINITIONAL_REPRESENTATION('',(#10797),#10801);
#10797 = LINE('',#10798,#10799);
#10798 = CARTESIAN_POINT('',(57.52122070162,36.019843704753));
#10799 = VECTOR('',#10800,1.);
#10800 = DIRECTION('',(0.869589559671,-0.493775250201));
#10801 = ( GEOMETRIC_REPRESENTATION_CONTEXT(2) 
PARAMETRIC_REPRESENTATION_CONTEXT() REPRESENTATION_CONTEXT('2D SPACE',''
  ) );
#10802 = PCURVE('',#10803,#10808);
#10803 = B_SPLINE_SURFACE_WITH_KNOTS('',1,1,(
    (#10804,#10805)
    ,(#10806,#10807
    )),.UNSPECIFIED.,.F.,.F.,.F.,(2,2),(2,2),(0.,2.46257127702),(0.,1.),
  .PIECEWISE_BEZIER_KNOTS.);
#10804 = CARTESIAN_POINT('',(33.213577871793,-28.34813411842,7.5));
#10805 = CARTESIAN_POINT('',(29.630856922838,-23.31714645237,15.));
#10806 = CARTESIAN_POINT('',(35.200196495261,-26.89293525253,7.5));
#10807 = CARTESIAN_POINT('',(31.430424076389,-22.20400624119,15.));
#10808 = DEFINITIONAL_REPRESENTATION('',(#10809),#10812);
#10809 = B_SPLINE_CURVE_WITH_KNOTS('',1,(#10810,#10811),.UNSPECIFIED.,
  .F.,.F.,(2,2),(2.843840495314,4.959856343525),
  .PIECEWISE_BEZIER_KNOTS.);
#10810 = CARTESIAN_POINT('',(0.,1.));
#10811 = CARTESIAN_POINT('',(2.46257127702,1.));
#10812 = ( GEOMETRIC_REPRESENTATION_CONTEXT(2) 
PARAMETRIC_REPRESENTATION_CONTEXT() REPRESENTATION_CONTEXT('2D SPACE',''
  ) );
#10813 = ORIENTED_EDGE('',*,*,#10814,.F.);
#10814 = EDGE_CURVE('',#10815,#10788,#10817,.T.);
#10815 = VERTEX_POINT('',#10816);
#10816 = CARTESIAN_POINT('',(27.212310790666,-24.81316228429,15.));
#10817 = SURFACE_CURVE('',#10818,(#10822,#10829),.PCURVE_S1.);
#10818 = LINE('',#10819,#10820);
#10819 = CARTESIAN_POINT('',(27.212310790666,-24.81316228429,15.));
#10820 = VECTOR('',#10821,1.);
#10821 = DIRECTION('',(0.850450697273,0.526054760941,0.));
#10822 = PCURVE('',#1983,#10823);
#10823 = DEFINITIONAL_REPRESENTATION('',(#10824),#10828);
#10824 = LINE('',#10825,#10826);
#10825 = CARTESIAN_POINT('',(57.52122070162,36.019843704753));
#10826 = VECTOR('',#10827,1.);
#10827 = DIRECTION('',(0.869589559671,-0.493775250201));
#10828 = ( GEOMETRIC_REPRESENTATION_CONTEXT(2) 
PARAMETRIC_REPRESENTATION_CONTEXT() REPRESENTATION_CONTEXT('2D SPACE',''
  ) );
#10829 = PCURVE('',#10830,#10835);
#10830 = B_SPLINE_SURFACE_WITH_KNOTS('',1,1,(
    (#10831,#10832)
    ,(#10833,#10834
    )),.UNSPECIFIED.,.F.,.F.,.F.,(2,2),(2,2),(2.418943082983,
    5.737028882911),(0.,1.),.PIECEWISE_BEZIER_KNOTS.);
#10831 = CARTESIAN_POINT('',(30.319604274661,-29.97128235403,7.5));
#10832 = CARTESIAN_POINT('',(27.212310790666,-24.81316228429,15.));
#10833 = CARTESIAN_POINT('',(33.213577871793,-28.34813411842,7.5));
#10834 = CARTESIAN_POINT('',(29.630856922838,-23.31714645237,15.));
#10835 = DEFINITIONAL_REPRESENTATION('',(#10836),#10839);
#10836 = B_SPLINE_CURVE_WITH_KNOTS('',1,(#10837,#10838),.UNSPECIFIED.,
  .F.,.F.,(2,2),(0.,2.843840495314),.PIECEWISE_BEZIER_KNOTS.);
#10837 = CARTESIAN_POINT('',(2.418943082983,1.));
#10838 = CARTESIAN_POINT('',(5.737028882911,1.));
#10839 = ( GEOMETRIC_REPRESENTATION_CONTEXT(2) 
PARAMETRIC_REPRESENTATION_CONTEXT() REPRESENTATION_CONTEXT('2D SPACE',''
  ) );
#10840 = ORIENTED_EDGE('',*,*,#10841,.F.);
#10841 = EDGE_CURVE('',#10842,#10815,#10844,.T.);
#10842 = VERTEX_POINT('',#10843);
#10843 = CARTESIAN_POINT('',(25.327571512875,-25.68186589942,15.));
#10844 = SURFACE_CURVE('',#10845,(#10849,#10856),.PCURVE_S1.);
#10845 = LINE('',#10846,#10847);
#10846 = CARTESIAN_POINT('',(22.708230978809,-26.88915786708,15.));
#10847 = VECTOR('',#10848,1.);
#10848 = DIRECTION('',(0.908174882456,0.418590949348,0.));
#10849 = PCURVE('',#1983,#10850);
#10850 = DEFINITIONAL_REPRESENTATION('',(#10851),#10855);
#10851 = LINE('',#10852,#10853);
#10852 = CARTESIAN_POINT('',(52.942420538593,37.925383438903));
#10853 = VECTOR('',#10854,1.);
#10854 = DIRECTION('',(0.923241033363,-0.384221283007));
#10855 = ( GEOMETRIC_REPRESENTATION_CONTEXT(2) 
PARAMETRIC_REPRESENTATION_CONTEXT() REPRESENTATION_CONTEXT('2D SPACE',''
  ) );
#10856 = PCURVE('',#10857,#10862);
#10857 = B_SPLINE_SURFACE_WITH_KNOTS('',1,1,(
    (#10858,#10859)
    ,(#10860,#10861
    )),.UNSPECIFIED.,.F.,.F.,.F.,(2,2),(2,2),(0.,2.418943082983),(0.,1.)
  ,.PIECEWISE_BEZIER_KNOTS.);
#10858 = CARTESIAN_POINT('',(28.209846469341,-31.15458605199,7.5));
#10859 = CARTESIAN_POINT('',(25.327571512875,-25.68186589942,15.));
#10860 = CARTESIAN_POINT('',(30.319604274661,-29.97128235403,7.5));
#10861 = CARTESIAN_POINT('',(27.212310790666,-24.81316228429,15.));
#10862 = DEFINITIONAL_REPRESENTATION('',(#10863),#10866);
#10863 = B_SPLINE_CURVE_WITH_KNOTS('',1,(#10864,#10865),.UNSPECIFIED.,
  .F.,.F.,(2,2),(2.884180772521,4.959485115551),
  .PIECEWISE_BEZIER_KNOTS.);
#10864 = CARTESIAN_POINT('',(0.,1.));
#10865 = CARTESIAN_POINT('',(2.418943082983,1.));
#10866 = ( GEOMETRIC_REPRESENTATION_CONTEXT(2) 
PARAMETRIC_REPRESENTATION_CONTEXT() REPRESENTATION_CONTEXT('2D SPACE',''
  ) );
#10867 = ORIENTED_EDGE('',*,*,#10868,.F.);
#10868 = EDGE_CURVE('',#10869,#10842,#10871,.T.);
#10869 = VERTEX_POINT('',#10870);
#10870 = CARTESIAN_POINT('',(22.708230978809,-26.88915786708,15.));
#10871 = SURFACE_CURVE('',#10872,(#10876,#10883),.PCURVE_S1.);
#10872 = LINE('',#10873,#10874);
#10873 = CARTESIAN_POINT('',(22.708230978809,-26.88915786708,15.));
#10874 = VECTOR('',#10875,1.);
#10875 = DIRECTION('',(0.908174882456,0.418590949348,0.));
#10876 = PCURVE('',#1983,#10877);
#10877 = DEFINITIONAL_REPRESENTATION('',(#10878),#10882);
#10878 = LINE('',#10879,#10880);
#10879 = CARTESIAN_POINT('',(52.942420538593,37.925383438903));
#10880 = VECTOR('',#10881,1.);
#10881 = DIRECTION('',(0.923241033363,-0.384221283007));
#10882 = ( GEOMETRIC_REPRESENTATION_CONTEXT(2) 
PARAMETRIC_REPRESENTATION_CONTEXT() REPRESENTATION_CONTEXT('2D SPACE',''
  ) );
#10883 = PCURVE('',#10884,#10889);
#10884 = B_SPLINE_SURFACE_WITH_KNOTS('',1,1,(
    (#10885,#10886)
    ,(#10887,#10888
    )),.UNSPECIFIED.,.F.,.F.,.F.,(2,2),(2,2),(2.368914001872,
    5.736841285685),(0.,1.),.PIECEWISE_BEZIER_KNOTS.);
#10885 = CARTESIAN_POINT('',(25.082289935373,-32.40411568985,7.5));
#10886 = CARTESIAN_POINT('',(22.708230978809,-26.88915786708,15.));
#10887 = CARTESIAN_POINT('',(28.209846469341,-31.15458605199,7.5));
#10888 = CARTESIAN_POINT('',(25.327571512875,-25.68186589942,15.));
#10889 = DEFINITIONAL_REPRESENTATION('',(#10890),#10893);
#10890 = B_SPLINE_CURVE_WITH_KNOTS('',1,(#10891,#10892),.UNSPECIFIED.,
  .F.,.F.,(2,2),(0.,2.884180772521),.PIECEWISE_BEZIER_KNOTS.);
#10891 = CARTESIAN_POINT('',(2.368914001872,1.));
#10892 = CARTESIAN_POINT('',(5.736841285685,1.));
#10893 = ( GEOMETRIC_REPRESENTATION_CONTEXT(2) 
PARAMETRIC_REPRESENTATION_CONTEXT() REPRESENTATION_CONTEXT('2D SPACE',''
  ) );
#10894 = ORIENTED_EDGE('',*,*,#10895,.F.);
#10895 = EDGE_CURVE('',#10896,#10869,#10898,.T.);
#10896 = VERTEX_POINT('',#10897);
#10897 = CARTESIAN_POINT('',(20.771723572243,-27.50444099475,15.));
#10898 = SURFACE_CURVE('',#10899,(#10903,#10910),.PCURVE_S1.);
#10899 = LINE('',#10900,#10901);
#10900 = CARTESIAN_POINT('',(17.982806974323,-28.3905586111,15.));
#10901 = VECTOR('',#10902,1.);
#10902 = DIRECTION('',(0.953050593585,0.302811106249,0.));
#10903 = PCURVE('',#1983,#10904);
#10904 = DEFINITIONAL_REPRESENTATION('',(#10905),#10909);
#10905 = LINE('',#10906,#10907);
#10906 = CARTESIAN_POINT('',(48.163990964309,39.248428041295));
#10907 = VECTOR('',#10908,1.);
#10908 = DIRECTION('',(0.963741060665,-0.266839217486));
#10909 = ( GEOMETRIC_REPRESENTATION_CONTEXT(2) 
PARAMETRIC_REPRESENTATION_CONTEXT() REPRESENTATION_CONTEXT('2D SPACE',''
  ) );
#10910 = PCURVE('',#10911,#10916);
#10911 = B_SPLINE_SURFACE_WITH_KNOTS('',1,1,(
    (#10912,#10913)
    ,(#10914,#10915
    )),.UNSPECIFIED.,.F.,.F.,.F.,(2,2),(2,2),(0.,2.368914001872),(0.,1.)
  ,.PIECEWISE_BEZIER_KNOTS.);
#10912 = CARTESIAN_POINT('',(22.88244657754,-33.283002912,7.5));
#10913 = CARTESIAN_POINT('',(20.771723572243,-27.50444099475,15.));
#10914 = CARTESIAN_POINT('',(25.082289935373,-32.40411568985,7.5));
#10915 = CARTESIAN_POINT('',(22.708230978809,-26.88915786708,15.));
#10916 = DEFINITIONAL_REPRESENTATION('',(#10917),#10920);
#10917 = B_SPLINE_CURVE_WITH_KNOTS('',1,(#10918,#10919),.UNSPECIFIED.,
  .F.,.F.,(2,2),(2.926304874781,4.958208972634),
  .PIECEWISE_BEZIER_KNOTS.);
#10918 = CARTESIAN_POINT('',(0.,1.));
#10919 = CARTESIAN_POINT('',(2.368914001872,1.));
#10920 = ( GEOMETRIC_REPRESENTATION_CONTEXT(2) 
PARAMETRIC_REPRESENTATION_CONTEXT() REPRESENTATION_CONTEXT('2D SPACE',''
  ) );
#10921 = ORIENTED_EDGE('',*,*,#10922,.F.);
#10922 = EDGE_CURVE('',#10923,#10896,#10925,.T.);
#10923 = VERTEX_POINT('',#10924);
#10924 = CARTESIAN_POINT('',(17.982806974323,-28.3905586111,15.));
#10925 = SURFACE_CURVE('',#10926,(#10930,#10937),.PCURVE_S1.);
#10926 = LINE('',#10927,#10928);
#10927 = CARTESIAN_POINT('',(17.982806974323,-28.3905586111,15.));
#10928 = VECTOR('',#10929,1.);
#10929 = DIRECTION('',(0.953050593585,0.302811106249,0.));
#10930 = PCURVE('',#1983,#10931);
#10931 = DEFINITIONAL_REPRESENTATION('',(#10932),#10936);
#10932 = LINE('',#10933,#10934);
#10933 = CARTESIAN_POINT('',(48.163990964309,39.248428041295));
#10934 = VECTOR('',#10935,1.);
#10935 = DIRECTION('',(0.963741060665,-0.266839217486));
#10936 = ( GEOMETRIC_REPRESENTATION_CONTEXT(2) 
PARAMETRIC_REPRESENTATION_CONTEXT() REPRESENTATION_CONTEXT('2D SPACE',''
  ) );
#10937 = PCURVE('',#10938,#10943);
#10938 = B_SPLINE_SURFACE_WITH_KNOTS('',1,1,(
    (#10939,#10940)
    ,(#10941,#10942
    )),.UNSPECIFIED.,.F.,.F.,.F.,(2,2),(2,2),(2.28971529443,
    5.706496616182),(0.,1.),.PIECEWISE_BEZIER_KNOTS.);
#10939 = CARTESIAN_POINT('',(19.560014484054,-34.0803984129,7.5));
#10940 = CARTESIAN_POINT('',(17.982806974323,-28.3905586111,15.));
#10941 = CARTESIAN_POINT('',(22.88244657754,-33.283002912,7.5));
#10942 = CARTESIAN_POINT('',(20.771723572243,-27.50444099475,15.));
#10943 = DEFINITIONAL_REPRESENTATION('',(#10944),#10947);
#10944 = B_SPLINE_CURVE_WITH_KNOTS('',1,(#10945,#10946),.UNSPECIFIED.,
  .F.,.F.,(2,2),(0.,2.926304874781),.PIECEWISE_BEZIER_KNOTS.);
#10945 = CARTESIAN_POINT('',(2.28971529443,1.));
#10946 = CARTESIAN_POINT('',(5.706496616182,1.));
#10947 = ( GEOMETRIC_REPRESENTATION_CONTEXT(2) 
PARAMETRIC_REPRESENTATION_CONTEXT() REPRESENTATION_CONTEXT('2D SPACE',''
  ) );
#10948 = ORIENTED_EDGE('',*,*,#10949,.F.);
#10949 = EDGE_CURVE('',#10950,#10923,#10952,.T.);
#10950 = VERTEX_POINT('',#10951);
#10951 = CARTESIAN_POINT('',(16.046506201355,-28.74609615235,15.));
#10952 = SURFACE_CURVE('',#10953,(#10957,#10964),.PCURVE_S1.);
#10953 = LINE('',#10954,#10955);
#10954 = CARTESIAN_POINT('',(13.106879167026,-29.28586134925,15.));
#10955 = VECTOR('',#10956,1.);
#10956 = DIRECTION('',(0.983557051071,0.180597694583,0.));
#10957 = PCURVE('',#1983,#10958);
#10958 = DEFINITIONAL_REPRESENTATION('',(#10959),#10963);
#10959 = LINE('',#10960,#10961);
#10960 = CARTESIAN_POINT('',(43.257904493466,39.960154474368));
#10961 = VECTOR('',#10962,1.);
#10962 = DIRECTION('',(0.989640563246,-0.143567251065));
#10963 = ( GEOMETRIC_REPRESENTATION_CONTEXT(2) 
PARAMETRIC_REPRESENTATION_CONTEXT() REPRESENTATION_CONTEXT('2D SPACE',''
  ) );
#10964 = PCURVE('',#10965,#10970);
#10965 = B_SPLINE_SURFACE_WITH_KNOTS('',1,1,(
    (#10966,#10967)
    ,(#10968,#10969
    )),.UNSPECIFIED.,.F.,.F.,.F.,(2,2),(2,2),(0.,2.28971529443),(0.,1.),
  .PIECEWISE_BEZIER_KNOTS.);
#10966 = CARTESIAN_POINT('',(17.333526200848,-34.61476350747,7.5));
#10967 = CARTESIAN_POINT('',(16.046506201355,-28.74609615235,15.));
#10968 = CARTESIAN_POINT('',(19.560014484054,-34.0803984129,7.5));
#10969 = CARTESIAN_POINT('',(17.982806974323,-28.3905586111,15.));
#10970 = DEFINITIONAL_REPRESENTATION('',(#10971),#10974);
#10971 = B_SPLINE_CURVE_WITH_KNOTS('',1,(#10972,#10973),.UNSPECIFIED.,
  .F.,.F.,(2,2),(2.988771247309,4.957442785844),
  .PIECEWISE_BEZIER_KNOTS.);
#10972 = CARTESIAN_POINT('',(0.,1.));
#10973 = CARTESIAN_POINT('',(2.28971529443,1.));
#10974 = ( GEOMETRIC_REPRESENTATION_CONTEXT(2) 
PARAMETRIC_REPRESENTATION_CONTEXT() REPRESENTATION_CONTEXT('2D SPACE',''
  ) );
#10975 = ORIENTED_EDGE('',*,*,#10976,.F.);
#10976 = EDGE_CURVE('',#8752,#10950,#10977,.T.);
#10977 = SURFACE_CURVE('',#10978,(#10982,#10989),.PCURVE_S1.);
#10978 = LINE('',#10979,#10980);
#10979 = CARTESIAN_POINT('',(13.106879167026,-29.28586134925,15.));
#10980 = VECTOR('',#10981,1.);
#10981 = DIRECTION('',(0.983557051071,0.180597694583,0.));
#10982 = PCURVE('',#1983,#10983);
#10983 = DEFINITIONAL_REPRESENTATION('',(#10984),#10988);
#10984 = LINE('',#10985,#10986);
#10985 = CARTESIAN_POINT('',(43.257904493466,39.960154474368));
#10986 = VECTOR('',#10987,1.);
#10987 = DIRECTION('',(0.989640563246,-0.143567251065));
#10988 = ( GEOMETRIC_REPRESENTATION_CONTEXT(2) 
PARAMETRIC_REPRESENTATION_CONTEXT() REPRESENTATION_CONTEXT('2D SPACE',''
  ) );
#10989 = PCURVE('',#8640,#10990);
#10990 = DEFINITIONAL_REPRESENTATION('',(#10991),#10994);
#10991 = B_SPLINE_CURVE_WITH_KNOTS('',1,(#10992,#10993),.UNSPECIFIED.,
  .F.,.F.,(2,2),(0.,2.988771247309),.PIECEWISE_BEZIER_KNOTS.);
#10992 = CARTESIAN_POINT('',(2.219960859044,1.));
#10993 = CARTESIAN_POINT('',(5.735243035702,1.));
#10994 = ( GEOMETRIC_REPRESENTATION_CONTEXT(2) 
PARAMETRIC_REPRESENTATION_CONTEXT() REPRESENTATION_CONTEXT('2D SPACE',''
  ) );
#10995 = ORIENTED_EDGE('',*,*,#8773,.F.);
#10996 = ORIENTED_EDGE('',*,*,#8725,.F.);
#10997 = ORIENTED_EDGE('',*,*,#8678,.F.);
#10998 = ORIENTED_EDGE('',*,*,#1968,.F.);
#10999 = ORIENTED_EDGE('',*,*,#2020,.F.);
#11000 = ORIENTED_EDGE('',*,*,#11001,.F.);
#11001 = EDGE_CURVE('',#11002,#2021,#11004,.T.);
#11002 = VERTEX_POINT('',#11003);
#11003 = CARTESIAN_POINT('',(-1.660208809189,-28.32641220628,15.));
#11004 = SURFACE_CURVE('',#11005,(#11009,#11016),.PCURVE_S1.);
#11005 = LINE('',#11006,#11007);
#11006 = CARTESIAN_POINT('',(-1.660208809189,-28.32641220628,15.));
#11007 = VECTOR('',#11008,1.);
#11008 = DIRECTION('',(0.982331243832,-0.187150547396,0.));
#11009 = PCURVE('',#1983,#11010);
#11010 = DEFINITIONAL_REPRESENTATION('',(#11011),#11015);
#11011 = LINE('',#11012,#11013);
#11012 = CARTESIAN_POINT('',(28.537213233019,38.447316489048));
#11013 = VECTOR('',#11014,1.);
#11014 = DIRECTION('',(0.974617623421,0.223876055258));
#11015 = ( GEOMETRIC_REPRESENTATION_CONTEXT(2) 
PARAMETRIC_REPRESENTATION_CONTEXT() REPRESENTATION_CONTEXT('2D SPACE',''
  ) );
#11016 = PCURVE('',#2055,#11017);
#11017 = DEFINITIONAL_REPRESENTATION('',(#11018),#11021);
#11018 = B_SPLINE_CURVE_WITH_KNOTS('',1,(#11019,#11020),.UNSPECIFIED.,
  .F.,.F.,(2,2),(0.,2.980540410377),.PIECEWISE_BEZIER_KNOTS.);
#11019 = CARTESIAN_POINT('',(2.232456116311,1.));
#11020 = CARTESIAN_POINT('',(5.696908596273,1.));
#11021 = ( GEOMETRIC_REPRESENTATION_CONTEXT(2) 
PARAMETRIC_REPRESENTATION_CONTEXT() REPRESENTATION_CONTEXT('2D SPACE',''
  ) );
#11022 = ORIENTED_EDGE('',*,*,#11023,.F.);
#11023 = EDGE_CURVE('',#11024,#11002,#11026,.T.);
#11024 = VERTEX_POINT('',#11025);
#11025 = CARTESIAN_POINT('',(-3.476283528935,-27.73849301072,15.));
#11026 = SURFACE_CURVE('',#11027,(#11031,#11038),.PCURVE_S1.);
#11027 = LINE('',#11028,#11029);
#11028 = CARTESIAN_POINT('',(-6.377307236311,-26.79934248692,15.));
#11029 = VECTOR('',#11030,1.);
#11030 = DIRECTION('',(0.951388407954,-0.307993664238,0.));
#11031 = PCURVE('',#1983,#11032);
#11032 = DEFINITIONAL_REPRESENTATION('',(#11033),#11037);
#11033 = LINE('',#11034,#11035);
#11034 = CARTESIAN_POINT('',(23.88073225821,36.74433544682));
#11035 = VECTOR('',#11036,1.);
#11036 = DIRECTION('',(0.939162514783,0.343473100588));
#11037 = ( GEOMETRIC_REPRESENTATION_CONTEXT(2) 
PARAMETRIC_REPRESENTATION_CONTEXT() REPRESENTATION_CONTEXT('2D SPACE',''
  ) );
#11038 = PCURVE('',#2110,#11039);
#11039 = DEFINITIONAL_REPRESENTATION('',(#11040),#11043);
#11040 = B_SPLINE_CURVE_WITH_KNOTS('',1,(#11041,#11042),.UNSPECIFIED.,
  .F.,.F.,(2,2),(3.049252737496,4.958120561155),
  .PIECEWISE_BEZIER_KNOTS.);
#11041 = CARTESIAN_POINT('',(0.,1.));
#11042 = CARTESIAN_POINT('',(2.232456116311,1.));
#11043 = ( GEOMETRIC_REPRESENTATION_CONTEXT(2) 
PARAMETRIC_REPRESENTATION_CONTEXT() REPRESENTATION_CONTEXT('2D SPACE',''
  ) );
#11044 = ORIENTED_EDGE('',*,*,#11045,.F.);
#11045 = EDGE_CURVE('',#11046,#11024,#11048,.T.);
#11046 = VERTEX_POINT('',#11047);
#11047 = CARTESIAN_POINT('',(-6.377307236311,-26.79934248692,15.));
#11048 = SURFACE_CURVE('',#11049,(#11053,#11060),.PCURVE_S1.);
#11049 = LINE('',#11050,#11051);
#11050 = CARTESIAN_POINT('',(-6.377307236311,-26.79934248692,15.));
#11051 = VECTOR('',#11052,1.);
#11052 = DIRECTION('',(0.951388407954,-0.307993664238,0.));
#11053 = PCURVE('',#1983,#11054);
#11054 = DEFINITIONAL_REPRESENTATION('',(#11055),#11059);
#11055 = LINE('',#11056,#11057);
#11056 = CARTESIAN_POINT('',(23.88073225821,36.74433544682));
#11057 = VECTOR('',#11058,1.);
#11058 = DIRECTION('',(0.939162514783,0.343473100588));
#11059 = ( GEOMETRIC_REPRESENTATION_CONTEXT(2) 
PARAMETRIC_REPRESENTATION_CONTEXT() REPRESENTATION_CONTEXT('2D SPACE',''
  ) );
#11060 = PCURVE('',#2138,#11061);
#11061 = DEFINITIONAL_REPRESENTATION('',(#11062),#11065);
#11062 = B_SPLINE_CURVE_WITH_KNOTS('',1,(#11063,#11064),.UNSPECIFIED.,
  .F.,.F.,(2,2),(0.,3.049252737496),.PIECEWISE_BEZIER_KNOTS.);
#11063 = CARTESIAN_POINT('',(2.176973451967,1.));
#11064 = CARTESIAN_POINT('',(5.732057032846,1.));
#11065 = ( GEOMETRIC_REPRESENTATION_CONTEXT(2) 
PARAMETRIC_REPRESENTATION_CONTEXT() REPRESENTATION_CONTEXT('2D SPACE',''
  ) );
#11066 = ORIENTED_EDGE('',*,*,#11067,.F.);
#11067 = EDGE_CURVE('',#11068,#11046,#11070,.T.);
#11068 = VERTEX_POINT('',#11069);
#11069 = CARTESIAN_POINT('',(-8.067947692981,-26.01006144246,15.));
#11070 = SURFACE_CURVE('',#11071,(#11075,#11082),.PCURVE_S1.);
#11071 = LINE('',#11072,#11073);
#11072 = CARTESIAN_POINT('',(-10.8697640961,-24.70202426146,15.));
#11073 = VECTOR('',#11074,1.);
#11074 = DIRECTION('',(0.90611833025,-0.423024315594,0.));
#11075 = PCURVE('',#1983,#11076);
#11076 = DEFINITIONAL_REPRESENTATION('',(#11077),#11081);
#11077 = LINE('',#11078,#11079);
#11078 = CARTESIAN_POINT('',(19.470130524142,34.479936029899));
#11079 = VECTOR('',#11080,1.);
#11080 = DIRECTION('',(0.889608337576,0.456724211877));
#11081 = ( GEOMETRIC_REPRESENTATION_CONTEXT(2) 
PARAMETRIC_REPRESENTATION_CONTEXT() REPRESENTATION_CONTEXT('2D SPACE',''
  ) );
#11082 = PCURVE('',#2166,#11083);
#11083 = DEFINITIONAL_REPRESENTATION('',(#11084),#11087);
#11084 = B_SPLINE_CURVE_WITH_KNOTS('',1,(#11085,#11086),.UNSPECIFIED.,
  .F.,.F.,(2,2),(3.09210873413,4.957914115423),
  .PIECEWISE_BEZIER_KNOTS.);
#11085 = CARTESIAN_POINT('',(0.,1.));
#11086 = CARTESIAN_POINT('',(2.176973451967,1.));
#11087 = ( GEOMETRIC_REPRESENTATION_CONTEXT(2) 
PARAMETRIC_REPRESENTATION_CONTEXT() REPRESENTATION_CONTEXT('2D SPACE',''
  ) );
#11088 = ORIENTED_EDGE('',*,*,#11089,.F.);
#11089 = EDGE_CURVE('',#11090,#11068,#11092,.T.);
#11090 = VERTEX_POINT('',#11091);
#11091 = CARTESIAN_POINT('',(-10.8697640961,-24.70202426146,15.));
#11092 = SURFACE_CURVE('',#11093,(#11097,#11104),.PCURVE_S1.);
#11093 = LINE('',#11094,#11095);
#11094 = CARTESIAN_POINT('',(-10.8697640961,-24.70202426146,15.));
#11095 = VECTOR('',#11096,1.);
#11096 = DIRECTION('',(0.90611833025,-0.423024315594,0.));
#11097 = PCURVE('',#1983,#11098);
#11098 = DEFINITIONAL_REPRESENTATION('',(#11099),#11103);
#11099 = LINE('',#11100,#11101);
#11100 = CARTESIAN_POINT('',(19.470130524142,34.479936029899));
#11101 = VECTOR('',#11102,1.);
#11102 = DIRECTION('',(0.889608337576,0.456724211877));
#11103 = ( GEOMETRIC_REPRESENTATION_CONTEXT(2) 
PARAMETRIC_REPRESENTATION_CONTEXT() REPRESENTATION_CONTEXT('2D SPACE',''
  ) );
#11104 = PCURVE('',#2194,#11105);
#11105 = DEFINITIONAL_REPRESENTATION('',(#11106),#11109);
#11106 = B_SPLINE_CURVE_WITH_KNOTS('',1,(#11107,#11108),.UNSPECIFIED.,
  .F.,.F.,(2,2),(0.,3.09210873413),.PIECEWISE_BEZIER_KNOTS.);
#11107 = CARTESIAN_POINT('',(2.132424530667,1.));
#11108 = CARTESIAN_POINT('',(5.733659311914,1.));
#11109 = ( GEOMETRIC_REPRESENTATION_CONTEXT(2) 
PARAMETRIC_REPRESENTATION_CONTEXT() REPRESENTATION_CONTEXT('2D SPACE',''
  ) );
#11110 = ORIENTED_EDGE('',*,*,#11111,.F.);
#11111 = EDGE_CURVE('',#11112,#11090,#11114,.T.);
#11112 = VERTEX_POINT('',#11113);
#11113 = CARTESIAN_POINT('',(-12.41587329094,-23.72598293093,15.));
#11114 = SURFACE_CURVE('',#11115,(#11119,#11126),.PCURVE_S1.);
#11115 = LINE('',#11116,#11117);
#11116 = CARTESIAN_POINT('',(-15.06344558741,-22.05460034325,15.));
#11117 = VECTOR('',#11118,1.);
#11118 = DIRECTION('',(0.845599677714,-0.533817557832,0.));
#11119 = PCURVE('',#1983,#11120);
#11120 = DEFINITIONAL_REPRESENTATION('',(#11121),#11125);
#11121 = LINE('',#11122,#11123);
#11122 = CARTESIAN_POINT('',(15.378733869203,31.677028385112));
#11123 = VECTOR('',#11124,1.);
#11124 = DIRECTION('',(0.82497531107,0.565168767826));
#11125 = ( GEOMETRIC_REPRESENTATION_CONTEXT(2) 
PARAMETRIC_REPRESENTATION_CONTEXT() REPRESENTATION_CONTEXT('2D SPACE',''
  ) );
#11126 = PCURVE('',#2222,#11127);
#11127 = DEFINITIONAL_REPRESENTATION('',(#11128),#11131);
#11128 = B_SPLINE_CURVE_WITH_KNOTS('',1,(#11129,#11130),.UNSPECIFIED.,
  .F.,.F.,(2,2),(3.130999651777,4.959417088051),
  .PIECEWISE_BEZIER_KNOTS.);
#11129 = CARTESIAN_POINT('',(0.,1.));
#11130 = CARTESIAN_POINT('',(2.132424530667,1.));
#11131 = ( GEOMETRIC_REPRESENTATION_CONTEXT(2) 
PARAMETRIC_REPRESENTATION_CONTEXT() REPRESENTATION_CONTEXT('2D SPACE',''
  ) );
#11132 = ORIENTED_EDGE('',*,*,#11133,.F.);
#11133 = EDGE_CURVE('',#11134,#11112,#11136,.T.);
#11134 = VERTEX_POINT('',#11135);
#11135 = CARTESIAN_POINT('',(-15.06344558741,-22.05460034325,15.));
#11136 = SURFACE_CURVE('',#11137,(#11141,#11148),.PCURVE_S1.);
#11137 = LINE('',#11138,#11139);
#11138 = CARTESIAN_POINT('',(-15.06344558741,-22.05460034325,15.));
#11139 = VECTOR('',#11140,1.);
#11140 = DIRECTION('',(0.845599677714,-0.533817557832,0.));
#11141 = PCURVE('',#1983,#11142);
#11142 = DEFINITIONAL_REPRESENTATION('',(#11143),#11147);
#11143 = LINE('',#11144,#11145);
#11144 = CARTESIAN_POINT('',(15.378733869203,31.677028385112));
#11145 = VECTOR('',#11146,1.);
#11146 = DIRECTION('',(0.82497531107,0.565168767826));
#11147 = ( GEOMETRIC_REPRESENTATION_CONTEXT(2) 
PARAMETRIC_REPRESENTATION_CONTEXT() REPRESENTATION_CONTEXT('2D SPACE',''
  ) );
#11148 = PCURVE('',#2250,#11149);
#11149 = DEFINITIONAL_REPRESENTATION('',(#11150),#11153);
#11150 = B_SPLINE_CURVE_WITH_KNOTS('',1,(#11151,#11152),.UNSPECIFIED.,
  .F.,.F.,(2,2),(0.,3.130999651777),.PIECEWISE_BEZIER_KNOTS.);
#11151 = CARTESIAN_POINT('',(2.08977137006,1.));
#11152 = CARTESIAN_POINT('',(5.733749734548,1.));
#11153 = ( GEOMETRIC_REPRESENTATION_CONTEXT(2) 
PARAMETRIC_REPRESENTATION_CONTEXT() REPRESENTATION_CONTEXT('2D SPACE',''
  ) );
#11154 = ORIENTED_EDGE('',*,*,#11155,.F.);
#11155 = EDGE_CURVE('',#11156,#11134,#11158,.T.);
#11156 = VERTEX_POINT('',#11157);
#11157 = CARTESIAN_POINT('',(-16.4511190626,-20.91962324166,15.));
#11158 = SURFACE_CURVE('',#11159,(#11163,#11170),.PCURVE_S1.);
#11159 = LINE('',#11160,#11161);
#11160 = CARTESIAN_POINT('',(-18.90284414938,-18.91435911963,15.));
#11161 = VECTOR('',#11162,1.);
#11162 = DIRECTION('',(0.774064483597,-0.633106764483,0.));
#11163 = PCURVE('',#1983,#11164);
#11164 = DEFINITIONAL_REPRESENTATION('',(#11165),#11169);
#11165 = LINE('',#11166,#11167);
#11166 = CARTESIAN_POINT('',(11.6598612966,28.394943217269));
#11167 = VECTOR('',#11168,1.);
#11168 = DIRECTION('',(0.749765134046,0.661704045453));
#11169 = ( GEOMETRIC_REPRESENTATION_CONTEXT(2) 
PARAMETRIC_REPRESENTATION_CONTEXT() REPRESENTATION_CONTEXT('2D SPACE',''
  ) );
#11170 = PCURVE('',#2278,#11171);
#11171 = DEFINITIONAL_REPRESENTATION('',(#11172),#11175);
#11172 = B_SPLINE_CURVE_WITH_KNOTS('',1,(#11173,#11174),.UNSPECIFIED.,
  .F.,.F.,(2,2),(3.167339593456,4.960050025981),
  .PIECEWISE_BEZIER_KNOTS.);
#11173 = CARTESIAN_POINT('',(0.,1.));
#11174 = CARTESIAN_POINT('',(2.08977137006,1.));
#11175 = ( GEOMETRIC_REPRESENTATION_CONTEXT(2) 
PARAMETRIC_REPRESENTATION_CONTEXT() REPRESENTATION_CONTEXT('2D SPACE',''
  ) );
#11176 = ORIENTED_EDGE('',*,*,#11177,.F.);
#11177 = EDGE_CURVE('',#11178,#11156,#11180,.T.);
#11178 = VERTEX_POINT('',#11179);
#11179 = CARTESIAN_POINT('',(-18.90284414938,-18.91435911963,15.));
#11180 = SURFACE_CURVE('',#11181,(#11185,#11192),.PCURVE_S1.);
#11181 = LINE('',#11182,#11183);
#11182 = CARTESIAN_POINT('',(-18.90284414938,-18.91435911963,15.));
#11183 = VECTOR('',#11184,1.);
#11184 = DIRECTION('',(0.774064483597,-0.633106764483,0.));
#11185 = PCURVE('',#1983,#11186);
#11186 = DEFINITIONAL_REPRESENTATION('',(#11187),#11191);
#11187 = LINE('',#11188,#11189);
#11188 = CARTESIAN_POINT('',(11.6598612966,28.394943217269));
#11189 = VECTOR('',#11190,1.);
#11190 = DIRECTION('',(0.749765134046,0.661704045453));
#11191 = ( GEOMETRIC_REPRESENTATION_CONTEXT(2) 
PARAMETRIC_REPRESENTATION_CONTEXT() REPRESENTATION_CONTEXT('2D SPACE',''
  ) );
#11192 = PCURVE('',#2306,#11193);
#11193 = DEFINITIONAL_REPRESENTATION('',(#11194),#11197);
#11194 = B_SPLINE_CURVE_WITH_KNOTS('',1,(#11195,#11196),.UNSPECIFIED.,
  .F.,.F.,(2,2),(0.,3.167339593456),.PIECEWISE_BEZIER_KNOTS.);
#11195 = CARTESIAN_POINT('',(2.052537895298,1.));
#11196 = CARTESIAN_POINT('',(5.734615400306,1.));
#11197 = ( GEOMETRIC_REPRESENTATION_CONTEXT(2) 
PARAMETRIC_REPRESENTATION_CONTEXT() REPRESENTATION_CONTEXT('2D SPACE',''
  ) );
#11198 = ORIENTED_EDGE('',*,*,#11199,.F.);
#11199 = EDGE_CURVE('',#11200,#11178,#11202,.T.);
#11200 = VERTEX_POINT('',#11201);
#11201 = CARTESIAN_POINT('',(-20.12024812146,-17.63997781171,15.));
#11202 = SURFACE_CURVE('',#11203,(#11207,#11214),.PCURVE_S1.);
#11203 = LINE('',#11204,#11205);
#11204 = CARTESIAN_POINT('',(-22.33009667985,-15.32670320384,15.));
#11205 = VECTOR('',#11206,1.);
#11206 = DIRECTION('',(0.690757468118,-0.723086523342,0.));
#11207 = PCURVE('',#1983,#11208);
#11208 = DEFINITIONAL_REPRESENTATION('',(#11209),#11213);
#11209 = LINE('',#11210,#11211);
#11210 = CARTESIAN_POINT('',(8.36963164915,24.681222206643));
#11211 = VECTOR('',#11212,1.);
#11212 = DIRECTION('',(0.663140717118,0.748494749013));
#11213 = ( GEOMETRIC_REPRESENTATION_CONTEXT(2) 
PARAMETRIC_REPRESENTATION_CONTEXT() REPRESENTATION_CONTEXT('2D SPACE',''
  ) );
#11214 = PCURVE('',#2334,#11215);
#11215 = DEFINITIONAL_REPRESENTATION('',(#11216),#11219);
#11216 = B_SPLINE_CURVE_WITH_KNOTS('',1,(#11217,#11218),.UNSPECIFIED.,
  .F.,.F.,(2,2),(3.199167088858,4.961585923646),
  .PIECEWISE_BEZIER_KNOTS.);
#11217 = CARTESIAN_POINT('',(0.,1.));
#11218 = CARTESIAN_POINT('',(2.052537895298,1.));
#11219 = ( GEOMETRIC_REPRESENTATION_CONTEXT(2) 
PARAMETRIC_REPRESENTATION_CONTEXT() REPRESENTATION_CONTEXT('2D SPACE',''
  ) );
#11220 = ORIENTED_EDGE('',*,*,#11221,.F.);
#11221 = EDGE_CURVE('',#11222,#11200,#11224,.T.);
#11222 = VERTEX_POINT('',#11223);
#11223 = CARTESIAN_POINT('',(-22.33009667985,-15.32670320384,15.));
#11224 = SURFACE_CURVE('',#11225,(#11229,#11236),.PCURVE_S1.);
#11225 = LINE('',#11226,#11227);
#11226 = CARTESIAN_POINT('',(-22.33009667985,-15.32670320384,15.));
#11227 = VECTOR('',#11228,1.);
#11228 = DIRECTION('',(0.690757468118,-0.723086523342,0.));
#11229 = PCURVE('',#1983,#11230);
#11230 = DEFINITIONAL_REPRESENTATION('',(#11231),#11235);
#11231 = LINE('',#11232,#11233);
#11232 = CARTESIAN_POINT('',(8.36963164915,24.681222206643));
#11233 = VECTOR('',#11234,1.);
#11234 = DIRECTION('',(0.663140717118,0.748494749013));
#11235 = ( GEOMETRIC_REPRESENTATION_CONTEXT(2) 
PARAMETRIC_REPRESENTATION_CONTEXT() REPRESENTATION_CONTEXT('2D SPACE',''
  ) );
#11236 = PCURVE('',#2362,#11237);
#11237 = DEFINITIONAL_REPRESENTATION('',(#11238),#11241);
#11238 = B_SPLINE_CURVE_WITH_KNOTS('',1,(#11239,#11240),.UNSPECIFIED.,
  .F.,.F.,(2,2),(0.,3.199167088858),.PIECEWISE_BEZIER_KNOTS.);
#11239 = CARTESIAN_POINT('',(2.022264977196,1.));
#11240 = CARTESIAN_POINT('',(5.735830519297,1.));
#11241 = ( GEOMETRIC_REPRESENTATION_CONTEXT(2) 
PARAMETRIC_REPRESENTATION_CONTEXT() REPRESENTATION_CONTEXT('2D SPACE',''
  ) );
#11242 = ORIENTED_EDGE('',*,*,#11243,.F.);
#11243 = EDGE_CURVE('',#11244,#11222,#11246,.T.);
#11244 = VERTEX_POINT('',#11245);
#11245 = CARTESIAN_POINT('',(-23.36902717554,-13.93280852164,15.));
#11246 = SURFACE_CURVE('',#11247,(#11251,#11258),.PCURVE_S1.);
#11247 = LINE('',#11248,#11249);
#11248 = CARTESIAN_POINT('',(-25.29558605607,-11.34801561234,15.));
#11249 = VECTOR('',#11250,1.);
#11250 = DIRECTION('',(0.597607922749,-0.801788482499,0.));
#11251 = PCURVE('',#1983,#11252);
#11252 = DEFINITIONAL_REPRESENTATION('',(#11253),#11257);
#11253 = LINE('',#11254,#11255);
#11254 = CARTESIAN_POINT('',(5.555511609318,20.594070314107));
#11255 = VECTOR('',#11256,1.);
#11256 = DIRECTION('',(0.567103846285,0.823646300015));
#11257 = ( GEOMETRIC_REPRESENTATION_CONTEXT(2) 
PARAMETRIC_REPRESENTATION_CONTEXT() REPRESENTATION_CONTEXT('2D SPACE',''
  ) );
#11258 = PCURVE('',#2390,#11259);
#11259 = DEFINITIONAL_REPRESENTATION('',(#11260),#11263);
#11260 = B_SPLINE_CURVE_WITH_KNOTS('',1,(#11261,#11262),.UNSPECIFIED.,
  .F.,.F.,(2,2),(3.22378403497,4.962265832384),
  .PIECEWISE_BEZIER_KNOTS.);
#11261 = CARTESIAN_POINT('',(0.,1.));
#11262 = CARTESIAN_POINT('',(2.022264977196,1.));
#11263 = ( GEOMETRIC_REPRESENTATION_CONTEXT(2) 
PARAMETRIC_REPRESENTATION_CONTEXT() REPRESENTATION_CONTEXT('2D SPACE',''
  ) );
#11264 = ORIENTED_EDGE('',*,*,#11265,.F.);
#11265 = EDGE_CURVE('',#11266,#11244,#11268,.T.);
#11266 = VERTEX_POINT('',#11267);
#11267 = CARTESIAN_POINT('',(-25.29558605607,-11.34801561234,15.));
#11268 = SURFACE_CURVE('',#11269,(#11273,#11280),.PCURVE_S1.);
#11269 = LINE('',#11270,#11271);
#11270 = CARTESIAN_POINT('',(-25.29558605607,-11.34801561234,15.));
#11271 = VECTOR('',#11272,1.);
#11272 = DIRECTION('',(0.597607922749,-0.801788482499,0.));
#11273 = PCURVE('',#1983,#11274);
#11274 = DEFINITIONAL_REPRESENTATION('',(#11275),#11279);
#11275 = LINE('',#11276,#11277);
#11276 = CARTESIAN_POINT('',(5.555511609318,20.594070314107));
#11277 = VECTOR('',#11278,1.);
#11278 = DIRECTION('',(0.567103846285,0.823646300015));
#11279 = ( GEOMETRIC_REPRESENTATION_CONTEXT(2) 
PARAMETRIC_REPRESENTATION_CONTEXT() REPRESENTATION_CONTEXT('2D SPACE',''
  ) );
#11280 = PCURVE('',#2418,#11281);
#11281 = DEFINITIONAL_REPRESENTATION('',(#11282),#11285);
#11282 = B_SPLINE_CURVE_WITH_KNOTS('',1,(#11283,#11284),.UNSPECIFIED.,
  .F.,.F.,(2,2),(0.,3.22378403497),.PIECEWISE_BEZIER_KNOTS.);
#11283 = CARTESIAN_POINT('',(2.001535099653,1.));
#11284 = CARTESIAN_POINT('',(5.736630903769,1.));
#11285 = ( GEOMETRIC_REPRESENTATION_CONTEXT(2) 
PARAMETRIC_REPRESENTATION_CONTEXT() REPRESENTATION_CONTEXT('2D SPACE',''
  ) );
#11286 = ORIENTED_EDGE('',*,*,#11287,.F.);
#11287 = EDGE_CURVE('',#11288,#11266,#11290,.T.);
#11288 = VERTEX_POINT('',#11289);
#11289 = CARTESIAN_POINT('',(-26.14074859326,-9.845606467243,15.));
#11290 = SURFACE_CURVE('',#11291,(#11295,#11302),.PCURVE_S1.);
#11291 = LINE('',#11292,#11293);
#11292 = CARTESIAN_POINT('',(-27.72942172025,-7.021490478277,15.));
#11293 = VECTOR('',#11294,1.);
#11294 = DIRECTION('',(0.4902865312,-0.871561310135,0.));
#11295 = PCURVE('',#1983,#11296);
#11296 = DEFINITIONAL_REPRESENTATION('',(#11297),#11301);
#11297 = LINE('',#11298,#11299);
#11298 = CARTESIAN_POINT('',(3.285721869286,16.179273567713));
#11299 = VECTOR('',#11300,1.);
#11300 = DIRECTION('',(0.457240131111,0.889343275964));
#11301 = ( GEOMETRIC_REPRESENTATION_CONTEXT(2) 
PARAMETRIC_REPRESENTATION_CONTEXT() REPRESENTATION_CONTEXT('2D SPACE',''
  ) );
#11302 = PCURVE('',#2446,#11303);
#11303 = DEFINITIONAL_REPRESENTATION('',(#11304),#11307);
#11304 = B_SPLINE_CURVE_WITH_KNOTS('',1,(#11305,#11306),.UNSPECIFIED.,
  .F.,.F.,(2,2),(3.240295267958,4.964108759478),
  .PIECEWISE_BEZIER_KNOTS.);
#11305 = CARTESIAN_POINT('',(0.,1.));
#11306 = CARTESIAN_POINT('',(2.001535099653,1.));
#11307 = ( GEOMETRIC_REPRESENTATION_CONTEXT(2) 
PARAMETRIC_REPRESENTATION_CONTEXT() REPRESENTATION_CONTEXT('2D SPACE',''
  ) );
#11308 = ORIENTED_EDGE('',*,*,#11309,.F.);
#11309 = EDGE_CURVE('',#11310,#11288,#11312,.T.);
#11310 = VERTEX_POINT('',#11311);
#11311 = CARTESIAN_POINT('',(-27.72942172025,-7.021490478277,15.));
#11312 = SURFACE_CURVE('',#11313,(#11317,#11324),.PCURVE_S1.);
#11313 = LINE('',#11314,#11315);
#11314 = CARTESIAN_POINT('',(-27.72942172025,-7.021490478277,15.));
#11315 = VECTOR('',#11316,1.);
#11316 = DIRECTION('',(0.4902865312,-0.871561310135,0.));
#11317 = PCURVE('',#1983,#11318);
#11318 = DEFINITIONAL_REPRESENTATION('',(#11319),#11323);
#11319 = LINE('',#11320,#11321);
#11320 = CARTESIAN_POINT('',(3.285721869286,16.179273567713));
#11321 = VECTOR('',#11322,1.);
#11322 = DIRECTION('',(0.457240131111,0.889343275964));
#11323 = ( GEOMETRIC_REPRESENTATION_CONTEXT(2) 
PARAMETRIC_REPRESENTATION_CONTEXT() REPRESENTATION_CONTEXT('2D SPACE',''
  ) );
#11324 = PCURVE('',#2474,#11325);
#11325 = DEFINITIONAL_REPRESENTATION('',(#11326),#11329);
#11326 = B_SPLINE_CURVE_WITH_KNOTS('',1,(#11327,#11328),.UNSPECIFIED.,
  .F.,.F.,(2,2),(0.,3.240295267958),.PIECEWISE_BEZIER_KNOTS.);
#11327 = CARTESIAN_POINT('',(1.989290674747,1.));
#11328 = CARTESIAN_POINT('',(5.737862020886,1.));
#11329 = ( GEOMETRIC_REPRESENTATION_CONTEXT(2) 
PARAMETRIC_REPRESENTATION_CONTEXT() REPRESENTATION_CONTEXT('2D SPACE',''
  ) );
#11330 = ORIENTED_EDGE('',*,*,#11331,.F.);
#11331 = EDGE_CURVE('',#11332,#11310,#11334,.T.);
#11332 = VERTEX_POINT('',#11333);
#11333 = CARTESIAN_POINT('',(-28.37625992788,-5.432800449716,15.));
#11334 = SURFACE_CURVE('',#11335,(#11339,#11346),.PCURVE_S1.);
#11335 = LINE('',#11336,#11337);
#11336 = CARTESIAN_POINT('',(-29.60215040878,-2.421908452059,15.));
#11337 = VECTOR('',#11338,1.);
#11338 = DIRECTION('',(0.377093942722,-0.926175014974,0.));
#11339 = PCURVE('',#1983,#11340);
#11340 = DEFINITIONAL_REPRESENTATION('',(#11341),#11345);
#11341 = LINE('',#11342,#11343);
#11342 = CARTESIAN_POINT('',(1.58688916709,11.512665055455));
#11343 = VECTOR('',#11344,1.);
#11344 = DIRECTION('',(0.342078126757,0.939671514517));
#11345 = ( GEOMETRIC_REPRESENTATION_CONTEXT(2) 
PARAMETRIC_REPRESENTATION_CONTEXT() REPRESENTATION_CONTEXT('2D SPACE',''
  ) );
#11346 = PCURVE('',#2502,#11347);
#11347 = DEFINITIONAL_REPRESENTATION('',(#11348),#11351);
#11348 = B_SPLINE_CURVE_WITH_KNOTS('',1,(#11349,#11350),.UNSPECIFIED.,
  .F.,.F.,(2,2),(3.250888815804,4.966212596812),
  .PIECEWISE_BEZIER_KNOTS.);
#11349 = CARTESIAN_POINT('',(0.,1.));
#11350 = CARTESIAN_POINT('',(1.989290674747,1.));
#11351 = ( GEOMETRIC_REPRESENTATION_CONTEXT(2) 
PARAMETRIC_REPRESENTATION_CONTEXT() REPRESENTATION_CONTEXT('2D SPACE',''
  ) );
#11352 = ORIENTED_EDGE('',*,*,#11353,.F.);
#11353 = EDGE_CURVE('',#11354,#11332,#11356,.T.);
#11354 = VERTEX_POINT('',#11355);
#11355 = CARTESIAN_POINT('',(-29.60215040878,-2.421908452059,15.));
#11356 = SURFACE_CURVE('',#11357,(#11361,#11368),.PCURVE_S1.);
#11357 = LINE('',#11358,#11359);
#11358 = CARTESIAN_POINT('',(-29.60215040878,-2.421908452059,15.));
#11359 = VECTOR('',#11360,1.);
#11360 = DIRECTION('',(0.377093942722,-0.926175014974,0.));
#11361 = PCURVE('',#1983,#11362);
#11362 = DEFINITIONAL_REPRESENTATION('',(#11363),#11367);
#11363 = LINE('',#11364,#11365);
#11364 = CARTESIAN_POINT('',(1.58688916709,11.512665055455));
#11365 = VECTOR('',#11366,1.);
#11366 = DIRECTION('',(0.342078126757,0.939671514517));
#11367 = ( GEOMETRIC_REPRESENTATION_CONTEXT(2) 
PARAMETRIC_REPRESENTATION_CONTEXT() REPRESENTATION_CONTEXT('2D SPACE',''
  ) );
#11368 = PCURVE('',#2530,#11369);
#11369 = DEFINITIONAL_REPRESENTATION('',(#11370),#11373);
#11370 = B_SPLINE_CURVE_WITH_KNOTS('',1,(#11371,#11372),.UNSPECIFIED.,
  .F.,.F.,(2,2),(0.,3.250888815804),.PIECEWISE_BEZIER_KNOTS.);
#11371 = CARTESIAN_POINT('',(1.983237628967,1.));
#11372 = CARTESIAN_POINT('',(5.738992285932,1.));
#11373 = ( GEOMETRIC_REPRESENTATION_CONTEXT(2) 
PARAMETRIC_REPRESENTATION_CONTEXT() REPRESENTATION_CONTEXT('2D SPACE',''
  ) );
#11374 = ORIENTED_EDGE('',*,*,#11375,.F.);
#11375 = EDGE_CURVE('',#11376,#11354,#11378,.T.);
#11376 = VERTEX_POINT('',#11377);
#11377 = CARTESIAN_POINT('',(-30.06255477743,-0.772055192104,15.));
#11378 = SURFACE_CURVE('',#11379,(#11383,#11390),.PCURVE_S1.);
#11379 = LINE('',#11380,#11381);
#11380 = CARTESIAN_POINT('',(-30.9375,2.363299999997,15.));
#11381 = VECTOR('',#11382,1.);
#11382 = DIRECTION('',(0.26878824525,-0.963199293612,0.));
#11383 = PCURVE('',#1983,#11384);
#11384 = DEFINITIONAL_REPRESENTATION('',(#11385),#11389);
#11385 = LINE('',#11386,#11387);
#11386 = CARTESIAN_POINT('',(0.432021921415,6.680723405842));
#11387 = VECTOR('',#11388,1.);
#11388 = DIRECTION('',(0.232459531574,0.972606069373));
#11389 = ( GEOMETRIC_REPRESENTATION_CONTEXT(2) 
PARAMETRIC_REPRESENTATION_CONTEXT() REPRESENTATION_CONTEXT('2D SPACE',''
  ) );
#11390 = PCURVE('',#2558,#11391);
#11391 = DEFINITIONAL_REPRESENTATION('',(#11392),#11395);
#11392 = B_SPLINE_CURVE_WITH_KNOTS('',1,(#11393,#11394),.UNSPECIFIED.,
  .F.,.F.,(2,2),(3.255146897318,4.968035674227),
  .PIECEWISE_BEZIER_KNOTS.);
#11393 = CARTESIAN_POINT('',(0.,1.));
#11394 = CARTESIAN_POINT('',(1.983237628967,1.));
#11395 = ( GEOMETRIC_REPRESENTATION_CONTEXT(2) 
PARAMETRIC_REPRESENTATION_CONTEXT() REPRESENTATION_CONTEXT('2D SPACE',''
  ) );
#11396 = ORIENTED_EDGE('',*,*,#11397,.F.);
#11397 = EDGE_CURVE('',#11398,#11376,#11400,.T.);
#11398 = VERTEX_POINT('',#11399);
#11399 = CARTESIAN_POINT('',(-30.9375,2.363299999997,15.));
#11400 = SURFACE_CURVE('',#11401,(#11405,#11412),.PCURVE_S1.);
#11401 = LINE('',#11402,#11403);
#11402 = CARTESIAN_POINT('',(-30.9375,2.363299999997,15.));
#11403 = VECTOR('',#11404,1.);
#11404 = DIRECTION('',(0.26878824525,-0.963199293612,0.));
#11405 = PCURVE('',#1983,#11406);
#11406 = DEFINITIONAL_REPRESENTATION('',(#11407),#11411);
#11407 = LINE('',#11408,#11409);
#11408 = CARTESIAN_POINT('',(0.432021921415,6.680723405842));
#11409 = VECTOR('',#11410,1.);
#11410 = DIRECTION('',(0.232459531574,0.972606069373));
#11411 = ( GEOMETRIC_REPRESENTATION_CONTEXT(2) 
PARAMETRIC_REPRESENTATION_CONTEXT() REPRESENTATION_CONTEXT('2D SPACE',''
  ) );
#11412 = PCURVE('',#2586,#11413);
#11413 = DEFINITIONAL_REPRESENTATION('',(#11414),#11417);
#11414 = B_SPLINE_CURVE_WITH_KNOTS('',1,(#11415,#11416),.UNSPECIFIED.,
  .F.,.F.,(2,2),(0.,3.255146897318),.PIECEWISE_BEZIER_KNOTS.);
#11415 = CARTESIAN_POINT('',(1.988955505008,1.));
#11416 = CARTESIAN_POINT('',(5.73875012998,1.));
#11417 = ( GEOMETRIC_REPRESENTATION_CONTEXT(2) 
PARAMETRIC_REPRESENTATION_CONTEXT() REPRESENTATION_CONTEXT('2D SPACE',''
  ) );
#11418 = ORIENTED_EDGE('',*,*,#11419,.F.);
#11419 = EDGE_CURVE('',#11420,#11398,#11422,.T.);
#11420 = VERTEX_POINT('',#11421);
#11421 = CARTESIAN_POINT('',(-31.17013247483,4.069315597515,15.));
#11422 = SURFACE_CURVE('',#11423,(#11427,#11434),.PCURVE_S1.);
#11423 = LINE('',#11424,#11425);
#11424 = CARTESIAN_POINT('',(-31.60873018042,7.285781945655,15.));
#11425 = VECTOR('',#11426,1.);
#11426 = DIRECTION('',(0.135109774655,-0.990830635776,0.));
#11427 = PCURVE('',#1983,#11428);
#11428 = DEFINITIONAL_REPRESENTATION('',(#11429),#11433);
#11429 = LINE('',#11430,#11431);
#11430 = CARTESIAN_POINT('',(-5.404300884969E-02,1.736522829004));
#11431 = VECTOR('',#11432,1.);
#11432 = DIRECTION('',(9.783845409692E-02,0.995202309533));
#11433 = ( GEOMETRIC_REPRESENTATION_CONTEXT(2) 
PARAMETRIC_REPRESENTATION_CONTEXT() REPRESENTATION_CONTEXT('2D SPACE',''
  ) );
#11434 = PCURVE('',#2614,#11435);
#11435 = DEFINITIONAL_REPRESENTATION('',(#11436),#11439);
#11436 = B_SPLINE_CURVE_WITH_KNOTS('',1,(#11437,#11438),.UNSPECIFIED.,
  .F.,.F.,(2,2),(3.246232233847,4.968035674231),
  .PIECEWISE_BEZIER_KNOTS.);
#11437 = CARTESIAN_POINT('',(0.,1.));
#11438 = CARTESIAN_POINT('',(1.988955505008,1.));
#11439 = ( GEOMETRIC_REPRESENTATION_CONTEXT(2) 
PARAMETRIC_REPRESENTATION_CONTEXT() REPRESENTATION_CONTEXT('2D SPACE',''
  ) );
#11440 = ORIENTED_EDGE('',*,*,#11441,.F.);
#11441 = EDGE_CURVE('',#8800,#11420,#11442,.T.);
#11442 = SURFACE_CURVE('',#11443,(#11447,#11454),.PCURVE_S1.);
#11443 = LINE('',#11444,#11445);
#11444 = CARTESIAN_POINT('',(-31.60873018042,7.285781945655,15.));
#11445 = VECTOR('',#11446,1.);
#11446 = DIRECTION('',(0.135109774655,-0.990830635776,0.));
#11447 = PCURVE('',#1983,#11448);
#11448 = DEFINITIONAL_REPRESENTATION('',(#11449),#11453);
#11449 = LINE('',#11450,#11451);
#11450 = CARTESIAN_POINT('',(-5.404300884969E-02,1.736522829004));
#11451 = VECTOR('',#11452,1.);
#11452 = DIRECTION('',(9.783845409692E-02,0.995202309533));
#11453 = ( GEOMETRIC_REPRESENTATION_CONTEXT(2) 
PARAMETRIC_REPRESENTATION_CONTEXT() REPRESENTATION_CONTEXT('2D SPACE',''
  ) );
#11454 = PCURVE('',#2642,#11455);
#11455 = DEFINITIONAL_REPRESENTATION('',(#11456),#11459);
#11456 = B_SPLINE_CURVE_WITH_KNOTS('',1,(#11457,#11458),.UNSPECIFIED.,
  .F.,.F.,(2,2),(0.,3.246232233847),.PIECEWISE_BEZIER_KNOTS.);
#11457 = CARTESIAN_POINT('',(2.002822374621,1.));
#11458 = CARTESIAN_POINT('',(5.738101096735,1.));
#11459 = ( GEOMETRIC_REPRESENTATION_CONTEXT(2) 
PARAMETRIC_REPRESENTATION_CONTEXT() REPRESENTATION_CONTEXT('2D SPACE',''
  ) );
#11460 = ADVANCED_FACE('',(#11461),#2055,.T.);
#11461 = FACE_BOUND('',#11462,.T.);
#11462 = EDGE_LOOP('',(#11463,#11464,#11465,#11466));
#11463 = ORIENTED_EDGE('',*,*,#2071,.T.);
#11464 = ORIENTED_EDGE('',*,*,#2042,.T.);
#11465 = ORIENTED_EDGE('',*,*,#11001,.F.);
#11466 = ORIENTED_EDGE('',*,*,#11467,.F.);
#11467 = EDGE_CURVE('',#2072,#11002,#11468,.T.);
#11468 = SURFACE_CURVE('',#11469,(#11472,#11479),.PCURVE_S1.);
#11469 = B_SPLINE_CURVE_WITH_KNOTS('',1,(#11470,#11471),.UNSPECIFIED.,
  .F.,.F.,(2,2),(0.,1.),.PIECEWISE_BEZIER_KNOTS.);
#11470 = CARTESIAN_POINT('',(-3.274653932578,-33.98790235638,7.5));
#11471 = CARTESIAN_POINT('',(-1.660208809189,-28.32641220628,15.));
#11472 = PCURVE('',#2055,#11473);
#11473 = DEFINITIONAL_REPRESENTATION('',(#11474),#11478);
#11474 = LINE('',#11475,#11476);
#11475 = CARTESIAN_POINT('',(2.232456116311,0.));
#11476 = VECTOR('',#11477,1.);
#11477 = DIRECTION('',(0.,1.));
#11478 = ( GEOMETRIC_REPRESENTATION_CONTEXT(2) 
PARAMETRIC_REPRESENTATION_CONTEXT() REPRESENTATION_CONTEXT('2D SPACE',''
  ) );
#11479 = PCURVE('',#2110,#11480);
#11480 = DEFINITIONAL_REPRESENTATION('',(#11481),#11485);
#11481 = LINE('',#11482,#11483);
#11482 = CARTESIAN_POINT('',(2.232456116311,0.));
#11483 = VECTOR('',#11484,1.);
#11484 = DIRECTION('',(0.,1.));
#11485 = ( GEOMETRIC_REPRESENTATION_CONTEXT(2) 
PARAMETRIC_REPRESENTATION_CONTEXT() REPRESENTATION_CONTEXT('2D SPACE',''
  ) );
#11486 = ADVANCED_FACE('',(#11487),#3846,.T.);
#11487 = FACE_BOUND('',#11488,.T.);
#11488 = EDGE_LOOP('',(#11489,#11510,#11511,#11512));
#11489 = ORIENTED_EDGE('',*,*,#11490,.T.);
#11490 = EDGE_CURVE('',#3803,#5476,#11491,.T.);
#11491 = SURFACE_CURVE('',#11492,(#11496,#11503),.PCURVE_S1.);
#11492 = LINE('',#11493,#11494);
#11493 = CARTESIAN_POINT('',(-83.51549999998,-32.8708,7.5));
#11494 = VECTOR('',#11495,1.);
#11495 = DIRECTION('',(0.,0.,1.));
#11496 = PCURVE('',#3846,#11497);
#11497 = DEFINITIONAL_REPRESENTATION('',(#11498),#11502);
#11498 = LINE('',#11499,#11500);
#11499 = CARTESIAN_POINT('',(0.,0.));
#11500 = VECTOR('',#11501,1.);
#11501 = DIRECTION('',(0.,-1.));
#11502 = ( GEOMETRIC_REPRESENTATION_CONTEXT(2) 
PARAMETRIC_REPRESENTATION_CONTEXT() REPRESENTATION_CONTEXT('2D SPACE',''
  ) );
#11503 = PCURVE('',#3818,#11504);
#11504 = DEFINITIONAL_REPRESENTATION('',(#11505),#11509);
#11505 = LINE('',#11506,#11507);
#11506 = CARTESIAN_POINT('',(5.20975479273,0.));
#11507 = VECTOR('',#11508,1.);
#11508 = DIRECTION('',(0.,-1.));
#11509 = ( GEOMETRIC_REPRESENTATION_CONTEXT(2) 
PARAMETRIC_REPRESENTATION_CONTEXT() REPRESENTATION_CONTEXT('2D SPACE',''
  ) );
#11510 = ORIENTED_EDGE('',*,*,#5498,.T.);
#11511 = ORIENTED_EDGE('',*,*,#3883,.F.);
#11512 = ORIENTED_EDGE('',*,*,#3830,.F.);
#11513 = ADVANCED_FACE('',(#11514),#3818,.T.);
#11514 = FACE_BOUND('',#11515,.T.);
#11515 = EDGE_LOOP('',(#11516,#11537,#11538,#11539));
#11516 = ORIENTED_EDGE('',*,*,#11517,.T.);
#11517 = EDGE_CURVE('',#3775,#5453,#11518,.T.);
#11518 = SURFACE_CURVE('',#11519,(#11523,#11530),.PCURVE_S1.);
#11519 = LINE('',#11520,#11521);
#11520 = CARTESIAN_POINT('',(-78.63249999994,-31.05479999998,7.5));
#11521 = VECTOR('',#11522,1.);
#11522 = DIRECTION('',(0.,0.,1.));
#11523 = PCURVE('',#3818,#11524);
#11524 = DEFINITIONAL_REPRESENTATION('',(#11525),#11529);
#11525 = LINE('',#11526,#11527);
#11526 = CARTESIAN_POINT('',(0.,0.));
#11527 = VECTOR('',#11528,1.);
#11528 = DIRECTION('',(0.,-1.));
#11529 = ( GEOMETRIC_REPRESENTATION_CONTEXT(2) 
PARAMETRIC_REPRESENTATION_CONTEXT() REPRESENTATION_CONTEXT('2D SPACE',''
  ) );
#11530 = PCURVE('',#3790,#11531);
#11531 = DEFINITIONAL_REPRESENTATION('',(#11532),#11536);
#11532 = LINE('',#11533,#11534);
#11533 = CARTESIAN_POINT('',(5.223274164673,0.));
#11534 = VECTOR('',#11535,1.);
#11535 = DIRECTION('',(0.,-1.));
#11536 = ( GEOMETRIC_REPRESENTATION_CONTEXT(2) 
PARAMETRIC_REPRESENTATION_CONTEXT() REPRESENTATION_CONTEXT('2D SPACE',''
  ) );
#11537 = ORIENTED_EDGE('',*,*,#5475,.T.);
#11538 = ORIENTED_EDGE('',*,*,#11490,.F.);
#11539 = ORIENTED_EDGE('',*,*,#3802,.F.);
#11540 = ADVANCED_FACE('',(#11541),#3790,.T.);
#11541 = FACE_BOUND('',#11542,.T.);
#11542 = EDGE_LOOP('',(#11543,#11564,#11565,#11566));
#11543 = ORIENTED_EDGE('',*,*,#11544,.T.);
#11544 = EDGE_CURVE('',#3747,#5430,#11545,.T.);
#11545 = SURFACE_CURVE('',#11546,(#11550,#11557),.PCURVE_S1.);
#11546 = LINE('',#11547,#11548);
#11547 = CARTESIAN_POINT('',(-73.98450000002,-28.67179999998,7.5));
#11548 = VECTOR('',#11549,1.);
#11549 = DIRECTION('',(0.,0.,1.));
#11550 = PCURVE('',#3790,#11551);
#11551 = DEFINITIONAL_REPRESENTATION('',(#11552),#11556);
#11552 = LINE('',#11553,#11554);
#11553 = CARTESIAN_POINT('',(0.,0.));
#11554 = VECTOR('',#11555,1.);
#11555 = DIRECTION('',(0.,-1.));
#11556 = ( GEOMETRIC_REPRESENTATION_CONTEXT(2) 
PARAMETRIC_REPRESENTATION_CONTEXT() REPRESENTATION_CONTEXT('2D SPACE',''
  ) );
#11557 = PCURVE('',#3762,#11558);
#11558 = DEFINITIONAL_REPRESENTATION('',(#11559),#11563);
#11559 = LINE('',#11560,#11561);
#11560 = CARTESIAN_POINT('',(5.221972424296,0.));
#11561 = VECTOR('',#11562,1.);
#11562 = DIRECTION('',(0.,-1.));
#11563 = ( GEOMETRIC_REPRESENTATION_CONTEXT(2) 
PARAMETRIC_REPRESENTATION_CONTEXT() REPRESENTATION_CONTEXT('2D SPACE',''
  ) );
#11564 = ORIENTED_EDGE('',*,*,#5452,.T.);
#11565 = ORIENTED_EDGE('',*,*,#11517,.F.);
#11566 = ORIENTED_EDGE('',*,*,#3774,.F.);
#11567 = ADVANCED_FACE('',(#11568),#3762,.T.);
#11568 = FACE_BOUND('',#11569,.T.);
#11569 = EDGE_LOOP('',(#11570,#11591,#11592,#11593));
#11570 = ORIENTED_EDGE('',*,*,#11571,.T.);
#11571 = EDGE_CURVE('',#3719,#5407,#11572,.T.);
#11572 = SURFACE_CURVE('',#11573,(#11577,#11584),.PCURVE_S1.);
#11573 = LINE('',#11574,#11575);
#11574 = CARTESIAN_POINT('',(-69.64850000001,-25.76179999997,7.5));
#11575 = VECTOR('',#11576,1.);
#11576 = DIRECTION('',(0.,0.,1.));
#11577 = PCURVE('',#3762,#11578);
#11578 = DEFINITIONAL_REPRESENTATION('',(#11579),#11583);
#11579 = LINE('',#11580,#11581);
#11580 = CARTESIAN_POINT('',(0.,0.));
#11581 = VECTOR('',#11582,1.);
#11582 = DIRECTION('',(0.,-1.));
#11583 = ( GEOMETRIC_REPRESENTATION_CONTEXT(2) 
PARAMETRIC_REPRESENTATION_CONTEXT() REPRESENTATION_CONTEXT('2D SPACE',''
  ) );
#11584 = PCURVE('',#3734,#11585);
#11585 = DEFINITIONAL_REPRESENTATION('',(#11586),#11590);
#11586 = LINE('',#11587,#11588);
#11587 = CARTESIAN_POINT('',(5.223973296289,0.));
#11588 = VECTOR('',#11589,1.);
#11589 = DIRECTION('',(0.,-1.));
#11590 = ( GEOMETRIC_REPRESENTATION_CONTEXT(2) 
PARAMETRIC_REPRESENTATION_CONTEXT() REPRESENTATION_CONTEXT('2D SPACE',''
  ) );
#11591 = ORIENTED_EDGE('',*,*,#5429,.T.);
#11592 = ORIENTED_EDGE('',*,*,#11544,.F.);
#11593 = ORIENTED_EDGE('',*,*,#3746,.F.);
#11594 = ADVANCED_FACE('',(#11595),#3734,.T.);
#11595 = FACE_BOUND('',#11596,.T.);
#11596 = EDGE_LOOP('',(#11597,#11618,#11619,#11620));
#11597 = ORIENTED_EDGE('',*,*,#11598,.T.);
#11598 = EDGE_CURVE('',#3691,#5384,#11599,.T.);
#11599 = SURFACE_CURVE('',#11600,(#11604,#11611),.PCURVE_S1.);
#11600 = LINE('',#11601,#11602);
#11601 = CARTESIAN_POINT('',(-65.66449999995,-22.38279999999,7.5));
#11602 = VECTOR('',#11603,1.);
#11603 = DIRECTION('',(0.,0.,1.));
#11604 = PCURVE('',#3734,#11605);
#11605 = DEFINITIONAL_REPRESENTATION('',(#11606),#11610);
#11606 = LINE('',#11607,#11608);
#11607 = CARTESIAN_POINT('',(0.,0.));
#11608 = VECTOR('',#11609,1.);
#11609 = DIRECTION('',(0.,-1.));
#11610 = ( GEOMETRIC_REPRESENTATION_CONTEXT(2) 
PARAMETRIC_REPRESENTATION_CONTEXT() REPRESENTATION_CONTEXT('2D SPACE',''
  ) );
#11611 = PCURVE('',#3706,#11612);
#11612 = DEFINITIONAL_REPRESENTATION('',(#11613),#11617);
#11613 = LINE('',#11614,#11615);
#11614 = CARTESIAN_POINT('',(5.210230896957,0.));
#11615 = VECTOR('',#11616,1.);
#11616 = DIRECTION('',(0.,-1.));
#11617 = ( GEOMETRIC_REPRESENTATION_CONTEXT(2) 
PARAMETRIC_REPRESENTATION_CONTEXT() REPRESENTATION_CONTEXT('2D SPACE',''
  ) );
#11618 = ORIENTED_EDGE('',*,*,#5406,.T.);
#11619 = ORIENTED_EDGE('',*,*,#11571,.F.);
#11620 = ORIENTED_EDGE('',*,*,#3718,.F.);
#11621 = ADVANCED_FACE('',(#11622),#3706,.T.);
#11622 = FACE_BOUND('',#11623,.T.);
#11623 = EDGE_LOOP('',(#11624,#11645,#11646,#11647));
#11624 = ORIENTED_EDGE('',*,*,#11625,.T.);
#11625 = EDGE_CURVE('',#3663,#5361,#11626,.T.);
#11626 = SURFACE_CURVE('',#11627,(#11631,#11638),.PCURVE_S1.);
#11627 = LINE('',#11628,#11629);
#11628 = CARTESIAN_POINT('',(-62.10950000002,-18.57379999998,7.5));
#11629 = VECTOR('',#11630,1.);
#11630 = DIRECTION('',(0.,0.,1.));
#11631 = PCURVE('',#3706,#11632);
#11632 = DEFINITIONAL_REPRESENTATION('',(#11633),#11637);
#11633 = LINE('',#11634,#11635);
#11634 = CARTESIAN_POINT('',(0.,0.));
#11635 = VECTOR('',#11636,1.);
#11636 = DIRECTION('',(0.,-1.));
#11637 = ( GEOMETRIC_REPRESENTATION_CONTEXT(2) 
PARAMETRIC_REPRESENTATION_CONTEXT() REPRESENTATION_CONTEXT('2D SPACE',''
  ) );
#11638 = PCURVE('',#3678,#11639);
#11639 = DEFINITIONAL_REPRESENTATION('',(#11640),#11644);
#11640 = LINE('',#11641,#11642);
#11641 = CARTESIAN_POINT('',(5.226367763563,0.));
#11642 = VECTOR('',#11643,1.);
#11643 = DIRECTION('',(0.,-1.));
#11644 = ( GEOMETRIC_REPRESENTATION_CONTEXT(2) 
PARAMETRIC_REPRESENTATION_CONTEXT() REPRESENTATION_CONTEXT('2D SPACE',''
  ) );
#11645 = ORIENTED_EDGE('',*,*,#5383,.T.);
#11646 = ORIENTED_EDGE('',*,*,#11598,.F.);
#11647 = ORIENTED_EDGE('',*,*,#3690,.F.);
#11648 = ADVANCED_FACE('',(#11649),#3678,.T.);
#11649 = FACE_BOUND('',#11650,.T.);
#11650 = EDGE_LOOP('',(#11651,#11672,#11673,#11674));
#11651 = ORIENTED_EDGE('',*,*,#11652,.T.);
#11652 = EDGE_CURVE('',#3635,#5338,#11653,.T.);
#11653 = SURFACE_CURVE('',#11654,(#11658,#11665),.PCURVE_S1.);
#11654 = LINE('',#11655,#11656);
#11655 = CARTESIAN_POINT('',(-59.02350000001,-14.35579999999,7.5));
#11656 = VECTOR('',#11657,1.);
#11657 = DIRECTION('',(0.,0.,1.));
#11658 = PCURVE('',#3678,#11659);
#11659 = DEFINITIONAL_REPRESENTATION('',(#11660),#11664);
#11660 = LINE('',#11661,#11662);
#11661 = CARTESIAN_POINT('',(0.,0.));
#11662 = VECTOR('',#11663,1.);
#11663 = DIRECTION('',(0.,-1.));
#11664 = ( GEOMETRIC_REPRESENTATION_CONTEXT(2) 
PARAMETRIC_REPRESENTATION_CONTEXT() REPRESENTATION_CONTEXT('2D SPACE',''
  ) );
#11665 = PCURVE('',#3650,#11666);
#11666 = DEFINITIONAL_REPRESENTATION('',(#11667),#11671);
#11667 = LINE('',#11668,#11669);
#11668 = CARTESIAN_POINT('',(5.21393402336,0.));
#11669 = VECTOR('',#11670,1.);
#11670 = DIRECTION('',(0.,-1.));
#11671 = ( GEOMETRIC_REPRESENTATION_CONTEXT(2) 
PARAMETRIC_REPRESENTATION_CONTEXT() REPRESENTATION_CONTEXT('2D SPACE',''
  ) );
#11672 = ORIENTED_EDGE('',*,*,#5360,.T.);
#11673 = ORIENTED_EDGE('',*,*,#11625,.F.);
#11674 = ORIENTED_EDGE('',*,*,#3662,.F.);
#11675 = ADVANCED_FACE('',(#11676),#3650,.T.);
#11676 = FACE_BOUND('',#11677,.T.);
#11677 = EDGE_LOOP('',(#11678,#11699,#11700,#11701));
#11678 = ORIENTED_EDGE('',*,*,#11679,.T.);
#11679 = EDGE_CURVE('',#3607,#5315,#11680,.T.);
#11680 = SURFACE_CURVE('',#11681,(#11685,#11692),.PCURVE_S1.);
#11681 = LINE('',#11682,#11683);
#11682 = CARTESIAN_POINT('',(-56.44550000003,-9.823799999984,7.5));
#11683 = VECTOR('',#11684,1.);
#11684 = DIRECTION('',(0.,0.,1.));
#11685 = PCURVE('',#3650,#11686);
#11686 = DEFINITIONAL_REPRESENTATION('',(#11687),#11691);
#11687 = LINE('',#11688,#11689);
#11688 = CARTESIAN_POINT('',(0.,0.));
#11689 = VECTOR('',#11690,1.);
#11690 = DIRECTION('',(0.,-1.));
#11691 = ( GEOMETRIC_REPRESENTATION_CONTEXT(2) 
PARAMETRIC_REPRESENTATION_CONTEXT() REPRESENTATION_CONTEXT('2D SPACE',''
  ) );
#11692 = PCURVE('',#3622,#11693);
#11693 = DEFINITIONAL_REPRESENTATION('',(#11694),#11698);
#11694 = LINE('',#11695,#11696);
#11695 = CARTESIAN_POINT('',(5.215685669243,0.));
#11696 = VECTOR('',#11697,1.);
#11697 = DIRECTION('',(0.,-1.));
#11698 = ( GEOMETRIC_REPRESENTATION_CONTEXT(2) 
PARAMETRIC_REPRESENTATION_CONTEXT() REPRESENTATION_CONTEXT('2D SPACE',''
  ) );
#11699 = ORIENTED_EDGE('',*,*,#5337,.T.);
#11700 = ORIENTED_EDGE('',*,*,#11652,.F.);
#11701 = ORIENTED_EDGE('',*,*,#3634,.F.);
#11702 = ADVANCED_FACE('',(#11703),#3622,.T.);
#11703 = FACE_BOUND('',#11704,.T.);
#11704 = EDGE_LOOP('',(#11705,#11726,#11727,#11728));
#11705 = ORIENTED_EDGE('',*,*,#11706,.T.);
#11706 = EDGE_CURVE('',#3579,#5292,#11707,.T.);
#11707 = SURFACE_CURVE('',#11708,(#11712,#11719),.PCURVE_S1.);
#11708 = LINE('',#11709,#11710);
#11709 = CARTESIAN_POINT('',(-54.41449999995,-5.01979999998,7.5));
#11710 = VECTOR('',#11711,1.);
#11711 = DIRECTION('',(0.,0.,1.));
#11712 = PCURVE('',#3622,#11713);
#11713 = DEFINITIONAL_REPRESENTATION('',(#11714),#11718);
#11714 = LINE('',#11715,#11716);
#11715 = CARTESIAN_POINT('',(0.,0.));
#11716 = VECTOR('',#11717,1.);
#11717 = DIRECTION('',(0.,-1.));
#11718 = ( GEOMETRIC_REPRESENTATION_CONTEXT(2) 
PARAMETRIC_REPRESENTATION_CONTEXT() REPRESENTATION_CONTEXT('2D SPACE',''
  ) );
#11719 = PCURVE('',#3594,#11720);
#11720 = DEFINITIONAL_REPRESENTATION('',(#11721),#11725);
#11721 = LINE('',#11722,#11723);
#11722 = CARTESIAN_POINT('',(5.215862824112,0.));
#11723 = VECTOR('',#11724,1.);
#11724 = DIRECTION('',(0.,-1.));
#11725 = ( GEOMETRIC_REPRESENTATION_CONTEXT(2) 
PARAMETRIC_REPRESENTATION_CONTEXT() REPRESENTATION_CONTEXT('2D SPACE',''
  ) );
#11726 = ORIENTED_EDGE('',*,*,#5314,.T.);
#11727 = ORIENTED_EDGE('',*,*,#11679,.F.);
#11728 = ORIENTED_EDGE('',*,*,#3606,.F.);
#11729 = ADVANCED_FACE('',(#11730),#3594,.T.);
#11730 = FACE_BOUND('',#11731,.T.);
#11731 = EDGE_LOOP('',(#11732,#11753,#11754,#11755));
#11732 = ORIENTED_EDGE('',*,*,#11733,.T.);
#11733 = EDGE_CURVE('',#3551,#5269,#11734,.T.);
#11734 = SURFACE_CURVE('',#11735,(#11739,#11746),.PCURVE_S1.);
#11735 = LINE('',#11736,#11737);
#11736 = CARTESIAN_POINT('',(-52.92949999996,-1.979999998002E-02,7.5));
#11737 = VECTOR('',#11738,1.);
#11738 = DIRECTION('',(0.,0.,1.));
#11739 = PCURVE('',#3594,#11740);
#11740 = DEFINITIONAL_REPRESENTATION('',(#11741),#11745);
#11741 = LINE('',#11742,#11743);
#11742 = CARTESIAN_POINT('',(0.,0.));
#11743 = VECTOR('',#11744,1.);
#11744 = DIRECTION('',(0.,-1.));
#11745 = ( GEOMETRIC_REPRESENTATION_CONTEXT(2) 
PARAMETRIC_REPRESENTATION_CONTEXT() REPRESENTATION_CONTEXT('2D SPACE',''
  ) );
#11746 = PCURVE('',#3566,#11747);
#11747 = DEFINITIONAL_REPRESENTATION('',(#11748),#11752);
#11748 = LINE('',#11749,#11750);
#11749 = CARTESIAN_POINT('',(5.228052218529,0.));
#11750 = VECTOR('',#11751,1.);
#11751 = DIRECTION('',(0.,-1.));
#11752 = ( GEOMETRIC_REPRESENTATION_CONTEXT(2) 
PARAMETRIC_REPRESENTATION_CONTEXT() REPRESENTATION_CONTEXT('2D SPACE',''
  ) );
#11753 = ORIENTED_EDGE('',*,*,#5291,.T.);
#11754 = ORIENTED_EDGE('',*,*,#11706,.F.);
#11755 = ORIENTED_EDGE('',*,*,#3578,.F.);
#11756 = ADVANCED_FACE('',(#11757),#3566,.T.);
#11757 = FACE_BOUND('',#11758,.T.);
#11758 = EDGE_LOOP('',(#11759,#11780,#11781,#11782));
#11759 = ORIENTED_EDGE('',*,*,#11760,.T.);
#11760 = EDGE_CURVE('',#3523,#5246,#11761,.T.);
#11761 = SURFACE_CURVE('',#11762,(#11766,#11773),.PCURVE_S1.);
#11762 = LINE('',#11763,#11764);
#11763 = CARTESIAN_POINT('',(-52.07050000003,5.137199999997,7.5));
#11764 = VECTOR('',#11765,1.);
#11765 = DIRECTION('',(0.,0.,1.));
#11766 = PCURVE('',#3566,#11767);
#11767 = DEFINITIONAL_REPRESENTATION('',(#11768),#11772);
#11768 = LINE('',#11769,#11770);
#11769 = CARTESIAN_POINT('',(0.,0.));
#11770 = VECTOR('',#11771,1.);
#11771 = DIRECTION('',(0.,-1.));
#11772 = ( GEOMETRIC_REPRESENTATION_CONTEXT(2) 
PARAMETRIC_REPRESENTATION_CONTEXT() REPRESENTATION_CONTEXT('2D SPACE',''
  ) );
#11773 = PCURVE('',#3538,#11774);
#11774 = DEFINITIONAL_REPRESENTATION('',(#11775),#11779);
#11775 = LINE('',#11776,#11777);
#11776 = CARTESIAN_POINT('',(5.20222077579,0.));
#11777 = VECTOR('',#11778,1.);
#11778 = DIRECTION('',(0.,-1.));
#11779 = ( GEOMETRIC_REPRESENTATION_CONTEXT(2) 
PARAMETRIC_REPRESENTATION_CONTEXT() REPRESENTATION_CONTEXT('2D SPACE',''
  ) );
#11780 = ORIENTED_EDGE('',*,*,#5268,.T.);
#11781 = ORIENTED_EDGE('',*,*,#11733,.F.);
#11782 = ORIENTED_EDGE('',*,*,#3550,.F.);
#11783 = ADVANCED_FACE('',(#11784),#3538,.T.);
#11784 = FACE_BOUND('',#11785,.T.);
#11785 = EDGE_LOOP('',(#11786,#11807,#11808,#11809));
#11786 = ORIENTED_EDGE('',*,*,#11787,.T.);
#11787 = EDGE_CURVE('',#3495,#5223,#11788,.T.);
#11788 = SURFACE_CURVE('',#11789,(#11793,#11800),.PCURVE_S1.);
#11789 = LINE('',#11790,#11791);
#11790 = CARTESIAN_POINT('',(-51.79650000005,10.332200000004,7.5));
#11791 = VECTOR('',#11792,1.);
#11792 = DIRECTION('',(0.,0.,1.));
#11793 = PCURVE('',#3538,#11794);
#11794 = DEFINITIONAL_REPRESENTATION('',(#11795),#11799);
#11795 = LINE('',#11796,#11797);
#11796 = CARTESIAN_POINT('',(0.,0.));
#11797 = VECTOR('',#11798,1.);
#11798 = DIRECTION('',(0.,-1.));
#11799 = ( GEOMETRIC_REPRESENTATION_CONTEXT(2) 
PARAMETRIC_REPRESENTATION_CONTEXT() REPRESENTATION_CONTEXT('2D SPACE',''
  ) );
#11800 = PCURVE('',#3510,#11801);
#11801 = DEFINITIONAL_REPRESENTATION('',(#11802),#11806);
#11802 = LINE('',#11803,#11804);
#11803 = CARTESIAN_POINT('',(6.474521295044,0.));
#11804 = VECTOR('',#11805,1.);
#11805 = DIRECTION('',(0.,-1.));
#11806 = ( GEOMETRIC_REPRESENTATION_CONTEXT(2) 
PARAMETRIC_REPRESENTATION_CONTEXT() REPRESENTATION_CONTEXT('2D SPACE',''
  ) );
#11807 = ORIENTED_EDGE('',*,*,#5245,.T.);
#11808 = ORIENTED_EDGE('',*,*,#11760,.F.);
#11809 = ORIENTED_EDGE('',*,*,#3522,.F.);
#11810 = ADVANCED_FACE('',(#11811),#3510,.T.);
#11811 = FACE_BOUND('',#11812,.T.);
#11812 = EDGE_LOOP('',(#11813,#11834,#11835,#11836));
#11813 = ORIENTED_EDGE('',*,*,#11814,.T.);
#11814 = EDGE_CURVE('',#3467,#5200,#11815,.T.);
#11815 = SURFACE_CURVE('',#11816,(#11820,#11827),.PCURVE_S1.);
#11816 = LINE('',#11817,#11818);
#11817 = CARTESIAN_POINT('',(-51.44550000003,16.797200000001,7.5));
#11818 = VECTOR('',#11819,1.);
#11819 = DIRECTION('',(0.,0.,1.));
#11820 = PCURVE('',#3510,#11821);
#11821 = DEFINITIONAL_REPRESENTATION('',(#11822),#11826);
#11822 = LINE('',#11823,#11824);
#11823 = CARTESIAN_POINT('',(0.,0.));
#11824 = VECTOR('',#11825,1.);
#11825 = DIRECTION('',(0.,-1.));
#11826 = ( GEOMETRIC_REPRESENTATION_CONTEXT(2) 
PARAMETRIC_REPRESENTATION_CONTEXT() REPRESENTATION_CONTEXT('2D SPACE',''
  ) );
#11827 = PCURVE('',#3482,#11828);
#11828 = DEFINITIONAL_REPRESENTATION('',(#11829),#11833);
#11829 = LINE('',#11830,#11831);
#11830 = CARTESIAN_POINT('',(6.492292430284,0.));
#11831 = VECTOR('',#11832,1.);
#11832 = DIRECTION('',(0.,-1.));
#11833 = ( GEOMETRIC_REPRESENTATION_CONTEXT(2) 
PARAMETRIC_REPRESENTATION_CONTEXT() REPRESENTATION_CONTEXT('2D SPACE',''
  ) );
#11834 = ORIENTED_EDGE('',*,*,#5222,.T.);
#11835 = ORIENTED_EDGE('',*,*,#11787,.F.);
#11836 = ORIENTED_EDGE('',*,*,#3494,.F.);
#11837 = ADVANCED_FACE('',(#11838),#3482,.T.);
#11838 = FACE_BOUND('',#11839,.T.);
#11839 = EDGE_LOOP('',(#11840,#11861,#11862,#11863));
#11840 = ORIENTED_EDGE('',*,*,#11841,.T.);
#11841 = EDGE_CURVE('',#3439,#5177,#11842,.T.);
#11842 = SURFACE_CURVE('',#11843,(#11847,#11854),.PCURVE_S1.);
#11843 = LINE('',#11844,#11845);
#11844 = CARTESIAN_POINT('',(-50.39049999998,23.203200000018,7.5));
#11845 = VECTOR('',#11846,1.);
#11846 = DIRECTION('',(0.,0.,1.));
#11847 = PCURVE('',#3482,#11848);
#11848 = DEFINITIONAL_REPRESENTATION('',(#11849),#11853);
#11849 = LINE('',#11850,#11851);
#11850 = CARTESIAN_POINT('',(0.,0.));
#11851 = VECTOR('',#11852,1.);
#11852 = DIRECTION('',(0.,-1.));
#11853 = ( GEOMETRIC_REPRESENTATION_CONTEXT(2) 
PARAMETRIC_REPRESENTATION_CONTEXT() REPRESENTATION_CONTEXT('2D SPACE',''
  ) );
#11854 = PCURVE('',#3454,#11855);
#11855 = DEFINITIONAL_REPRESENTATION('',(#11856),#11860);
#11856 = LINE('',#11857,#11858);
#11857 = CARTESIAN_POINT('',(6.462805969508,0.));
#11858 = VECTOR('',#11859,1.);
#11859 = DIRECTION('',(0.,-1.));
#11860 = ( GEOMETRIC_REPRESENTATION_CONTEXT(2) 
PARAMETRIC_REPRESENTATION_CONTEXT() REPRESENTATION_CONTEXT('2D SPACE',''
  ) );
#11861 = ORIENTED_EDGE('',*,*,#5199,.T.);
#11862 = ORIENTED_EDGE('',*,*,#11814,.F.);
#11863 = ORIENTED_EDGE('',*,*,#3466,.F.);
#11864 = ADVANCED_FACE('',(#11865),#3454,.T.);
#11865 = FACE_BOUND('',#11866,.T.);
#11866 = EDGE_LOOP('',(#11867,#11888,#11889,#11890));
#11867 = ORIENTED_EDGE('',*,*,#11868,.T.);
#11868 = EDGE_CURVE('',#3411,#5154,#11869,.T.);
#11869 = SURFACE_CURVE('',#11870,(#11874,#11881),.PCURVE_S1.);
#11870 = LINE('',#11871,#11872);
#11871 = CARTESIAN_POINT('',(-48.67150000005,29.433199999999,7.5));
#11872 = VECTOR('',#11873,1.);
#11873 = DIRECTION('',(0.,0.,1.));
#11874 = PCURVE('',#3454,#11875);
#11875 = DEFINITIONAL_REPRESENTATION('',(#11876),#11880);
#11876 = LINE('',#11877,#11878);
#11877 = CARTESIAN_POINT('',(0.,0.));
#11878 = VECTOR('',#11879,1.);
#11879 = DIRECTION('',(0.,-1.));
#11880 = ( GEOMETRIC_REPRESENTATION_CONTEXT(2) 
PARAMETRIC_REPRESENTATION_CONTEXT() REPRESENTATION_CONTEXT('2D SPACE',''
  ) );
#11881 = PCURVE('',#3426,#11882);
#11882 = DEFINITIONAL_REPRESENTATION('',(#11883),#11887);
#11883 = LINE('',#11884,#11885);
#11884 = CARTESIAN_POINT('',(6.489007628346,0.));
#11885 = VECTOR('',#11886,1.);
#11886 = DIRECTION('',(0.,-1.));
#11887 = ( GEOMETRIC_REPRESENTATION_CONTEXT(2) 
PARAMETRIC_REPRESENTATION_CONTEXT() REPRESENTATION_CONTEXT('2D SPACE',''
  ) );
#11888 = ORIENTED_EDGE('',*,*,#5176,.T.);
#11889 = ORIENTED_EDGE('',*,*,#11841,.F.);
#11890 = ORIENTED_EDGE('',*,*,#3438,.F.);
#11891 = ADVANCED_FACE('',(#11892),#3426,.T.);
#11892 = FACE_BOUND('',#11893,.T.);
#11893 = EDGE_LOOP('',(#11894,#11915,#11916,#11917));
#11894 = ORIENTED_EDGE('',*,*,#11895,.T.);
#11895 = EDGE_CURVE('',#3383,#5131,#11896,.T.);
#11896 = SURFACE_CURVE('',#11897,(#11901,#11908),.PCURVE_S1.);
#11897 = LINE('',#11898,#11899);
#11898 = CARTESIAN_POINT('',(-46.28949999995,35.469200000021,7.5));
#11899 = VECTOR('',#11900,1.);
#11900 = DIRECTION('',(0.,0.,1.));
#11901 = PCURVE('',#3426,#11902);
#11902 = DEFINITIONAL_REPRESENTATION('',(#11903),#11907);
#11903 = LINE('',#11904,#11905);
#11904 = CARTESIAN_POINT('',(0.,0.));
#11905 = VECTOR('',#11906,1.);
#11906 = DIRECTION('',(0.,-1.));
#11907 = ( GEOMETRIC_REPRESENTATION_CONTEXT(2) 
PARAMETRIC_REPRESENTATION_CONTEXT() REPRESENTATION_CONTEXT('2D SPACE',''
  ) );
#11908 = PCURVE('',#3398,#11909);
#11909 = DEFINITIONAL_REPRESENTATION('',(#11910),#11914);
#11910 = LINE('',#11911,#11912);
#11911 = CARTESIAN_POINT('',(6.482707227631,0.));
#11912 = VECTOR('',#11913,1.);
#11913 = DIRECTION('',(0.,-1.));
#11914 = ( GEOMETRIC_REPRESENTATION_CONTEXT(2) 
PARAMETRIC_REPRESENTATION_CONTEXT() REPRESENTATION_CONTEXT('2D SPACE',''
  ) );
#11915 = ORIENTED_EDGE('',*,*,#5153,.T.);
#11916 = ORIENTED_EDGE('',*,*,#11868,.F.);
#11917 = ORIENTED_EDGE('',*,*,#3410,.F.);
#11918 = ADVANCED_FACE('',(#11919),#3398,.T.);
#11919 = FACE_BOUND('',#11920,.T.);
#11920 = EDGE_LOOP('',(#11921,#11942,#11943,#11944));
#11921 = ORIENTED_EDGE('',*,*,#11922,.T.);
#11922 = EDGE_CURVE('',#3355,#5108,#11923,.T.);
#11923 = SURFACE_CURVE('',#11924,(#11928,#11935),.PCURVE_S1.);
#11924 = LINE('',#11925,#11926);
#11925 = CARTESIAN_POINT('',(-43.24250000005,41.191200000001,7.5));
#11926 = VECTOR('',#11927,1.);
#11927 = DIRECTION('',(0.,0.,1.));
#11928 = PCURVE('',#3398,#11929);
#11929 = DEFINITIONAL_REPRESENTATION('',(#11930),#11934);
#11930 = LINE('',#11931,#11932);
#11931 = CARTESIAN_POINT('',(0.,0.));
#11932 = VECTOR('',#11933,1.);
#11933 = DIRECTION('',(0.,-1.));
#11934 = ( GEOMETRIC_REPRESENTATION_CONTEXT(2) 
PARAMETRIC_REPRESENTATION_CONTEXT() REPRESENTATION_CONTEXT('2D SPACE',''
  ) );
#11935 = PCURVE('',#3370,#11936);
#11936 = DEFINITIONAL_REPRESENTATION('',(#11937),#11941);
#11937 = LINE('',#11938,#11939);
#11938 = CARTESIAN_POINT('',(6.462544158491,0.));
#11939 = VECTOR('',#11940,1.);
#11940 = DIRECTION('',(0.,-1.));
#11941 = ( GEOMETRIC_REPRESENTATION_CONTEXT(2) 
PARAMETRIC_REPRESENTATION_CONTEXT() REPRESENTATION_CONTEXT('2D SPACE',''
  ) );
#11942 = ORIENTED_EDGE('',*,*,#5130,.T.);
#11943 = ORIENTED_EDGE('',*,*,#11895,.F.);
#11944 = ORIENTED_EDGE('',*,*,#3382,.F.);
#11945 = ADVANCED_FACE('',(#11946),#3370,.T.);
#11946 = FACE_BOUND('',#11947,.T.);
#11947 = EDGE_LOOP('',(#11948,#11969,#11970,#11971));
#11948 = ORIENTED_EDGE('',*,*,#11949,.T.);
#11949 = EDGE_CURVE('',#3327,#5085,#11950,.T.);
#11950 = SURFACE_CURVE('',#11951,(#11955,#11962),.PCURVE_S1.);
#11951 = LINE('',#11952,#11953);
#11952 = CARTESIAN_POINT('',(-39.64850000001,46.562200000015,7.5));
#11953 = VECTOR('',#11954,1.);
#11954 = DIRECTION('',(0.,0.,1.));
#11955 = PCURVE('',#3370,#11956);
#11956 = DEFINITIONAL_REPRESENTATION('',(#11957),#11961);
#11957 = LINE('',#11958,#11959);
#11958 = CARTESIAN_POINT('',(0.,0.));
#11959 = VECTOR('',#11960,1.);
#11960 = DIRECTION('',(0.,-1.));
#11961 = ( GEOMETRIC_REPRESENTATION_CONTEXT(2) 
PARAMETRIC_REPRESENTATION_CONTEXT() REPRESENTATION_CONTEXT('2D SPACE',''
  ) );
#11962 = PCURVE('',#3342,#11963);
#11963 = DEFINITIONAL_REPRESENTATION('',(#11964),#11968);
#11964 = LINE('',#11965,#11966);
#11965 = CARTESIAN_POINT('',(6.472693720565,0.));
#11966 = VECTOR('',#11967,1.);
#11967 = DIRECTION('',(0.,-1.));
#11968 = ( GEOMETRIC_REPRESENTATION_CONTEXT(2) 
PARAMETRIC_REPRESENTATION_CONTEXT() REPRESENTATION_CONTEXT('2D SPACE',''
  ) );
#11969 = ORIENTED_EDGE('',*,*,#5107,.T.);
#11970 = ORIENTED_EDGE('',*,*,#11922,.F.);
#11971 = ORIENTED_EDGE('',*,*,#3354,.F.);
#11972 = ADVANCED_FACE('',(#11973),#3342,.T.);
#11973 = FACE_BOUND('',#11974,.T.);
#11974 = EDGE_LOOP('',(#11975,#11996,#11997,#11998));
#11975 = ORIENTED_EDGE('',*,*,#11976,.T.);
#11976 = EDGE_CURVE('',#3299,#5062,#11977,.T.);
#11977 = SURFACE_CURVE('',#11978,(#11982,#11989),.PCURVE_S1.);
#11978 = LINE('',#11979,#11980);
#11979 = CARTESIAN_POINT('',(-35.46849999995,51.504199999996,7.5));
#11980 = VECTOR('',#11981,1.);
#11981 = DIRECTION('',(0.,0.,1.));
#11982 = PCURVE('',#3342,#11983);
#11983 = DEFINITIONAL_REPRESENTATION('',(#11984),#11988);
#11984 = LINE('',#11985,#11986);
#11985 = CARTESIAN_POINT('',(0.,0.));
#11986 = VECTOR('',#11987,1.);
#11987 = DIRECTION('',(0.,-1.));
#11988 = ( GEOMETRIC_REPRESENTATION_CONTEXT(2) 
PARAMETRIC_REPRESENTATION_CONTEXT() REPRESENTATION_CONTEXT('2D SPACE',''
  ) );
#11989 = PCURVE('',#3314,#11990);
#11990 = DEFINITIONAL_REPRESENTATION('',(#11991),#11995);
#11991 = LINE('',#11992,#11993);
#11992 = CARTESIAN_POINT('',(6.478175128793,0.));
#11993 = VECTOR('',#11994,1.);
#11994 = DIRECTION('',(0.,-1.));
#11995 = ( GEOMETRIC_REPRESENTATION_CONTEXT(2) 
PARAMETRIC_REPRESENTATION_CONTEXT() REPRESENTATION_CONTEXT('2D SPACE',''
  ) );
#11996 = ORIENTED_EDGE('',*,*,#5084,.T.);
#11997 = ORIENTED_EDGE('',*,*,#11949,.F.);
#11998 = ORIENTED_EDGE('',*,*,#3326,.F.);
#11999 = ADVANCED_FACE('',(#12000),#3314,.T.);
#12000 = FACE_BOUND('',#12001,.T.);
#12001 = EDGE_LOOP('',(#12002,#12023,#12024,#12025));
#12002 = ORIENTED_EDGE('',*,*,#12003,.T.);
#12003 = EDGE_CURVE('',#3271,#5039,#12004,.T.);
#12004 = SURFACE_CURVE('',#12005,(#12009,#12016),.PCURVE_S1.);
#12005 = LINE('',#12006,#12007);
#12006 = CARTESIAN_POINT('',(-30.78150000004,55.976200000005,7.5));
#12007 = VECTOR('',#12008,1.);
#12008 = DIRECTION('',(0.,0.,1.));
#12009 = PCURVE('',#3314,#12010);
#12010 = DEFINITIONAL_REPRESENTATION('',(#12011),#12015);
#12011 = LINE('',#12012,#12013);
#12012 = CARTESIAN_POINT('',(0.,0.));
#12013 = VECTOR('',#12014,1.);
#12014 = DIRECTION('',(0.,-1.));
#12015 = ( GEOMETRIC_REPRESENTATION_CONTEXT(2) 
PARAMETRIC_REPRESENTATION_CONTEXT() REPRESENTATION_CONTEXT('2D SPACE',''
  ) );
#12016 = PCURVE('',#3286,#12017);
#12017 = DEFINITIONAL_REPRESENTATION('',(#12018),#12022);
#12018 = LINE('',#12019,#12020);
#12019 = CARTESIAN_POINT('',(6.492707601667,0.));
#12020 = VECTOR('',#12021,1.);
#12021 = DIRECTION('',(0.,-1.));
#12022 = ( GEOMETRIC_REPRESENTATION_CONTEXT(2) 
PARAMETRIC_REPRESENTATION_CONTEXT() REPRESENTATION_CONTEXT('2D SPACE',''
  ) );
#12023 = ORIENTED_EDGE('',*,*,#5061,.T.);
#12024 = ORIENTED_EDGE('',*,*,#11976,.F.);
#12025 = ORIENTED_EDGE('',*,*,#3298,.F.);
#12026 = ADVANCED_FACE('',(#12027),#3286,.T.);
#12027 = FACE_BOUND('',#12028,.T.);
#12028 = EDGE_LOOP('',(#12029,#12050,#12051,#12052));
#12029 = ORIENTED_EDGE('',*,*,#12030,.T.);
#12030 = EDGE_CURVE('',#3243,#5016,#12031,.T.);
#12031 = SURFACE_CURVE('',#12032,(#12036,#12043),.PCURVE_S1.);
#12032 = LINE('',#12033,#12034);
#12033 = CARTESIAN_POINT('',(-25.62549999996,59.922200000001,7.5));
#12034 = VECTOR('',#12035,1.);
#12035 = DIRECTION('',(0.,0.,1.));
#12036 = PCURVE('',#3286,#12037);
#12037 = DEFINITIONAL_REPRESENTATION('',(#12038),#12042);
#12038 = LINE('',#12039,#12040);
#12039 = CARTESIAN_POINT('',(0.,0.));
#12040 = VECTOR('',#12041,1.);
#12041 = DIRECTION('',(0.,-1.));
#12042 = ( GEOMETRIC_REPRESENTATION_CONTEXT(2) 
PARAMETRIC_REPRESENTATION_CONTEXT() REPRESENTATION_CONTEXT('2D SPACE',''
  ) );
#12043 = PCURVE('',#3258,#12044);
#12044 = DEFINITIONAL_REPRESENTATION('',(#12045),#12049);
#12045 = LINE('',#12046,#12047);
#12046 = CARTESIAN_POINT('',(6.484758283869,0.));
#12047 = VECTOR('',#12048,1.);
#12048 = DIRECTION('',(0.,-1.));
#12049 = ( GEOMETRIC_REPRESENTATION_CONTEXT(2) 
PARAMETRIC_REPRESENTATION_CONTEXT() REPRESENTATION_CONTEXT('2D SPACE',''
  ) );
#12050 = ORIENTED_EDGE('',*,*,#5038,.T.);
#12051 = ORIENTED_EDGE('',*,*,#12003,.F.);
#12052 = ORIENTED_EDGE('',*,*,#3270,.F.);
#12053 = ADVANCED_FACE('',(#12054),#3258,.T.);
#12054 = FACE_BOUND('',#12055,.T.);
#12055 = EDGE_LOOP('',(#12056,#12077,#12078,#12079));
#12056 = ORIENTED_EDGE('',*,*,#12057,.T.);
#12057 = EDGE_CURVE('',#3215,#4993,#12058,.T.);
#12058 = SURFACE_CURVE('',#12059,(#12063,#12070),.PCURVE_S1.);
#12059 = LINE('',#12060,#12061);
#12060 = CARTESIAN_POINT('',(-20.07849999994,63.281199999998,7.5));
#12061 = VECTOR('',#12062,1.);
#12062 = DIRECTION('',(0.,0.,1.));
#12063 = PCURVE('',#3258,#12064);
#12064 = DEFINITIONAL_REPRESENTATION('',(#12065),#12069);
#12065 = LINE('',#12066,#12067);
#12066 = CARTESIAN_POINT('',(0.,0.));
#12067 = VECTOR('',#12068,1.);
#12068 = DIRECTION('',(0.,-1.));
#12069 = ( GEOMETRIC_REPRESENTATION_CONTEXT(2) 
PARAMETRIC_REPRESENTATION_CONTEXT() REPRESENTATION_CONTEXT('2D SPACE',''
  ) );
#12070 = PCURVE('',#3230,#12071);
#12071 = DEFINITIONAL_REPRESENTATION('',(#12072),#12076);
#12072 = LINE('',#12073,#12074);
#12073 = CARTESIAN_POINT('',(6.466402090793,0.));
#12074 = VECTOR('',#12075,1.);
#12075 = DIRECTION('',(0.,-1.));
#12076 = ( GEOMETRIC_REPRESENTATION_CONTEXT(2) 
PARAMETRIC_REPRESENTATION_CONTEXT() REPRESENTATION_CONTEXT('2D SPACE',''
  ) );
#12077 = ORIENTED_EDGE('',*,*,#5015,.T.);
#12078 = ORIENTED_EDGE('',*,*,#12030,.F.);
#12079 = ORIENTED_EDGE('',*,*,#3242,.F.);
#12080 = ADVANCED_FACE('',(#12081),#3230,.T.);
#12081 = FACE_BOUND('',#12082,.T.);
#12082 = EDGE_LOOP('',(#12083,#12104,#12105,#12106));
#12083 = ORIENTED_EDGE('',*,*,#12084,.T.);
#12084 = EDGE_CURVE('',#3187,#4970,#12085,.T.);
#12085 = SURFACE_CURVE('',#12086,(#12090,#12097),.PCURVE_S1.);
#12086 = LINE('',#12087,#12088);
#12087 = CARTESIAN_POINT('',(-14.21849999995,66.015199999994,7.5));
#12088 = VECTOR('',#12089,1.);
#12089 = DIRECTION('',(0.,0.,1.));
#12090 = PCURVE('',#3230,#12091);
#12091 = DEFINITIONAL_REPRESENTATION('',(#12092),#12096);
#12092 = LINE('',#12093,#12094);
#12093 = CARTESIAN_POINT('',(0.,0.));
#12094 = VECTOR('',#12095,1.);
#12095 = DIRECTION('',(0.,-1.));
#12096 = ( GEOMETRIC_REPRESENTATION_CONTEXT(2) 
PARAMETRIC_REPRESENTATION_CONTEXT() REPRESENTATION_CONTEXT('2D SPACE',''
  ) );
#12097 = PCURVE('',#3202,#12098);
#12098 = DEFINITIONAL_REPRESENTATION('',(#12099),#12103);
#12099 = LINE('',#12100,#12101);
#12100 = CARTESIAN_POINT('',(15.506999999983,0.));
#12101 = VECTOR('',#12102,1.);
#12102 = DIRECTION('',(0.,-1.));
#12103 = ( GEOMETRIC_REPRESENTATION_CONTEXT(2) 
PARAMETRIC_REPRESENTATION_CONTEXT() REPRESENTATION_CONTEXT('2D SPACE',''
  ) );
#12104 = ORIENTED_EDGE('',*,*,#4992,.T.);
#12105 = ORIENTED_EDGE('',*,*,#12057,.F.);
#12106 = ORIENTED_EDGE('',*,*,#3214,.F.);
#12107 = ADVANCED_FACE('',(#12108),#3202,.T.);
#12108 = FACE_BOUND('',#12109,.T.);
#12109 = EDGE_LOOP('',(#12110,#12111,#12112,#12141,#12197,#12224,#12225,
    #12246));
#12110 = ORIENTED_EDGE('',*,*,#12084,.F.);
#12111 = ORIENTED_EDGE('',*,*,#3186,.F.);
#12112 = ORIENTED_EDGE('',*,*,#12113,.T.);
#12113 = EDGE_CURVE('',#3159,#12114,#12116,.T.);
#12114 = VERTEX_POINT('',#12115);
#12115 = CARTESIAN_POINT('',(-14.21849999995,48.511189619089,
    8.735802639618));
#12116 = SURFACE_CURVE('',#12117,(#12123,#12132),.PCURVE_S1.);
#12117 = B_SPLINE_CURVE_WITH_KNOTS('',4,(#12118,#12119,#12120,#12121,
    #12122),.UNSPECIFIED.,.F.,.F.,(5,5),(0.,1.),
  .PIECEWISE_BEZIER_KNOTS.);
#12118 = CARTESIAN_POINT('',(-14.21849999995,49.730739928105,7.5));
#12119 = CARTESIAN_POINT('',(-14.21849999995,49.420988310445,
    7.80478419153));
#12120 = CARTESIAN_POINT('',(-14.21849999995,49.114379774176,
    8.112311352433));
#12121 = CARTESIAN_POINT('',(-14.21849999995,48.811059881576,
    8.422634204922));
#12122 = CARTESIAN_POINT('',(-14.21849999995,48.511189619089,
    8.735802639618));
#12123 = PCURVE('',#3202,#12124);
#12124 = DEFINITIONAL_REPRESENTATION('',(#12125),#12131);
#12125 = B_SPLINE_CURVE_WITH_KNOTS('',4,(#12126,#12127,#12128,#12129,
    #12130),.UNSPECIFIED.,.F.,.F.,(5,5),(0.,1.),
  .PIECEWISE_BEZIER_KNOTS.);
#12126 = CARTESIAN_POINT('',(-0.777460071907,0.));
#12127 = CARTESIAN_POINT('',(-1.087211689566,-0.30478419153));
#12128 = CARTESIAN_POINT('',(-1.393820225835,-0.612311352433));
#12129 = CARTESIAN_POINT('',(-1.697140118435,-0.922634204922));
#12130 = CARTESIAN_POINT('',(-1.997010380922,-1.235802639618));
#12131 = ( GEOMETRIC_REPRESENTATION_CONTEXT(2) 
PARAMETRIC_REPRESENTATION_CONTEXT() REPRESENTATION_CONTEXT('2D SPACE',''
  ) );
#12132 = PCURVE('',#3174,#12133);
#12133 = DEFINITIONAL_REPRESENTATION('',(#12134),#12140);
#12134 = B_SPLINE_CURVE_WITH_KNOTS('',4,(#12135,#12136,#12137,#12138,
    #12139),.UNSPECIFIED.,.F.,.F.,(5,5),(0.,1.),
  .PIECEWISE_BEZIER_KNOTS.);
#12135 = CARTESIAN_POINT('',(2.102263123957,0.));
#12136 = CARTESIAN_POINT('',(2.246231781941,4.063789220406E-02));
#12137 = CARTESIAN_POINT('',(2.391052534906,8.164151365776E-02));
#12138 = CARTESIAN_POINT('',(2.536735392222,0.12301789399));
#12139 = CARTESIAN_POINT('',(2.683288087333,0.164773685282));
#12140 = ( GEOMETRIC_REPRESENTATION_CONTEXT(2) 
PARAMETRIC_REPRESENTATION_CONTEXT() REPRESENTATION_CONTEXT('2D SPACE',''
  ) );
#12141 = ORIENTED_EDGE('',*,*,#12142,.F.);
#12142 = EDGE_CURVE('',#12143,#12114,#12145,.T.);
#12143 = VERTEX_POINT('',#12144);
#12144 = CARTESIAN_POINT('',(-14.21849999995,43.261800471042,
    14.25279384109));
#12145 = SURFACE_CURVE('',#12146,(#12161,#12179),.PCURVE_S1.);
#12146 = B_SPLINE_CURVE_WITH_KNOTS('',4,(#12147,#12148,#12149,#12150,
    #12151,#12152,#12153,#12154,#12155,#12156,#12157,#12158,#12159,
    #12160),.UNSPECIFIED.,.F.,.F.,(5,3,3,3,5),(0.,0.23607606925,
    0.479723953167,0.734455377436,1.),.UNSPECIFIED.);
#12147 = CARTESIAN_POINT('',(-14.21849999995,43.261800471042,
    14.25279384109));
#12148 = CARTESIAN_POINT('',(-14.21849999995,43.562355985309,
    13.926021020764));
#12149 = CARTESIAN_POINT('',(-14.21849999995,43.864538679595,
    13.599402499028));
#12150 = CARTESIAN_POINT('',(-14.21849999995,44.16828228684,
    13.272951295519));
#12151 = CARTESIAN_POINT('',(-14.21849999995,44.788560926983,
    12.609939300699));
#12152 = CARTESIAN_POINT('',(-14.21849999995,45.10519373479,
    12.273390108297));
#12153 = CARTESIAN_POINT('',(-14.21849999995,45.423358550644,
    11.937041409015));
#12154 = CARTESIAN_POINT('',(-14.21849999995,46.077172085049,
    11.249471372668));
#12155 = CARTESIAN_POINT('',(-14.21849999995,46.412957725097,
    10.898269524535));
#12156 = CARTESIAN_POINT('',(-14.21849999995,46.750283321799,
    10.547306260679));
#12157 = CARTESIAN_POINT('',(-14.21849999995,47.442272185195,
    9.830983795092));
#12158 = CARTESIAN_POINT('',(-14.21849999995,47.797063546745,
    9.465645940335));
#12159 = CARTESIAN_POINT('',(-14.21849999995,48.153390459776,
    9.100583631012));
#12160 = CARTESIAN_POINT('',(-14.21849999995,48.511189619089,
    8.735802639618));
#12161 = PCURVE('',#3202,#12162);
#12162 = DEFINITIONAL_REPRESENTATION('',(#12163),#12178);
#12163 = B_SPLINE_CURVE_WITH_KNOTS('',4,(#12164,#12165,#12166,#12167,
    #12168,#12169,#12170,#12171,#12172,#12173,#12174,#12175,#12176,
    #12177),.UNSPECIFIED.,.F.,.F.,(5,3,3,3,5),(0.,0.23607606925,
    0.479723953167,0.734455377436,1.),.UNSPECIFIED.);
#12164 = CARTESIAN_POINT('',(-7.246399528969,-6.75279384109));
#12165 = CARTESIAN_POINT('',(-6.945844014702,-6.426021020764));
#12166 = CARTESIAN_POINT('',(-6.643661320416,-6.099402499028));
#12167 = CARTESIAN_POINT('',(-6.339917713171,-5.772951295519));
#12168 = CARTESIAN_POINT('',(-5.719639073028,-5.109939300699));
#12169 = CARTESIAN_POINT('',(-5.403006265221,-4.773390108297));
#12170 = CARTESIAN_POINT('',(-5.084841449368,-4.437041409015));
#12171 = CARTESIAN_POINT('',(-4.431027914962,-3.749471372668));
#12172 = CARTESIAN_POINT('',(-4.095242274914,-3.398269524535));
#12173 = CARTESIAN_POINT('',(-3.757916678212,-3.047306260679));
#12174 = CARTESIAN_POINT('',(-3.065927814816,-2.330983795092));
#12175 = CARTESIAN_POINT('',(-2.711136453266,-1.965645940335));
#12176 = CARTESIAN_POINT('',(-2.354809540236,-1.600583631012));
#12177 = CARTESIAN_POINT('',(-1.997010380922,-1.235802639618));
#12178 = ( GEOMETRIC_REPRESENTATION_CONTEXT(2) 
PARAMETRIC_REPRESENTATION_CONTEXT() REPRESENTATION_CONTEXT('2D SPACE',''
  ) );
#12179 = PCURVE('',#3146,#12180);
#12180 = DEFINITIONAL_REPRESENTATION('',(#12181),#12196);
#12181 = B_SPLINE_CURVE_WITH_KNOTS('',4,(#12182,#12183,#12184,#12185,
    #12186,#12187,#12188,#12189,#12190,#12191,#12192,#12193,#12194,
    #12195),.UNSPECIFIED.,.F.,.F.,(5,3,3,3,5),(0.,0.23607606925,
    0.479723953167,0.734455377436,1.),.UNSPECIFIED.);
#12182 = CARTESIAN_POINT('',(5.532382091047,0.900372512145));
#12183 = CARTESIAN_POINT('',(5.350063719899,0.856802802769));
#12184 = CARTESIAN_POINT('',(5.170146364418,0.813253666537));
#12185 = CARTESIAN_POINT('',(4.992566245783,0.769726839403));
#12186 = CARTESIAN_POINT('',(4.636336135991,0.681325240093));
#12187 = CARTESIAN_POINT('',(4.457834517971,0.63645201444));
#12188 = CARTESIAN_POINT('',(4.28169075082,0.591605521202));
#12189 = CARTESIAN_POINT('',(3.926083567905,0.499929516356));
#12190 = CARTESIAN_POINT('',(3.746833648091,0.453102603271));
#12191 = CARTESIAN_POINT('',(3.570019077193,0.406307501424));
#12192 = CARTESIAN_POINT('',(3.213718636242,0.310797839346));
#12193 = CARTESIAN_POINT('',(3.034437985091,0.262086125378));
#12194 = CARTESIAN_POINT('',(2.857652025074,0.213411150802));
#12195 = CARTESIAN_POINT('',(2.683288087333,0.164773685282));
#12196 = ( GEOMETRIC_REPRESENTATION_CONTEXT(2) 
PARAMETRIC_REPRESENTATION_CONTEXT() REPRESENTATION_CONTEXT('2D SPACE',''
  ) );
#12197 = ORIENTED_EDGE('',*,*,#12198,.F.);
#12198 = EDGE_CURVE('',#9152,#12143,#12199,.T.);
#12199 = SURFACE_CURVE('',#12200,(#12206,#12215),.PCURVE_S1.);
#12200 = B_SPLINE_CURVE_WITH_KNOTS('',4,(#12201,#12202,#12203,#12204,
    #12205),.UNSPECIFIED.,.F.,.F.,(5,5),(0.,1.),
  .PIECEWISE_BEZIER_KNOTS.);
#12201 = CARTESIAN_POINT('',(-14.21849999995,42.578050330491,15.));
#12202 = CARTESIAN_POINT('',(-14.21849999995,42.746943403812,
    14.811406487241));
#12203 = CARTESIAN_POINT('',(-14.21849999995,42.917220897372,
    14.624011430712));
#12204 = CARTESIAN_POINT('',(-14.21849999995,43.088850426475,
    14.437809437654));
#12205 = CARTESIAN_POINT('',(-14.21849999995,43.261800471042,
    14.25279384109));
#12206 = PCURVE('',#3202,#12207);
#12207 = DEFINITIONAL_REPRESENTATION('',(#12208),#12214);
#12208 = B_SPLINE_CURVE_WITH_KNOTS('',4,(#12209,#12210,#12211,#12212,
    #12213),.UNSPECIFIED.,.F.,.F.,(5,5),(0.,1.),
  .PIECEWISE_BEZIER_KNOTS.);
#12209 = CARTESIAN_POINT('',(-7.93014966952,-7.5));
#12210 = CARTESIAN_POINT('',(-7.761256596199,-7.311406487241));
#12211 = CARTESIAN_POINT('',(-7.59097910264,-7.124011430712));
#12212 = CARTESIAN_POINT('',(-7.419349573536,-6.937809437654));
#12213 = CARTESIAN_POINT('',(-7.246399528969,-6.75279384109));
#12214 = ( GEOMETRIC_REPRESENTATION_CONTEXT(2) 
PARAMETRIC_REPRESENTATION_CONTEXT() REPRESENTATION_CONTEXT('2D SPACE',''
  ) );
#12215 = PCURVE('',#3118,#12216);
#12216 = DEFINITIONAL_REPRESENTATION('',(#12217),#12223);
#12217 = B_SPLINE_CURVE_WITH_KNOTS('',4,(#12218,#12219,#12220,#12221,
    #12222),.UNSPECIFIED.,.F.,.F.,(5,5),(0.,1.),
  .PIECEWISE_BEZIER_KNOTS.);
#12218 = CARTESIAN_POINT('',(0.404027853794,1.));
#12219 = CARTESIAN_POINT('',(0.302958672172,0.974854198299));
#12220 = CARTESIAN_POINT('',(0.201926892628,0.949868190762));
#12221 = CARTESIAN_POINT('',(0.100938783923,0.925041258354));
#12222 = CARTESIAN_POINT('',(0.,0.900372512145));
#12223 = ( GEOMETRIC_REPRESENTATION_CONTEXT(2) 
PARAMETRIC_REPRESENTATION_CONTEXT() REPRESENTATION_CONTEXT('2D SPACE',''
  ) );
#12224 = ORIENTED_EDGE('',*,*,#9173,.T.);
#12225 = ORIENTED_EDGE('',*,*,#12226,.T.);
#12226 = EDGE_CURVE('',#9174,#4942,#12227,.T.);
#12227 = SURFACE_CURVE('',#12228,(#12232,#12239),.PCURVE_S1.);
#12228 = LINE('',#12229,#12230);
#12229 = CARTESIAN_POINT('',(-14.21849999995,37.246199999994,7.5));
#12230 = VECTOR('',#12231,1.);
#12231 = DIRECTION('',(0.,0.,1.));
#12232 = PCURVE('',#3202,#12233);
#12233 = DEFINITIONAL_REPRESENTATION('',(#12234),#12238);
#12234 = LINE('',#12235,#12236);
#12235 = CARTESIAN_POINT('',(-13.26200000001,0.));
#12236 = VECTOR('',#12237,1.);
#12237 = DIRECTION('',(0.,-1.));
#12238 = ( GEOMETRIC_REPRESENTATION_CONTEXT(2) 
PARAMETRIC_REPRESENTATION_CONTEXT() REPRESENTATION_CONTEXT('2D SPACE',''
  ) );
#12239 = PCURVE('',#4957,#12240);
#12240 = DEFINITIONAL_REPRESENTATION('',(#12241),#12245);
#12241 = LINE('',#12242,#12243);
#12242 = CARTESIAN_POINT('',(4.890343239515,0.));
#12243 = VECTOR('',#12244,1.);
#12244 = DIRECTION('',(0.,-1.));
#12245 = ( GEOMETRIC_REPRESENTATION_CONTEXT(2) 
PARAMETRIC_REPRESENTATION_CONTEXT() REPRESENTATION_CONTEXT('2D SPACE',''
  ) );
#12246 = ORIENTED_EDGE('',*,*,#4969,.F.);
#12247 = ADVANCED_FACE('',(#12248),#3174,.T.);
#12248 = FACE_BOUND('',#12249,.T.);
#12249 = EDGE_LOOP('',(#12250,#12251,#12252));
#12250 = ORIENTED_EDGE('',*,*,#12113,.F.);
#12251 = ORIENTED_EDGE('',*,*,#3158,.T.);
#12252 = ORIENTED_EDGE('',*,*,#12253,.T.);
#12253 = EDGE_CURVE('',#3131,#12114,#12254,.T.);
#12254 = SURFACE_CURVE('',#12255,(#12258,#12265),.PCURVE_S1.);
#12255 = B_SPLINE_CURVE_WITH_KNOTS('',1,(#12256,#12257),.UNSPECIFIED.,
  .F.,.F.,(2,2),(0.,1.),.PIECEWISE_BEZIER_KNOTS.);
#12256 = CARTESIAN_POINT('',(-14.75837614889,49.515975517941,7.5));
#12257 = CARTESIAN_POINT('',(-11.48190546722,43.418000000005,15.));
#12258 = PCURVE('',#3174,#12259);
#12259 = DEFINITIONAL_REPRESENTATION('',(#12260),#12264);
#12260 = LINE('',#12261,#12262);
#12261 = CARTESIAN_POINT('',(2.683288087333,0.));
#12262 = VECTOR('',#12263,1.);
#12263 = DIRECTION('',(0.,1.));
#12264 = ( GEOMETRIC_REPRESENTATION_CONTEXT(2) 
PARAMETRIC_REPRESENTATION_CONTEXT() REPRESENTATION_CONTEXT('2D SPACE',''
  ) );
#12265 = PCURVE('',#3146,#12266);
#12266 = DEFINITIONAL_REPRESENTATION('',(#12267),#12271);
#12267 = LINE('',#12268,#12269);
#12268 = CARTESIAN_POINT('',(2.683288087333,0.));
#12269 = VECTOR('',#12270,1.);
#12270 = DIRECTION('',(0.,1.));
#12271 = ( GEOMETRIC_REPRESENTATION_CONTEXT(2) 
PARAMETRIC_REPRESENTATION_CONTEXT() REPRESENTATION_CONTEXT('2D SPACE',''
  ) );
#12272 = ADVANCED_FACE('',(#12273),#3146,.T.);
#12273 = FACE_BOUND('',#12274,.T.);
#12274 = EDGE_LOOP('',(#12275,#12276,#12277,#12297));
#12275 = ORIENTED_EDGE('',*,*,#12253,.F.);
#12276 = ORIENTED_EDGE('',*,*,#3130,.T.);
#12277 = ORIENTED_EDGE('',*,*,#12278,.T.);
#12278 = EDGE_CURVE('',#3103,#12143,#12279,.T.);
#12279 = SURFACE_CURVE('',#12280,(#12283,#12290),.PCURVE_S1.);
#12280 = B_SPLINE_CURVE_WITH_KNOTS('',1,(#12281,#12282),.UNSPECIFIED.,
  .F.,.F.,(2,2),(0.,1.),.PIECEWISE_BEZIER_KNOTS.);
#12281 = CARTESIAN_POINT('',(-17.40569424303,48.462864151341,7.5));
#12282 = CARTESIAN_POINT('',(-13.86583246351,42.686295442123,15.));
#12283 = PCURVE('',#3146,#12284);
#12284 = DEFINITIONAL_REPRESENTATION('',(#12285),#12289);
#12285 = LINE('',#12286,#12287);
#12286 = CARTESIAN_POINT('',(5.532382091047,0.));
#12287 = VECTOR('',#12288,1.);
#12288 = DIRECTION('',(0.,1.));
#12289 = ( GEOMETRIC_REPRESENTATION_CONTEXT(2) 
PARAMETRIC_REPRESENTATION_CONTEXT() REPRESENTATION_CONTEXT('2D SPACE',''
  ) );
#12290 = PCURVE('',#3118,#12291);
#12291 = DEFINITIONAL_REPRESENTATION('',(#12292),#12296);
#12292 = LINE('',#12293,#12294);
#12293 = CARTESIAN_POINT('',(0.,0.));
#12294 = VECTOR('',#12295,1.);
#12295 = DIRECTION('',(0.,1.));
#12296 = ( GEOMETRIC_REPRESENTATION_CONTEXT(2) 
PARAMETRIC_REPRESENTATION_CONTEXT() REPRESENTATION_CONTEXT('2D SPACE',''
  ) );
#12297 = ORIENTED_EDGE('',*,*,#12142,.T.);
#12298 = ADVANCED_FACE('',(#12299),#3118,.T.);
#12299 = FACE_BOUND('',#12300,.T.);
#12300 = EDGE_LOOP('',(#12301,#12302,#12303,#12323,#12324));
#12301 = ORIENTED_EDGE('',*,*,#12278,.F.);
#12302 = ORIENTED_EDGE('',*,*,#3102,.T.);
#12303 = ORIENTED_EDGE('',*,*,#12304,.T.);
#12304 = EDGE_CURVE('',#3075,#9130,#12305,.T.);
#12305 = SURFACE_CURVE('',#12306,(#12309,#12316),.PCURVE_S1.);
#12306 = B_SPLINE_CURVE_WITH_KNOTS('',1,(#12307,#12308),.UNSPECIFIED.,
  .F.,.F.,(2,2),(0.,1.),.PIECEWISE_BEZIER_KNOTS.);
#12307 = CARTESIAN_POINT('',(-19.32494762066,46.998293256385,7.5));
#12308 = CARTESIAN_POINT('',(-15.97316285921,42.039487357019,15.));
#12309 = PCURVE('',#3118,#12310);
#12310 = DEFINITIONAL_REPRESENTATION('',(#12311),#12315);
#12311 = LINE('',#12312,#12313);
#12312 = CARTESIAN_POINT('',(2.414228952257,0.));
#12313 = VECTOR('',#12314,1.);
#12314 = DIRECTION('',(0.,1.));
#12315 = ( GEOMETRIC_REPRESENTATION_CONTEXT(2) 
PARAMETRIC_REPRESENTATION_CONTEXT() REPRESENTATION_CONTEXT('2D SPACE',''
  ) );
#12316 = PCURVE('',#3090,#12317);
#12317 = DEFINITIONAL_REPRESENTATION('',(#12318),#12322);
#12318 = LINE('',#12319,#12320);
#12319 = CARTESIAN_POINT('',(2.414228952257,0.));
#12320 = VECTOR('',#12321,1.);
#12321 = DIRECTION('',(0.,1.));
#12322 = ( GEOMETRIC_REPRESENTATION_CONTEXT(2) 
PARAMETRIC_REPRESENTATION_CONTEXT() REPRESENTATION_CONTEXT('2D SPACE',''
  ) );
#12323 = ORIENTED_EDGE('',*,*,#9151,.F.);
#12324 = ORIENTED_EDGE('',*,*,#12198,.T.);
#12325 = ADVANCED_FACE('',(#12326),#3090,.T.);
#12326 = FACE_BOUND('',#12327,.T.);
#12327 = EDGE_LOOP('',(#12328,#12329,#12349,#12350));
#12328 = ORIENTED_EDGE('',*,*,#3074,.T.);
#12329 = ORIENTED_EDGE('',*,*,#12330,.T.);
#12330 = EDGE_CURVE('',#3047,#9108,#12331,.T.);
#12331 = SURFACE_CURVE('',#12332,(#12335,#12342),.PCURVE_S1.);
#12332 = B_SPLINE_CURVE_WITH_KNOTS('',1,(#12333,#12334),.UNSPECIFIED.,
  .F.,.F.,(2,2),(0.,1.),.PIECEWISE_BEZIER_KNOTS.);
#12333 = CARTESIAN_POINT('',(-21.96223816496,44.985792448657,7.5));
#12334 = CARTESIAN_POINT('',(-18.1698039044,40.129397227297,15.));
#12335 = PCURVE('',#3090,#12336);
#12336 = DEFINITIONAL_REPRESENTATION('',(#12337),#12341);
#12337 = LINE('',#12338,#12339);
#12338 = CARTESIAN_POINT('',(5.731676904548,0.));
#12339 = VECTOR('',#12340,1.);
#12340 = DIRECTION('',(0.,1.));
#12341 = ( GEOMETRIC_REPRESENTATION_CONTEXT(2) 
PARAMETRIC_REPRESENTATION_CONTEXT() REPRESENTATION_CONTEXT('2D SPACE',''
  ) );
#12342 = PCURVE('',#3062,#12343);
#12343 = DEFINITIONAL_REPRESENTATION('',(#12344),#12348);
#12344 = LINE('',#12345,#12346);
#12345 = CARTESIAN_POINT('',(0.,0.));
#12346 = VECTOR('',#12347,1.);
#12347 = DIRECTION('',(0.,1.));
#12348 = ( GEOMETRIC_REPRESENTATION_CONTEXT(2) 
PARAMETRIC_REPRESENTATION_CONTEXT() REPRESENTATION_CONTEXT('2D SPACE',''
  ) );
#12349 = ORIENTED_EDGE('',*,*,#9129,.F.);
#12350 = ORIENTED_EDGE('',*,*,#12304,.F.);
#12351 = ADVANCED_FACE('',(#12352),#3062,.T.);
#12352 = FACE_BOUND('',#12353,.T.);
#12353 = EDGE_LOOP('',(#12354,#12355,#12375,#12376));
#12354 = ORIENTED_EDGE('',*,*,#3046,.T.);
#12355 = ORIENTED_EDGE('',*,*,#12356,.T.);
#12356 = EDGE_CURVE('',#3019,#9086,#12357,.T.);
#12357 = SURFACE_CURVE('',#12358,(#12361,#12368),.PCURVE_S1.);
#12358 = B_SPLINE_CURVE_WITH_KNOTS('',1,(#12359,#12360),.UNSPECIFIED.,
  .F.,.F.,(2,2),(0.,1.),.PIECEWISE_BEZIER_KNOTS.);
#12359 = CARTESIAN_POINT('',(-23.62334522785,43.337170499028,7.5));
#12360 = CARTESIAN_POINT('',(-19.71510833804,38.785677117645,15.));
#12361 = PCURVE('',#3062,#12362);
#12362 = DEFINITIONAL_REPRESENTATION('',(#12363),#12367);
#12363 = LINE('',#12364,#12365);
#12364 = CARTESIAN_POINT('',(2.340348479858,0.));
#12365 = VECTOR('',#12366,1.);
#12366 = DIRECTION('',(0.,1.));
#12367 = ( GEOMETRIC_REPRESENTATION_CONTEXT(2) 
PARAMETRIC_REPRESENTATION_CONTEXT() REPRESENTATION_CONTEXT('2D SPACE',''
  ) );
#12368 = PCURVE('',#3034,#12369);
#12369 = DEFINITIONAL_REPRESENTATION('',(#12370),#12374);
#12370 = LINE('',#12371,#12372);
#12371 = CARTESIAN_POINT('',(2.340348479858,0.));
#12372 = VECTOR('',#12373,1.);
#12373 = DIRECTION('',(0.,1.));
#12374 = ( GEOMETRIC_REPRESENTATION_CONTEXT(2) 
PARAMETRIC_REPRESENTATION_CONTEXT() REPRESENTATION_CONTEXT('2D SPACE',''
  ) );
#12375 = ORIENTED_EDGE('',*,*,#9107,.F.);
#12376 = ORIENTED_EDGE('',*,*,#12330,.F.);
#12377 = ADVANCED_FACE('',(#12378),#3034,.T.);
#12378 = FACE_BOUND('',#12379,.T.);
#12379 = EDGE_LOOP('',(#12380,#12381,#12401,#12402));
#12380 = ORIENTED_EDGE('',*,*,#3018,.T.);
#12381 = ORIENTED_EDGE('',*,*,#12382,.T.);
#12382 = EDGE_CURVE('',#2991,#9064,#12383,.T.);
#12383 = SURFACE_CURVE('',#12384,(#12387,#12394),.PCURVE_S1.);
#12384 = B_SPLINE_CURVE_WITH_KNOTS('',1,(#12385,#12386),.UNSPECIFIED.,
  .F.,.F.,(2,2),(0.,1.),.PIECEWISE_BEZIER_KNOTS.);
#12385 = CARTESIAN_POINT('',(-26.02960567444,40.94899584286,7.5));
#12386 = CARTESIAN_POINT('',(-21.70787853634,36.580728624836,15.));
#12387 = PCURVE('',#3034,#12388);
#12388 = DEFINITIONAL_REPRESENTATION('',(#12389),#12393);
#12389 = LINE('',#12390,#12391);
#12390 = CARTESIAN_POINT('',(5.730550173734,0.));
#12391 = VECTOR('',#12392,1.);
#12392 = DIRECTION('',(0.,1.));
#12393 = ( GEOMETRIC_REPRESENTATION_CONTEXT(2) 
PARAMETRIC_REPRESENTATION_CONTEXT() REPRESENTATION_CONTEXT('2D SPACE',''
  ) );
#12394 = PCURVE('',#3006,#12395);
#12395 = DEFINITIONAL_REPRESENTATION('',(#12396),#12400);
#12396 = LINE('',#12397,#12398);
#12397 = CARTESIAN_POINT('',(0.,0.));
#12398 = VECTOR('',#12399,1.);
#12399 = DIRECTION('',(0.,1.));
#12400 = ( GEOMETRIC_REPRESENTATION_CONTEXT(2) 
PARAMETRIC_REPRESENTATION_CONTEXT() REPRESENTATION_CONTEXT('2D SPACE',''
  ) );
#12401 = ORIENTED_EDGE('',*,*,#9085,.F.);
#12402 = ORIENTED_EDGE('',*,*,#12356,.F.);
#12403 = ADVANCED_FACE('',(#12404),#3006,.T.);
#12404 = FACE_BOUND('',#12405,.T.);
#12405 = EDGE_LOOP('',(#12406,#12407,#12427,#12428));
#12406 = ORIENTED_EDGE('',*,*,#2990,.T.);
#12407 = ORIENTED_EDGE('',*,*,#12408,.T.);
#12408 = EDGE_CURVE('',#2963,#9042,#12409,.T.);
#12409 = SURFACE_CURVE('',#12410,(#12413,#12420),.PCURVE_S1.);
#12410 = B_SPLINE_CURVE_WITH_KNOTS('',1,(#12411,#12412),.UNSPECIFIED.,
  .F.,.F.,(2,2),(0.,1.),.PIECEWISE_BEZIER_KNOTS.);
#12411 = CARTESIAN_POINT('',(-27.4342568659,39.163642495702,7.5));
#12412 = CARTESIAN_POINT('',(-23.03984674043,35.10694038443,15.));
#12413 = PCURVE('',#3006,#12414);
#12414 = DEFINITIONAL_REPRESENTATION('',(#12415),#12419);
#12415 = LINE('',#12416,#12417);
#12416 = CARTESIAN_POINT('',(2.271680334881,0.));
#12417 = VECTOR('',#12418,1.);
#12418 = DIRECTION('',(0.,1.));
#12419 = ( GEOMETRIC_REPRESENTATION_CONTEXT(2) 
PARAMETRIC_REPRESENTATION_CONTEXT() REPRESENTATION_CONTEXT('2D SPACE',''
  ) );
#12420 = PCURVE('',#2978,#12421);
#12421 = DEFINITIONAL_REPRESENTATION('',(#12422),#12426);
#12422 = LINE('',#12423,#12424);
#12423 = CARTESIAN_POINT('',(2.271680334881,0.));
#12424 = VECTOR('',#12425,1.);
#12425 = DIRECTION('',(0.,1.));
#12426 = ( GEOMETRIC_REPRESENTATION_CONTEXT(2) 
PARAMETRIC_REPRESENTATION_CONTEXT() REPRESENTATION_CONTEXT('2D SPACE',''
  ) );
#12427 = ORIENTED_EDGE('',*,*,#9063,.F.);
#12428 = ORIENTED_EDGE('',*,*,#12382,.F.);
#12429 = ADVANCED_FACE('',(#12430),#2978,.T.);
#12430 = FACE_BOUND('',#12431,.T.);
#12431 = EDGE_LOOP('',(#12432,#12433,#12453,#12454));
#12432 = ORIENTED_EDGE('',*,*,#2962,.T.);
#12433 = ORIENTED_EDGE('',*,*,#12434,.T.);
#12434 = EDGE_CURVE('',#2935,#9020,#12435,.T.);
#12435 = SURFACE_CURVE('',#12436,(#12439,#12446),.PCURVE_S1.);
#12436 = B_SPLINE_CURVE_WITH_KNOTS('',1,(#12437,#12438),.UNSPECIFIED.,
  .F.,.F.,(2,2),(0.,1.),.PIECEWISE_BEZIER_KNOTS.);
#12437 = CARTESIAN_POINT('',(-29.57466986472,36.443114057765,7.5));
#12438 = CARTESIAN_POINT('',(-24.77932216958,32.622763141448,15.));
#12439 = PCURVE('',#2978,#12440);
#12440 = DEFINITIONAL_REPRESENTATION('',(#12441),#12445);
#12441 = LINE('',#12442,#12443);
#12442 = CARTESIAN_POINT('',(5.733275745549,0.));
#12443 = VECTOR('',#12444,1.);
#12444 = DIRECTION('',(0.,1.));
#12445 = ( GEOMETRIC_REPRESENTATION_CONTEXT(2) 
PARAMETRIC_REPRESENTATION_CONTEXT() REPRESENTATION_CONTEXT('2D SPACE',''
  ) );
#12446 = PCURVE('',#2950,#12447);
#12447 = DEFINITIONAL_REPRESENTATION('',(#12448),#12452);
#12448 = LINE('',#12449,#12450);
#12449 = CARTESIAN_POINT('',(0.,0.));
#12450 = VECTOR('',#12451,1.);
#12451 = DIRECTION('',(0.,1.));
#12452 = ( GEOMETRIC_REPRESENTATION_CONTEXT(2) 
PARAMETRIC_REPRESENTATION_CONTEXT() REPRESENTATION_CONTEXT('2D SPACE',''
  ) );
#12453 = ORIENTED_EDGE('',*,*,#9041,.F.);
#12454 = ORIENTED_EDGE('',*,*,#12408,.F.);
#12455 = ADVANCED_FACE('',(#12456),#2950,.T.);
#12456 = FACE_BOUND('',#12457,.T.);
#12457 = EDGE_LOOP('',(#12458,#12459,#12479,#12480));
#12458 = ORIENTED_EDGE('',*,*,#2934,.T.);
#12459 = ORIENTED_EDGE('',*,*,#12460,.T.);
#12460 = EDGE_CURVE('',#2907,#8998,#12461,.T.);
#12461 = SURFACE_CURVE('',#12462,(#12465,#12472),.PCURVE_S1.);
#12462 = B_SPLINE_CURVE_WITH_KNOTS('',1,(#12463,#12464),.UNSPECIFIED.,
  .F.,.F.,(2,2),(0.,1.),.PIECEWISE_BEZIER_KNOTS.);
#12463 = CARTESIAN_POINT('',(-30.71868511242,34.558431102959,7.5));
#12464 = CARTESIAN_POINT('',(-25.88418717344,31.044884860923,15.));
#12465 = PCURVE('',#2950,#12466);
#12466 = DEFINITIONAL_REPRESENTATION('',(#12467),#12471);
#12467 = LINE('',#12468,#12469);
#12468 = CARTESIAN_POINT('',(2.204722369622,0.));
#12469 = VECTOR('',#12470,1.);
#12470 = DIRECTION('',(0.,1.));
#12471 = ( GEOMETRIC_REPRESENTATION_CONTEXT(2) 
PARAMETRIC_REPRESENTATION_CONTEXT() REPRESENTATION_CONTEXT('2D SPACE',''
  ) );
#12472 = PCURVE('',#2922,#12473);
#12473 = DEFINITIONAL_REPRESENTATION('',(#12474),#12478);
#12474 = LINE('',#12475,#12476);
#12475 = CARTESIAN_POINT('',(2.204722369622,0.));
#12476 = VECTOR('',#12477,1.);
#12477 = DIRECTION('',(0.,1.));
#12478 = ( GEOMETRIC_REPRESENTATION_CONTEXT(2) 
PARAMETRIC_REPRESENTATION_CONTEXT() REPRESENTATION_CONTEXT('2D SPACE',''
  ) );
#12479 = ORIENTED_EDGE('',*,*,#9019,.F.);
#12480 = ORIENTED_EDGE('',*,*,#12434,.F.);
#12481 = ADVANCED_FACE('',(#12482),#2922,.T.);
#12482 = FACE_BOUND('',#12483,.T.);
#12483 = EDGE_LOOP('',(#12484,#12485,#12505,#12506));
#12484 = ORIENTED_EDGE('',*,*,#2906,.T.);
#12485 = ORIENTED_EDGE('',*,*,#12486,.T.);
#12486 = EDGE_CURVE('',#2879,#8976,#12487,.T.);
#12487 = SURFACE_CURVE('',#12488,(#12491,#12498),.PCURVE_S1.);
#12488 = B_SPLINE_CURVE_WITH_KNOTS('',1,(#12489,#12490),.UNSPECIFIED.,
  .F.,.F.,(2,2),(0.,1.),.PIECEWISE_BEZIER_KNOTS.);
#12489 = CARTESIAN_POINT('',(-32.54969377932,31.541975831467,7.5));
#12490 = CARTESIAN_POINT('',(-27.32264672408,28.312514383893,15.));
#12491 = PCURVE('',#2922,#12492);
#12492 = DEFINITIONAL_REPRESENTATION('',(#12493),#12497);
#12493 = LINE('',#12494,#12495);
#12494 = CARTESIAN_POINT('',(5.733404155097,0.));
#12495 = VECTOR('',#12496,1.);
#12496 = DIRECTION('',(0.,1.));
#12497 = ( GEOMETRIC_REPRESENTATION_CONTEXT(2) 
PARAMETRIC_REPRESENTATION_CONTEXT() REPRESENTATION_CONTEXT('2D SPACE',''
  ) );
#12498 = PCURVE('',#2894,#12499);
#12499 = DEFINITIONAL_REPRESENTATION('',(#12500),#12504);
#12500 = LINE('',#12501,#12502);
#12501 = CARTESIAN_POINT('',(0.,0.));
#12502 = VECTOR('',#12503,1.);
#12503 = DIRECTION('',(0.,1.));
#12504 = ( GEOMETRIC_REPRESENTATION_CONTEXT(2) 
PARAMETRIC_REPRESENTATION_CONTEXT() REPRESENTATION_CONTEXT('2D SPACE',''
  ) );
#12505 = ORIENTED_EDGE('',*,*,#8997,.F.);
#12506 = ORIENTED_EDGE('',*,*,#12460,.F.);
#12507 = ADVANCED_FACE('',(#12508),#2894,.T.);
#12508 = FACE_BOUND('',#12509,.T.);
#12509 = EDGE_LOOP('',(#12510,#12511,#12531,#12532));
#12510 = ORIENTED_EDGE('',*,*,#2878,.T.);
#12511 = ORIENTED_EDGE('',*,*,#12512,.T.);
#12512 = EDGE_CURVE('',#2851,#8954,#12513,.T.);
#12513 = SURFACE_CURVE('',#12514,(#12517,#12524),.PCURVE_S1.);
#12514 = B_SPLINE_CURVE_WITH_KNOTS('',1,(#12515,#12516),.UNSPECIFIED.,
  .F.,.F.,(2,2),(0.,1.),.PIECEWISE_BEZIER_KNOTS.);
#12515 = CARTESIAN_POINT('',(-33.41359236584,29.576544384371,7.5));
#12516 = CARTESIAN_POINT('',(-28.19471703609,26.656006786332,15.));
#12517 = PCURVE('',#2894,#12518);
#12518 = DEFINITIONAL_REPRESENTATION('',(#12519),#12523);
#12519 = LINE('',#12520,#12521);
#12520 = CARTESIAN_POINT('',(2.146914423315,0.));
#12521 = VECTOR('',#12522,1.);
#12522 = DIRECTION('',(0.,1.));
#12523 = ( GEOMETRIC_REPRESENTATION_CONTEXT(2) 
PARAMETRIC_REPRESENTATION_CONTEXT() REPRESENTATION_CONTEXT('2D SPACE',''
  ) );
#12524 = PCURVE('',#2866,#12525);
#12525 = DEFINITIONAL_REPRESENTATION('',(#12526),#12530);
#12526 = LINE('',#12527,#12528);
#12527 = CARTESIAN_POINT('',(2.146914423315,0.));
#12528 = VECTOR('',#12529,1.);
#12529 = DIRECTION('',(0.,1.));
#12530 = ( GEOMETRIC_REPRESENTATION_CONTEXT(2) 
PARAMETRIC_REPRESENTATION_CONTEXT() REPRESENTATION_CONTEXT('2D SPACE',''
  ) );
#12531 = ORIENTED_EDGE('',*,*,#8975,.F.);
#12532 = ORIENTED_EDGE('',*,*,#12486,.F.);
#12533 = ADVANCED_FACE('',(#12534),#2866,.T.);
#12534 = FACE_BOUND('',#12535,.T.);
#12535 = EDGE_LOOP('',(#12536,#12537,#12557,#12558));
#12536 = ORIENTED_EDGE('',*,*,#2850,.T.);
#12537 = ORIENTED_EDGE('',*,*,#12538,.T.);
#12538 = EDGE_CURVE('',#2823,#8932,#12539,.T.);
#12539 = SURFACE_CURVE('',#12540,(#12543,#12550),.PCURVE_S1.);
#12540 = B_SPLINE_CURVE_WITH_KNOTS('',1,(#12541,#12542),.UNSPECIFIED.,
  .F.,.F.,(2,2),(0.,1.),.PIECEWISE_BEZIER_KNOTS.);
#12541 = CARTESIAN_POINT('',(-34.85651412105,26.293793564284,7.5));
#12542 = CARTESIAN_POINT('',(-29.29672530289,23.721337133893,15.));
#12543 = PCURVE('',#2866,#12544);
#12544 = DEFINITIONAL_REPRESENTATION('',(#12545),#12549);
#12545 = LINE('',#12546,#12547);
#12546 = CARTESIAN_POINT('',(5.732786163692,0.));
#12547 = VECTOR('',#12548,1.);
#12548 = DIRECTION('',(0.,1.));
#12549 = ( GEOMETRIC_REPRESENTATION_CONTEXT(2) 
PARAMETRIC_REPRESENTATION_CONTEXT() REPRESENTATION_CONTEXT('2D SPACE',''
  ) );
#12550 = PCURVE('',#2838,#12551);
#12551 = DEFINITIONAL_REPRESENTATION('',(#12552),#12556);
#12552 = LINE('',#12553,#12554);
#12553 = CARTESIAN_POINT('',(0.,0.));
#12554 = VECTOR('',#12555,1.);
#12555 = DIRECTION('',(0.,1.));
#12556 = ( GEOMETRIC_REPRESENTATION_CONTEXT(2) 
PARAMETRIC_REPRESENTATION_CONTEXT() REPRESENTATION_CONTEXT('2D SPACE',''
  ) );
#12557 = ORIENTED_EDGE('',*,*,#8953,.F.);
#12558 = ORIENTED_EDGE('',*,*,#12512,.F.);
#12559 = ADVANCED_FACE('',(#12560),#2838,.T.);
#12560 = FACE_BOUND('',#12561,.T.);
#12561 = EDGE_LOOP('',(#12562,#12563,#12583,#12584));
#12562 = ORIENTED_EDGE('',*,*,#2822,.T.);
#12563 = ORIENTED_EDGE('',*,*,#12564,.T.);
#12564 = EDGE_CURVE('',#2795,#8910,#12565,.T.);
#12565 = SURFACE_CURVE('',#12566,(#12569,#12576),.PCURVE_S1.);
#12566 = B_SPLINE_CURVE_WITH_KNOTS('',1,(#12567,#12568),.UNSPECIFIED.,
  .F.,.F.,(2,2),(0.,1.),.PIECEWISE_BEZIER_KNOTS.);
#12567 = CARTESIAN_POINT('',(-35.46572660403,24.287176913856,7.5));
#12568 = CARTESIAN_POINT('',(-29.9389255268,22.011145327997,15.));
#12569 = PCURVE('',#2838,#12570);
#12570 = DEFINITIONAL_REPRESENTATION('',(#12571),#12575);
#12571 = LINE('',#12572,#12573);
#12572 = CARTESIAN_POINT('',(2.097057517378,0.));
#12573 = VECTOR('',#12574,1.);
#12574 = DIRECTION('',(0.,1.));
#12575 = ( GEOMETRIC_REPRESENTATION_CONTEXT(2) 
PARAMETRIC_REPRESENTATION_CONTEXT() REPRESENTATION_CONTEXT('2D SPACE',''
  ) );
#12576 = PCURVE('',#2810,#12577);
#12577 = DEFINITIONAL_REPRESENTATION('',(#12578),#12582);
#12578 = LINE('',#12579,#12580);
#12579 = CARTESIAN_POINT('',(2.097057517378,0.));
#12580 = VECTOR('',#12581,1.);
#12581 = DIRECTION('',(0.,1.));
#12582 = ( GEOMETRIC_REPRESENTATION_CONTEXT(2) 
PARAMETRIC_REPRESENTATION_CONTEXT() REPRESENTATION_CONTEXT('2D SPACE',''
  ) );
#12583 = ORIENTED_EDGE('',*,*,#8931,.F.);
#12584 = ORIENTED_EDGE('',*,*,#12538,.F.);
#12585 = ADVANCED_FACE('',(#12586),#2810,.T.);
#12586 = FACE_BOUND('',#12587,.T.);
#12587 = EDGE_LOOP('',(#12588,#12589,#12609,#12610));
#12588 = ORIENTED_EDGE('',*,*,#2794,.T.);
#12589 = ORIENTED_EDGE('',*,*,#12590,.T.);
#12590 = EDGE_CURVE('',#2767,#8888,#12591,.T.);
#12591 = SURFACE_CURVE('',#12592,(#12595,#12602),.PCURVE_S1.);
#12592 = B_SPLINE_CURVE_WITH_KNOTS('',1,(#12593,#12594),.UNSPECIFIED.,
  .F.,.F.,(2,2),(0.,1.),.PIECEWISE_BEZIER_KNOTS.);
#12593 = CARTESIAN_POINT('',(-36.5227171909,20.805674203031,7.5));
#12594 = CARTESIAN_POINT('',(-30.6838359421,18.924017810275,15.));
#12595 = PCURVE('',#2810,#12596);
#12596 = DEFINITIONAL_REPRESENTATION('',(#12597),#12601);
#12597 = LINE('',#12598,#12599);
#12598 = CARTESIAN_POINT('',(5.735476160994,0.));
#12599 = VECTOR('',#12600,1.);
#12600 = DIRECTION('',(0.,1.));
#12601 = ( GEOMETRIC_REPRESENTATION_CONTEXT(2) 
PARAMETRIC_REPRESENTATION_CONTEXT() REPRESENTATION_CONTEXT('2D SPACE',''
  ) );
#12602 = PCURVE('',#2782,#12603);
#12603 = DEFINITIONAL_REPRESENTATION('',(#12604),#12608);
#12604 = LINE('',#12605,#12606);
#12605 = CARTESIAN_POINT('',(0.,0.));
#12606 = VECTOR('',#12607,1.);
#12607 = DIRECTION('',(0.,1.));
#12608 = ( GEOMETRIC_REPRESENTATION_CONTEXT(2) 
PARAMETRIC_REPRESENTATION_CONTEXT() REPRESENTATION_CONTEXT('2D SPACE',''
  ) );
#12609 = ORIENTED_EDGE('',*,*,#8909,.F.);
#12610 = ORIENTED_EDGE('',*,*,#12564,.F.);
#12611 = ADVANCED_FACE('',(#12612),#2782,.T.);
#12612 = FACE_BOUND('',#12613,.T.);
#12613 = EDGE_LOOP('',(#12614,#12615,#12635,#12636));
#12614 = ORIENTED_EDGE('',*,*,#2766,.T.);
#12615 = ORIENTED_EDGE('',*,*,#12616,.T.);
#12616 = EDGE_CURVE('',#2739,#8866,#12617,.T.);
#12617 = SURFACE_CURVE('',#12618,(#12621,#12628),.PCURVE_S1.);
#12618 = B_SPLINE_CURVE_WITH_KNOTS('',1,(#12619,#12620),.UNSPECIFIED.,
  .F.,.F.,(2,2),(0.,1.),.PIECEWISE_BEZIER_KNOTS.);
#12619 = CARTESIAN_POINT('',(-36.87130061306,18.781233020599,7.5));
#12620 = CARTESIAN_POINT('',(-31.10288814792,17.18734240692,15.));
#12621 = PCURVE('',#2782,#12622);
#12622 = DEFINITIONAL_REPRESENTATION('',(#12623),#12627);
#12623 = LINE('',#12624,#12625);
#12624 = CARTESIAN_POINT('',(2.054232825979,0.));
#12625 = VECTOR('',#12626,1.);
#12626 = DIRECTION('',(0.,1.));
#12627 = ( GEOMETRIC_REPRESENTATION_CONTEXT(2) 
PARAMETRIC_REPRESENTATION_CONTEXT() REPRESENTATION_CONTEXT('2D SPACE',''
  ) );
#12628 = PCURVE('',#2754,#12629);
#12629 = DEFINITIONAL_REPRESENTATION('',(#12630),#12634);
#12630 = LINE('',#12631,#12632);
#12631 = CARTESIAN_POINT('',(2.054232825979,0.));
#12632 = VECTOR('',#12633,1.);
#12633 = DIRECTION('',(0.,1.));
#12634 = ( GEOMETRIC_REPRESENTATION_CONTEXT(2) 
PARAMETRIC_REPRESENTATION_CONTEXT() REPRESENTATION_CONTEXT('2D SPACE',''
  ) );
#12635 = ORIENTED_EDGE('',*,*,#8887,.F.);
#12636 = ORIENTED_EDGE('',*,*,#12590,.F.);
#12637 = ADVANCED_FACE('',(#12638),#2754,.T.);
#12638 = FACE_BOUND('',#12639,.T.);
#12639 = EDGE_LOOP('',(#12640,#12641,#12661,#12662));
#12640 = ORIENTED_EDGE('',*,*,#2738,.T.);
#12641 = ORIENTED_EDGE('',*,*,#12642,.T.);
#12642 = EDGE_CURVE('',#2711,#8844,#12643,.T.);
#12643 = SURFACE_CURVE('',#12644,(#12647,#12654),.PCURVE_S1.);
#12644 = B_SPLINE_CURVE_WITH_KNOTS('',1,(#12645,#12646),.UNSPECIFIED.,
  .F.,.F.,(2,2),(0.,1.),.PIECEWISE_BEZIER_KNOTS.);
#12645 = CARTESIAN_POINT('',(-37.49598729412,15.153288136004,7.5));
#12646 = CARTESIAN_POINT('',(-31.45033794704,13.998080944612,15.));
#12647 = PCURVE('',#2754,#12648);
#12648 = DEFINITIONAL_REPRESENTATION('',(#12649),#12653);
#12649 = LINE('',#12650,#12651);
#12650 = CARTESIAN_POINT('',(5.735566488547,0.));
#12651 = VECTOR('',#12652,1.);
#12652 = DIRECTION('',(0.,1.));
#12653 = ( GEOMETRIC_REPRESENTATION_CONTEXT(2) 
PARAMETRIC_REPRESENTATION_CONTEXT() REPRESENTATION_CONTEXT('2D SPACE',''
  ) );
#12654 = PCURVE('',#2726,#12655);
#12655 = DEFINITIONAL_REPRESENTATION('',(#12656),#12660);
#12656 = LINE('',#12657,#12658);
#12657 = CARTESIAN_POINT('',(0.,0.));
#12658 = VECTOR('',#12659,1.);
#12659 = DIRECTION('',(0.,1.));
#12660 = ( GEOMETRIC_REPRESENTATION_CONTEXT(2) 
PARAMETRIC_REPRESENTATION_CONTEXT() REPRESENTATION_CONTEXT('2D SPACE',''
  ) );
#12661 = ORIENTED_EDGE('',*,*,#8865,.F.);
#12662 = ORIENTED_EDGE('',*,*,#12616,.F.);
#12663 = ADVANCED_FACE('',(#12664),#2726,.T.);
#12664 = FACE_BOUND('',#12665,.T.);
#12665 = EDGE_LOOP('',(#12666,#12667,#12687,#12688));
#12666 = ORIENTED_EDGE('',*,*,#2710,.T.);
#12667 = ORIENTED_EDGE('',*,*,#12668,.T.);
#12668 = EDGE_CURVE('',#2683,#8822,#12669,.T.);
#12669 = SURFACE_CURVE('',#12670,(#12673,#12680),.PCURVE_S1.);
#12670 = B_SPLINE_CURVE_WITH_KNOTS('',1,(#12671,#12672),.UNSPECIFIED.,
  .F.,.F.,(2,2),(0.,1.),.PIECEWISE_BEZIER_KNOTS.);
#12671 = CARTESIAN_POINT('',(-37.57658687757,13.130010384815,7.5));
#12672 = CARTESIAN_POINT('',(-31.64060000004,12.251654741704,15.));
#12673 = PCURVE('',#2726,#12674);
#12674 = DEFINITIONAL_REPRESENTATION('',(#12675),#12679);
#12675 = LINE('',#12676,#12677);
#12676 = CARTESIAN_POINT('',(2.024882503087,0.));
#12677 = VECTOR('',#12678,1.);
#12678 = DIRECTION('',(0.,1.));
#12679 = ( GEOMETRIC_REPRESENTATION_CONTEXT(2) 
PARAMETRIC_REPRESENTATION_CONTEXT() REPRESENTATION_CONTEXT('2D SPACE',''
  ) );
#12680 = PCURVE('',#2698,#12681);
#12681 = DEFINITIONAL_REPRESENTATION('',(#12682),#12686);
#12682 = LINE('',#12683,#12684);
#12683 = CARTESIAN_POINT('',(2.024882503087,0.));
#12684 = VECTOR('',#12685,1.);
#12685 = DIRECTION('',(0.,1.));
#12686 = ( GEOMETRIC_REPRESENTATION_CONTEXT(2) 
PARAMETRIC_REPRESENTATION_CONTEXT() REPRESENTATION_CONTEXT('2D SPACE',''
  ) );
#12687 = ORIENTED_EDGE('',*,*,#8843,.F.);
#12688 = ORIENTED_EDGE('',*,*,#12642,.F.);
#12689 = ADVANCED_FACE('',(#12690),#2698,.T.);
#12690 = FACE_BOUND('',#12691,.T.);
#12691 = EDGE_LOOP('',(#12692,#12693,#12713,#12714));
#12692 = ORIENTED_EDGE('',*,*,#2682,.T.);
#12693 = ORIENTED_EDGE('',*,*,#12694,.T.);
#12694 = EDGE_CURVE('',#2655,#8798,#12695,.T.);
#12695 = SURFACE_CURVE('',#12696,(#12699,#12706),.PCURVE_S1.);
#12696 = B_SPLINE_CURVE_WITH_KNOTS('',1,(#12697,#12698),.UNSPECIFIED.,
  .F.,.F.,(2,2),(0.,1.),.PIECEWISE_BEZIER_KNOTS.);
#12697 = CARTESIAN_POINT('',(-37.72431942855,9.421505070932,7.5));
#12698 = CARTESIAN_POINT('',(-31.61987994718,9.023109740045,15.));
#12699 = PCURVE('',#2698,#12700);
#12700 = DEFINITIONAL_REPRESENTATION('',(#12701),#12705);
#12701 = LINE('',#12702,#12703);
#12702 = CARTESIAN_POINT('',(5.736329198072,0.));
#12703 = VECTOR('',#12704,1.);
#12704 = DIRECTION('',(0.,1.));
#12705 = ( GEOMETRIC_REPRESENTATION_CONTEXT(2) 
PARAMETRIC_REPRESENTATION_CONTEXT() REPRESENTATION_CONTEXT('2D SPACE',''
  ) );
#12706 = PCURVE('',#2670,#12707);
#12707 = DEFINITIONAL_REPRESENTATION('',(#12708),#12712);
#12708 = LINE('',#12709,#12710);
#12709 = CARTESIAN_POINT('',(0.,0.));
#12710 = VECTOR('',#12711,1.);
#12711 = DIRECTION('',(0.,1.));
#12712 = ( GEOMETRIC_REPRESENTATION_CONTEXT(2) 
PARAMETRIC_REPRESENTATION_CONTEXT() REPRESENTATION_CONTEXT('2D SPACE',''
  ) );
#12713 = ORIENTED_EDGE('',*,*,#8821,.F.);
#12714 = ORIENTED_EDGE('',*,*,#12668,.F.);
#12715 = ADVANCED_FACE('',(#12716),#2670,.T.);
#12716 = FACE_BOUND('',#12717,.T.);
#12717 = EDGE_LOOP('',(#12718,#12719,#12739,#12740));
#12718 = ORIENTED_EDGE('',*,*,#2654,.T.);
#12719 = ORIENTED_EDGE('',*,*,#12720,.T.);
#12720 = EDGE_CURVE('',#2627,#8800,#12721,.T.);
#12721 = SURFACE_CURVE('',#12722,(#12725,#12732),.PCURVE_S1.);
#12722 = B_SPLINE_CURVE_WITH_KNOTS('',1,(#12723,#12724),.UNSPECIFIED.,
  .F.,.F.,(2,2),(0.,1.),.PIECEWISE_BEZIER_KNOTS.);
#12723 = CARTESIAN_POINT('',(-37.56966386212,7.424662783705,7.5));
#12724 = CARTESIAN_POINT('',(-31.60873018042,7.285781945655,15.));
#12725 = PCURVE('',#2670,#12726);
#12726 = DEFINITIONAL_REPRESENTATION('',(#12727),#12731);
#12727 = LINE('',#12728,#12729);
#12728 = CARTESIAN_POINT('',(2.002822374621,0.));
#12729 = VECTOR('',#12730,1.);
#12730 = DIRECTION('',(0.,1.));
#12731 = ( GEOMETRIC_REPRESENTATION_CONTEXT(2) 
PARAMETRIC_REPRESENTATION_CONTEXT() REPRESENTATION_CONTEXT('2D SPACE',''
  ) );
#12732 = PCURVE('',#2642,#12733);
#12733 = DEFINITIONAL_REPRESENTATION('',(#12734),#12738);
#12734 = LINE('',#12735,#12736);
#12735 = CARTESIAN_POINT('',(2.002822374621,0.));
#12736 = VECTOR('',#12737,1.);
#12737 = DIRECTION('',(0.,1.));
#12738 = ( GEOMETRIC_REPRESENTATION_CONTEXT(2) 
PARAMETRIC_REPRESENTATION_CONTEXT() REPRESENTATION_CONTEXT('2D SPACE',''
  ) );
#12739 = ORIENTED_EDGE('',*,*,#8797,.F.);
#12740 = ORIENTED_EDGE('',*,*,#12694,.F.);
#12741 = ADVANCED_FACE('',(#12742),#2642,.T.);
#12742 = FACE_BOUND('',#12743,.T.);
#12743 = EDGE_LOOP('',(#12744,#12745,#12765,#12766));
#12744 = ORIENTED_EDGE('',*,*,#2626,.T.);
#12745 = ORIENTED_EDGE('',*,*,#12746,.T.);
#12746 = EDGE_CURVE('',#2599,#11420,#12747,.T.);
#12747 = SURFACE_CURVE('',#12748,(#12751,#12758),.PCURVE_S1.);
#12748 = B_SPLINE_CURVE_WITH_KNOTS('',1,(#12749,#12750),.UNSPECIFIED.,
  .F.,.F.,(2,2),(0.,1.),.PIECEWISE_BEZIER_KNOTS.);
#12749 = CARTESIAN_POINT('',(-37.28123007295,3.700536969351,7.5));
#12750 = CARTESIAN_POINT('',(-31.17013247483,4.069315597515,15.));
#12751 = PCURVE('',#2642,#12752);
#12752 = DEFINITIONAL_REPRESENTATION('',(#12753),#12757);
#12753 = LINE('',#12754,#12755);
#12754 = CARTESIAN_POINT('',(5.738101096735,0.));
#12755 = VECTOR('',#12756,1.);
#12756 = DIRECTION('',(0.,1.));
#12757 = ( GEOMETRIC_REPRESENTATION_CONTEXT(2) 
PARAMETRIC_REPRESENTATION_CONTEXT() REPRESENTATION_CONTEXT('2D SPACE',''
  ) );
#12758 = PCURVE('',#2614,#12759);
#12759 = DEFINITIONAL_REPRESENTATION('',(#12760),#12764);
#12760 = LINE('',#12761,#12762);
#12761 = CARTESIAN_POINT('',(0.,0.));
#12762 = VECTOR('',#12763,1.);
#12763 = DIRECTION('',(0.,1.));
#12764 = ( GEOMETRIC_REPRESENTATION_CONTEXT(2) 
PARAMETRIC_REPRESENTATION_CONTEXT() REPRESENTATION_CONTEXT('2D SPACE',''
  ) );
#12765 = ORIENTED_EDGE('',*,*,#11441,.F.);
#12766 = ORIENTED_EDGE('',*,*,#12720,.F.);
#12767 = ADVANCED_FACE('',(#12768),#2614,.T.);
#12768 = FACE_BOUND('',#12769,.T.);
#12769 = EDGE_LOOP('',(#12770,#12771,#12791,#12792));
#12770 = ORIENTED_EDGE('',*,*,#2598,.T.);
#12771 = ORIENTED_EDGE('',*,*,#12772,.T.);
#12772 = EDGE_CURVE('',#2571,#11398,#12773,.T.);
#12773 = SURFACE_CURVE('',#12774,(#12777,#12784),.PCURVE_S1.);
#12774 = B_SPLINE_CURVE_WITH_KNOTS('',1,(#12775,#12776),.UNSPECIFIED.,
  .F.,.F.,(2,2),(0.,1.),.PIECEWISE_BEZIER_KNOTS.);
#12775 = CARTESIAN_POINT('',(-36.8696518682,1.754631683302,7.5));
#12776 = CARTESIAN_POINT('',(-30.9375,2.363299999997,15.));
#12777 = PCURVE('',#2614,#12778);
#12778 = DEFINITIONAL_REPRESENTATION('',(#12779),#12783);
#12779 = LINE('',#12780,#12781);
#12780 = CARTESIAN_POINT('',(1.988955505008,0.));
#12781 = VECTOR('',#12782,1.);
#12782 = DIRECTION('',(0.,1.));
#12783 = ( GEOMETRIC_REPRESENTATION_CONTEXT(2) 
PARAMETRIC_REPRESENTATION_CONTEXT() REPRESENTATION_CONTEXT('2D SPACE',''
  ) );
#12784 = PCURVE('',#2586,#12785);
#12785 = DEFINITIONAL_REPRESENTATION('',(#12786),#12790);
#12786 = LINE('',#12787,#12788);
#12787 = CARTESIAN_POINT('',(1.988955505008,0.));
#12788 = VECTOR('',#12789,1.);
#12789 = DIRECTION('',(0.,1.));
#12790 = ( GEOMETRIC_REPRESENTATION_CONTEXT(2) 
PARAMETRIC_REPRESENTATION_CONTEXT() REPRESENTATION_CONTEXT('2D SPACE',''
  ) );
#12791 = ORIENTED_EDGE('',*,*,#11419,.F.);
#12792 = ORIENTED_EDGE('',*,*,#12746,.F.);
#12793 = ADVANCED_FACE('',(#12794),#2586,.T.);
#12794 = FACE_BOUND('',#12795,.T.);
#12795 = EDGE_LOOP('',(#12796,#12797,#12817,#12818));
#12796 = ORIENTED_EDGE('',*,*,#2570,.T.);
#12797 = ORIENTED_EDGE('',*,*,#12798,.T.);
#12798 = EDGE_CURVE('',#2543,#11376,#12799,.T.);
#12799 = SURFACE_CURVE('',#12800,(#12803,#12810),.PCURVE_S1.);
#12800 = B_SPLINE_CURVE_WITH_KNOTS('',1,(#12801,#12802),.UNSPECIFIED.,
  .F.,.F.,(2,2),(0.,1.),.PIECEWISE_BEZIER_KNOTS.);
#12801 = CARTESIAN_POINT('',(-36.09369999996,-1.91399999999,7.5));
#12802 = CARTESIAN_POINT('',(-30.06255477743,-0.772055192104,15.));
#12803 = PCURVE('',#2586,#12804);
#12804 = DEFINITIONAL_REPRESENTATION('',(#12805),#12809);
#12805 = LINE('',#12806,#12807);
#12806 = CARTESIAN_POINT('',(5.73875012998,0.));
#12807 = VECTOR('',#12808,1.);
#12808 = DIRECTION('',(0.,1.));
#12809 = ( GEOMETRIC_REPRESENTATION_CONTEXT(2) 
PARAMETRIC_REPRESENTATION_CONTEXT() REPRESENTATION_CONTEXT('2D SPACE',''
  ) );
#12810 = PCURVE('',#2558,#12811);
#12811 = DEFINITIONAL_REPRESENTATION('',(#12812),#12816);
#12812 = LINE('',#12813,#12814);
#12813 = CARTESIAN_POINT('',(0.,0.));
#12814 = VECTOR('',#12815,1.);
#12815 = DIRECTION('',(0.,1.));
#12816 = ( GEOMETRIC_REPRESENTATION_CONTEXT(2) 
PARAMETRIC_REPRESENTATION_CONTEXT() REPRESENTATION_CONTEXT('2D SPACE',''
  ) );
#12817 = ORIENTED_EDGE('',*,*,#11397,.F.);
#12818 = ORIENTED_EDGE('',*,*,#12772,.F.);
#12819 = ADVANCED_FACE('',(#12820),#2558,.T.);
#12820 = FACE_BOUND('',#12821,.T.);
#12821 = EDGE_LOOP('',(#12822,#12823,#12843,#12844));
#12822 = ORIENTED_EDGE('',*,*,#2542,.T.);
#12823 = ORIENTED_EDGE('',*,*,#12824,.T.);
#12824 = EDGE_CURVE('',#2515,#11354,#12825,.T.);
#12825 = SURFACE_CURVE('',#12826,(#12829,#12836),.PCURVE_S1.);
#12826 = B_SPLINE_CURVE_WITH_KNOTS('',1,(#12827,#12828),.UNSPECIFIED.,
  .F.,.F.,(2,2),(0.,1.),.PIECEWISE_BEZIER_KNOTS.);
#12827 = CARTESIAN_POINT('',(-35.44731269469,-3.788943984362,7.5));
#12828 = CARTESIAN_POINT('',(-29.60215040878,-2.421908452059,15.));
#12829 = PCURVE('',#2558,#12830);
#12830 = DEFINITIONAL_REPRESENTATION('',(#12831),#12835);
#12831 = LINE('',#12832,#12833);
#12832 = CARTESIAN_POINT('',(1.983237628967,0.));
#12833 = VECTOR('',#12834,1.);
#12834 = DIRECTION('',(0.,1.));
#12835 = ( GEOMETRIC_REPRESENTATION_CONTEXT(2) 
PARAMETRIC_REPRESENTATION_CONTEXT() REPRESENTATION_CONTEXT('2D SPACE',''
  ) );
#12836 = PCURVE('',#2530,#12837);
#12837 = DEFINITIONAL_REPRESENTATION('',(#12838),#12842);
#12838 = LINE('',#12839,#12840);
#12839 = CARTESIAN_POINT('',(1.983237628967,0.));
#12840 = VECTOR('',#12841,1.);
#12841 = DIRECTION('',(0.,1.));
#12842 = ( GEOMETRIC_REPRESENTATION_CONTEXT(2) 
PARAMETRIC_REPRESENTATION_CONTEXT() REPRESENTATION_CONTEXT('2D SPACE',''
  ) );
#12843 = ORIENTED_EDGE('',*,*,#11375,.F.);
#12844 = ORIENTED_EDGE('',*,*,#12798,.F.);
#12845 = ADVANCED_FACE('',(#12846),#2530,.T.);
#12846 = FACE_BOUND('',#12847,.T.);
#12847 = EDGE_LOOP('',(#12848,#12849,#12869,#12870));
#12848 = ORIENTED_EDGE('',*,*,#2514,.T.);
#12849 = ORIENTED_EDGE('',*,*,#12850,.T.);
#12850 = EDGE_CURVE('',#2487,#11332,#12851,.T.);
#12851 = SURFACE_CURVE('',#12852,(#12855,#12862),.PCURVE_S1.);
#12852 = B_SPLINE_CURVE_WITH_KNOTS('',1,(#12853,#12854),.UNSPECIFIED.,
  .F.,.F.,(2,2),(0.,1.),.PIECEWISE_BEZIER_KNOTS.);
#12853 = CARTESIAN_POINT('',(-34.22321725776,-7.339617639402,7.5));
#12854 = CARTESIAN_POINT('',(-28.37625992788,-5.432800449716,15.));
#12855 = PCURVE('',#2530,#12856);
#12856 = DEFINITIONAL_REPRESENTATION('',(#12857),#12861);
#12857 = LINE('',#12858,#12859);
#12858 = CARTESIAN_POINT('',(5.738992285932,0.));
#12859 = VECTOR('',#12860,1.);
#12860 = DIRECTION('',(0.,1.));
#12861 = ( GEOMETRIC_REPRESENTATION_CONTEXT(2) 
PARAMETRIC_REPRESENTATION_CONTEXT() REPRESENTATION_CONTEXT('2D SPACE',''
  ) );
#12862 = PCURVE('',#2502,#12863);
#12863 = DEFINITIONAL_REPRESENTATION('',(#12864),#12868);
#12864 = LINE('',#12865,#12866);
#12865 = CARTESIAN_POINT('',(0.,0.));
#12866 = VECTOR('',#12867,1.);
#12867 = DIRECTION('',(0.,1.));
#12868 = ( GEOMETRIC_REPRESENTATION_CONTEXT(2) 
PARAMETRIC_REPRESENTATION_CONTEXT() REPRESENTATION_CONTEXT('2D SPACE',''
  ) );
#12869 = ORIENTED_EDGE('',*,*,#11353,.F.);
#12870 = ORIENTED_EDGE('',*,*,#12824,.F.);
#12871 = ADVANCED_FACE('',(#12872),#2502,.T.);
#12872 = FACE_BOUND('',#12873,.T.);
#12873 = EDGE_LOOP('',(#12874,#12875,#12895,#12896));
#12874 = ORIENTED_EDGE('',*,*,#2486,.T.);
#12875 = ORIENTED_EDGE('',*,*,#12876,.T.);
#12876 = EDGE_CURVE('',#2459,#11310,#12877,.T.);
#12877 = SURFACE_CURVE('',#12878,(#12881,#12888),.PCURVE_S1.);
#12878 = B_SPLINE_CURVE_WITH_KNOTS('',1,(#12879,#12880),.UNSPECIFIED.,
  .F.,.F.,(2,2),(0.,1.),.PIECEWISE_BEZIER_KNOTS.);
#12879 = CARTESIAN_POINT('',(-33.34290199108,-9.123524144765,7.5));
#12880 = CARTESIAN_POINT('',(-27.72942172025,-7.021490478277,15.));
#12881 = PCURVE('',#2502,#12882);
#12882 = DEFINITIONAL_REPRESENTATION('',(#12883),#12887);
#12883 = LINE('',#12884,#12885);
#12884 = CARTESIAN_POINT('',(1.989290674747,0.));
#12885 = VECTOR('',#12886,1.);
#12886 = DIRECTION('',(0.,1.));
#12887 = ( GEOMETRIC_REPRESENTATION_CONTEXT(2) 
PARAMETRIC_REPRESENTATION_CONTEXT() REPRESENTATION_CONTEXT('2D SPACE',''
  ) );
#12888 = PCURVE('',#2474,#12889);
#12889 = DEFINITIONAL_REPRESENTATION('',(#12890),#12894);
#12890 = LINE('',#12891,#12892);
#12891 = CARTESIAN_POINT('',(1.989290674747,0.));
#12892 = VECTOR('',#12893,1.);
#12893 = DIRECTION('',(0.,1.));
#12894 = ( GEOMETRIC_REPRESENTATION_CONTEXT(2) 
PARAMETRIC_REPRESENTATION_CONTEXT() REPRESENTATION_CONTEXT('2D SPACE',''
  ) );
#12895 = ORIENTED_EDGE('',*,*,#11331,.F.);
#12896 = ORIENTED_EDGE('',*,*,#12850,.F.);
#12897 = ADVANCED_FACE('',(#12898),#2474,.T.);
#12898 = FACE_BOUND('',#12899,.T.);
#12899 = EDGE_LOOP('',(#12900,#12901,#12921,#12922));
#12900 = ORIENTED_EDGE('',*,*,#2458,.T.);
#12901 = ORIENTED_EDGE('',*,*,#12902,.T.);
#12902 = EDGE_CURVE('',#2431,#11288,#12903,.T.);
#12903 = SURFACE_CURVE('',#12904,(#12907,#12914),.PCURVE_S1.);
#12904 = B_SPLINE_CURVE_WITH_KNOTS('',1,(#12905,#12906),.UNSPECIFIED.,
  .F.,.F.,(2,2),(0.,1.),.PIECEWISE_BEZIER_KNOTS.);
#12905 = CARTESIAN_POINT('',(-31.68405714444,-12.48507451801,7.5));
#12906 = CARTESIAN_POINT('',(-26.14074859326,-9.845606467243,15.));
#12907 = PCURVE('',#2474,#12908);
#12908 = DEFINITIONAL_REPRESENTATION('',(#12909),#12913);
#12909 = LINE('',#12910,#12911);
#12910 = CARTESIAN_POINT('',(5.737862020886,0.));
#12911 = VECTOR('',#12912,1.);
#12912 = DIRECTION('',(0.,1.));
#12913 = ( GEOMETRIC_REPRESENTATION_CONTEXT(2) 
PARAMETRIC_REPRESENTATION_CONTEXT() REPRESENTATION_CONTEXT('2D SPACE',''
  ) );
#12914 = PCURVE('',#2446,#12915);
#12915 = DEFINITIONAL_REPRESENTATION('',(#12916),#12920);
#12916 = LINE('',#12917,#12918);
#12917 = CARTESIAN_POINT('',(0.,0.));
#12918 = VECTOR('',#12919,1.);
#12919 = DIRECTION('',(0.,1.));
#12920 = ( GEOMETRIC_REPRESENTATION_CONTEXT(2) 
PARAMETRIC_REPRESENTATION_CONTEXT() REPRESENTATION_CONTEXT('2D SPACE',''
  ) );
#12921 = ORIENTED_EDGE('',*,*,#11309,.F.);
#12922 = ORIENTED_EDGE('',*,*,#12876,.F.);
#12923 = ADVANCED_FACE('',(#12924),#2446,.T.);
#12924 = FACE_BOUND('',#12925,.T.);
#12925 = EDGE_LOOP('',(#12926,#12927,#12947,#12948));
#12926 = ORIENTED_EDGE('',*,*,#2430,.T.);
#12927 = ORIENTED_EDGE('',*,*,#12928,.T.);
#12928 = EDGE_CURVE('',#2403,#11266,#12929,.T.);
#12929 = SURFACE_CURVE('',#12930,(#12933,#12940),.PCURVE_S1.);
#12930 = B_SPLINE_CURVE_WITH_KNOTS('',1,(#12931,#12932),.UNSPECIFIED.,
  .F.,.F.,(2,2),(0.,1.),.PIECEWISE_BEZIER_KNOTS.);
#12931 = CARTESIAN_POINT('',(-30.58432844297,-14.15742003802,7.5));
#12932 = CARTESIAN_POINT('',(-25.29558605607,-11.34801561234,15.));
#12933 = PCURVE('',#2446,#12934);
#12934 = DEFINITIONAL_REPRESENTATION('',(#12935),#12939);
#12935 = LINE('',#12936,#12937);
#12936 = CARTESIAN_POINT('',(2.001535099653,0.));
#12937 = VECTOR('',#12938,1.);
#12938 = DIRECTION('',(0.,1.));
#12939 = ( GEOMETRIC_REPRESENTATION_CONTEXT(2) 
PARAMETRIC_REPRESENTATION_CONTEXT() REPRESENTATION_CONTEXT('2D SPACE',''
  ) );
#12940 = PCURVE('',#2418,#12941);
#12941 = DEFINITIONAL_REPRESENTATION('',(#12942),#12946);
#12942 = LINE('',#12943,#12944);
#12943 = CARTESIAN_POINT('',(2.001535099653,0.));
#12944 = VECTOR('',#12945,1.);
#12945 = DIRECTION('',(0.,1.));
#12946 = ( GEOMETRIC_REPRESENTATION_CONTEXT(2) 
PARAMETRIC_REPRESENTATION_CONTEXT() REPRESENTATION_CONTEXT('2D SPACE',''
  ) );
#12947 = ORIENTED_EDGE('',*,*,#11287,.F.);
#12948 = ORIENTED_EDGE('',*,*,#12902,.F.);
#12949 = ADVANCED_FACE('',(#12950),#2418,.T.);
#12950 = FACE_BOUND('',#12951,.T.);
#12951 = EDGE_LOOP('',(#12952,#12953,#12973,#12974));
#12952 = ORIENTED_EDGE('',*,*,#2402,.T.);
#12953 = ORIENTED_EDGE('',*,*,#12954,.T.);
#12954 = EDGE_CURVE('',#2375,#11244,#12955,.T.);
#12955 = SURFACE_CURVE('',#12956,(#12959,#12966),.PCURVE_S1.);
#12956 = B_SPLINE_CURVE_WITH_KNOTS('',1,(#12957,#12958),.UNSPECIFIED.,
  .F.,.F.,(2,2),(0.,1.),.PIECEWISE_BEZIER_KNOTS.);
#12957 = CARTESIAN_POINT('',(-28.53210759547,-17.27821004361,7.5));
#12958 = CARTESIAN_POINT('',(-23.36902717554,-13.93280852164,15.));
#12959 = PCURVE('',#2418,#12960);
#12960 = DEFINITIONAL_REPRESENTATION('',(#12961),#12965);
#12961 = LINE('',#12962,#12963);
#12962 = CARTESIAN_POINT('',(5.736630903769,0.));
#12963 = VECTOR('',#12964,1.);
#12964 = DIRECTION('',(0.,1.));
#12965 = ( GEOMETRIC_REPRESENTATION_CONTEXT(2) 
PARAMETRIC_REPRESENTATION_CONTEXT() REPRESENTATION_CONTEXT('2D SPACE',''
  ) );
#12966 = PCURVE('',#2390,#12967);
#12967 = DEFINITIONAL_REPRESENTATION('',(#12968),#12972);
#12968 = LINE('',#12969,#12970);
#12969 = CARTESIAN_POINT('',(0.,0.));
#12970 = VECTOR('',#12971,1.);
#12971 = DIRECTION('',(0.,1.));
#12972 = ( GEOMETRIC_REPRESENTATION_CONTEXT(2) 
PARAMETRIC_REPRESENTATION_CONTEXT() REPRESENTATION_CONTEXT('2D SPACE',''
  ) );
#12973 = ORIENTED_EDGE('',*,*,#11265,.F.);
#12974 = ORIENTED_EDGE('',*,*,#12928,.F.);
#12975 = ADVANCED_FACE('',(#12976),#2390,.T.);
#12976 = FACE_BOUND('',#12977,.T.);
#12977 = EDGE_LOOP('',(#12978,#12979,#12999,#13000));
#12978 = ORIENTED_EDGE('',*,*,#2374,.T.);
#12979 = ORIENTED_EDGE('',*,*,#12980,.T.);
#12980 = EDGE_CURVE('',#2347,#11222,#12981,.T.);
#12981 = SURFACE_CURVE('',#12982,(#12985,#12992),.PCURVE_S1.);
#12982 = B_SPLINE_CURVE_WITH_KNOTS('',1,(#12983,#12984),.UNSPECIFIED.,
  .F.,.F.,(2,2),(0.,1.),.PIECEWISE_BEZIER_KNOTS.);
#12983 = CARTESIAN_POINT('',(-27.21700174965,-18.81445619976,7.5));
#12984 = CARTESIAN_POINT('',(-22.33009667985,-15.32670320384,15.));
#12985 = PCURVE('',#2390,#12986);
#12986 = DEFINITIONAL_REPRESENTATION('',(#12987),#12991);
#12987 = LINE('',#12988,#12989);
#12988 = CARTESIAN_POINT('',(2.022264977196,0.));
#12989 = VECTOR('',#12990,1.);
#12990 = DIRECTION('',(0.,1.));
#12991 = ( GEOMETRIC_REPRESENTATION_CONTEXT(2) 
PARAMETRIC_REPRESENTATION_CONTEXT() REPRESENTATION_CONTEXT('2D SPACE',''
  ) );
#12992 = PCURVE('',#2362,#12993);
#12993 = DEFINITIONAL_REPRESENTATION('',(#12994),#12998);
#12994 = LINE('',#12995,#12996);
#12995 = CARTESIAN_POINT('',(2.022264977196,0.));
#12996 = VECTOR('',#12997,1.);
#12997 = DIRECTION('',(0.,1.));
#12998 = ( GEOMETRIC_REPRESENTATION_CONTEXT(2) 
PARAMETRIC_REPRESENTATION_CONTEXT() REPRESENTATION_CONTEXT('2D SPACE',''
  ) );
#12999 = ORIENTED_EDGE('',*,*,#11243,.F.);
#13000 = ORIENTED_EDGE('',*,*,#12954,.F.);
#13001 = ADVANCED_FACE('',(#13002),#2362,.T.);
#13002 = FACE_BOUND('',#13003,.T.);
#13003 = EDGE_LOOP('',(#13004,#13005,#13025,#13026));
#13004 = ORIENTED_EDGE('',*,*,#2346,.T.);
#13005 = ORIENTED_EDGE('',*,*,#13006,.T.);
#13006 = EDGE_CURVE('',#2319,#11200,#13007,.T.);
#13007 = SURFACE_CURVE('',#13008,(#13011,#13018),.PCURVE_S1.);
#13008 = B_SPLINE_CURVE_WITH_KNOTS('',1,(#13009,#13010),.UNSPECIFIED.,
  .F.,.F.,(2,2),(0.,1.),.PIECEWISE_BEZIER_KNOTS.);
#13009 = CARTESIAN_POINT('',(-24.80202062288,-21.63552606647,7.5));
#13010 = CARTESIAN_POINT('',(-20.12024812146,-17.63997781171,15.));
#13011 = PCURVE('',#2362,#13012);
#13012 = DEFINITIONAL_REPRESENTATION('',(#13013),#13017);
#13013 = LINE('',#13014,#13015);
#13014 = CARTESIAN_POINT('',(5.735830519297,0.));
#13015 = VECTOR('',#13016,1.);
#13016 = DIRECTION('',(0.,1.));
#13017 = ( GEOMETRIC_REPRESENTATION_CONTEXT(2) 
PARAMETRIC_REPRESENTATION_CONTEXT() REPRESENTATION_CONTEXT('2D SPACE',''
  ) );
#13018 = PCURVE('',#2334,#13019);
#13019 = DEFINITIONAL_REPRESENTATION('',(#13020),#13024);
#13020 = LINE('',#13021,#13022);
#13021 = CARTESIAN_POINT('',(0.,0.));
#13022 = VECTOR('',#13023,1.);
#13023 = DIRECTION('',(0.,1.));
#13024 = ( GEOMETRIC_REPRESENTATION_CONTEXT(2) 
PARAMETRIC_REPRESENTATION_CONTEXT() REPRESENTATION_CONTEXT('2D SPACE',''
  ) );
#13025 = ORIENTED_EDGE('',*,*,#11221,.F.);
#13026 = ORIENTED_EDGE('',*,*,#12980,.F.);
#13027 = ADVANCED_FACE('',(#13028),#2334,.T.);
#13028 = FACE_BOUND('',#13029,.T.);
#13029 = EDGE_LOOP('',(#13030,#13031,#13051,#13052));
#13030 = ORIENTED_EDGE('',*,*,#2318,.T.);
#13031 = ORIENTED_EDGE('',*,*,#13032,.T.);
#13032 = EDGE_CURVE('',#2291,#11178,#13033,.T.);
#13033 = SURFACE_CURVE('',#13034,(#13037,#13044),.PCURVE_S1.);
#13034 = B_SPLINE_CURVE_WITH_KNOTS('',1,(#13035,#13036),.UNSPECIFIED.,
  .F.,.F.,(2,2),(0.,1.),.PIECEWISE_BEZIER_KNOTS.);
#13035 = CARTESIAN_POINT('',(-23.28476029322,-23.01785486371,7.5));
#13036 = CARTESIAN_POINT('',(-18.90284414938,-18.91435911963,15.));
#13037 = PCURVE('',#2334,#13038);
#13038 = DEFINITIONAL_REPRESENTATION('',(#13039),#13043);
#13039 = LINE('',#13040,#13041);
#13040 = CARTESIAN_POINT('',(2.052537895298,0.));
#13041 = VECTOR('',#13042,1.);
#13042 = DIRECTION('',(0.,1.));
#13043 = ( GEOMETRIC_REPRESENTATION_CONTEXT(2) 
PARAMETRIC_REPRESENTATION_CONTEXT() REPRESENTATION_CONTEXT('2D SPACE',''
  ) );
#13044 = PCURVE('',#2306,#13045);
#13045 = DEFINITIONAL_REPRESENTATION('',(#13046),#13050);
#13046 = LINE('',#13047,#13048);
#13047 = CARTESIAN_POINT('',(2.052537895298,0.));
#13048 = VECTOR('',#13049,1.);
#13049 = DIRECTION('',(0.,1.));
#13050 = ( GEOMETRIC_REPRESENTATION_CONTEXT(2) 
PARAMETRIC_REPRESENTATION_CONTEXT() REPRESENTATION_CONTEXT('2D SPACE',''
  ) );
#13051 = ORIENTED_EDGE('',*,*,#11199,.F.);
#13052 = ORIENTED_EDGE('',*,*,#13006,.F.);
#13053 = ADVANCED_FACE('',(#13054),#2306,.T.);
#13054 = FACE_BOUND('',#13055,.T.);
#13055 = EDGE_LOOP('',(#13056,#13057,#13077,#13078));
#13056 = ORIENTED_EDGE('',*,*,#2290,.T.);
#13057 = ORIENTED_EDGE('',*,*,#13058,.T.);
#13058 = EDGE_CURVE('',#2263,#11156,#13059,.T.);
#13059 = SURFACE_CURVE('',#13060,(#13063,#13070),.PCURVE_S1.);
#13060 = B_SPLINE_CURVE_WITH_KNOTS('',1,(#13061,#13062),.UNSPECIFIED.,
  .F.,.F.,(2,2),(0.,1.),.PIECEWISE_BEZIER_KNOTS.);
#13061 = CARTESIAN_POINT('',(-20.56292497809,-25.49763454549,7.5));
#13062 = CARTESIAN_POINT('',(-16.4511190626,-20.91962324166,15.));
#13063 = PCURVE('',#2306,#13064);
#13064 = DEFINITIONAL_REPRESENTATION('',(#13065),#13069);
#13065 = LINE('',#13066,#13067);
#13066 = CARTESIAN_POINT('',(5.734615400306,0.));
#13067 = VECTOR('',#13068,1.);
#13068 = DIRECTION('',(0.,1.));
#13069 = ( GEOMETRIC_REPRESENTATION_CONTEXT(2) 
PARAMETRIC_REPRESENTATION_CONTEXT() REPRESENTATION_CONTEXT('2D SPACE',''
  ) );
#13070 = PCURVE('',#2278,#13071);
#13071 = DEFINITIONAL_REPRESENTATION('',(#13072),#13076);
#13072 = LINE('',#13073,#13074);
#13073 = CARTESIAN_POINT('',(0.,0.));
#13074 = VECTOR('',#13075,1.);
#13075 = DIRECTION('',(0.,1.));
#13076 = ( GEOMETRIC_REPRESENTATION_CONTEXT(2) 
PARAMETRIC_REPRESENTATION_CONTEXT() REPRESENTATION_CONTEXT('2D SPACE',''
  ) );
#13077 = ORIENTED_EDGE('',*,*,#11177,.F.);
#13078 = ORIENTED_EDGE('',*,*,#13032,.F.);
#13079 = ADVANCED_FACE('',(#13080),#2278,.T.);
#13080 = FACE_BOUND('',#13081,.T.);
#13081 = EDGE_LOOP('',(#13082,#13083,#13103,#13104));
#13082 = ORIENTED_EDGE('',*,*,#2262,.T.);
#13083 = ORIENTED_EDGE('',*,*,#13084,.T.);
#13084 = EDGE_CURVE('',#2235,#11134,#13085,.T.);
#13085 = SURFACE_CURVE('',#13086,(#13089,#13096),.PCURVE_S1.);
#13086 = B_SPLINE_CURVE_WITH_KNOTS('',1,(#13087,#13088),.UNSPECIFIED.,
  .F.,.F.,(2,2),(0.,1.),.PIECEWISE_BEZIER_KNOTS.);
#13087 = CARTESIAN_POINT('',(-18.85479996177,-26.70156698037,7.5));
#13088 = CARTESIAN_POINT('',(-15.06344558741,-22.05460034325,15.));
#13089 = PCURVE('',#2278,#13090);
#13090 = DEFINITIONAL_REPRESENTATION('',(#13091),#13095);
#13091 = LINE('',#13092,#13093);
#13092 = CARTESIAN_POINT('',(2.08977137006,0.));
#13093 = VECTOR('',#13094,1.);
#13094 = DIRECTION('',(0.,1.));
#13095 = ( GEOMETRIC_REPRESENTATION_CONTEXT(2) 
PARAMETRIC_REPRESENTATION_CONTEXT() REPRESENTATION_CONTEXT('2D SPACE',''
  ) );
#13096 = PCURVE('',#2250,#13097);
#13097 = DEFINITIONAL_REPRESENTATION('',(#13098),#13102);
#13098 = LINE('',#13099,#13100);
#13099 = CARTESIAN_POINT('',(2.08977137006,0.));
#13100 = VECTOR('',#13101,1.);
#13101 = DIRECTION('',(0.,1.));
#13102 = ( GEOMETRIC_REPRESENTATION_CONTEXT(2) 
PARAMETRIC_REPRESENTATION_CONTEXT() REPRESENTATION_CONTEXT('2D SPACE',''
  ) );
#13103 = ORIENTED_EDGE('',*,*,#11155,.F.);
#13104 = ORIENTED_EDGE('',*,*,#13058,.F.);
#13105 = ADVANCED_FACE('',(#13106),#2250,.T.);
#13106 = FACE_BOUND('',#13107,.T.);
#13107 = EDGE_LOOP('',(#13108,#13109,#13129,#13130));
#13108 = ORIENTED_EDGE('',*,*,#2234,.T.);
#13109 = ORIENTED_EDGE('',*,*,#13110,.T.);
#13110 = EDGE_CURVE('',#2207,#11112,#13111,.T.);
#13111 = SURFACE_CURVE('',#13112,(#13115,#13122),.PCURVE_S1.);
#13112 = B_SPLINE_CURVE_WITH_KNOTS('',1,(#13113,#13114),.UNSPECIFIED.,
  .F.,.F.,(2,2),(0.,1.),.PIECEWISE_BEZIER_KNOTS.);
#13113 = CARTESIAN_POINT('',(-15.87630638468,-28.80088933106,7.5));
#13114 = CARTESIAN_POINT('',(-12.41587329094,-23.72598293093,15.));
#13115 = PCURVE('',#2250,#13116);
#13116 = DEFINITIONAL_REPRESENTATION('',(#13117),#13121);
#13117 = LINE('',#13118,#13119);
#13118 = CARTESIAN_POINT('',(5.733749734548,0.));
#13119 = VECTOR('',#13120,1.);
#13120 = DIRECTION('',(0.,1.));
#13121 = ( GEOMETRIC_REPRESENTATION_CONTEXT(2) 
PARAMETRIC_REPRESENTATION_CONTEXT() REPRESENTATION_CONTEXT('2D SPACE',''
  ) );
#13122 = PCURVE('',#2222,#13123);
#13123 = DEFINITIONAL_REPRESENTATION('',(#13124),#13128);
#13124 = LINE('',#13125,#13126);
#13125 = CARTESIAN_POINT('',(0.,0.));
#13126 = VECTOR('',#13127,1.);
#13127 = DIRECTION('',(0.,1.));
#13128 = ( GEOMETRIC_REPRESENTATION_CONTEXT(2) 
PARAMETRIC_REPRESENTATION_CONTEXT() REPRESENTATION_CONTEXT('2D SPACE',''
  ) );
#13129 = ORIENTED_EDGE('',*,*,#11133,.F.);
#13130 = ORIENTED_EDGE('',*,*,#13084,.F.);
#13131 = ADVANCED_FACE('',(#13132),#2222,.T.);
#13132 = FACE_BOUND('',#13133,.T.);
#13133 = EDGE_LOOP('',(#13134,#13135,#13155,#13156));
#13134 = ORIENTED_EDGE('',*,*,#2206,.T.);
#13135 = ORIENTED_EDGE('',*,*,#13136,.T.);
#13136 = EDGE_CURVE('',#2179,#11090,#13137,.T.);
#13137 = SURFACE_CURVE('',#13138,(#13141,#13148),.PCURVE_S1.);
#13138 = B_SPLINE_CURVE_WITH_KNOTS('',1,(#13139,#13140),.UNSPECIFIED.,
  .F.,.F.,(2,2),(0.,1.),.PIECEWISE_BEZIER_KNOTS.);
#13139 = CARTESIAN_POINT('',(-13.99368926958,-29.80238180577,7.5));
#13140 = CARTESIAN_POINT('',(-10.8697640961,-24.70202426146,15.));
#13141 = PCURVE('',#2222,#13142);
#13142 = DEFINITIONAL_REPRESENTATION('',(#13143),#13147);
#13143 = LINE('',#13144,#13145);
#13144 = CARTESIAN_POINT('',(2.132424530667,0.));
#13145 = VECTOR('',#13146,1.);
#13146 = DIRECTION('',(0.,1.));
#13147 = ( GEOMETRIC_REPRESENTATION_CONTEXT(2) 
PARAMETRIC_REPRESENTATION_CONTEXT() REPRESENTATION_CONTEXT('2D SPACE',''
  ) );
#13148 = PCURVE('',#2194,#13149);
#13149 = DEFINITIONAL_REPRESENTATION('',(#13150),#13154);
#13150 = LINE('',#13151,#13152);
#13151 = CARTESIAN_POINT('',(2.132424530667,0.));
#13152 = VECTOR('',#13153,1.);
#13153 = DIRECTION('',(0.,1.));
#13154 = ( GEOMETRIC_REPRESENTATION_CONTEXT(2) 
PARAMETRIC_REPRESENTATION_CONTEXT() REPRESENTATION_CONTEXT('2D SPACE',''
  ) );
#13155 = ORIENTED_EDGE('',*,*,#11111,.F.);
#13156 = ORIENTED_EDGE('',*,*,#13110,.F.);
#13157 = ADVANCED_FACE('',(#13158),#2194,.T.);
#13158 = FACE_BOUND('',#13159,.T.);
#13159 = EDGE_LOOP('',(#13160,#13161,#13181,#13182));
#13160 = ORIENTED_EDGE('',*,*,#2178,.T.);
#13161 = ORIENTED_EDGE('',*,*,#13162,.T.);
#13162 = EDGE_CURVE('',#2151,#11068,#13163,.T.);
#13163 = SURFACE_CURVE('',#13164,(#13167,#13174),.PCURVE_S1.);
#13164 = B_SPLINE_CURVE_WITH_KNOTS('',1,(#13165,#13166),.UNSPECIFIED.,
  .F.,.F.,(2,2),(0.,1.),.PIECEWISE_BEZIER_KNOTS.);
#13165 = CARTESIAN_POINT('',(-10.81432881054,-31.49370052831,7.5));
#13166 = CARTESIAN_POINT('',(-8.067947692981,-26.01006144246,15.));
#13167 = PCURVE('',#2194,#13168);
#13168 = DEFINITIONAL_REPRESENTATION('',(#13169),#13173);
#13169 = LINE('',#13170,#13171);
#13170 = CARTESIAN_POINT('',(5.733659311914,0.));
#13171 = VECTOR('',#13172,1.);
#13172 = DIRECTION('',(0.,1.));
#13173 = ( GEOMETRIC_REPRESENTATION_CONTEXT(2) 
PARAMETRIC_REPRESENTATION_CONTEXT() REPRESENTATION_CONTEXT('2D SPACE',''
  ) );
#13174 = PCURVE('',#2166,#13175);
#13175 = DEFINITIONAL_REPRESENTATION('',(#13176),#13180);
#13176 = LINE('',#13177,#13178);
#13177 = CARTESIAN_POINT('',(0.,0.));
#13178 = VECTOR('',#13179,1.);
#13179 = DIRECTION('',(0.,1.));
#13180 = ( GEOMETRIC_REPRESENTATION_CONTEXT(2) 
PARAMETRIC_REPRESENTATION_CONTEXT() REPRESENTATION_CONTEXT('2D SPACE',''
  ) );
#13181 = ORIENTED_EDGE('',*,*,#11089,.F.);
#13182 = ORIENTED_EDGE('',*,*,#13136,.F.);
#13183 = ADVANCED_FACE('',(#13184),#2166,.T.);
#13184 = FACE_BOUND('',#13185,.T.);
#13185 = EDGE_LOOP('',(#13186,#13187,#13207,#13208));
#13186 = ORIENTED_EDGE('',*,*,#2150,.T.);
#13187 = ORIENTED_EDGE('',*,*,#13188,.T.);
#13188 = EDGE_CURVE('',#2123,#11046,#13189,.T.);
#13189 = SURFACE_CURVE('',#13190,(#13193,#13200),.PCURVE_S1.);
#13190 = B_SPLINE_CURVE_WITH_KNOTS('',1,(#13191,#13192),.UNSPECIFIED.,
  .F.,.F.,(2,2),(0.,1.),.PIECEWISE_BEZIER_KNOTS.);
#13191 = CARTESIAN_POINT('',(-8.782206982034,-32.27452975717,7.5));
#13192 = CARTESIAN_POINT('',(-6.377307236311,-26.79934248692,15.));
#13193 = PCURVE('',#2166,#13194);
#13194 = DEFINITIONAL_REPRESENTATION('',(#13195),#13199);
#13195 = LINE('',#13196,#13197);
#13196 = CARTESIAN_POINT('',(2.176973451967,0.));
#13197 = VECTOR('',#13198,1.);
#13198 = DIRECTION('',(0.,1.));
#13199 = ( GEOMETRIC_REPRESENTATION_CONTEXT(2) 
PARAMETRIC_REPRESENTATION_CONTEXT() REPRESENTATION_CONTEXT('2D SPACE',''
  ) );
#13200 = PCURVE('',#2138,#13201);
#13201 = DEFINITIONAL_REPRESENTATION('',(#13202),#13206);
#13202 = LINE('',#13203,#13204);
#13203 = CARTESIAN_POINT('',(2.176973451967,0.));
#13204 = VECTOR('',#13205,1.);
#13205 = DIRECTION('',(0.,1.));
#13206 = ( GEOMETRIC_REPRESENTATION_CONTEXT(2) 
PARAMETRIC_REPRESENTATION_CONTEXT() REPRESENTATION_CONTEXT('2D SPACE',''
  ) );
#13207 = ORIENTED_EDGE('',*,*,#11067,.F.);
#13208 = ORIENTED_EDGE('',*,*,#13162,.F.);
#13209 = ADVANCED_FACE('',(#13210),#2138,.T.);
#13210 = FACE_BOUND('',#13211,.T.);
#13211 = EDGE_LOOP('',(#13212,#13213,#13233,#13234));
#13212 = ORIENTED_EDGE('',*,*,#2122,.T.);
#13213 = ORIENTED_EDGE('',*,*,#13214,.T.);
#13214 = EDGE_CURVE('',#2095,#11024,#13215,.T.);
#13215 = SURFACE_CURVE('',#13216,(#13219,#13226),.PCURVE_S1.);
#13216 = B_SPLINE_CURVE_WITH_KNOTS('',1,(#13217,#13218),.UNSPECIFIED.,
  .F.,.F.,(2,2),(0.,1.),.PIECEWISE_BEZIER_KNOTS.);
#13217 = CARTESIAN_POINT('',(-5.463671820122,-33.54965471033,7.5));
#13218 = CARTESIAN_POINT('',(-3.476283528935,-27.73849301072,15.));
#13219 = PCURVE('',#2138,#13220);
#13220 = DEFINITIONAL_REPRESENTATION('',(#13221),#13225);
#13221 = LINE('',#13222,#13223);
#13222 = CARTESIAN_POINT('',(5.732057032846,0.));
#13223 = VECTOR('',#13224,1.);
#13224 = DIRECTION('',(0.,1.));
#13225 = ( GEOMETRIC_REPRESENTATION_CONTEXT(2) 
PARAMETRIC_REPRESENTATION_CONTEXT() REPRESENTATION_CONTEXT('2D SPACE',''
  ) );
#13226 = PCURVE('',#2110,#13227);
#13227 = DEFINITIONAL_REPRESENTATION('',(#13228),#13232);
#13228 = LINE('',#13229,#13230);
#13229 = CARTESIAN_POINT('',(0.,0.));
#13230 = VECTOR('',#13231,1.);
#13231 = DIRECTION('',(0.,1.));
#13232 = ( GEOMETRIC_REPRESENTATION_CONTEXT(2) 
PARAMETRIC_REPRESENTATION_CONTEXT() REPRESENTATION_CONTEXT('2D SPACE',''
  ) );
#13233 = ORIENTED_EDGE('',*,*,#11045,.F.);
#13234 = ORIENTED_EDGE('',*,*,#13188,.F.);
#13235 = ADVANCED_FACE('',(#13236),#2110,.T.);
#13236 = FACE_BOUND('',#13237,.T.);
#13237 = EDGE_LOOP('',(#13238,#13239,#13240,#13241));
#13238 = ORIENTED_EDGE('',*,*,#2094,.T.);
#13239 = ORIENTED_EDGE('',*,*,#11467,.T.);
#13240 = ORIENTED_EDGE('',*,*,#11023,.F.);
#13241 = ORIENTED_EDGE('',*,*,#13214,.F.);
#13242 = ADVANCED_FACE('',(#13243),#3949,.T.);
#13243 = FACE_BOUND('',#13244,.T.);
#13244 = EDGE_LOOP('',(#13245,#13268,#13269,#13292));
#13245 = ORIENTED_EDGE('',*,*,#13246,.T.);
#13246 = EDGE_CURVE('',#13247,#3932,#13249,.T.);
#13247 = VERTEX_POINT('',#13248);
#13248 = CARTESIAN_POINT('',(36.64049999998,63.281199999998,7.5));
#13249 = SURFACE_CURVE('',#13250,(#13254,#13261),.PCURVE_S1.);
#13250 = LINE('',#13251,#13252);
#13251 = CARTESIAN_POINT('',(36.64049999998,63.281199999998,7.5));
#13252 = VECTOR('',#13253,1.);
#13253 = DIRECTION('',(0.,0.,1.));
#13254 = PCURVE('',#3949,#13255);
#13255 = DEFINITIONAL_REPRESENTATION('',(#13256),#13260);
#13256 = LINE('',#13257,#13258);
#13257 = CARTESIAN_POINT('',(0.,0.));
#13258 = VECTOR('',#13259,1.);
#13259 = DIRECTION('',(0.,-1.));
#13260 = ( GEOMETRIC_REPRESENTATION_CONTEXT(2) 
PARAMETRIC_REPRESENTATION_CONTEXT() REPRESENTATION_CONTEXT('2D SPACE',''
  ) );
#13261 = PCURVE('',#6824,#13262);
#13262 = DEFINITIONAL_REPRESENTATION('',(#13263),#13267);
#13263 = LINE('',#13264,#13265);
#13264 = CARTESIAN_POINT('',(6.484758283869,0.));
#13265 = VECTOR('',#13266,1.);
#13266 = DIRECTION('',(0.,-1.));
#13267 = ( GEOMETRIC_REPRESENTATION_CONTEXT(2) 
PARAMETRIC_REPRESENTATION_CONTEXT() REPRESENTATION_CONTEXT('2D SPACE',''
  ) );
#13268 = ORIENTED_EDGE('',*,*,#3931,.T.);
#13269 = ORIENTED_EDGE('',*,*,#13270,.F.);
#13270 = EDGE_CURVE('',#13271,#3934,#13273,.T.);
#13271 = VERTEX_POINT('',#13272);
#13272 = CARTESIAN_POINT('',(30.781500000041,66.015199999994,7.5));
#13273 = SURFACE_CURVE('',#13274,(#13278,#13285),.PCURVE_S1.);
#13274 = LINE('',#13275,#13276);
#13275 = CARTESIAN_POINT('',(30.781500000041,66.015199999994,7.5));
#13276 = VECTOR('',#13277,1.);
#13277 = DIRECTION('',(0.,0.,1.));
#13278 = PCURVE('',#3949,#13279);
#13279 = DEFINITIONAL_REPRESENTATION('',(#13280),#13284);
#13280 = LINE('',#13281,#13282);
#13281 = CARTESIAN_POINT('',(6.465495881931,0.));
#13282 = VECTOR('',#13283,1.);
#13283 = DIRECTION('',(0.,-1.));
#13284 = ( GEOMETRIC_REPRESENTATION_CONTEXT(2) 
PARAMETRIC_REPRESENTATION_CONTEXT() REPRESENTATION_CONTEXT('2D SPACE',''
  ) );
#13285 = PCURVE('',#3977,#13286);
#13286 = DEFINITIONAL_REPRESENTATION('',(#13287),#13291);
#13287 = LINE('',#13288,#13289);
#13288 = CARTESIAN_POINT('',(0.,0.));
#13289 = VECTOR('',#13290,1.);
#13290 = DIRECTION('',(0.,-1.));
#13291 = ( GEOMETRIC_REPRESENTATION_CONTEXT(2) 
PARAMETRIC_REPRESENTATION_CONTEXT() REPRESENTATION_CONTEXT('2D SPACE',''
  ) );
#13292 = ORIENTED_EDGE('',*,*,#13293,.F.);
#13293 = EDGE_CURVE('',#13247,#13271,#13294,.T.);
#13294 = SURFACE_CURVE('',#13295,(#13299,#13306),.PCURVE_S1.);
#13295 = LINE('',#13296,#13297);
#13296 = CARTESIAN_POINT('',(36.64049999998,63.281199999998,7.5));
#13297 = VECTOR('',#13298,1.);
#13298 = DIRECTION('',(-0.906194993691,0.422860063624,0.));
#13299 = PCURVE('',#3949,#13300);
#13300 = DEFINITIONAL_REPRESENTATION('',(#13301),#13305);
#13301 = LINE('',#13302,#13303);
#13302 = CARTESIAN_POINT('',(0.,0.));
#13303 = VECTOR('',#13304,1.);
#13304 = DIRECTION('',(1.,0.));
#13305 = ( GEOMETRIC_REPRESENTATION_CONTEXT(2) 
PARAMETRIC_REPRESENTATION_CONTEXT() REPRESENTATION_CONTEXT('2D SPACE',''
  ) );
#13306 = PCURVE('',#7932,#13307);
#13307 = DEFINITIONAL_REPRESENTATION('',(#13308),#13312);
#13308 = LINE('',#13309,#13310);
#13309 = CARTESIAN_POINT('',(77.855789000872,67.137602122256));
#13310 = VECTOR('',#13311,1.);
#13311 = DIRECTION('',(-0.906194993691,0.422860063624));
#13312 = ( GEOMETRIC_REPRESENTATION_CONTEXT(2) 
PARAMETRIC_REPRESENTATION_CONTEXT() REPRESENTATION_CONTEXT('2D SPACE',''
  ) );
#13313 = ADVANCED_FACE('',(#13314),#3977,.T.);
#13314 = FACE_BOUND('',#13315,.T.);
#13315 = EDGE_LOOP('',(#13316,#13339,#13340,#13341,#13362,#13363,#13392,
    #13453));
#13316 = ORIENTED_EDGE('',*,*,#13317,.F.);
#13317 = EDGE_CURVE('',#13271,#13318,#13320,.T.);
#13318 = VERTEX_POINT('',#13319);
#13319 = CARTESIAN_POINT('',(30.781500000041,49.665955113286,7.5));
#13320 = SURFACE_CURVE('',#13321,(#13325,#13332),.PCURVE_S1.);
#13321 = LINE('',#13322,#13323);
#13322 = CARTESIAN_POINT('',(30.781500000041,66.015199999994,7.5));
#13323 = VECTOR('',#13324,1.);
#13324 = DIRECTION('',(0.,-1.,0.));
#13325 = PCURVE('',#3977,#13326);
#13326 = DEFINITIONAL_REPRESENTATION('',(#13327),#13331);
#13327 = LINE('',#13328,#13329);
#13328 = CARTESIAN_POINT('',(0.,0.));
#13329 = VECTOR('',#13330,1.);
#13330 = DIRECTION('',(1.,0.));
#13331 = ( GEOMETRIC_REPRESENTATION_CONTEXT(2) 
PARAMETRIC_REPRESENTATION_CONTEXT() REPRESENTATION_CONTEXT('2D SPACE',''
  ) );
#13332 = PCURVE('',#7932,#13333);
#13333 = DEFINITIONAL_REPRESENTATION('',(#13334),#13338);
#13334 = LINE('',#13335,#13336);
#13335 = CARTESIAN_POINT('',(71.996789000933,69.871602122253));
#13336 = VECTOR('',#13337,1.);
#13337 = DIRECTION('',(0.,-1.));
#13338 = ( GEOMETRIC_REPRESENTATION_CONTEXT(2) 
PARAMETRIC_REPRESENTATION_CONTEXT() REPRESENTATION_CONTEXT('2D SPACE',''
  ) );
#13339 = ORIENTED_EDGE('',*,*,#13270,.T.);
#13340 = ORIENTED_EDGE('',*,*,#3961,.F.);
#13341 = ORIENTED_EDGE('',*,*,#13342,.F.);
#13342 = EDGE_CURVE('',#9909,#3962,#13343,.T.);
#13343 = SURFACE_CURVE('',#13344,(#13348,#13355),.PCURVE_S1.);
#13344 = LINE('',#13345,#13346);
#13345 = CARTESIAN_POINT('',(30.781500000041,37.246199999994,7.5));
#13346 = VECTOR('',#13347,1.);
#13347 = DIRECTION('',(0.,0.,1.));
#13348 = PCURVE('',#3977,#13349);
#13349 = DEFINITIONAL_REPRESENTATION('',(#13350),#13354);
#13350 = LINE('',#13351,#13352);
#13351 = CARTESIAN_POINT('',(28.769,0.));
#13352 = VECTOR('',#13353,1.);
#13353 = DIRECTION('',(0.,-1.));
#13354 = ( GEOMETRIC_REPRESENTATION_CONTEXT(2) 
PARAMETRIC_REPRESENTATION_CONTEXT() REPRESENTATION_CONTEXT('2D SPACE',''
  ) );
#13355 = PCURVE('',#4005,#13356);
#13356 = DEFINITIONAL_REPRESENTATION('',(#13357),#13361);
#13357 = LINE('',#13358,#13359);
#13358 = CARTESIAN_POINT('',(0.,0.));
#13359 = VECTOR('',#13360,1.);
#13360 = DIRECTION('',(0.,-1.));
#13361 = ( GEOMETRIC_REPRESENTATION_CONTEXT(2) 
PARAMETRIC_REPRESENTATION_CONTEXT() REPRESENTATION_CONTEXT('2D SPACE',''
  ) );
#13362 = ORIENTED_EDGE('',*,*,#9929,.T.);
#13363 = ORIENTED_EDGE('',*,*,#13364,.F.);
#13364 = EDGE_CURVE('',#13365,#9930,#13367,.T.);
#13365 = VERTEX_POINT('',#13366);
#13366 = CARTESIAN_POINT('',(30.781500000041,44.842395440138,
    12.628953636386));
#13367 = SURFACE_CURVE('',#13368,(#13374,#13383),.PCURVE_S1.);
#13368 = B_SPLINE_CURVE_WITH_KNOTS('',4,(#13369,#13370,#13371,#13372,
    #13373),.UNSPECIFIED.,.F.,.F.,(5,5),(0.,1.),
  .PIECEWISE_BEZIER_KNOTS.);
#13369 = CARTESIAN_POINT('',(30.781500000041,44.842395440138,
    12.628953636386));
#13370 = CARTESIAN_POINT('',(30.781500000041,44.25409151675,
    13.20609870236));
#13371 = CARTESIAN_POINT('',(30.781500000041,43.677060006328,
    13.793473816341));
#13372 = CARTESIAN_POINT('',(30.781500000041,43.112164972636,
    14.391366614935));
#13373 = CARTESIAN_POINT('',(30.781500000041,42.56039340316,15.));
#13374 = PCURVE('',#3977,#13375);
#13375 = DEFINITIONAL_REPRESENTATION('',(#13376),#13382);
#13376 = B_SPLINE_CURVE_WITH_KNOTS('',4,(#13377,#13378,#13379,#13380,
    #13381),.UNSPECIFIED.,.F.,.F.,(5,5),(0.,1.),
  .PIECEWISE_BEZIER_KNOTS.);
#13377 = CARTESIAN_POINT('',(21.172804559857,-5.128953636386));
#13378 = CARTESIAN_POINT('',(21.761108483244,-5.70609870236));
#13379 = CARTESIAN_POINT('',(22.338139993666,-6.293473816341));
#13380 = CARTESIAN_POINT('',(22.903035027359,-6.891366614935));
#13381 = CARTESIAN_POINT('',(23.454806596835,-7.5));
#13382 = ( GEOMETRIC_REPRESENTATION_CONTEXT(2) 
PARAMETRIC_REPRESENTATION_CONTEXT() REPRESENTATION_CONTEXT('2D SPACE',''
  ) );
#13383 = PCURVE('',#9966,#13384);
#13384 = DEFINITIONAL_REPRESENTATION('',(#13385),#13391);
#13385 = B_SPLINE_CURVE_WITH_KNOTS('',4,(#13386,#13387,#13388,#13389,
    #13390),.UNSPECIFIED.,.F.,.F.,(5,5),(0.,1.),
  .PIECEWISE_BEZIER_KNOTS.);
#13386 = CARTESIAN_POINT('',(5.729517687751,0.683860484851));
#13387 = CARTESIAN_POINT('',(5.404526135106,0.760813160315));
#13388 = CARTESIAN_POINT('',(5.077621053923,0.839129842179));
#13389 = CARTESIAN_POINT('',(4.74884563539,0.918848881991));
#13390 = CARTESIAN_POINT('',(4.418289616846,1.));
#13391 = ( GEOMETRIC_REPRESENTATION_CONTEXT(2) 
PARAMETRIC_REPRESENTATION_CONTEXT() REPRESENTATION_CONTEXT('2D SPACE',''
  ) );
#13392 = ORIENTED_EDGE('',*,*,#13393,.F.);
#13393 = EDGE_CURVE('',#13394,#13365,#13396,.T.);
#13394 = VERTEX_POINT('',#13395);
#13395 = CARTESIAN_POINT('',(30.781500000041,48.063236476483,
    9.220108870896));
#13396 = SURFACE_CURVE('',#13397,(#13412,#13430),.PCURVE_S1.);
#13397 = B_SPLINE_CURVE_WITH_KNOTS('',4,(#13398,#13399,#13400,#13401,
    #13402,#13403,#13404,#13405,#13406,#13407,#13408,#13409,#13410,
    #13411),.UNSPECIFIED.,.F.,.F.,(5,3,3,3,5),(0.,0.26360316115,
    0.516404522529,0.762047588208,1.),.UNSPECIFIED.);
#13398 = CARTESIAN_POINT('',(30.781500000041,48.063236476483,
    9.220108870896));
#13399 = CARTESIAN_POINT('',(30.781500000041,47.85026358662,
    9.447689977675));
#13400 = CARTESIAN_POINT('',(30.781500000041,47.637396276569,
    9.674796801321));
#13401 = CARTESIAN_POINT('',(30.781500000041,47.424641903109,
    9.901413834489));
#13402 = CARTESIAN_POINT('',(30.781500000041,47.008088397266,
    10.344369883526));
#13403 = CARTESIAN_POINT('',(30.781500000041,46.804279551283,
    10.560749540165));
#13404 = CARTESIAN_POINT('',(30.781500000041,46.600589158428,
    10.776649009536));
#13405 = CARTESIAN_POINT('',(30.781500000041,46.199224973666,
    11.201357430389));
#13406 = CARTESIAN_POINT('',(30.781500000041,46.001544134865,
    11.410194049309));
#13407 = CARTESIAN_POINT('',(30.781500000041,45.803989653813,
    11.618548628188));
#13408 = CARTESIAN_POINT('',(30.781500000041,45.415329835353,
    12.027756270204));
#13409 = CARTESIAN_POINT('',(30.781500000041,45.22421623203,
    12.228639961646));
#13410 = CARTESIAN_POINT('',(30.781500000041,45.033235556763,
    12.429043818685));
#13411 = CARTESIAN_POINT('',(30.781500000041,44.842395440138,
    12.628953636386));
#13412 = PCURVE('',#3977,#13413);
#13413 = DEFINITIONAL_REPRESENTATION('',(#13414),#13429);
#13414 = B_SPLINE_CURVE_WITH_KNOTS('',4,(#13415,#13416,#13417,#13418,
    #13419,#13420,#13421,#13422,#13423,#13424,#13425,#13426,#13427,
    #13428),.UNSPECIFIED.,.F.,.F.,(5,3,3,3,5),(0.,0.26360316115,
    0.516404522529,0.762047588208,1.),.UNSPECIFIED.);
#13415 = CARTESIAN_POINT('',(17.951963523511,-1.720108870896));
#13416 = CARTESIAN_POINT('',(18.164936413374,-1.947689977675));
#13417 = CARTESIAN_POINT('',(18.377803723426,-2.174796801321));
#13418 = CARTESIAN_POINT('',(18.590558096886,-2.401413834489));
#13419 = CARTESIAN_POINT('',(19.007111602728,-2.844369883526));
#13420 = CARTESIAN_POINT('',(19.210920448712,-3.060749540165));
#13421 = CARTESIAN_POINT('',(19.414610841566,-3.276649009536));
#13422 = CARTESIAN_POINT('',(19.815975026328,-3.701357430389));
#13423 = CARTESIAN_POINT('',(20.01365586513,-3.910194049309));
#13424 = CARTESIAN_POINT('',(20.211210346181,-4.118548628188));
#13425 = CARTESIAN_POINT('',(20.599870164641,-4.527756270204));
#13426 = CARTESIAN_POINT('',(20.790983767965,-4.728639961646));
#13427 = CARTESIAN_POINT('',(20.981964443231,-4.929043818685));
#13428 = CARTESIAN_POINT('',(21.172804559857,-5.128953636386));
#13429 = ( GEOMETRIC_REPRESENTATION_CONTEXT(2) 
PARAMETRIC_REPRESENTATION_CONTEXT() REPRESENTATION_CONTEXT('2D SPACE',''
  ) );
#13430 = PCURVE('',#13431,#13436);
#13431 = B_SPLINE_SURFACE_WITH_KNOTS('',1,1,(
    (#13432,#13433)
    ,(#13434,#13435
    )),.UNSPECIFIED.,.F.,.F.,.F.,(2,2),(2,2),(0.,1.74071617768),(0.,1.),
  .PIECEWISE_BEZIER_KNOTS.);
#13432 = CARTESIAN_POINT('',(33.201307480922,48.954935191985,7.5));
#13433 = CARTESIAN_POINT('',(29.662855509382,42.941223560817,15.));
#13434 = CARTESIAN_POINT('',(31.531195917894,49.445669517542,7.5));
#13435 = CARTESIAN_POINT('',(28.262379926629,43.418000000005,15.));
#13436 = DEFINITIONAL_REPRESENTATION('',(#13437),#13452);
#13437 = B_SPLINE_CURVE_WITH_KNOTS('',4,(#13438,#13439,#13440,#13441,
    #13442,#13443,#13444,#13445,#13446,#13447,#13448,#13449,#13450,
    #13451),.UNSPECIFIED.,.F.,.F.,(5,3,3,3,5),(0.,0.26360316115,
    0.516404522529,0.762047588208,1.),.UNSPECIFIED.);
#13438 = CARTESIAN_POINT('',(1.74071617768,0.229347849453));
#13439 = CARTESIAN_POINT('',(1.633358251186,0.259691997023));
#13440 = CARTESIAN_POINT('',(1.524767609552,0.289972906843));
#13441 = CARTESIAN_POINT('',(1.414920760001,0.320188511265));
#13442 = CARTESIAN_POINT('',(1.197220694503,0.379249317803));
#13443 = CARTESIAN_POINT('',(1.089470238339,0.408099938689));
#13444 = CARTESIAN_POINT('',(0.980521491352,0.436886534605));
#13445 = CARTESIAN_POINT('',(0.763304533574,0.493514324052));
#13446 = CARTESIAN_POINT('',(0.655104410649,0.521359206575));
#13447 = CARTESIAN_POINT('',(0.545733440561,0.549139817092));
#13448 = CARTESIAN_POINT('',(0.328072276272,0.603700836027));
#13449 = CARTESIAN_POINT('',(0.219855454781,0.630485328219));
#13450 = CARTESIAN_POINT('',(0.110503922823,0.657205842491));
#13451 = CARTESIAN_POINT('',(0.,0.683860484851));
#13452 = ( GEOMETRIC_REPRESENTATION_CONTEXT(2) 
PARAMETRIC_REPRESENTATION_CONTEXT() REPRESENTATION_CONTEXT('2D SPACE',''
  ) );
#13453 = ORIENTED_EDGE('',*,*,#13454,.F.);
#13454 = EDGE_CURVE('',#13318,#13394,#13455,.T.);
#13455 = SURFACE_CURVE('',#13456,(#13462,#13471),.PCURVE_S1.);
#13456 = B_SPLINE_CURVE_WITH_KNOTS('',4,(#13457,#13458,#13459,#13460,
    #13461),.UNSPECIFIED.,.F.,.F.,(5,5),(0.,1.),
  .PIECEWISE_BEZIER_KNOTS.);
#13457 = CARTESIAN_POINT('',(30.781500000041,49.665955113286,7.5));
#13458 = CARTESIAN_POINT('',(30.781500000041,49.257975237579,
    7.924739189065));
#13459 = CARTESIAN_POINT('',(30.781500000041,48.854679277035,
    8.352945968248));
#13460 = CARTESIAN_POINT('',(30.781500000041,48.456331691687,
    8.784707679586));
#13461 = CARTESIAN_POINT('',(30.781500000041,48.063236476483,
    9.220108870896));
#13462 = PCURVE('',#3977,#13463);
#13463 = DEFINITIONAL_REPRESENTATION('',(#13464),#13470);
#13464 = B_SPLINE_CURVE_WITH_KNOTS('',4,(#13465,#13466,#13467,#13468,
    #13469),.UNSPECIFIED.,.F.,.F.,(5,5),(0.,1.),
  .PIECEWISE_BEZIER_KNOTS.);
#13465 = CARTESIAN_POINT('',(16.349244886708,0.));
#13466 = CARTESIAN_POINT('',(16.757224762416,-0.424739189065));
#13467 = CARTESIAN_POINT('',(17.16052072296,-0.852945968248));
#13468 = CARTESIAN_POINT('',(17.558868308307,-1.284707679586));
#13469 = CARTESIAN_POINT('',(17.951963523511,-1.720108870896));
#13470 = ( GEOMETRIC_REPRESENTATION_CONTEXT(2) 
PARAMETRIC_REPRESENTATION_CONTEXT() REPRESENTATION_CONTEXT('2D SPACE',''
  ) );
#13471 = PCURVE('',#13472,#13477);
#13472 = B_SPLINE_SURFACE_WITH_KNOTS('',1,1,(
    (#13473,#13474)
    ,(#13475,#13476
    )),.UNSPECIFIED.,.F.,.F.,.F.,(2,2),(2,2),(1.74071617768,
    5.508269449117),(0.,1.),.PIECEWISE_BEZIER_KNOTS.);
#13473 = CARTESIAN_POINT('',(31.531195917894,49.445669517542,7.5));
#13474 = CARTESIAN_POINT('',(28.262379926629,43.418000000005,15.));
#13475 = CARTESIAN_POINT('',(27.916457131854,50.507800000021,7.5));
#13476 = CARTESIAN_POINT('',(24.719451130398,43.418000000005,15.));
#13477 = DEFINITIONAL_REPRESENTATION('',(#13478),#13484);
#13478 = B_SPLINE_CURVE_WITH_KNOTS('',4,(#13479,#13480,#13481,#13482,
    #13483),.UNSPECIFIED.,.F.,.F.,(5,5),(0.,1.),
  .PIECEWISE_BEZIER_KNOTS.);
#13479 = CARTESIAN_POINT('',(2.522105781488,0.));
#13480 = CARTESIAN_POINT('',(2.33003965693,5.663189187538E-02));
#13481 = CARTESIAN_POINT('',(2.135829273236,0.1137261291));
#13482 = CARTESIAN_POINT('',(1.939410089189,0.171294357278));
#13483 = CARTESIAN_POINT('',(1.74071617768,0.229347849453));
#13484 = ( GEOMETRIC_REPRESENTATION_CONTEXT(2) 
PARAMETRIC_REPRESENTATION_CONTEXT() REPRESENTATION_CONTEXT('2D SPACE',''
  ) );
#13485 = ADVANCED_FACE('',(#13486),#4005,.T.);
#13486 = FACE_BOUND('',#13487,.T.);
#13487 = EDGE_LOOP('',(#13488,#13489,#13490,#13491));
#13488 = ORIENTED_EDGE('',*,*,#9908,.T.);
#13489 = ORIENTED_EDGE('',*,*,#13342,.T.);
#13490 = ORIENTED_EDGE('',*,*,#3989,.T.);
#13491 = ORIENTED_EDGE('',*,*,#13492,.F.);
#13492 = EDGE_CURVE('',#9888,#3990,#13493,.T.);
#13493 = SURFACE_CURVE('',#13494,(#13498,#13505),.PCURVE_S1.);
#13494 = LINE('',#13495,#13496);
#13495 = CARTESIAN_POINT('',(34.296500000055,33.847200000018,7.5));
#13496 = VECTOR('',#13497,1.);
#13497 = DIRECTION('',(0.,0.,1.));
#13498 = PCURVE('',#4005,#13499);
#13499 = DEFINITIONAL_REPRESENTATION('',(#13500),#13504);
#13500 = LINE('',#13501,#13502);
#13501 = CARTESIAN_POINT('',(4.889624320941,0.));
#13502 = VECTOR('',#13503,1.);
#13503 = DIRECTION('',(0.,-1.));
#13504 = ( GEOMETRIC_REPRESENTATION_CONTEXT(2) 
PARAMETRIC_REPRESENTATION_CONTEXT() REPRESENTATION_CONTEXT('2D SPACE',''
  ) );
#13505 = PCURVE('',#4033,#13506);
#13506 = DEFINITIONAL_REPRESENTATION('',(#13507),#13511);
#13507 = LINE('',#13508,#13509);
#13508 = CARTESIAN_POINT('',(0.,0.));
#13509 = VECTOR('',#13510,1.);
#13510 = DIRECTION('',(0.,-1.));
#13511 = ( GEOMETRIC_REPRESENTATION_CONTEXT(2) 
PARAMETRIC_REPRESENTATION_CONTEXT() REPRESENTATION_CONTEXT('2D SPACE',''
  ) );
#13512 = ADVANCED_FACE('',(#13513),#4033,.T.);
#13513 = FACE_BOUND('',#13514,.T.);
#13514 = EDGE_LOOP('',(#13515,#13516,#13517,#13518));
#13515 = ORIENTED_EDGE('',*,*,#9887,.T.);
#13516 = ORIENTED_EDGE('',*,*,#13492,.T.);
#13517 = ORIENTED_EDGE('',*,*,#4017,.T.);
#13518 = ORIENTED_EDGE('',*,*,#13519,.F.);
#13519 = EDGE_CURVE('',#9867,#4018,#13520,.T.);
#13520 = SURFACE_CURVE('',#13521,(#13525,#13532),.PCURVE_S1.);
#13521 = LINE('',#13522,#13523);
#13522 = CARTESIAN_POINT('',(37.343499999959,30.000200000009,7.5));
#13523 = VECTOR('',#13524,1.);
#13524 = DIRECTION('',(0.,0.,1.));
#13525 = PCURVE('',#4033,#13526);
#13526 = DEFINITIONAL_REPRESENTATION('',(#13527),#13531);
#13527 = LINE('',#13528,#13529);
#13528 = CARTESIAN_POINT('',(4.907506291334,0.));
#13529 = VECTOR('',#13530,1.);
#13530 = DIRECTION('',(0.,-1.));
#13531 = ( GEOMETRIC_REPRESENTATION_CONTEXT(2) 
PARAMETRIC_REPRESENTATION_CONTEXT() REPRESENTATION_CONTEXT('2D SPACE',''
  ) );
#13532 = PCURVE('',#4061,#13533);
#13533 = DEFINITIONAL_REPRESENTATION('',(#13534),#13538);
#13534 = LINE('',#13535,#13536);
#13535 = CARTESIAN_POINT('',(0.,0.));
#13536 = VECTOR('',#13537,1.);
#13537 = DIRECTION('',(0.,-1.));
#13538 = ( GEOMETRIC_REPRESENTATION_CONTEXT(2) 
PARAMETRIC_REPRESENTATION_CONTEXT() REPRESENTATION_CONTEXT('2D SPACE',''
  ) );
#13539 = ADVANCED_FACE('',(#13540),#4061,.T.);
#13540 = FACE_BOUND('',#13541,.T.);
#13541 = EDGE_LOOP('',(#13542,#13543,#13544,#13545));
#13542 = ORIENTED_EDGE('',*,*,#9866,.T.);
#13543 = ORIENTED_EDGE('',*,*,#13519,.T.);
#13544 = ORIENTED_EDGE('',*,*,#4045,.T.);
#13545 = ORIENTED_EDGE('',*,*,#13546,.F.);
#13546 = EDGE_CURVE('',#9846,#4046,#13547,.T.);
#13547 = SURFACE_CURVE('',#13548,(#13552,#13559),.PCURVE_S1.);
#13548 = LINE('',#13549,#13550);
#13549 = CARTESIAN_POINT('',(39.76549999998,25.762199999997,7.5));
#13550 = VECTOR('',#13551,1.);
#13551 = DIRECTION('',(0.,0.,1.));
#13552 = PCURVE('',#4061,#13553);
#13553 = DEFINITIONAL_REPRESENTATION('',(#13554),#13558);
#13554 = LINE('',#13555,#13556);
#13555 = CARTESIAN_POINT('',(4.881262951348,0.));
#13556 = VECTOR('',#13557,1.);
#13557 = DIRECTION('',(0.,-1.));
#13558 = ( GEOMETRIC_REPRESENTATION_CONTEXT(2) 
PARAMETRIC_REPRESENTATION_CONTEXT() REPRESENTATION_CONTEXT('2D SPACE',''
  ) );
#13559 = PCURVE('',#4089,#13560);
#13560 = DEFINITIONAL_REPRESENTATION('',(#13561),#13565);
#13561 = LINE('',#13562,#13563);
#13562 = CARTESIAN_POINT('',(0.,0.));
#13563 = VECTOR('',#13564,1.);
#13564 = DIRECTION('',(0.,-1.));
#13565 = ( GEOMETRIC_REPRESENTATION_CONTEXT(2) 
PARAMETRIC_REPRESENTATION_CONTEXT() REPRESENTATION_CONTEXT('2D SPACE',''
  ) );
#13566 = ADVANCED_FACE('',(#13567),#4089,.T.);
#13567 = FACE_BOUND('',#13568,.T.);
#13568 = EDGE_LOOP('',(#13569,#13570,#13571,#13572));
#13569 = ORIENTED_EDGE('',*,*,#9845,.T.);
#13570 = ORIENTED_EDGE('',*,*,#13546,.T.);
#13571 = ORIENTED_EDGE('',*,*,#4073,.T.);
#13572 = ORIENTED_EDGE('',*,*,#13573,.F.);
#13573 = EDGE_CURVE('',#9825,#4074,#13574,.T.);
#13574 = SURFACE_CURVE('',#13575,(#13579,#13586),.PCURVE_S1.);
#13575 = LINE('',#13576,#13577);
#13576 = CARTESIAN_POINT('',(41.60149999999,21.23020000002,7.5));
#13577 = VECTOR('',#13578,1.);
#13578 = DIRECTION('',(0.,0.,1.));
#13579 = PCURVE('',#4089,#13580);
#13580 = DEFINITIONAL_REPRESENTATION('',(#13581),#13585);
#13581 = LINE('',#13582,#13583);
#13582 = CARTESIAN_POINT('',(4.889777091017,0.));
#13583 = VECTOR('',#13584,1.);
#13584 = DIRECTION('',(0.,-1.));
#13585 = ( GEOMETRIC_REPRESENTATION_CONTEXT(2) 
PARAMETRIC_REPRESENTATION_CONTEXT() REPRESENTATION_CONTEXT('2D SPACE',''
  ) );
#13586 = PCURVE('',#4117,#13587);
#13587 = DEFINITIONAL_REPRESENTATION('',(#13588),#13592);
#13588 = LINE('',#13589,#13590);
#13589 = CARTESIAN_POINT('',(0.,0.));
#13590 = VECTOR('',#13591,1.);
#13591 = DIRECTION('',(0.,-1.));
#13592 = ( GEOMETRIC_REPRESENTATION_CONTEXT(2) 
PARAMETRIC_REPRESENTATION_CONTEXT() REPRESENTATION_CONTEXT('2D SPACE',''
  ) );
#13593 = ADVANCED_FACE('',(#13594),#4117,.T.);
#13594 = FACE_BOUND('',#13595,.T.);
#13595 = EDGE_LOOP('',(#13596,#13597,#13598,#13599));
#13596 = ORIENTED_EDGE('',*,*,#9824,.T.);
#13597 = ORIENTED_EDGE('',*,*,#13573,.T.);
#13598 = ORIENTED_EDGE('',*,*,#4101,.T.);
#13599 = ORIENTED_EDGE('',*,*,#13600,.F.);
#13600 = EDGE_CURVE('',#9804,#4102,#13601,.T.);
#13601 = SURFACE_CURVE('',#13602,(#13606,#13613),.PCURVE_S1.);
#13602 = LINE('',#13603,#13604);
#13603 = CARTESIAN_POINT('',(42.8125,16.465200000006,7.5));
#13604 = VECTOR('',#13605,1.);
#13605 = DIRECTION('',(0.,0.,1.));
#13606 = PCURVE('',#4117,#13607);
#13607 = DEFINITIONAL_REPRESENTATION('',(#13608),#13612);
#13608 = LINE('',#13609,#13610);
#13609 = CARTESIAN_POINT('',(4.916476990708,0.));
#13610 = VECTOR('',#13611,1.);
#13611 = DIRECTION('',(0.,-1.));
#13612 = ( GEOMETRIC_REPRESENTATION_CONTEXT(2) 
PARAMETRIC_REPRESENTATION_CONTEXT() REPRESENTATION_CONTEXT('2D SPACE',''
  ) );
#13613 = PCURVE('',#4145,#13614);
#13614 = DEFINITIONAL_REPRESENTATION('',(#13615),#13619);
#13615 = LINE('',#13616,#13617);
#13616 = CARTESIAN_POINT('',(0.,0.));
#13617 = VECTOR('',#13618,1.);
#13618 = DIRECTION('',(0.,-1.));
#13619 = ( GEOMETRIC_REPRESENTATION_CONTEXT(2) 
PARAMETRIC_REPRESENTATION_CONTEXT() REPRESENTATION_CONTEXT('2D SPACE',''
  ) );
#13620 = ADVANCED_FACE('',(#13621),#4145,.T.);
#13621 = FACE_BOUND('',#13622,.T.);
#13622 = EDGE_LOOP('',(#13623,#13624,#13625,#13626));
#13623 = ORIENTED_EDGE('',*,*,#9803,.T.);
#13624 = ORIENTED_EDGE('',*,*,#13600,.T.);
#13625 = ORIENTED_EDGE('',*,*,#4129,.T.);
#13626 = ORIENTED_EDGE('',*,*,#13627,.F.);
#13627 = EDGE_CURVE('',#9783,#4130,#13628,.T.);
#13628 = SURFACE_CURVE('',#13629,(#13633,#13640),.PCURVE_S1.);
#13629 = LINE('',#13630,#13631);
#13630 = CARTESIAN_POINT('',(43.320500000031,11.601200000005,7.5));
#13631 = VECTOR('',#13632,1.);
#13632 = DIRECTION('',(0.,0.,1.));
#13633 = PCURVE('',#4145,#13634);
#13634 = DEFINITIONAL_REPRESENTATION('',(#13635),#13639);
#13635 = LINE('',#13636,#13637);
#13636 = CARTESIAN_POINT('',(4.890456011462,0.));
#13637 = VECTOR('',#13638,1.);
#13638 = DIRECTION('',(0.,-1.));
#13639 = ( GEOMETRIC_REPRESENTATION_CONTEXT(2) 
PARAMETRIC_REPRESENTATION_CONTEXT() REPRESENTATION_CONTEXT('2D SPACE',''
  ) );
#13640 = PCURVE('',#4173,#13641);
#13641 = DEFINITIONAL_REPRESENTATION('',(#13642),#13646);
#13642 = LINE('',#13643,#13644);
#13643 = CARTESIAN_POINT('',(0.,0.));
#13644 = VECTOR('',#13645,1.);
#13645 = DIRECTION('',(0.,-1.));
#13646 = ( GEOMETRIC_REPRESENTATION_CONTEXT(2) 
PARAMETRIC_REPRESENTATION_CONTEXT() REPRESENTATION_CONTEXT('2D SPACE',''
  ) );
#13647 = ADVANCED_FACE('',(#13648),#4173,.T.);
#13648 = FACE_BOUND('',#13649,.T.);
#13649 = EDGE_LOOP('',(#13650,#13651,#13652,#13653));
#13650 = ORIENTED_EDGE('',*,*,#9782,.T.);
#13651 = ORIENTED_EDGE('',*,*,#13627,.T.);
#13652 = ORIENTED_EDGE('',*,*,#4157,.T.);
#13653 = ORIENTED_EDGE('',*,*,#13654,.F.);
#13654 = EDGE_CURVE('',#9762,#4158,#13655,.T.);
#13655 = SURFACE_CURVE('',#13656,(#13660,#13667),.PCURVE_S1.);
#13656 = LINE('',#13657,#13658);
#13657 = CARTESIAN_POINT('',(43.164499999955,6.699200000003,7.5));
#13658 = VECTOR('',#13659,1.);
#13659 = DIRECTION('',(0.,0.,1.));
#13660 = PCURVE('',#4173,#13661);
#13661 = DEFINITIONAL_REPRESENTATION('',(#13662),#13666);
#13662 = LINE('',#13663,#13664);
#13663 = CARTESIAN_POINT('',(4.904481623989,0.));
#13664 = VECTOR('',#13665,1.);
#13665 = DIRECTION('',(0.,-1.));
#13666 = ( GEOMETRIC_REPRESENTATION_CONTEXT(2) 
PARAMETRIC_REPRESENTATION_CONTEXT() REPRESENTATION_CONTEXT('2D SPACE',''
  ) );
#13667 = PCURVE('',#4201,#13668);
#13668 = DEFINITIONAL_REPRESENTATION('',(#13669),#13673);
#13669 = LINE('',#13670,#13671);
#13670 = CARTESIAN_POINT('',(0.,0.));
#13671 = VECTOR('',#13672,1.);
#13672 = DIRECTION('',(0.,-1.));
#13673 = ( GEOMETRIC_REPRESENTATION_CONTEXT(2) 
PARAMETRIC_REPRESENTATION_CONTEXT() REPRESENTATION_CONTEXT('2D SPACE',''
  ) );
#13674 = ADVANCED_FACE('',(#13675),#4201,.T.);
#13675 = FACE_BOUND('',#13676,.T.);
#13676 = EDGE_LOOP('',(#13677,#13678,#13679,#13680));
#13677 = ORIENTED_EDGE('',*,*,#9761,.T.);
#13678 = ORIENTED_EDGE('',*,*,#13654,.T.);
#13679 = ORIENTED_EDGE('',*,*,#4185,.T.);
#13680 = ORIENTED_EDGE('',*,*,#13681,.F.);
#13681 = EDGE_CURVE('',#9741,#4186,#13682,.T.);
#13682 = SURFACE_CURVE('',#13683,(#13687,#13694),.PCURVE_S1.);
#13683 = LINE('',#13684,#13685);
#13684 = CARTESIAN_POINT('',(42.304499999969,1.89420000001,7.5));
#13685 = VECTOR('',#13686,1.);
#13686 = DIRECTION('',(0.,0.,1.));
#13687 = PCURVE('',#4201,#13688);
#13688 = DEFINITIONAL_REPRESENTATION('',(#13689),#13693);
#13689 = LINE('',#13690,#13691);
#13690 = CARTESIAN_POINT('',(4.881354832412,0.));
#13691 = VECTOR('',#13692,1.);
#13692 = DIRECTION('',(0.,-1.));
#13693 = ( GEOMETRIC_REPRESENTATION_CONTEXT(2) 
PARAMETRIC_REPRESENTATION_CONTEXT() REPRESENTATION_CONTEXT('2D SPACE',''
  ) );
#13694 = PCURVE('',#4229,#13695);
#13695 = DEFINITIONAL_REPRESENTATION('',(#13696),#13700);
#13696 = LINE('',#13697,#13698);
#13697 = CARTESIAN_POINT('',(0.,0.));
#13698 = VECTOR('',#13699,1.);
#13699 = DIRECTION('',(0.,-1.));
#13700 = ( GEOMETRIC_REPRESENTATION_CONTEXT(2) 
PARAMETRIC_REPRESENTATION_CONTEXT() REPRESENTATION_CONTEXT('2D SPACE',''
  ) );
#13701 = ADVANCED_FACE('',(#13702),#4229,.T.);
#13702 = FACE_BOUND('',#13703,.T.);
#13703 = EDGE_LOOP('',(#13704,#13705,#13706,#13707));
#13704 = ORIENTED_EDGE('',*,*,#9740,.T.);
#13705 = ORIENTED_EDGE('',*,*,#13681,.T.);
#13706 = ORIENTED_EDGE('',*,*,#4213,.T.);
#13707 = ORIENTED_EDGE('',*,*,#13708,.F.);
#13708 = EDGE_CURVE('',#9720,#4214,#13709,.T.);
#13709 = SURFACE_CURVE('',#13710,(#13714,#13721),.PCURVE_S1.);
#13710 = LINE('',#13711,#13712);
#13711 = CARTESIAN_POINT('',(40.820500000031,-2.773799999995,7.5));
#13712 = VECTOR('',#13713,1.);
#13713 = DIRECTION('',(0.,0.,1.));
#13714 = PCURVE('',#4229,#13715);
#13715 = DEFINITIONAL_REPRESENTATION('',(#13716),#13720);
#13716 = LINE('',#13717,#13718);
#13717 = CARTESIAN_POINT('',(4.898211918636,0.));
#13718 = VECTOR('',#13719,1.);
#13719 = DIRECTION('',(0.,-1.));
#13720 = ( GEOMETRIC_REPRESENTATION_CONTEXT(2) 
PARAMETRIC_REPRESENTATION_CONTEXT() REPRESENTATION_CONTEXT('2D SPACE',''
  ) );
#13721 = PCURVE('',#4257,#13722);
#13722 = DEFINITIONAL_REPRESENTATION('',(#13723),#13727);
#13723 = LINE('',#13724,#13725);
#13724 = CARTESIAN_POINT('',(0.,0.));
#13725 = VECTOR('',#13726,1.);
#13726 = DIRECTION('',(0.,-1.));
#13727 = ( GEOMETRIC_REPRESENTATION_CONTEXT(2) 
PARAMETRIC_REPRESENTATION_CONTEXT() REPRESENTATION_CONTEXT('2D SPACE',''
  ) );
#13728 = ADVANCED_FACE('',(#13729),#4257,.T.);
#13729 = FACE_BOUND('',#13730,.T.);
#13730 = EDGE_LOOP('',(#13731,#13732,#13733,#13734));
#13731 = ORIENTED_EDGE('',*,*,#9719,.T.);
#13732 = ORIENTED_EDGE('',*,*,#13708,.T.);
#13733 = ORIENTED_EDGE('',*,*,#4241,.T.);
#13734 = ORIENTED_EDGE('',*,*,#13735,.F.);
#13735 = EDGE_CURVE('',#9699,#4242,#13736,.T.);
#13736 = SURFACE_CURVE('',#13737,(#13741,#13748),.PCURVE_S1.);
#13737 = LINE('',#13738,#13739);
#13738 = CARTESIAN_POINT('',(38.671500000055,-7.167799999996,7.5));
#13739 = VECTOR('',#13740,1.);
#13740 = DIRECTION('',(0.,0.,1.));
#13741 = PCURVE('',#4257,#13742);
#13742 = DEFINITIONAL_REPRESENTATION('',(#13743),#13747);
#13743 = LINE('',#13744,#13745);
#13744 = CARTESIAN_POINT('',(4.891363511323,0.));
#13745 = VECTOR('',#13746,1.);
#13746 = DIRECTION('',(0.,-1.));
#13747 = ( GEOMETRIC_REPRESENTATION_CONTEXT(2) 
PARAMETRIC_REPRESENTATION_CONTEXT() REPRESENTATION_CONTEXT('2D SPACE',''
  ) );
#13748 = PCURVE('',#4285,#13749);
#13749 = DEFINITIONAL_REPRESENTATION('',(#13750),#13754);
#13750 = LINE('',#13751,#13752);
#13751 = CARTESIAN_POINT('',(0.,0.));
#13752 = VECTOR('',#13753,1.);
#13753 = DIRECTION('',(0.,-1.));
#13754 = ( GEOMETRIC_REPRESENTATION_CONTEXT(2) 
PARAMETRIC_REPRESENTATION_CONTEXT() REPRESENTATION_CONTEXT('2D SPACE',''
  ) );
#13755 = ADVANCED_FACE('',(#13756),#4285,.T.);
#13756 = FACE_BOUND('',#13757,.T.);
#13757 = EDGE_LOOP('',(#13758,#13759,#13760,#13761));
#13758 = ORIENTED_EDGE('',*,*,#9698,.T.);
#13759 = ORIENTED_EDGE('',*,*,#13735,.T.);
#13760 = ORIENTED_EDGE('',*,*,#4269,.T.);
#13761 = ORIENTED_EDGE('',*,*,#13762,.F.);
#13762 = EDGE_CURVE('',#9678,#4270,#13763,.T.);
#13763 = SURFACE_CURVE('',#13764,(#13768,#13775),.PCURVE_S1.);
#13764 = LINE('',#13765,#13766);
#13765 = CARTESIAN_POINT('',(35.9375,-11.23079999999,7.5));
#13766 = VECTOR('',#13767,1.);
#13767 = DIRECTION('',(0.,0.,1.));
#13768 = PCURVE('',#4285,#13769);
#13769 = DEFINITIONAL_REPRESENTATION('',(#13770),#13774);
#13770 = LINE('',#13771,#13772);
#13771 = CARTESIAN_POINT('',(4.897216045904,0.));
#13772 = VECTOR('',#13773,1.);
#13773 = DIRECTION('',(0.,-1.));
#13774 = ( GEOMETRIC_REPRESENTATION_CONTEXT(2) 
PARAMETRIC_REPRESENTATION_CONTEXT() REPRESENTATION_CONTEXT('2D SPACE',''
  ) );
#13775 = PCURVE('',#4313,#13776);
#13776 = DEFINITIONAL_REPRESENTATION('',(#13777),#13781);
#13777 = LINE('',#13778,#13779);
#13778 = CARTESIAN_POINT('',(0.,0.));
#13779 = VECTOR('',#13780,1.);
#13780 = DIRECTION('',(0.,-1.));
#13781 = ( GEOMETRIC_REPRESENTATION_CONTEXT(2) 
PARAMETRIC_REPRESENTATION_CONTEXT() REPRESENTATION_CONTEXT('2D SPACE',''
  ) );
#13782 = ADVANCED_FACE('',(#13783),#4313,.T.);
#13783 = FACE_BOUND('',#13784,.T.);
#13784 = EDGE_LOOP('',(#13785,#13786,#13787,#13788));
#13785 = ORIENTED_EDGE('',*,*,#9677,.T.);
#13786 = ORIENTED_EDGE('',*,*,#13762,.T.);
#13787 = ORIENTED_EDGE('',*,*,#4297,.T.);
#13788 = ORIENTED_EDGE('',*,*,#13789,.F.);
#13789 = EDGE_CURVE('',#9657,#4298,#13790,.T.);
#13790 = SURFACE_CURVE('',#13791,(#13795,#13802),.PCURVE_S1.);
#13791 = LINE('',#13792,#13793);
#13792 = CARTESIAN_POINT('',(32.656500000041,-14.88279999999,7.5));
#13793 = VECTOR('',#13794,1.);
#13794 = DIRECTION('',(0.,0.,1.));
#13795 = PCURVE('',#4313,#13796);
#13796 = DEFINITIONAL_REPRESENTATION('',(#13797),#13801);
#13797 = LINE('',#13798,#13799);
#13798 = CARTESIAN_POINT('',(4.90938539939,0.));
#13799 = VECTOR('',#13800,1.);
#13800 = DIRECTION('',(0.,-1.));
#13801 = ( GEOMETRIC_REPRESENTATION_CONTEXT(2) 
PARAMETRIC_REPRESENTATION_CONTEXT() REPRESENTATION_CONTEXT('2D SPACE',''
  ) );
#13802 = PCURVE('',#4341,#13803);
#13803 = DEFINITIONAL_REPRESENTATION('',(#13804),#13808);
#13804 = LINE('',#13805,#13806);
#13805 = CARTESIAN_POINT('',(0.,0.));
#13806 = VECTOR('',#13807,1.);
#13807 = DIRECTION('',(0.,-1.));
#13808 = ( GEOMETRIC_REPRESENTATION_CONTEXT(2) 
PARAMETRIC_REPRESENTATION_CONTEXT() REPRESENTATION_CONTEXT('2D SPACE',''
  ) );
#13809 = ADVANCED_FACE('',(#13810),#4341,.T.);
#13810 = FACE_BOUND('',#13811,.T.);
#13811 = EDGE_LOOP('',(#13812,#13813,#13814,#13815));
#13812 = ORIENTED_EDGE('',*,*,#9656,.T.);
#13813 = ORIENTED_EDGE('',*,*,#13789,.T.);
#13814 = ORIENTED_EDGE('',*,*,#4325,.T.);
#13815 = ORIENTED_EDGE('',*,*,#13816,.F.);
#13816 = EDGE_CURVE('',#9636,#4326,#13817,.T.);
#13817 = SURFACE_CURVE('',#13818,(#13822,#13829),.PCURVE_S1.);
#13818 = LINE('',#13819,#13820);
#13819 = CARTESIAN_POINT('',(28.906500000041,-18.02779999998,7.5));
#13820 = VECTOR('',#13821,1.);
#13821 = DIRECTION('',(0.,0.,1.));
#13822 = PCURVE('',#4341,#13823);
#13823 = DEFINITIONAL_REPRESENTATION('',(#13824),#13828);
#13824 = LINE('',#13825,#13826);
#13825 = CARTESIAN_POINT('',(4.894233852191,0.));
#13826 = VECTOR('',#13827,1.);
#13827 = DIRECTION('',(0.,-1.));
#13828 = ( GEOMETRIC_REPRESENTATION_CONTEXT(2) 
PARAMETRIC_REPRESENTATION_CONTEXT() REPRESENTATION_CONTEXT('2D SPACE',''
  ) );
#13829 = PCURVE('',#4369,#13830);
#13830 = DEFINITIONAL_REPRESENTATION('',(#13831),#13835);
#13831 = LINE('',#13832,#13833);
#13832 = CARTESIAN_POINT('',(0.,0.));
#13833 = VECTOR('',#13834,1.);
#13834 = DIRECTION('',(0.,-1.));
#13835 = ( GEOMETRIC_REPRESENTATION_CONTEXT(2) 
PARAMETRIC_REPRESENTATION_CONTEXT() REPRESENTATION_CONTEXT('2D SPACE',''
  ) );
#13836 = ADVANCED_FACE('',(#13837),#4369,.T.);
#13837 = FACE_BOUND('',#13838,.T.);
#13838 = EDGE_LOOP('',(#13839,#13840,#13841,#13842));
#13839 = ORIENTED_EDGE('',*,*,#9635,.T.);
#13840 = ORIENTED_EDGE('',*,*,#13816,.T.);
#13841 = ORIENTED_EDGE('',*,*,#4353,.T.);
#13842 = ORIENTED_EDGE('',*,*,#13843,.F.);
#13843 = EDGE_CURVE('',#9615,#4354,#13844,.T.);
#13844 = SURFACE_CURVE('',#13845,(#13849,#13856),.PCURVE_S1.);
#13845 = LINE('',#13846,#13847);
#13846 = CARTESIAN_POINT('',(24.76549999998,-20.62479999999,7.5));
#13847 = VECTOR('',#13848,1.);
#13848 = DIRECTION('',(0.,0.,1.));
#13849 = PCURVE('',#4369,#13850);
#13850 = DEFINITIONAL_REPRESENTATION('',(#13851),#13855);
#13851 = LINE('',#13852,#13853);
#13852 = CARTESIAN_POINT('',(4.887974017991,0.));
#13853 = VECTOR('',#13854,1.);
#13854 = DIRECTION('',(0.,-1.));
#13855 = ( GEOMETRIC_REPRESENTATION_CONTEXT(2) 
PARAMETRIC_REPRESENTATION_CONTEXT() REPRESENTATION_CONTEXT('2D SPACE',''
  ) );
#13856 = PCURVE('',#4397,#13857);
#13857 = DEFINITIONAL_REPRESENTATION('',(#13858),#13862);
#13858 = LINE('',#13859,#13860);
#13859 = CARTESIAN_POINT('',(0.,0.));
#13860 = VECTOR('',#13861,1.);
#13861 = DIRECTION('',(0.,-1.));
#13862 = ( GEOMETRIC_REPRESENTATION_CONTEXT(2) 
PARAMETRIC_REPRESENTATION_CONTEXT() REPRESENTATION_CONTEXT('2D SPACE',''
  ) );
#13863 = ADVANCED_FACE('',(#13864),#4397,.T.);
#13864 = FACE_BOUND('',#13865,.T.);
#13865 = EDGE_LOOP('',(#13866,#13867,#13868,#13869));
#13866 = ORIENTED_EDGE('',*,*,#9614,.T.);
#13867 = ORIENTED_EDGE('',*,*,#13843,.T.);
#13868 = ORIENTED_EDGE('',*,*,#4381,.T.);
#13869 = ORIENTED_EDGE('',*,*,#13870,.F.);
#13870 = EDGE_CURVE('',#9594,#4382,#13871,.T.);
#13871 = SURFACE_CURVE('',#13872,(#13876,#13883),.PCURVE_S1.);
#13872 = LINE('',#13873,#13874);
#13873 = CARTESIAN_POINT('',(20.27350000001,-22.61679999998,7.5));
#13874 = VECTOR('',#13875,1.);
#13875 = DIRECTION('',(0.,0.,1.));
#13876 = PCURVE('',#4397,#13877);
#13877 = DEFINITIONAL_REPRESENTATION('',(#13878),#13882);
#13878 = LINE('',#13879,#13880);
#13879 = CARTESIAN_POINT('',(4.913870979148,0.));
#13880 = VECTOR('',#13881,1.);
#13881 = DIRECTION('',(0.,-1.));
#13882 = ( GEOMETRIC_REPRESENTATION_CONTEXT(2) 
PARAMETRIC_REPRESENTATION_CONTEXT() REPRESENTATION_CONTEXT('2D SPACE',''
  ) );
#13883 = PCURVE('',#4425,#13884);
#13884 = DEFINITIONAL_REPRESENTATION('',(#13885),#13889);
#13885 = LINE('',#13886,#13887);
#13886 = CARTESIAN_POINT('',(0.,0.));
#13887 = VECTOR('',#13888,1.);
#13888 = DIRECTION('',(0.,-1.));
#13889 = ( GEOMETRIC_REPRESENTATION_CONTEXT(2) 
PARAMETRIC_REPRESENTATION_CONTEXT() REPRESENTATION_CONTEXT('2D SPACE',''
  ) );
#13890 = ADVANCED_FACE('',(#13891),#4425,.T.);
#13891 = FACE_BOUND('',#13892,.T.);
#13892 = EDGE_LOOP('',(#13893,#13894,#13895,#13896));
#13893 = ORIENTED_EDGE('',*,*,#9593,.T.);
#13894 = ORIENTED_EDGE('',*,*,#13870,.T.);
#13895 = ORIENTED_EDGE('',*,*,#4409,.T.);
#13896 = ORIENTED_EDGE('',*,*,#13897,.F.);
#13897 = EDGE_CURVE('',#9573,#4410,#13898,.T.);
#13898 = SURFACE_CURVE('',#13899,(#13903,#13910),.PCURVE_S1.);
#13899 = LINE('',#13900,#13901);
#13900 = CARTESIAN_POINT('',(15.585500000045,-23.96479999998,7.5));
#13901 = VECTOR('',#13902,1.);
#13902 = DIRECTION('',(0.,0.,1.));
#13903 = PCURVE('',#4425,#13904);
#13904 = DEFINITIONAL_REPRESENTATION('',(#13905),#13909);
#13905 = LINE('',#13906,#13907);
#13906 = CARTESIAN_POINT('',(4.877955309315,0.));
#13907 = VECTOR('',#13908,1.);
#13908 = DIRECTION('',(0.,-1.));
#13909 = ( GEOMETRIC_REPRESENTATION_CONTEXT(2) 
PARAMETRIC_REPRESENTATION_CONTEXT() REPRESENTATION_CONTEXT('2D SPACE',''
  ) );
#13910 = PCURVE('',#4453,#13911);
#13911 = DEFINITIONAL_REPRESENTATION('',(#13912),#13916);
#13912 = LINE('',#13913,#13914);
#13913 = CARTESIAN_POINT('',(0.,0.));
#13914 = VECTOR('',#13915,1.);
#13915 = DIRECTION('',(0.,-1.));
#13916 = ( GEOMETRIC_REPRESENTATION_CONTEXT(2) 
PARAMETRIC_REPRESENTATION_CONTEXT() REPRESENTATION_CONTEXT('2D SPACE',''
  ) );
#13917 = ADVANCED_FACE('',(#13918),#4453,.T.);
#13918 = FACE_BOUND('',#13919,.T.);
#13919 = EDGE_LOOP('',(#13920,#13921,#13922,#13923));
#13920 = ORIENTED_EDGE('',*,*,#9572,.T.);
#13921 = ORIENTED_EDGE('',*,*,#13897,.T.);
#13922 = ORIENTED_EDGE('',*,*,#4437,.T.);
#13923 = ORIENTED_EDGE('',*,*,#13924,.F.);
#13924 = EDGE_CURVE('',#9552,#4438,#13925,.T.);
#13925 = SURFACE_CURVE('',#13926,(#13930,#13937),.PCURVE_S1.);
#13926 = LINE('',#13927,#13928);
#13927 = CARTESIAN_POINT('',(10.742500000051,-24.64879999999,7.5));
#13928 = VECTOR('',#13929,1.);
#13929 = DIRECTION('',(0.,0.,1.));
#13930 = PCURVE('',#4453,#13931);
#13931 = DEFINITIONAL_REPRESENTATION('',(#13932),#13936);
#13932 = LINE('',#13933,#13934);
#13933 = CARTESIAN_POINT('',(4.891063790215,0.));
#13934 = VECTOR('',#13935,1.);
#13935 = DIRECTION('',(0.,-1.));
#13936 = ( GEOMETRIC_REPRESENTATION_CONTEXT(2) 
PARAMETRIC_REPRESENTATION_CONTEXT() REPRESENTATION_CONTEXT('2D SPACE',''
  ) );
#13937 = PCURVE('',#4481,#13938);
#13938 = DEFINITIONAL_REPRESENTATION('',(#13939),#13943);
#13939 = LINE('',#13940,#13941);
#13940 = CARTESIAN_POINT('',(0.,-0.));
#13941 = VECTOR('',#13942,1.);
#13942 = DIRECTION('',(0.,-1.));
#13943 = ( GEOMETRIC_REPRESENTATION_CONTEXT(2) 
PARAMETRIC_REPRESENTATION_CONTEXT() REPRESENTATION_CONTEXT('2D SPACE',''
  ) );
#13944 = ADVANCED_FACE('',(#13945),#4481,.T.);
#13945 = FACE_BOUND('',#13946,.T.);
#13946 = EDGE_LOOP('',(#13947,#13948,#13949,#13950));
#13947 = ORIENTED_EDGE('',*,*,#9551,.T.);
#13948 = ORIENTED_EDGE('',*,*,#13924,.T.);
#13949 = ORIENTED_EDGE('',*,*,#4465,.T.);
#13950 = ORIENTED_EDGE('',*,*,#13951,.F.);
#13951 = EDGE_CURVE('',#9531,#4466,#13952,.T.);
#13952 = SURFACE_CURVE('',#13953,(#13957,#13964),.PCURVE_S1.);
#13953 = LINE('',#13954,#13955);
#13954 = CARTESIAN_POINT('',(5.820500000031,-24.64879999999,7.5));
#13955 = VECTOR('',#13956,1.);
#13956 = DIRECTION('',(0.,0.,1.));
#13957 = PCURVE('',#4481,#13958);
#13958 = DEFINITIONAL_REPRESENTATION('',(#13959),#13963);
#13959 = LINE('',#13960,#13961);
#13960 = CARTESIAN_POINT('',(4.92200000002,0.));
#13961 = VECTOR('',#13962,1.);
#13962 = DIRECTION('',(0.,-1.));
#13963 = ( GEOMETRIC_REPRESENTATION_CONTEXT(2) 
PARAMETRIC_REPRESENTATION_CONTEXT() REPRESENTATION_CONTEXT('2D SPACE',''
  ) );
#13964 = PCURVE('',#4509,#13965);
#13965 = DEFINITIONAL_REPRESENTATION('',(#13966),#13970);
#13966 = LINE('',#13967,#13968);
#13967 = CARTESIAN_POINT('',(0.,0.));
#13968 = VECTOR('',#13969,1.);
#13969 = DIRECTION('',(0.,-1.));
#13970 = ( GEOMETRIC_REPRESENTATION_CONTEXT(2) 
PARAMETRIC_REPRESENTATION_CONTEXT() REPRESENTATION_CONTEXT('2D SPACE',''
  ) );
#13971 = ADVANCED_FACE('',(#13972),#4509,.T.);
#13972 = FACE_BOUND('',#13973,.T.);
#13973 = EDGE_LOOP('',(#13974,#13975,#13976,#13977));
#13974 = ORIENTED_EDGE('',*,*,#9530,.T.);
#13975 = ORIENTED_EDGE('',*,*,#13951,.T.);
#13976 = ORIENTED_EDGE('',*,*,#4493,.T.);
#13977 = ORIENTED_EDGE('',*,*,#13978,.F.);
#13978 = EDGE_CURVE('',#9510,#4494,#13979,.T.);
#13979 = SURFACE_CURVE('',#13980,(#13984,#13991),.PCURVE_S1.);
#13980 = LINE('',#13981,#13982);
#13981 = CARTESIAN_POINT('',(0.97649999999,-23.96479999998,7.5));
#13982 = VECTOR('',#13983,1.);
#13983 = DIRECTION('',(0.,0.,1.));
#13984 = PCURVE('',#4509,#13985);
#13985 = DEFINITIONAL_REPRESENTATION('',(#13986),#13990);
#13986 = LINE('',#13987,#13988);
#13987 = CARTESIAN_POINT('',(4.892053965402,0.));
#13988 = VECTOR('',#13989,1.);
#13989 = DIRECTION('',(0.,-1.));
#13990 = ( GEOMETRIC_REPRESENTATION_CONTEXT(2) 
PARAMETRIC_REPRESENTATION_CONTEXT() REPRESENTATION_CONTEXT('2D SPACE',''
  ) );
#13991 = PCURVE('',#4537,#13992);
#13992 = DEFINITIONAL_REPRESENTATION('',(#13993),#13997);
#13993 = LINE('',#13994,#13995);
#13994 = CARTESIAN_POINT('',(0.,0.));
#13995 = VECTOR('',#13996,1.);
#13996 = DIRECTION('',(0.,-1.));
#13997 = ( GEOMETRIC_REPRESENTATION_CONTEXT(2) 
PARAMETRIC_REPRESENTATION_CONTEXT() REPRESENTATION_CONTEXT('2D SPACE',''
  ) );
#13998 = ADVANCED_FACE('',(#13999),#4537,.T.);
#13999 = FACE_BOUND('',#14000,.T.);
#14000 = EDGE_LOOP('',(#14001,#14002,#14003,#14004));
#14001 = ORIENTED_EDGE('',*,*,#9509,.T.);
#14002 = ORIENTED_EDGE('',*,*,#13978,.T.);
#14003 = ORIENTED_EDGE('',*,*,#4521,.T.);
#14004 = ORIENTED_EDGE('',*,*,#14005,.F.);
#14005 = EDGE_CURVE('',#9489,#4522,#14006,.T.);
#14006 = SURFACE_CURVE('',#14007,(#14011,#14018),.PCURVE_S1.);
#14007 = LINE('',#14008,#14009);
#14008 = CARTESIAN_POINT('',(-3.710500000045,-22.61679999998,7.5));
#14009 = VECTOR('',#14010,1.);
#14010 = DIRECTION('',(0.,0.,1.));
#14011 = PCURVE('',#4537,#14012);
#14012 = DEFINITIONAL_REPRESENTATION('',(#14013),#14017);
#14013 = LINE('',#14014,#14015);
#14014 = CARTESIAN_POINT('',(4.876994258795,0.));
#14015 = VECTOR('',#14016,1.);
#14016 = DIRECTION('',(0.,-1.));
#14017 = ( GEOMETRIC_REPRESENTATION_CONTEXT(2) 
PARAMETRIC_REPRESENTATION_CONTEXT() REPRESENTATION_CONTEXT('2D SPACE',''
  ) );
#14018 = PCURVE('',#4565,#14019);
#14019 = DEFINITIONAL_REPRESENTATION('',(#14020),#14024);
#14020 = LINE('',#14021,#14022);
#14021 = CARTESIAN_POINT('',(0.,0.));
#14022 = VECTOR('',#14023,1.);
#14023 = DIRECTION('',(0.,-1.));
#14024 = ( GEOMETRIC_REPRESENTATION_CONTEXT(2) 
PARAMETRIC_REPRESENTATION_CONTEXT() REPRESENTATION_CONTEXT('2D SPACE',''
  ) );
#14025 = ADVANCED_FACE('',(#14026),#4565,.T.);
#14026 = FACE_BOUND('',#14027,.T.);
#14027 = EDGE_LOOP('',(#14028,#14029,#14030,#14031));
#14028 = ORIENTED_EDGE('',*,*,#9488,.T.);
#14029 = ORIENTED_EDGE('',*,*,#14005,.T.);
#14030 = ORIENTED_EDGE('',*,*,#4549,.T.);
#14031 = ORIENTED_EDGE('',*,*,#14032,.F.);
#14032 = EDGE_CURVE('',#9468,#4550,#14033,.T.);
#14033 = SURFACE_CURVE('',#14034,(#14038,#14045),.PCURVE_S1.);
#14034 = LINE('',#14035,#14036);
#14035 = CARTESIAN_POINT('',(-8.203499999945,-20.62479999999,7.5));
#14036 = VECTOR('',#14037,1.);
#14037 = DIRECTION('',(0.,0.,1.));
#14038 = PCURVE('',#4565,#14039);
#14039 = DEFINITIONAL_REPRESENTATION('',(#14040),#14044);
#14040 = LINE('',#14041,#14042);
#14041 = CARTESIAN_POINT('',(4.91478514272,0.));
#14042 = VECTOR('',#14043,1.);
#14043 = DIRECTION('',(0.,-1.));
#14044 = ( GEOMETRIC_REPRESENTATION_CONTEXT(2) 
PARAMETRIC_REPRESENTATION_CONTEXT() REPRESENTATION_CONTEXT('2D SPACE',''
  ) );
#14045 = PCURVE('',#4593,#14046);
#14046 = DEFINITIONAL_REPRESENTATION('',(#14047),#14051);
#14047 = LINE('',#14048,#14049);
#14048 = CARTESIAN_POINT('',(0.,0.));
#14049 = VECTOR('',#14050,1.);
#14050 = DIRECTION('',(0.,-1.));
#14051 = ( GEOMETRIC_REPRESENTATION_CONTEXT(2) 
PARAMETRIC_REPRESENTATION_CONTEXT() REPRESENTATION_CONTEXT('2D SPACE',''
  ) );
#14052 = ADVANCED_FACE('',(#14053),#4593,.T.);
#14053 = FACE_BOUND('',#14054,.T.);
#14054 = EDGE_LOOP('',(#14055,#14056,#14057,#14058));
#14055 = ORIENTED_EDGE('',*,*,#9467,.T.);
#14056 = ORIENTED_EDGE('',*,*,#14032,.T.);
#14057 = ORIENTED_EDGE('',*,*,#4577,.T.);
#14058 = ORIENTED_EDGE('',*,*,#14059,.F.);
#14059 = EDGE_CURVE('',#9447,#4578,#14060,.T.);
#14060 = SURFACE_CURVE('',#14061,(#14065,#14072),.PCURVE_S1.);
#14061 = LINE('',#14062,#14063);
#14062 = CARTESIAN_POINT('',(-12.34349999995,-18.02779999998,7.5));
#14063 = VECTOR('',#14064,1.);
#14064 = DIRECTION('',(0.,0.,1.));
#14065 = PCURVE('',#4593,#14066);
#14066 = DEFINITIONAL_REPRESENTATION('',(#14067),#14071);
#14067 = LINE('',#14068,#14069);
#14068 = CARTESIAN_POINT('',(4.887126865569,0.));
#14069 = VECTOR('',#14070,1.);
#14070 = DIRECTION('',(0.,-1.));
#14071 = ( GEOMETRIC_REPRESENTATION_CONTEXT(2) 
PARAMETRIC_REPRESENTATION_CONTEXT() REPRESENTATION_CONTEXT('2D SPACE',''
  ) );
#14072 = PCURVE('',#4621,#14073);
#14073 = DEFINITIONAL_REPRESENTATION('',(#14074),#14078);
#14074 = LINE('',#14075,#14076);
#14075 = CARTESIAN_POINT('',(0.,0.));
#14076 = VECTOR('',#14077,1.);
#14077 = DIRECTION('',(0.,-1.));
#14078 = ( GEOMETRIC_REPRESENTATION_CONTEXT(2) 
PARAMETRIC_REPRESENTATION_CONTEXT() REPRESENTATION_CONTEXT('2D SPACE',''
  ) );
#14079 = ADVANCED_FACE('',(#14080),#4621,.T.);
#14080 = FACE_BOUND('',#14081,.T.);
#14081 = EDGE_LOOP('',(#14082,#14083,#14084,#14085));
#14082 = ORIENTED_EDGE('',*,*,#9446,.T.);
#14083 = ORIENTED_EDGE('',*,*,#14059,.T.);
#14084 = ORIENTED_EDGE('',*,*,#4605,.T.);
#14085 = ORIENTED_EDGE('',*,*,#14086,.F.);
#14086 = EDGE_CURVE('',#9426,#4606,#14087,.T.);
#14087 = SURFACE_CURVE('',#14088,(#14092,#14099),.PCURVE_S1.);
#14088 = LINE('',#14089,#14090);
#14089 = CARTESIAN_POINT('',(-16.09349999995,-14.88279999999,7.5));
#14090 = VECTOR('',#14091,1.);
#14091 = DIRECTION('',(0.,0.,1.));
#14092 = PCURVE('',#4621,#14093);
#14093 = DEFINITIONAL_REPRESENTATION('',(#14094),#14098);
#14094 = LINE('',#14095,#14096);
#14095 = CARTESIAN_POINT('',(4.894233852191,0.));
#14096 = VECTOR('',#14097,1.);
#14097 = DIRECTION('',(0.,-1.));
#14098 = ( GEOMETRIC_REPRESENTATION_CONTEXT(2) 
PARAMETRIC_REPRESENTATION_CONTEXT() REPRESENTATION_CONTEXT('2D SPACE',''
  ) );
#14099 = PCURVE('',#4649,#14100);
#14100 = DEFINITIONAL_REPRESENTATION('',(#14101),#14105);
#14101 = LINE('',#14102,#14103);
#14102 = CARTESIAN_POINT('',(0.,0.));
#14103 = VECTOR('',#14104,1.);
#14104 = DIRECTION('',(0.,-1.));
#14105 = ( GEOMETRIC_REPRESENTATION_CONTEXT(2) 
PARAMETRIC_REPRESENTATION_CONTEXT() REPRESENTATION_CONTEXT('2D SPACE',''
  ) );
#14106 = ADVANCED_FACE('',(#14107),#4649,.T.);
#14107 = FACE_BOUND('',#14108,.T.);
#14108 = EDGE_LOOP('',(#14109,#14110,#14111,#14112));
#14109 = ORIENTED_EDGE('',*,*,#9425,.T.);
#14110 = ORIENTED_EDGE('',*,*,#14086,.T.);
#14111 = ORIENTED_EDGE('',*,*,#4633,.T.);
#14112 = ORIENTED_EDGE('',*,*,#14113,.F.);
#14113 = EDGE_CURVE('',#9405,#4634,#14114,.T.);
#14114 = SURFACE_CURVE('',#14115,(#14119,#14126),.PCURVE_S1.);
#14115 = LINE('',#14116,#14117);
#14116 = CARTESIAN_POINT('',(-19.37549999996,-11.23079999999,7.5));
#14117 = VECTOR('',#14118,1.);
#14118 = DIRECTION('',(0.,0.,1.));
#14119 = PCURVE('',#4649,#14120);
#14120 = DEFINITIONAL_REPRESENTATION('',(#14121),#14125);
#14121 = LINE('',#14122,#14123);
#14122 = CARTESIAN_POINT('',(4.910053767532,0.));
#14123 = VECTOR('',#14124,1.);
#14124 = DIRECTION('',(0.,-1.));
#14125 = ( GEOMETRIC_REPRESENTATION_CONTEXT(2) 
PARAMETRIC_REPRESENTATION_CONTEXT() REPRESENTATION_CONTEXT('2D SPACE',''
  ) );
#14126 = PCURVE('',#4677,#14127);
#14127 = DEFINITIONAL_REPRESENTATION('',(#14128),#14132);
#14128 = LINE('',#14129,#14130);
#14129 = CARTESIAN_POINT('',(0.,0.));
#14130 = VECTOR('',#14131,1.);
#14131 = DIRECTION('',(0.,-1.));
#14132 = ( GEOMETRIC_REPRESENTATION_CONTEXT(2) 
PARAMETRIC_REPRESENTATION_CONTEXT() REPRESENTATION_CONTEXT('2D SPACE',''
  ) );
#14133 = ADVANCED_FACE('',(#14134),#4677,.T.);
#14134 = FACE_BOUND('',#14135,.T.);
#14135 = EDGE_LOOP('',(#14136,#14137,#14138,#14139));
#14136 = ORIENTED_EDGE('',*,*,#9404,.T.);
#14137 = ORIENTED_EDGE('',*,*,#14113,.T.);
#14138 = ORIENTED_EDGE('',*,*,#4661,.T.);
#14139 = ORIENTED_EDGE('',*,*,#14140,.F.);
#14140 = EDGE_CURVE('',#9384,#4662,#14141,.T.);
#14141 = SURFACE_CURVE('',#14142,(#14146,#14153),.PCURVE_S1.);
#14142 = LINE('',#14143,#14144);
#14143 = CARTESIAN_POINT('',(-22.10950000002,-7.167799999996,7.5));
#14144 = VECTOR('',#14145,1.);
#14145 = DIRECTION('',(0.,0.,1.));
#14146 = PCURVE('',#4677,#14147);
#14147 = DEFINITIONAL_REPRESENTATION('',(#14148),#14152);
#14148 = LINE('',#14149,#14150);
#14149 = CARTESIAN_POINT('',(4.897216045904,0.));
#14150 = VECTOR('',#14151,1.);
#14151 = DIRECTION('',(0.,-1.));
#14152 = ( GEOMETRIC_REPRESENTATION_CONTEXT(2) 
PARAMETRIC_REPRESENTATION_CONTEXT() REPRESENTATION_CONTEXT('2D SPACE',''
  ) );
#14153 = PCURVE('',#4705,#14154);
#14154 = DEFINITIONAL_REPRESENTATION('',(#14155),#14159);
#14155 = LINE('',#14156,#14157);
#14156 = CARTESIAN_POINT('',(0.,0.));
#14157 = VECTOR('',#14158,1.);
#14158 = DIRECTION('',(0.,-1.));
#14159 = ( GEOMETRIC_REPRESENTATION_CONTEXT(2) 
PARAMETRIC_REPRESENTATION_CONTEXT() REPRESENTATION_CONTEXT('2D SPACE',''
  ) );
#14160 = ADVANCED_FACE('',(#14161),#4705,.T.);
#14161 = FACE_BOUND('',#14162,.T.);
#14162 = EDGE_LOOP('',(#14163,#14164,#14165,#14166));
#14163 = ORIENTED_EDGE('',*,*,#9383,.T.);
#14164 = ORIENTED_EDGE('',*,*,#14140,.T.);
#14165 = ORIENTED_EDGE('',*,*,#4689,.T.);
#14166 = ORIENTED_EDGE('',*,*,#14167,.F.);
#14167 = EDGE_CURVE('',#9363,#4690,#14168,.T.);
#14168 = SURFACE_CURVE('',#14169,(#14173,#14180),.PCURVE_S1.);
#14169 = LINE('',#14170,#14171);
#14170 = CARTESIAN_POINT('',(-24.25749999994,-2.773799999995,7.5));
#14171 = VECTOR('',#14172,1.);
#14172 = DIRECTION('',(0.,0.,1.));
#14173 = PCURVE('',#4705,#14174);
#14174 = DEFINITIONAL_REPRESENTATION('',(#14175),#14179);
#14175 = LINE('',#14176,#14177);
#14176 = CARTESIAN_POINT('',(4.890924248002,0.));
#14177 = VECTOR('',#14178,1.);
#14178 = DIRECTION('',(0.,-1.));
#14179 = ( GEOMETRIC_REPRESENTATION_CONTEXT(2) 
PARAMETRIC_REPRESENTATION_CONTEXT() REPRESENTATION_CONTEXT('2D SPACE',''
  ) );
#14180 = PCURVE('',#4733,#14181);
#14181 = DEFINITIONAL_REPRESENTATION('',(#14182),#14186);
#14182 = LINE('',#14183,#14184);
#14183 = CARTESIAN_POINT('',(0.,0.));
#14184 = VECTOR('',#14185,1.);
#14185 = DIRECTION('',(0.,-1.));
#14186 = ( GEOMETRIC_REPRESENTATION_CONTEXT(2) 
PARAMETRIC_REPRESENTATION_CONTEXT() REPRESENTATION_CONTEXT('2D SPACE',''
  ) );
#14187 = ADVANCED_FACE('',(#14188),#4733,.T.);
#14188 = FACE_BOUND('',#14189,.T.);
#14189 = EDGE_LOOP('',(#14190,#14191,#14192,#14193));
#14190 = ORIENTED_EDGE('',*,*,#9362,.T.);
#14191 = ORIENTED_EDGE('',*,*,#14167,.T.);
#14192 = ORIENTED_EDGE('',*,*,#4717,.T.);
#14193 = ORIENTED_EDGE('',*,*,#14194,.F.);
#14194 = EDGE_CURVE('',#9342,#4718,#14195,.T.);
#14195 = SURFACE_CURVE('',#14196,(#14200,#14207),.PCURVE_S1.);
#14196 = LINE('',#14197,#14198);
#14197 = CARTESIAN_POINT('',(-25.78150000004,1.89420000001,7.5));
#14198 = VECTOR('',#14199,1.);
#14199 = DIRECTION('',(0.,0.,1.));
#14200 = PCURVE('',#4733,#14201);
#14201 = DEFINITIONAL_REPRESENTATION('',(#14202),#14206);
#14202 = LINE('',#14203,#14204);
#14203 = CARTESIAN_POINT('',(4.91047859178,0.));
#14204 = VECTOR('',#14205,1.);
#14205 = DIRECTION('',(0.,-1.));
#14206 = ( GEOMETRIC_REPRESENTATION_CONTEXT(2) 
PARAMETRIC_REPRESENTATION_CONTEXT() REPRESENTATION_CONTEXT('2D SPACE',''
  ) );
#14207 = PCURVE('',#4761,#14208);
#14208 = DEFINITIONAL_REPRESENTATION('',(#14209),#14213);
#14209 = LINE('',#14210,#14211);
#14210 = CARTESIAN_POINT('',(0.,0.));
#14211 = VECTOR('',#14212,1.);
#14212 = DIRECTION('',(0.,-1.));
#14213 = ( GEOMETRIC_REPRESENTATION_CONTEXT(2) 
PARAMETRIC_REPRESENTATION_CONTEXT() REPRESENTATION_CONTEXT('2D SPACE',''
  ) );
#14214 = ADVANCED_FACE('',(#14215),#4761,.T.);
#14215 = FACE_BOUND('',#14216,.T.);
#14216 = EDGE_LOOP('',(#14217,#14218,#14219,#14220));
#14217 = ORIENTED_EDGE('',*,*,#9341,.T.);
#14218 = ORIENTED_EDGE('',*,*,#14194,.T.);
#14219 = ORIENTED_EDGE('',*,*,#4745,.T.);
#14220 = ORIENTED_EDGE('',*,*,#14221,.F.);
#14221 = EDGE_CURVE('',#9321,#4746,#14222,.T.);
#14222 = SURFACE_CURVE('',#14223,(#14227,#14234),.PCURVE_S1.);
#14223 = LINE('',#14224,#14225);
#14224 = CARTESIAN_POINT('',(-26.60149999999,6.699200000003,7.5));
#14225 = VECTOR('',#14226,1.);
#14226 = DIRECTION('',(0.,0.,1.));
#14227 = PCURVE('',#4761,#14228);
#14228 = DEFINITIONAL_REPRESENTATION('',(#14229),#14233);
#14229 = LINE('',#14230,#14231);
#14230 = CARTESIAN_POINT('',(4.874466637474,0.));
#14231 = VECTOR('',#14232,1.);
#14232 = DIRECTION('',(0.,-1.));
#14233 = ( GEOMETRIC_REPRESENTATION_CONTEXT(2) 
PARAMETRIC_REPRESENTATION_CONTEXT() REPRESENTATION_CONTEXT('2D SPACE',''
  ) );
#14234 = PCURVE('',#4789,#14235);
#14235 = DEFINITIONAL_REPRESENTATION('',(#14236),#14240);
#14236 = LINE('',#14237,#14238);
#14237 = CARTESIAN_POINT('',(0.,0.));
#14238 = VECTOR('',#14239,1.);
#14239 = DIRECTION('',(0.,-1.));
#14240 = ( GEOMETRIC_REPRESENTATION_CONTEXT(2) 
PARAMETRIC_REPRESENTATION_CONTEXT() REPRESENTATION_CONTEXT('2D SPACE',''
  ) );
#14241 = ADVANCED_FACE('',(#14242),#4789,.T.);
#14242 = FACE_BOUND('',#14243,.T.);
#14243 = EDGE_LOOP('',(#14244,#14245,#14246,#14247));
#14244 = ORIENTED_EDGE('',*,*,#9320,.T.);
#14245 = ORIENTED_EDGE('',*,*,#14221,.T.);
#14246 = ORIENTED_EDGE('',*,*,#4773,.T.);
#14247 = ORIENTED_EDGE('',*,*,#14248,.F.);
#14248 = EDGE_CURVE('',#9300,#4774,#14249,.T.);
#14249 = SURFACE_CURVE('',#14250,(#14254,#14261),.PCURVE_S1.);
#14250 = LINE('',#14251,#14252);
#14251 = CARTESIAN_POINT('',(-26.75749999994,11.601200000005,7.5));
#14252 = VECTOR('',#14253,1.);
#14253 = DIRECTION('',(0.,0.,1.));
#14254 = PCURVE('',#4789,#14255);
#14255 = DEFINITIONAL_REPRESENTATION('',(#14256),#14260);
#14256 = LINE('',#14257,#14258);
#14257 = CARTESIAN_POINT('',(4.904481623985,0.));
#14258 = VECTOR('',#14259,1.);
#14259 = DIRECTION('',(0.,-1.));
#14260 = ( GEOMETRIC_REPRESENTATION_CONTEXT(2) 
PARAMETRIC_REPRESENTATION_CONTEXT() REPRESENTATION_CONTEXT('2D SPACE',''
  ) );
#14261 = PCURVE('',#4817,#14262);
#14262 = DEFINITIONAL_REPRESENTATION('',(#14263),#14267);
#14263 = LINE('',#14264,#14265);
#14264 = CARTESIAN_POINT('',(0.,0.));
#14265 = VECTOR('',#14266,1.);
#14266 = DIRECTION('',(0.,-1.));
#14267 = ( GEOMETRIC_REPRESENTATION_CONTEXT(2) 
PARAMETRIC_REPRESENTATION_CONTEXT() REPRESENTATION_CONTEXT('2D SPACE',''
  ) );
#14268 = ADVANCED_FACE('',(#14269),#4817,.T.);
#14269 = FACE_BOUND('',#14270,.T.);
#14270 = EDGE_LOOP('',(#14271,#14272,#14273,#14274));
#14271 = ORIENTED_EDGE('',*,*,#9299,.T.);
#14272 = ORIENTED_EDGE('',*,*,#14248,.T.);
#14273 = ORIENTED_EDGE('',*,*,#4801,.T.);
#14274 = ORIENTED_EDGE('',*,*,#14275,.F.);
#14275 = EDGE_CURVE('',#9279,#4802,#14276,.T.);
#14276 = SURFACE_CURVE('',#14277,(#14281,#14288),.PCURVE_S1.);
#14277 = LINE('',#14278,#14279);
#14278 = CARTESIAN_POINT('',(-26.24950000003,16.465200000006,7.5));
#14279 = VECTOR('',#14280,1.);
#14280 = DIRECTION('',(0.,0.,1.));
#14281 = PCURVE('',#4817,#14282);
#14282 = DEFINITIONAL_REPRESENTATION('',(#14283),#14287);
#14283 = LINE('',#14284,#14285);
#14284 = CARTESIAN_POINT('',(4.89045601145,0.));
#14285 = VECTOR('',#14286,1.);
#14286 = DIRECTION('',(0.,-1.));
#14287 = ( GEOMETRIC_REPRESENTATION_CONTEXT(2) 
PARAMETRIC_REPRESENTATION_CONTEXT() REPRESENTATION_CONTEXT('2D SPACE',''
  ) );
#14288 = PCURVE('',#4845,#14289);
#14289 = DEFINITIONAL_REPRESENTATION('',(#14290),#14294);
#14290 = LINE('',#14291,#14292);
#14291 = CARTESIAN_POINT('',(0.,0.));
#14292 = VECTOR('',#14293,1.);
#14293 = DIRECTION('',(0.,-1.));
#14294 = ( GEOMETRIC_REPRESENTATION_CONTEXT(2) 
PARAMETRIC_REPRESENTATION_CONTEXT() REPRESENTATION_CONTEXT('2D SPACE',''
  ) );
#14295 = ADVANCED_FACE('',(#14296),#4845,.T.);
#14296 = FACE_BOUND('',#14297,.T.);
#14297 = EDGE_LOOP('',(#14298,#14299,#14300,#14301));
#14298 = ORIENTED_EDGE('',*,*,#9278,.T.);
#14299 = ORIENTED_EDGE('',*,*,#14275,.T.);
#14300 = ORIENTED_EDGE('',*,*,#4829,.T.);
#14301 = ORIENTED_EDGE('',*,*,#14302,.F.);
#14302 = EDGE_CURVE('',#9258,#4830,#14303,.T.);
#14303 = SURFACE_CURVE('',#14304,(#14308,#14315),.PCURVE_S1.);
#14304 = LINE('',#14305,#14306);
#14305 = CARTESIAN_POINT('',(-25.07849999994,21.23020000002,7.5));
#14306 = VECTOR('',#14307,1.);
#14307 = DIRECTION('',(0.,0.,1.));
#14308 = PCURVE('',#4845,#14309);
#14309 = DEFINITIONAL_REPRESENTATION('',(#14310),#14314);
#14310 = LINE('',#14311,#14312);
#14311 = CARTESIAN_POINT('',(4.906777557659,0.));
#14312 = VECTOR('',#14313,1.);
#14313 = DIRECTION('',(0.,-1.));
#14314 = ( GEOMETRIC_REPRESENTATION_CONTEXT(2) 
PARAMETRIC_REPRESENTATION_CONTEXT() REPRESENTATION_CONTEXT('2D SPACE',''
  ) );
#14315 = PCURVE('',#4873,#14316);
#14316 = DEFINITIONAL_REPRESENTATION('',(#14317),#14321);
#14317 = LINE('',#14318,#14319);
#14318 = CARTESIAN_POINT('',(0.,0.));
#14319 = VECTOR('',#14320,1.);
#14320 = DIRECTION('',(0.,-1.));
#14321 = ( GEOMETRIC_REPRESENTATION_CONTEXT(2) 
PARAMETRIC_REPRESENTATION_CONTEXT() REPRESENTATION_CONTEXT('2D SPACE',''
  ) );
#14322 = ADVANCED_FACE('',(#14323),#4873,.T.);
#14323 = FACE_BOUND('',#14324,.T.);
#14324 = EDGE_LOOP('',(#14325,#14326,#14327,#14328));
#14325 = ORIENTED_EDGE('',*,*,#9257,.T.);
#14326 = ORIENTED_EDGE('',*,*,#14302,.T.);
#14327 = ORIENTED_EDGE('',*,*,#4857,.T.);
#14328 = ORIENTED_EDGE('',*,*,#14329,.F.);
#14329 = EDGE_CURVE('',#9237,#4858,#14330,.T.);
#14330 = SURFACE_CURVE('',#14331,(#14335,#14342),.PCURVE_S1.);
#14331 = LINE('',#14332,#14333);
#14332 = CARTESIAN_POINT('',(-23.24250000005,25.762199999997,7.5));
#14333 = VECTOR('',#14334,1.);
#14334 = DIRECTION('',(0.,0.,1.));
#14335 = PCURVE('',#4873,#14336);
#14336 = DEFINITIONAL_REPRESENTATION('',(#14337),#14341);
#14337 = LINE('',#14338,#14339);
#14338 = CARTESIAN_POINT('',(4.889777090973,0.));
#14339 = VECTOR('',#14340,1.);
#14340 = DIRECTION('',(0.,-1.));
#14341 = ( GEOMETRIC_REPRESENTATION_CONTEXT(2) 
PARAMETRIC_REPRESENTATION_CONTEXT() REPRESENTATION_CONTEXT('2D SPACE',''
  ) );
#14342 = PCURVE('',#4901,#14343);
#14343 = DEFINITIONAL_REPRESENTATION('',(#14344),#14348);
#14344 = LINE('',#14345,#14346);
#14345 = CARTESIAN_POINT('',(0.,0.));
#14346 = VECTOR('',#14347,1.);
#14347 = DIRECTION('',(0.,-1.));
#14348 = ( GEOMETRIC_REPRESENTATION_CONTEXT(2) 
PARAMETRIC_REPRESENTATION_CONTEXT() REPRESENTATION_CONTEXT('2D SPACE',''
  ) );
#14349 = ADVANCED_FACE('',(#14350),#4901,.T.);
#14350 = FACE_BOUND('',#14351,.T.);
#14351 = EDGE_LOOP('',(#14352,#14353,#14354,#14355));
#14352 = ORIENTED_EDGE('',*,*,#9236,.T.);
#14353 = ORIENTED_EDGE('',*,*,#14329,.T.);
#14354 = ORIENTED_EDGE('',*,*,#4885,.T.);
#14355 = ORIENTED_EDGE('',*,*,#14356,.F.);
#14356 = EDGE_CURVE('',#9216,#4886,#14357,.T.);
#14357 = SURFACE_CURVE('',#14358,(#14362,#14369),.PCURVE_S1.);
#14358 = LINE('',#14359,#14360);
#14359 = CARTESIAN_POINT('',(-20.78150000004,30.000200000009,7.5));
#14360 = VECTOR('',#14361,1.);
#14361 = DIRECTION('',(0.,0.,1.));
#14362 = PCURVE('',#4901,#14363);
#14363 = DEFINITIONAL_REPRESENTATION('',(#14364),#14368);
#14364 = LINE('',#14365,#14366);
#14365 = CARTESIAN_POINT('',(4.900731067928,0.));
#14366 = VECTOR('',#14367,1.);
#14367 = DIRECTION('',(0.,-1.));
#14368 = ( GEOMETRIC_REPRESENTATION_CONTEXT(2) 
PARAMETRIC_REPRESENTATION_CONTEXT() REPRESENTATION_CONTEXT('2D SPACE',''
  ) );
#14369 = PCURVE('',#4929,#14370);
#14370 = DEFINITIONAL_REPRESENTATION('',(#14371),#14375);
#14371 = LINE('',#14372,#14373);
#14372 = CARTESIAN_POINT('',(0.,0.));
#14373 = VECTOR('',#14374,1.);
#14374 = DIRECTION('',(0.,-1.));
#14375 = ( GEOMETRIC_REPRESENTATION_CONTEXT(2) 
PARAMETRIC_REPRESENTATION_CONTEXT() REPRESENTATION_CONTEXT('2D SPACE',''
  ) );
#14376 = ADVANCED_FACE('',(#14377),#4929,.T.);
#14377 = FACE_BOUND('',#14378,.T.);
#14378 = EDGE_LOOP('',(#14379,#14380,#14381,#14382));
#14379 = ORIENTED_EDGE('',*,*,#9215,.T.);
#14380 = ORIENTED_EDGE('',*,*,#14356,.T.);
#14381 = ORIENTED_EDGE('',*,*,#4913,.T.);
#14382 = ORIENTED_EDGE('',*,*,#14383,.F.);
#14383 = EDGE_CURVE('',#9195,#4914,#14384,.T.);
#14384 = SURFACE_CURVE('',#14385,(#14389,#14396),.PCURVE_S1.);
#14385 = LINE('',#14386,#14387);
#14386 = CARTESIAN_POINT('',(-17.73450000002,33.847200000018,7.5));
#14387 = VECTOR('',#14388,1.);
#14388 = DIRECTION('',(0.,0.,1.));
#14389 = PCURVE('',#4929,#14390);
#14390 = DEFINITIONAL_REPRESENTATION('',(#14391),#14395);
#14391 = LINE('',#14392,#14393);
#14392 = CARTESIAN_POINT('',(4.907506291406,0.));
#14393 = VECTOR('',#14394,1.);
#14394 = DIRECTION('',(0.,-1.));
#14395 = ( GEOMETRIC_REPRESENTATION_CONTEXT(2) 
PARAMETRIC_REPRESENTATION_CONTEXT() REPRESENTATION_CONTEXT('2D SPACE',''
  ) );
#14396 = PCURVE('',#4957,#14397);
#14397 = DEFINITIONAL_REPRESENTATION('',(#14398),#14402);
#14398 = LINE('',#14399,#14400);
#14399 = CARTESIAN_POINT('',(0.,0.));
#14400 = VECTOR('',#14401,1.);
#14401 = DIRECTION('',(0.,-1.));
#14402 = ( GEOMETRIC_REPRESENTATION_CONTEXT(2) 
PARAMETRIC_REPRESENTATION_CONTEXT() REPRESENTATION_CONTEXT('2D SPACE',''
  ) );
#14403 = ADVANCED_FACE('',(#14404),#4957,.T.);
#14404 = FACE_BOUND('',#14405,.T.);
#14405 = EDGE_LOOP('',(#14406,#14407,#14408,#14409));
#14406 = ORIENTED_EDGE('',*,*,#9194,.T.);
#14407 = ORIENTED_EDGE('',*,*,#14383,.T.);
#14408 = ORIENTED_EDGE('',*,*,#4941,.T.);
#14409 = ORIENTED_EDGE('',*,*,#12226,.F.);
#14410 = ADVANCED_FACE('',(#14411),#6462,.F.);
#14411 = FACE_BOUND('',#14412,.T.);
#14412 = EDGE_LOOP('',(#14413,#14437,#14438,#14439));
#14413 = ORIENTED_EDGE('',*,*,#14414,.F.);
#14414 = EDGE_CURVE('',#7896,#14415,#14417,.T.);
#14415 = VERTEX_POINT('',#14416);
#14416 = CARTESIAN_POINT('',(68.47649999999,-88.41779999999,7.5));
#14417 = SURFACE_CURVE('',#14418,(#14423,#14430),.PCURVE_S1.);
#14418 = CIRCLE('',#14419,35.5);
#14419 = AXIS2_PLACEMENT_3D('',#14420,#14421,#14422);
#14420 = CARTESIAN_POINT('',(92.93894141402,-62.6915690272,7.5));
#14421 = DIRECTION('',(0.,0.,1.));
#14422 = DIRECTION('',(-0.893195532791,-0.449668478106,0.));
#14423 = PCURVE('',#6462,#14424);
#14424 = DEFINITIONAL_REPRESENTATION('',(#14425),#14429);
#14425 = LINE('',#14426,#14427);
#14426 = CARTESIAN_POINT('',(-0.,0.));
#14427 = VECTOR('',#14428,1.);
#14428 = DIRECTION('',(-1.,0.));
#14429 = ( GEOMETRIC_REPRESENTATION_CONTEXT(2) 
PARAMETRIC_REPRESENTATION_CONTEXT() REPRESENTATION_CONTEXT('2D SPACE',''
  ) );
#14430 = PCURVE('',#7932,#14431);
#14431 = DEFINITIONAL_REPRESENTATION('',(#14432),#14436);
#14432 = CIRCLE('',#14433,35.5);
#14433 = AXIS2_PLACEMENT_2D('',#14434,#14435);
#14434 = CARTESIAN_POINT('',(134.15423041491,-58.83516690495));
#14435 = DIRECTION('',(-0.893195532791,-0.449668478106));
#14436 = ( GEOMETRIC_REPRESENTATION_CONTEXT(2) 
PARAMETRIC_REPRESENTATION_CONTEXT() REPRESENTATION_CONTEXT('2D SPACE',''
  ) );
#14437 = ORIENTED_EDGE('',*,*,#7895,.F.);
#14438 = ORIENTED_EDGE('',*,*,#6441,.T.);
#14439 = ORIENTED_EDGE('',*,*,#14440,.F.);
#14440 = EDGE_CURVE('',#14415,#6442,#14441,.T.);
#14441 = SURFACE_CURVE('',#14442,(#14446,#14453),.PCURVE_S1.);
#14442 = LINE('',#14443,#14444);
#14443 = CARTESIAN_POINT('',(68.47649999999,-88.41779999999,7.5));
#14444 = VECTOR('',#14445,1.);
#14445 = DIRECTION('',(0.,0.,1.));
#14446 = PCURVE('',#6462,#14447);
#14447 = DEFINITIONAL_REPRESENTATION('',(#14448),#14452);
#14448 = LINE('',#14449,#14450);
#14449 = CARTESIAN_POINT('',(-0.344179475627,0.));
#14450 = VECTOR('',#14451,1.);
#14451 = DIRECTION('',(-0.,-1.));
#14452 = ( GEOMETRIC_REPRESENTATION_CONTEXT(2) 
PARAMETRIC_REPRESENTATION_CONTEXT() REPRESENTATION_CONTEXT('2D SPACE',''
  ) );
#14453 = PCURVE('',#6490,#14454);
#14454 = DEFINITIONAL_REPRESENTATION('',(#14455),#14459);
#14455 = LINE('',#14456,#14457);
#14456 = CARTESIAN_POINT('',(0.,0.));
#14457 = VECTOR('',#14458,1.);
#14458 = DIRECTION('',(0.,-1.));
#14459 = ( GEOMETRIC_REPRESENTATION_CONTEXT(2) 
PARAMETRIC_REPRESENTATION_CONTEXT() REPRESENTATION_CONTEXT('2D SPACE',''
  ) );
#14460 = ADVANCED_FACE('',(#14461),#6490,.T.);
#14461 = FACE_BOUND('',#14462,.T.);
#14462 = EDGE_LOOP('',(#14463,#14464,#14465,#14488));
#14463 = ORIENTED_EDGE('',*,*,#14440,.T.);
#14464 = ORIENTED_EDGE('',*,*,#6474,.T.);
#14465 = ORIENTED_EDGE('',*,*,#14466,.F.);
#14466 = EDGE_CURVE('',#14467,#6475,#14469,.T.);
#14467 = VERTEX_POINT('',#14468);
#14468 = CARTESIAN_POINT('',(68.47649999999,-39.66779999999,7.5));
#14469 = SURFACE_CURVE('',#14470,(#14474,#14481),.PCURVE_S1.);
#14470 = LINE('',#14471,#14472);
#14471 = CARTESIAN_POINT('',(68.47649999999,-39.66779999999,7.5));
#14472 = VECTOR('',#14473,1.);
#14473 = DIRECTION('',(0.,0.,1.));
#14474 = PCURVE('',#6490,#14475);
#14475 = DEFINITIONAL_REPRESENTATION('',(#14476),#14480);
#14476 = LINE('',#14477,#14478);
#14477 = CARTESIAN_POINT('',(48.75,0.));
#14478 = VECTOR('',#14479,1.);
#14479 = DIRECTION('',(0.,-1.));
#14480 = ( GEOMETRIC_REPRESENTATION_CONTEXT(2) 
PARAMETRIC_REPRESENTATION_CONTEXT() REPRESENTATION_CONTEXT('2D SPACE',''
  ) );
#14481 = PCURVE('',#6518,#14482);
#14482 = DEFINITIONAL_REPRESENTATION('',(#14483),#14487);
#14483 = LINE('',#14484,#14485);
#14484 = CARTESIAN_POINT('',(0.,-0.));
#14485 = VECTOR('',#14486,1.);
#14486 = DIRECTION('',(0.,-1.));
#14487 = ( GEOMETRIC_REPRESENTATION_CONTEXT(2) 
PARAMETRIC_REPRESENTATION_CONTEXT() REPRESENTATION_CONTEXT('2D SPACE',''
  ) );
#14488 = ORIENTED_EDGE('',*,*,#14489,.F.);
#14489 = EDGE_CURVE('',#14415,#14467,#14490,.T.);
#14490 = SURFACE_CURVE('',#14491,(#14495,#14502),.PCURVE_S1.);
#14491 = LINE('',#14492,#14493);
#14492 = CARTESIAN_POINT('',(68.47649999999,-88.41779999999,7.5));
#14493 = VECTOR('',#14494,1.);
#14494 = DIRECTION('',(0.,1.,0.));
#14495 = PCURVE('',#6490,#14496);
#14496 = DEFINITIONAL_REPRESENTATION('',(#14497),#14501);
#14497 = LINE('',#14498,#14499);
#14498 = CARTESIAN_POINT('',(0.,0.));
#14499 = VECTOR('',#14500,1.);
#14500 = DIRECTION('',(1.,0.));
#14501 = ( GEOMETRIC_REPRESENTATION_CONTEXT(2) 
PARAMETRIC_REPRESENTATION_CONTEXT() REPRESENTATION_CONTEXT('2D SPACE',''
  ) );
#14502 = PCURVE('',#7932,#14503);
#14503 = DEFINITIONAL_REPRESENTATION('',(#14504),#14508);
#14504 = LINE('',#14505,#14506);
#14505 = CARTESIAN_POINT('',(109.69178900088,-84.56139787773));
#14506 = VECTOR('',#14507,1.);
#14507 = DIRECTION('',(0.,1.));
#14508 = ( GEOMETRIC_REPRESENTATION_CONTEXT(2) 
PARAMETRIC_REPRESENTATION_CONTEXT() REPRESENTATION_CONTEXT('2D SPACE',''
  ) );
#14509 = ADVANCED_FACE('',(#14510),#6518,.T.);
#14510 = FACE_BOUND('',#14511,.T.);
#14511 = EDGE_LOOP('',(#14512,#14513,#14514,#14537));
#14512 = ORIENTED_EDGE('',*,*,#14466,.T.);
#14513 = ORIENTED_EDGE('',*,*,#6502,.T.);
#14514 = ORIENTED_EDGE('',*,*,#14515,.F.);
#14515 = EDGE_CURVE('',#14516,#6503,#14518,.T.);
#14516 = VERTEX_POINT('',#14517);
#14517 = CARTESIAN_POINT('',(68.320500000031,-39.66779999999,7.5));
#14518 = SURFACE_CURVE('',#14519,(#14523,#14530),.PCURVE_S1.);
#14519 = LINE('',#14520,#14521);
#14520 = CARTESIAN_POINT('',(68.320500000031,-39.66779999999,7.5));
#14521 = VECTOR('',#14522,1.);
#14522 = DIRECTION('',(0.,0.,1.));
#14523 = PCURVE('',#6518,#14524);
#14524 = DEFINITIONAL_REPRESENTATION('',(#14525),#14529);
#14525 = LINE('',#14526,#14527);
#14526 = CARTESIAN_POINT('',(0.155999999959,0.));
#14527 = VECTOR('',#14528,1.);
#14528 = DIRECTION('',(0.,-1.));
#14529 = ( GEOMETRIC_REPRESENTATION_CONTEXT(2) 
PARAMETRIC_REPRESENTATION_CONTEXT() REPRESENTATION_CONTEXT('2D SPACE',''
  ) );
#14530 = PCURVE('',#6546,#14531);
#14531 = DEFINITIONAL_REPRESENTATION('',(#14532),#14536);
#14532 = LINE('',#14533,#14534);
#14533 = CARTESIAN_POINT('',(0.,0.));
#14534 = VECTOR('',#14535,1.);
#14535 = DIRECTION('',(0.,-1.));
#14536 = ( GEOMETRIC_REPRESENTATION_CONTEXT(2) 
PARAMETRIC_REPRESENTATION_CONTEXT() REPRESENTATION_CONTEXT('2D SPACE',''
  ) );
#14537 = ORIENTED_EDGE('',*,*,#14538,.F.);
#14538 = EDGE_CURVE('',#14467,#14516,#14539,.T.);
#14539 = SURFACE_CURVE('',#14540,(#14544,#14551),.PCURVE_S1.);
#14540 = LINE('',#14541,#14542);
#14541 = CARTESIAN_POINT('',(68.47649999999,-39.66779999999,7.5));
#14542 = VECTOR('',#14543,1.);
#14543 = DIRECTION('',(-1.,0.,0.));
#14544 = PCURVE('',#6518,#14545);
#14545 = DEFINITIONAL_REPRESENTATION('',(#14546),#14550);
#14546 = LINE('',#14547,#14548);
#14547 = CARTESIAN_POINT('',(0.,-0.));
#14548 = VECTOR('',#14549,1.);
#14549 = DIRECTION('',(1.,0.));
#14550 = ( GEOMETRIC_REPRESENTATION_CONTEXT(2) 
PARAMETRIC_REPRESENTATION_CONTEXT() REPRESENTATION_CONTEXT('2D SPACE',''
  ) );
#14551 = PCURVE('',#7932,#14552);
#14552 = DEFINITIONAL_REPRESENTATION('',(#14553),#14557);
#14553 = LINE('',#14554,#14555);
#14554 = CARTESIAN_POINT('',(109.69178900088,-35.81139787773));
#14555 = VECTOR('',#14556,1.);
#14556 = DIRECTION('',(-1.,0.));
#14557 = ( GEOMETRIC_REPRESENTATION_CONTEXT(2) 
PARAMETRIC_REPRESENTATION_CONTEXT() REPRESENTATION_CONTEXT('2D SPACE',''
  ) );
#14558 = ADVANCED_FACE('',(#14559),#6546,.T.);
#14559 = FACE_BOUND('',#14560,.T.);
#14560 = EDGE_LOOP('',(#14561,#14562,#14563,#14586));
#14561 = ORIENTED_EDGE('',*,*,#14515,.T.);
#14562 = ORIENTED_EDGE('',*,*,#6530,.T.);
#14563 = ORIENTED_EDGE('',*,*,#14564,.F.);
#14564 = EDGE_CURVE('',#14565,#6531,#14567,.T.);
#14565 = VERTEX_POINT('',#14566);
#14566 = CARTESIAN_POINT('',(68.320500000031,10.332200000004,7.5));
#14567 = SURFACE_CURVE('',#14568,(#14572,#14579),.PCURVE_S1.);
#14568 = LINE('',#14569,#14570);
#14569 = CARTESIAN_POINT('',(68.320500000031,10.332200000004,7.5));
#14570 = VECTOR('',#14571,1.);
#14571 = DIRECTION('',(0.,0.,1.));
#14572 = PCURVE('',#6546,#14573);
#14573 = DEFINITIONAL_REPRESENTATION('',(#14574),#14578);
#14574 = LINE('',#14575,#14576);
#14575 = CARTESIAN_POINT('',(50.,0.));
#14576 = VECTOR('',#14577,1.);
#14577 = DIRECTION('',(0.,-1.));
#14578 = ( GEOMETRIC_REPRESENTATION_CONTEXT(2) 
PARAMETRIC_REPRESENTATION_CONTEXT() REPRESENTATION_CONTEXT('2D SPACE',''
  ) );
#14579 = PCURVE('',#6574,#14580);
#14580 = DEFINITIONAL_REPRESENTATION('',(#14581),#14585);
#14581 = LINE('',#14582,#14583);
#14582 = CARTESIAN_POINT('',(0.,0.));
#14583 = VECTOR('',#14584,1.);
#14584 = DIRECTION('',(0.,-1.));
#14585 = ( GEOMETRIC_REPRESENTATION_CONTEXT(2) 
PARAMETRIC_REPRESENTATION_CONTEXT() REPRESENTATION_CONTEXT('2D SPACE',''
  ) );
#14586 = ORIENTED_EDGE('',*,*,#14587,.F.);
#14587 = EDGE_CURVE('',#14516,#14565,#14588,.T.);
#14588 = SURFACE_CURVE('',#14589,(#14593,#14600),.PCURVE_S1.);
#14589 = LINE('',#14590,#14591);
#14590 = CARTESIAN_POINT('',(68.320500000031,-39.66779999999,7.5));
#14591 = VECTOR('',#14592,1.);
#14592 = DIRECTION('',(0.,1.,0.));
#14593 = PCURVE('',#6546,#14594);
#14594 = DEFINITIONAL_REPRESENTATION('',(#14595),#14599);
#14595 = LINE('',#14596,#14597);
#14596 = CARTESIAN_POINT('',(0.,0.));
#14597 = VECTOR('',#14598,1.);
#14598 = DIRECTION('',(1.,0.));
#14599 = ( GEOMETRIC_REPRESENTATION_CONTEXT(2) 
PARAMETRIC_REPRESENTATION_CONTEXT() REPRESENTATION_CONTEXT('2D SPACE',''
  ) );
#14600 = PCURVE('',#7932,#14601);
#14601 = DEFINITIONAL_REPRESENTATION('',(#14602),#14606);
#14602 = LINE('',#14603,#14604);
#14603 = CARTESIAN_POINT('',(109.53578900092,-35.81139787773));
#14604 = VECTOR('',#14605,1.);
#14605 = DIRECTION('',(0.,1.));
#14606 = ( GEOMETRIC_REPRESENTATION_CONTEXT(2) 
PARAMETRIC_REPRESENTATION_CONTEXT() REPRESENTATION_CONTEXT('2D SPACE',''
  ) );
#14607 = ADVANCED_FACE('',(#14608),#6574,.T.);
#14608 = FACE_BOUND('',#14609,.T.);
#14609 = EDGE_LOOP('',(#14610,#14611,#14612,#14635));
#14610 = ORIENTED_EDGE('',*,*,#14564,.T.);
#14611 = ORIENTED_EDGE('',*,*,#6558,.T.);
#14612 = ORIENTED_EDGE('',*,*,#14613,.F.);
#14613 = EDGE_CURVE('',#14614,#6559,#14616,.T.);
#14614 = VERTEX_POINT('',#14615);
#14615 = CARTESIAN_POINT('',(67.968499999959,16.797200000001,7.5));
#14616 = SURFACE_CURVE('',#14617,(#14621,#14628),.PCURVE_S1.);
#14617 = LINE('',#14618,#14619);
#14618 = CARTESIAN_POINT('',(67.968499999959,16.797200000001,7.5));
#14619 = VECTOR('',#14620,1.);
#14620 = DIRECTION('',(0.,0.,1.));
#14621 = PCURVE('',#6574,#14622);
#14622 = DEFINITIONAL_REPRESENTATION('',(#14623),#14627);
#14623 = LINE('',#14624,#14625);
#14624 = CARTESIAN_POINT('',(6.474575584546,0.));
#14625 = VECTOR('',#14626,1.);
#14626 = DIRECTION('',(0.,-1.));
#14627 = ( GEOMETRIC_REPRESENTATION_CONTEXT(2) 
PARAMETRIC_REPRESENTATION_CONTEXT() REPRESENTATION_CONTEXT('2D SPACE',''
  ) );
#14628 = PCURVE('',#6602,#14629);
#14629 = DEFINITIONAL_REPRESENTATION('',(#14630),#14634);
#14630 = LINE('',#14631,#14632);
#14631 = CARTESIAN_POINT('',(0.,0.));
#14632 = VECTOR('',#14633,1.);
#14633 = DIRECTION('',(0.,-1.));
#14634 = ( GEOMETRIC_REPRESENTATION_CONTEXT(2) 
PARAMETRIC_REPRESENTATION_CONTEXT() REPRESENTATION_CONTEXT('2D SPACE',''
  ) );
#14635 = ORIENTED_EDGE('',*,*,#14636,.F.);
#14636 = EDGE_CURVE('',#14565,#14614,#14637,.T.);
#14637 = SURFACE_CURVE('',#14638,(#14642,#14649),.PCURVE_S1.);
#14638 = LINE('',#14639,#14640);
#14639 = CARTESIAN_POINT('',(68.320500000031,10.332200000004,7.5));
#14640 = VECTOR('',#14641,1.);
#14641 = DIRECTION('',(-5.436649792333E-02,0.998521048303,0.));
#14642 = PCURVE('',#6574,#14643);
#14643 = DEFINITIONAL_REPRESENTATION('',(#14644),#14648);
#14644 = LINE('',#14645,#14646);
#14645 = CARTESIAN_POINT('',(0.,0.));
#14646 = VECTOR('',#14647,1.);
#14647 = DIRECTION('',(1.,0.));
#14648 = ( GEOMETRIC_REPRESENTATION_CONTEXT(2) 
PARAMETRIC_REPRESENTATION_CONTEXT() REPRESENTATION_CONTEXT('2D SPACE',''
  ) );
#14649 = PCURVE('',#7932,#14650);
#14650 = DEFINITIONAL_REPRESENTATION('',(#14651),#14655);
#14651 = LINE('',#14652,#14653);
#14652 = CARTESIAN_POINT('',(109.53578900092,14.188602122263));
#14653 = VECTOR('',#14654,1.);
#14654 = DIRECTION('',(-5.436649792333E-02,0.998521048303));
#14655 = ( GEOMETRIC_REPRESENTATION_CONTEXT(2) 
PARAMETRIC_REPRESENTATION_CONTEXT() REPRESENTATION_CONTEXT('2D SPACE',''
  ) );
#14656 = ADVANCED_FACE('',(#14657),#6602,.T.);
#14657 = FACE_BOUND('',#14658,.T.);
#14658 = EDGE_LOOP('',(#14659,#14660,#14661,#14684));
#14659 = ORIENTED_EDGE('',*,*,#14613,.T.);
#14660 = ORIENTED_EDGE('',*,*,#6586,.T.);
#14661 = ORIENTED_EDGE('',*,*,#14662,.F.);
#14662 = EDGE_CURVE('',#14663,#6587,#14665,.T.);
#14663 = VERTEX_POINT('',#14664);
#14664 = CARTESIAN_POINT('',(66.953499999945,23.203200000018,7.5));
#14665 = SURFACE_CURVE('',#14666,(#14670,#14677),.PCURVE_S1.);
#14666 = LINE('',#14667,#14668);
#14667 = CARTESIAN_POINT('',(66.953499999945,23.203200000018,7.5));
#14668 = VECTOR('',#14669,1.);
#14669 = DIRECTION('',(0.,0.,1.));
#14670 = PCURVE('',#6602,#14671);
#14671 = DEFINITIONAL_REPRESENTATION('',(#14672),#14676);
#14672 = LINE('',#14673,#14674);
#14673 = CARTESIAN_POINT('',(6.485912503283,0.));
#14674 = VECTOR('',#14675,1.);
#14675 = DIRECTION('',(0.,-1.));
#14676 = ( GEOMETRIC_REPRESENTATION_CONTEXT(2) 
PARAMETRIC_REPRESENTATION_CONTEXT() REPRESENTATION_CONTEXT('2D SPACE',''
  ) );
#14677 = PCURVE('',#6630,#14678);
#14678 = DEFINITIONAL_REPRESENTATION('',(#14679),#14683);
#14679 = LINE('',#14680,#14681);
#14680 = CARTESIAN_POINT('',(0.,0.));
#14681 = VECTOR('',#14682,1.);
#14682 = DIRECTION('',(0.,-1.));
#14683 = ( GEOMETRIC_REPRESENTATION_CONTEXT(2) 
PARAMETRIC_REPRESENTATION_CONTEXT() REPRESENTATION_CONTEXT('2D SPACE',''
  ) );
#14684 = ORIENTED_EDGE('',*,*,#14685,.F.);
#14685 = EDGE_CURVE('',#14614,#14663,#14686,.T.);
#14686 = SURFACE_CURVE('',#14687,(#14691,#14698),.PCURVE_S1.);
#14687 = LINE('',#14688,#14689);
#14688 = CARTESIAN_POINT('',(67.968499999959,16.797200000001,7.5));
#14689 = VECTOR('',#14690,1.);
#14690 = DIRECTION('',(-0.156493014591,0.987679065478,0.));
#14691 = PCURVE('',#6602,#14692);
#14692 = DEFINITIONAL_REPRESENTATION('',(#14693),#14697);
#14693 = LINE('',#14694,#14695);
#14694 = CARTESIAN_POINT('',(0.,0.));
#14695 = VECTOR('',#14696,1.);
#14696 = DIRECTION('',(1.,0.));
#14697 = ( GEOMETRIC_REPRESENTATION_CONTEXT(2) 
PARAMETRIC_REPRESENTATION_CONTEXT() REPRESENTATION_CONTEXT('2D SPACE',''
  ) );
#14698 = PCURVE('',#7932,#14699);
#14699 = DEFINITIONAL_REPRESENTATION('',(#14700),#14704);
#14700 = LINE('',#14701,#14702);
#14701 = CARTESIAN_POINT('',(109.18378900085,20.65360212226));
#14702 = VECTOR('',#14703,1.);
#14703 = DIRECTION('',(-0.156493014591,0.987679065478));
#14704 = ( GEOMETRIC_REPRESENTATION_CONTEXT(2) 
PARAMETRIC_REPRESENTATION_CONTEXT() REPRESENTATION_CONTEXT('2D SPACE',''
  ) );
#14705 = ADVANCED_FACE('',(#14706),#6630,.T.);
#14706 = FACE_BOUND('',#14707,.T.);
#14707 = EDGE_LOOP('',(#14708,#14709,#14710,#14733));
#14708 = ORIENTED_EDGE('',*,*,#14662,.T.);
#14709 = ORIENTED_EDGE('',*,*,#6614,.T.);
#14710 = ORIENTED_EDGE('',*,*,#14711,.F.);
#14711 = EDGE_CURVE('',#14712,#6615,#14714,.T.);
#14712 = VERTEX_POINT('',#14713);
#14713 = CARTESIAN_POINT('',(65.23450000002,29.433199999999,7.5));
#14714 = SURFACE_CURVE('',#14715,(#14719,#14726),.PCURVE_S1.);
#14715 = LINE('',#14716,#14717);
#14716 = CARTESIAN_POINT('',(65.23450000002,29.433199999999,7.5));
#14717 = VECTOR('',#14718,1.);
#14718 = DIRECTION('',(0.,0.,1.));
#14719 = PCURVE('',#6630,#14720);
#14720 = DEFINITIONAL_REPRESENTATION('',(#14721),#14725);
#14721 = LINE('',#14722,#14723);
#14722 = CARTESIAN_POINT('',(6.462805969508,0.));
#14723 = VECTOR('',#14724,1.);
#14724 = DIRECTION('',(0.,-1.));
#14725 = ( GEOMETRIC_REPRESENTATION_CONTEXT(2) 
PARAMETRIC_REPRESENTATION_CONTEXT() REPRESENTATION_CONTEXT('2D SPACE',''
  ) );
#14726 = PCURVE('',#6658,#14727);
#14727 = DEFINITIONAL_REPRESENTATION('',(#14728),#14732);
#14728 = LINE('',#14729,#14730);
#14729 = CARTESIAN_POINT('',(0.,0.));
#14730 = VECTOR('',#14731,1.);
#14731 = DIRECTION('',(0.,-1.));
#14732 = ( GEOMETRIC_REPRESENTATION_CONTEXT(2) 
PARAMETRIC_REPRESENTATION_CONTEXT() REPRESENTATION_CONTEXT('2D SPACE',''
  ) );
#14733 = ORIENTED_EDGE('',*,*,#14734,.F.);
#14734 = EDGE_CURVE('',#14663,#14712,#14735,.T.);
#14735 = SURFACE_CURVE('',#14736,(#14740,#14747),.PCURVE_S1.);
#14736 = LINE('',#14737,#14738);
#14737 = CARTESIAN_POINT('',(66.953499999945,23.203200000018,7.5));
#14738 = VECTOR('',#14739,1.);
#14739 = DIRECTION('',(-0.265983538425,0.963977570946,0.));
#14740 = PCURVE('',#6630,#14741);
#14741 = DEFINITIONAL_REPRESENTATION('',(#14742),#14746);
#14742 = LINE('',#14743,#14744);
#14743 = CARTESIAN_POINT('',(0.,0.));
#14744 = VECTOR('',#14745,1.);
#14745 = DIRECTION('',(1.,0.));
#14746 = ( GEOMETRIC_REPRESENTATION_CONTEXT(2) 
PARAMETRIC_REPRESENTATION_CONTEXT() REPRESENTATION_CONTEXT('2D SPACE',''
  ) );
#14747 = PCURVE('',#7932,#14748);
#14748 = DEFINITIONAL_REPRESENTATION('',(#14749),#14753);
#14749 = LINE('',#14750,#14751);
#14750 = CARTESIAN_POINT('',(108.16878900083,27.059602122277));
#14751 = VECTOR('',#14752,1.);
#14752 = DIRECTION('',(-0.265983538425,0.963977570946));
#14753 = ( GEOMETRIC_REPRESENTATION_CONTEXT(2) 
PARAMETRIC_REPRESENTATION_CONTEXT() REPRESENTATION_CONTEXT('2D SPACE',''
  ) );
#14754 = ADVANCED_FACE('',(#14755),#6658,.T.);
#14755 = FACE_BOUND('',#14756,.T.);
#14756 = EDGE_LOOP('',(#14757,#14758,#14759,#14782));
#14757 = ORIENTED_EDGE('',*,*,#14711,.T.);
#14758 = ORIENTED_EDGE('',*,*,#6642,.T.);
#14759 = ORIENTED_EDGE('',*,*,#14760,.F.);
#14760 = EDGE_CURVE('',#14761,#6643,#14763,.T.);
#14761 = VERTEX_POINT('',#14762);
#14762 = CARTESIAN_POINT('',(62.8125,35.469200000021,7.5));
#14763 = SURFACE_CURVE('',#14764,(#14768,#14775),.PCURVE_S1.);
#14764 = LINE('',#14765,#14766);
#14765 = CARTESIAN_POINT('',(62.8125,35.469200000021,7.5));
#14766 = VECTOR('',#14767,1.);
#14767 = DIRECTION('',(0.,0.,1.));
#14768 = PCURVE('',#6658,#14769);
#14769 = DEFINITIONAL_REPRESENTATION('',(#14770),#14774);
#14770 = LINE('',#14771,#14772);
#14771 = CARTESIAN_POINT('',(6.503797352345,0.));
#14772 = VECTOR('',#14773,1.);
#14773 = DIRECTION('',(0.,-1.));
#14774 = ( GEOMETRIC_REPRESENTATION_CONTEXT(2) 
PARAMETRIC_REPRESENTATION_CONTEXT() REPRESENTATION_CONTEXT('2D SPACE',''
  ) );
#14775 = PCURVE('',#6686,#14776);
#14776 = DEFINITIONAL_REPRESENTATION('',(#14777),#14781);
#14777 = LINE('',#14778,#14779);
#14778 = CARTESIAN_POINT('',(0.,0.));
#14779 = VECTOR('',#14780,1.);
#14780 = DIRECTION('',(0.,-1.));
#14781 = ( GEOMETRIC_REPRESENTATION_CONTEXT(2) 
PARAMETRIC_REPRESENTATION_CONTEXT() REPRESENTATION_CONTEXT('2D SPACE',''
  ) );
#14782 = ORIENTED_EDGE('',*,*,#14783,.F.);
#14783 = EDGE_CURVE('',#14712,#14761,#14784,.T.);
#14784 = SURFACE_CURVE('',#14785,(#14789,#14796),.PCURVE_S1.);
#14785 = LINE('',#14786,#14787);
#14786 = CARTESIAN_POINT('',(65.23450000002,29.433199999999,7.5));
#14787 = VECTOR('',#14788,1.);
#14788 = DIRECTION('',(-0.372397826809,0.928073196783,0.));
#14789 = PCURVE('',#6658,#14790);
#14790 = DEFINITIONAL_REPRESENTATION('',(#14791),#14795);
#14791 = LINE('',#14792,#14793);
#14792 = CARTESIAN_POINT('',(0.,0.));
#14793 = VECTOR('',#14794,1.);
#14794 = DIRECTION('',(1.,0.));
#14795 = ( GEOMETRIC_REPRESENTATION_CONTEXT(2) 
PARAMETRIC_REPRESENTATION_CONTEXT() REPRESENTATION_CONTEXT('2D SPACE',''
  ) );
#14796 = PCURVE('',#7932,#14797);
#14797 = DEFINITIONAL_REPRESENTATION('',(#14798),#14802);
#14798 = LINE('',#14799,#14800);
#14799 = CARTESIAN_POINT('',(106.44978900091,33.289602122258));
#14800 = VECTOR('',#14801,1.);
#14801 = DIRECTION('',(-0.372397826809,0.928073196783));
#14802 = ( GEOMETRIC_REPRESENTATION_CONTEXT(2) 
PARAMETRIC_REPRESENTATION_CONTEXT() REPRESENTATION_CONTEXT('2D SPACE',''
  ) );
#14803 = ADVANCED_FACE('',(#14804),#6686,.T.);
#14804 = FACE_BOUND('',#14805,.T.);
#14805 = EDGE_LOOP('',(#14806,#14807,#14808,#14831));
#14806 = ORIENTED_EDGE('',*,*,#14760,.T.);
#14807 = ORIENTED_EDGE('',*,*,#6670,.T.);
#14808 = ORIENTED_EDGE('',*,*,#14809,.F.);
#14809 = EDGE_CURVE('',#14810,#6671,#14812,.T.);
#14810 = VERTEX_POINT('',#14811);
#14811 = CARTESIAN_POINT('',(59.804499999969,41.191200000001,7.5));
#14812 = SURFACE_CURVE('',#14813,(#14817,#14824),.PCURVE_S1.);
#14813 = LINE('',#14814,#14815);
#14814 = CARTESIAN_POINT('',(59.804499999969,41.191200000001,7.5));
#14815 = VECTOR('',#14816,1.);
#14816 = DIRECTION('',(0.,0.,1.));
#14817 = PCURVE('',#6686,#14818);
#14818 = DEFINITIONAL_REPRESENTATION('',(#14819),#14823);
#14819 = LINE('',#14820,#14821);
#14820 = CARTESIAN_POINT('',(6.464468114234,0.));
#14821 = VECTOR('',#14822,1.);
#14822 = DIRECTION('',(0.,-1.));
#14823 = ( GEOMETRIC_REPRESENTATION_CONTEXT(2) 
PARAMETRIC_REPRESENTATION_CONTEXT() REPRESENTATION_CONTEXT('2D SPACE',''
  ) );
#14824 = PCURVE('',#6714,#14825);
#14825 = DEFINITIONAL_REPRESENTATION('',(#14826),#14830);
#14826 = LINE('',#14827,#14828);
#14827 = CARTESIAN_POINT('',(0.,0.));
#14828 = VECTOR('',#14829,1.);
#14829 = DIRECTION('',(0.,-1.));
#14830 = ( GEOMETRIC_REPRESENTATION_CONTEXT(2) 
PARAMETRIC_REPRESENTATION_CONTEXT() REPRESENTATION_CONTEXT('2D SPACE',''
  ) );
#14831 = ORIENTED_EDGE('',*,*,#14832,.F.);
#14832 = EDGE_CURVE('',#14761,#14810,#14833,.T.);
#14833 = SURFACE_CURVE('',#14834,(#14838,#14845),.PCURVE_S1.);
#14834 = LINE('',#14835,#14836);
#14835 = CARTESIAN_POINT('',(62.8125,35.469200000021,7.5));
#14836 = VECTOR('',#14837,1.);
#14837 = DIRECTION('',(-0.465312837325,0.885146294926,0.));
#14838 = PCURVE('',#6686,#14839);
#14839 = DEFINITIONAL_REPRESENTATION('',(#14840),#14844);
#14840 = LINE('',#14841,#14842);
#14841 = CARTESIAN_POINT('',(0.,0.));
#14842 = VECTOR('',#14843,1.);
#14843 = DIRECTION('',(1.,0.));
#14844 = ( GEOMETRIC_REPRESENTATION_CONTEXT(2) 
PARAMETRIC_REPRESENTATION_CONTEXT() REPRESENTATION_CONTEXT('2D SPACE',''
  ) );
#14845 = PCURVE('',#7932,#14846);
#14846 = DEFINITIONAL_REPRESENTATION('',(#14847),#14851);
#14847 = LINE('',#14848,#14849);
#14848 = CARTESIAN_POINT('',(104.02778900089,39.32560212228));
#14849 = VECTOR('',#14850,1.);
#14850 = DIRECTION('',(-0.465312837325,0.885146294926));
#14851 = ( GEOMETRIC_REPRESENTATION_CONTEXT(2) 
PARAMETRIC_REPRESENTATION_CONTEXT() REPRESENTATION_CONTEXT('2D SPACE',''
  ) );
#14852 = ADVANCED_FACE('',(#14853),#6714,.T.);
#14853 = FACE_BOUND('',#14854,.T.);
#14854 = EDGE_LOOP('',(#14855,#14856,#14857,#14880));
#14855 = ORIENTED_EDGE('',*,*,#14809,.T.);
#14856 = ORIENTED_EDGE('',*,*,#6698,.T.);
#14857 = ORIENTED_EDGE('',*,*,#14858,.F.);
#14858 = EDGE_CURVE('',#14859,#6699,#14861,.T.);
#14859 = VERTEX_POINT('',#14860);
#14860 = CARTESIAN_POINT('',(56.171500000055,46.562200000015,7.5));
#14861 = SURFACE_CURVE('',#14862,(#14866,#14873),.PCURVE_S1.);
#14862 = LINE('',#14863,#14864);
#14863 = CARTESIAN_POINT('',(56.171500000055,46.562200000015,7.5));
#14864 = VECTOR('',#14865,1.);
#14865 = DIRECTION('',(0.,0.,1.));
#14866 = PCURVE('',#6714,#14867);
#14867 = DEFINITIONAL_REPRESENTATION('',(#14868),#14872);
#14868 = LINE('',#14869,#14870);
#14869 = CARTESIAN_POINT('',(6.48431415028,0.));
#14870 = VECTOR('',#14871,1.);
#14871 = DIRECTION('',(0.,-1.));
#14872 = ( GEOMETRIC_REPRESENTATION_CONTEXT(2) 
PARAMETRIC_REPRESENTATION_CONTEXT() REPRESENTATION_CONTEXT('2D SPACE',''
  ) );
#14873 = PCURVE('',#6742,#14874);
#14874 = DEFINITIONAL_REPRESENTATION('',(#14875),#14879);
#14875 = LINE('',#14876,#14877);
#14876 = CARTESIAN_POINT('',(0.,0.));
#14877 = VECTOR('',#14878,1.);
#14878 = DIRECTION('',(0.,-1.));
#14879 = ( GEOMETRIC_REPRESENTATION_CONTEXT(2) 
PARAMETRIC_REPRESENTATION_CONTEXT() REPRESENTATION_CONTEXT('2D SPACE',''
  ) );
#14880 = ORIENTED_EDGE('',*,*,#14881,.F.);
#14881 = EDGE_CURVE('',#14810,#14859,#14882,.T.);
#14882 = SURFACE_CURVE('',#14883,(#14887,#14894),.PCURVE_S1.);
#14883 = LINE('',#14884,#14885);
#14884 = CARTESIAN_POINT('',(59.804499999969,41.191200000001,7.5));
#14885 = VECTOR('',#14886,1.);
#14886 = DIRECTION('',(-0.560275137157,0.828306568056,0.));
#14887 = PCURVE('',#6714,#14888);
#14888 = DEFINITIONAL_REPRESENTATION('',(#14889),#14893);
#14889 = LINE('',#14890,#14891);
#14890 = CARTESIAN_POINT('',(0.,0.));
#14891 = VECTOR('',#14892,1.);
#14892 = DIRECTION('',(1.,0.));
#14893 = ( GEOMETRIC_REPRESENTATION_CONTEXT(2) 
PARAMETRIC_REPRESENTATION_CONTEXT() REPRESENTATION_CONTEXT('2D SPACE',''
  ) );
#14894 = PCURVE('',#7932,#14895);
#14895 = DEFINITIONAL_REPRESENTATION('',(#14896),#14900);
#14896 = LINE('',#14897,#14898);
#14897 = CARTESIAN_POINT('',(101.01978900086,45.04760212226));
#14898 = VECTOR('',#14899,1.);
#14899 = DIRECTION('',(-0.560275137157,0.828306568056));
#14900 = ( GEOMETRIC_REPRESENTATION_CONTEXT(2) 
PARAMETRIC_REPRESENTATION_CONTEXT() REPRESENTATION_CONTEXT('2D SPACE',''
  ) );
#14901 = ADVANCED_FACE('',(#14902),#6742,.T.);
#14902 = FACE_BOUND('',#14903,.T.);
#14903 = EDGE_LOOP('',(#14904,#14905,#14906,#14929));
#14904 = ORIENTED_EDGE('',*,*,#14858,.T.);
#14905 = ORIENTED_EDGE('',*,*,#6726,.T.);
#14906 = ORIENTED_EDGE('',*,*,#14907,.F.);
#14907 = EDGE_CURVE('',#14908,#6727,#14910,.T.);
#14908 = VERTEX_POINT('',#14909);
#14909 = CARTESIAN_POINT('',(51.992500000051,51.504199999996,7.5));
#14910 = SURFACE_CURVE('',#14911,(#14915,#14922),.PCURVE_S1.);
#14911 = LINE('',#14912,#14913);
#14912 = CARTESIAN_POINT('',(51.992500000051,51.504199999996,7.5));
#14913 = VECTOR('',#14914,1.);
#14914 = DIRECTION('',(0.,0.,1.));
#14915 = PCURVE('',#6742,#14916);
#14916 = DEFINITIONAL_REPRESENTATION('',(#14917),#14921);
#14917 = LINE('',#14918,#14919);
#14918 = CARTESIAN_POINT('',(6.472047975706,0.));
#14919 = VECTOR('',#14920,1.);
#14920 = DIRECTION('',(0.,-1.));
#14921 = ( GEOMETRIC_REPRESENTATION_CONTEXT(2) 
PARAMETRIC_REPRESENTATION_CONTEXT() REPRESENTATION_CONTEXT('2D SPACE',''
  ) );
#14922 = PCURVE('',#6770,#14923);
#14923 = DEFINITIONAL_REPRESENTATION('',(#14924),#14928);
#14924 = LINE('',#14925,#14926);
#14925 = CARTESIAN_POINT('',(0.,0.));
#14926 = VECTOR('',#14927,1.);
#14927 = DIRECTION('',(0.,-1.));
#14928 = ( GEOMETRIC_REPRESENTATION_CONTEXT(2) 
PARAMETRIC_REPRESENTATION_CONTEXT() REPRESENTATION_CONTEXT('2D SPACE',''
  ) );
#14929 = ORIENTED_EDGE('',*,*,#14930,.F.);
#14930 = EDGE_CURVE('',#14859,#14908,#14931,.T.);
#14931 = SURFACE_CURVE('',#14932,(#14936,#14943),.PCURVE_S1.);
#14932 = LINE('',#14933,#14934);
#14933 = CARTESIAN_POINT('',(56.171500000055,46.562200000015,7.5));
#14934 = VECTOR('',#14935,1.);
#14935 = DIRECTION('',(-0.645699787098,0.763591373014,0.));
#14936 = PCURVE('',#6742,#14937);
#14937 = DEFINITIONAL_REPRESENTATION('',(#14938),#14942);
#14938 = LINE('',#14939,#14940);
#14939 = CARTESIAN_POINT('',(0.,0.));
#14940 = VECTOR('',#14941,1.);
#14941 = DIRECTION('',(1.,0.));
#14942 = ( GEOMETRIC_REPRESENTATION_CONTEXT(2) 
PARAMETRIC_REPRESENTATION_CONTEXT() REPRESENTATION_CONTEXT('2D SPACE',''
  ) );
#14943 = PCURVE('',#7932,#14944);
#14944 = DEFINITIONAL_REPRESENTATION('',(#14945),#14949);
#14945 = LINE('',#14946,#14947);
#14946 = CARTESIAN_POINT('',(97.386789000947,50.418602122274));
#14947 = VECTOR('',#14948,1.);
#14948 = DIRECTION('',(-0.645699787098,0.763591373014));
#14949 = ( GEOMETRIC_REPRESENTATION_CONTEXT(2) 
PARAMETRIC_REPRESENTATION_CONTEXT() REPRESENTATION_CONTEXT('2D SPACE',''
  ) );
#14950 = ADVANCED_FACE('',(#14951),#6770,.T.);
#14951 = FACE_BOUND('',#14952,.T.);
#14952 = EDGE_LOOP('',(#14953,#14954,#14955,#14978));
#14953 = ORIENTED_EDGE('',*,*,#14907,.T.);
#14954 = ORIENTED_EDGE('',*,*,#6754,.T.);
#14955 = ORIENTED_EDGE('',*,*,#14956,.F.);
#14956 = EDGE_CURVE('',#14957,#6755,#14959,.T.);
#14957 = VERTEX_POINT('',#14958);
#14958 = CARTESIAN_POINT('',(47.304499999969,55.976200000005,7.5));
#14959 = SURFACE_CURVE('',#14960,(#14964,#14971),.PCURVE_S1.);
#14960 = LINE('',#14961,#14962);
#14961 = CARTESIAN_POINT('',(47.304499999969,55.976200000005,7.5));
#14962 = VECTOR('',#14963,1.);
#14963 = DIRECTION('',(0.,0.,1.));
#14964 = PCURVE('',#6770,#14965);
#14965 = DEFINITIONAL_REPRESENTATION('',(#14966),#14970);
#14966 = LINE('',#14967,#14968);
#14967 = CARTESIAN_POINT('',(6.478898671908,0.));
#14968 = VECTOR('',#14969,1.);
#14969 = DIRECTION('',(0.,-1.));
#14970 = ( GEOMETRIC_REPRESENTATION_CONTEXT(2) 
PARAMETRIC_REPRESENTATION_CONTEXT() REPRESENTATION_CONTEXT('2D SPACE',''
  ) );
#14971 = PCURVE('',#6798,#14972);
#14972 = DEFINITIONAL_REPRESENTATION('',(#14973),#14977);
#14973 = LINE('',#14974,#14975);
#14974 = CARTESIAN_POINT('',(0.,0.));
#14975 = VECTOR('',#14976,1.);
#14976 = DIRECTION('',(0.,-1.));
#14977 = ( GEOMETRIC_REPRESENTATION_CONTEXT(2) 
PARAMETRIC_REPRESENTATION_CONTEXT() REPRESENTATION_CONTEXT('2D SPACE',''
  ) );
#14978 = ORIENTED_EDGE('',*,*,#14979,.F.);
#14979 = EDGE_CURVE('',#14908,#14957,#14980,.T.);
#14980 = SURFACE_CURVE('',#14981,(#14985,#14992),.PCURVE_S1.);
#14981 = LINE('',#14982,#14983);
#14982 = CARTESIAN_POINT('',(51.992500000051,51.504199999996,7.5));
#14983 = VECTOR('',#14984,1.);
#14984 = DIRECTION('',(-0.723579768335,0.690240768759,0.));
#14985 = PCURVE('',#6770,#14986);
#14986 = DEFINITIONAL_REPRESENTATION('',(#14987),#14991);
#14987 = LINE('',#14988,#14989);
#14988 = CARTESIAN_POINT('',(0.,0.));
#14989 = VECTOR('',#14990,1.);
#14990 = DIRECTION('',(1.,0.));
#14991 = ( GEOMETRIC_REPRESENTATION_CONTEXT(2) 
PARAMETRIC_REPRESENTATION_CONTEXT() REPRESENTATION_CONTEXT('2D SPACE',''
  ) );
#14992 = PCURVE('',#7932,#14993);
#14993 = DEFINITIONAL_REPRESENTATION('',(#14994),#14998);
#14994 = LINE('',#14995,#14996);
#14995 = CARTESIAN_POINT('',(93.207789000944,55.360602122254));
#14996 = VECTOR('',#14997,1.);
#14997 = DIRECTION('',(-0.723579768335,0.690240768759));
#14998 = ( GEOMETRIC_REPRESENTATION_CONTEXT(2) 
PARAMETRIC_REPRESENTATION_CONTEXT() REPRESENTATION_CONTEXT('2D SPACE',''
  ) );
#14999 = ADVANCED_FACE('',(#15000),#6798,.T.);
#15000 = FACE_BOUND('',#15001,.T.);
#15001 = EDGE_LOOP('',(#15002,#15003,#15004,#15027));
#15002 = ORIENTED_EDGE('',*,*,#14956,.T.);
#15003 = ORIENTED_EDGE('',*,*,#6782,.T.);
#15004 = ORIENTED_EDGE('',*,*,#15005,.F.);
#15005 = EDGE_CURVE('',#15006,#6783,#15008,.T.);
#15006 = VERTEX_POINT('',#15007);
#15007 = CARTESIAN_POINT('',(42.1875,59.922200000001,7.5));
#15008 = SURFACE_CURVE('',#15009,(#15013,#15020),.PCURVE_S1.);
#15009 = LINE('',#15010,#15011);
#15010 = CARTESIAN_POINT('',(42.1875,59.922200000001,7.5));
#15011 = VECTOR('',#15012,1.);
#15012 = DIRECTION('',(0.,0.,1.));
#15013 = PCURVE('',#6798,#15014);
#15014 = DEFINITIONAL_REPRESENTATION('',(#15015),#15019);
#15015 = LINE('',#15016,#15017);
#15016 = CARTESIAN_POINT('',(6.461780327406,0.));
#15017 = VECTOR('',#15018,1.);
#15018 = DIRECTION('',(0.,-1.));
#15019 = ( GEOMETRIC_REPRESENTATION_CONTEXT(2) 
PARAMETRIC_REPRESENTATION_CONTEXT() REPRESENTATION_CONTEXT('2D SPACE',''
  ) );
#15020 = PCURVE('',#6824,#15021);
#15021 = DEFINITIONAL_REPRESENTATION('',(#15022),#15026);
#15022 = LINE('',#15023,#15024);
#15023 = CARTESIAN_POINT('',(0.,0.));
#15024 = VECTOR('',#15025,1.);
#15025 = DIRECTION('',(0.,-1.));
#15026 = ( GEOMETRIC_REPRESENTATION_CONTEXT(2) 
PARAMETRIC_REPRESENTATION_CONTEXT() REPRESENTATION_CONTEXT('2D SPACE',''
  ) );
#15027 = ORIENTED_EDGE('',*,*,#15028,.F.);
#15028 = EDGE_CURVE('',#14957,#15006,#15029,.T.);
#15029 = SURFACE_CURVE('',#15030,(#15034,#15041),.PCURVE_S1.);
#15030 = LINE('',#15031,#15032);
#15031 = CARTESIAN_POINT('',(47.304499999969,55.976200000005,7.5));
#15032 = VECTOR('',#15033,1.);
#15033 = DIRECTION('',(-0.791887025046,0.61066761791,0.));
#15034 = PCURVE('',#6798,#15035);
#15035 = DEFINITIONAL_REPRESENTATION('',(#15036),#15040);
#15036 = LINE('',#15037,#15038);
#15037 = CARTESIAN_POINT('',(0.,0.));
#15038 = VECTOR('',#15039,1.);
#15039 = DIRECTION('',(1.,0.));
#15040 = ( GEOMETRIC_REPRESENTATION_CONTEXT(2) 
PARAMETRIC_REPRESENTATION_CONTEXT() REPRESENTATION_CONTEXT('2D SPACE',''
  ) );
#15041 = PCURVE('',#7932,#15042);
#15042 = DEFINITIONAL_REPRESENTATION('',(#15043),#15047);
#15043 = LINE('',#15044,#15045);
#15044 = CARTESIAN_POINT('',(88.519789000862,59.832602122263));
#15045 = VECTOR('',#15046,1.);
#15046 = DIRECTION('',(-0.791887025046,0.61066761791));
#15047 = ( GEOMETRIC_REPRESENTATION_CONTEXT(2) 
PARAMETRIC_REPRESENTATION_CONTEXT() REPRESENTATION_CONTEXT('2D SPACE',''
  ) );
#15048 = ADVANCED_FACE('',(#15049),#6824,.T.);
#15049 = FACE_BOUND('',#15050,.T.);
#15050 = EDGE_LOOP('',(#15051,#15052,#15053,#15054));
#15051 = ORIENTED_EDGE('',*,*,#15005,.T.);
#15052 = ORIENTED_EDGE('',*,*,#6810,.T.);
#15053 = ORIENTED_EDGE('',*,*,#13246,.F.);
#15054 = ORIENTED_EDGE('',*,*,#15055,.F.);
#15055 = EDGE_CURVE('',#15006,#13247,#15056,.T.);
#15056 = SURFACE_CURVE('',#15057,(#15061,#15068),.PCURVE_S1.);
#15057 = LINE('',#15058,#15059);
#15058 = CARTESIAN_POINT('',(42.1875,59.922200000001,7.5));
#15059 = VECTOR('',#15060,1.);
#15060 = DIRECTION('',(-0.855390402726,0.517983840408,0.));
#15061 = PCURVE('',#6824,#15062);
#15062 = DEFINITIONAL_REPRESENTATION('',(#15063),#15067);
#15063 = LINE('',#15064,#15065);
#15064 = CARTESIAN_POINT('',(0.,0.));
#15065 = VECTOR('',#15066,1.);
#15066 = DIRECTION('',(1.,0.));
#15067 = ( GEOMETRIC_REPRESENTATION_CONTEXT(2) 
PARAMETRIC_REPRESENTATION_CONTEXT() REPRESENTATION_CONTEXT('2D SPACE',''
  ) );
#15068 = PCURVE('',#7932,#15069);
#15069 = DEFINITIONAL_REPRESENTATION('',(#15070),#15074);
#15070 = LINE('',#15071,#15072);
#15071 = CARTESIAN_POINT('',(83.402789000892,63.77860212226));
#15072 = VECTOR('',#15073,1.);
#15073 = DIRECTION('',(-0.855390402726,0.517983840408));
#15074 = ( GEOMETRIC_REPRESENTATION_CONTEXT(2) 
PARAMETRIC_REPRESENTATION_CONTEXT() REPRESENTATION_CONTEXT('2D SPACE',''
  ) );
#15075 = ADVANCED_FACE('',(#15076),#7932,.T.);
#15076 = FACE_BOUND('',#15077,.T.);
#15077 = EDGE_LOOP('',(#15078,#15101,#15102,#15103,#15104,#15105,#15106,
    #15107,#15108,#15109,#15110,#15111,#15112,#15113,#15114,#15115,
    #15116,#15117,#15118,#15119,#15120,#15121,#15122,#15123,#15124,
    #15125,#15126,#15127,#15128,#15129,#15130,#15131,#15154,#15177,
    #15200,#15223,#15246,#15269,#15292,#15315,#15338,#15361,#15384,
    #15407,#15430,#15453,#15476,#15499,#15522,#15545,#15568,#15591,
    #15614,#15637,#15660,#15683,#15706,#15729,#15752,#15775,#15798,
    #15821,#15844,#15867,#15890,#15913,#15936,#15959,#15982,#16005,
    #16028));
#15078 = ORIENTED_EDGE('',*,*,#15079,.F.);
#15079 = EDGE_CURVE('',#8554,#15080,#15082,.T.);
#15080 = VERTEX_POINT('',#15081);
#15081 = CARTESIAN_POINT('',(17.333526200848,-34.61476350747,7.5));
#15082 = SURFACE_CURVE('',#15083,(#15087,#15094),.PCURVE_S1.);
#15083 = LINE('',#15084,#15085);
#15084 = CARTESIAN_POINT('',(11.599195719697,-34.51245704866,7.5));
#15085 = VECTOR('',#15086,1.);
#15086 = DIRECTION('',(0.999840886507,-1.783820810577E-02,0.));
#15087 = PCURVE('',#7932,#15088);
#15088 = DEFINITIONAL_REPRESENTATION('',(#15089),#15093);
#15089 = LINE('',#15090,#15091);
#15090 = CARTESIAN_POINT('',(52.814484720589,-30.6560549264));
#15091 = VECTOR('',#15092,1.);
#15092 = DIRECTION('',(0.999840886507,-1.783820810577E-02));
#15093 = ( GEOMETRIC_REPRESENTATION_CONTEXT(2) 
PARAMETRIC_REPRESENTATION_CONTEXT() REPRESENTATION_CONTEXT('2D SPACE',''
  ) );
#15094 = PCURVE('',#8640,#15095);
#15095 = DEFINITIONAL_REPRESENTATION('',(#15096),#15100);
#15096 = LINE('',#15097,#15098);
#15097 = CARTESIAN_POINT('',(0.,0.));
#15098 = VECTOR('',#15099,1.);
#15099 = DIRECTION('',(1.,0.));
#15100 = ( GEOMETRIC_REPRESENTATION_CONTEXT(2) 
PARAMETRIC_REPRESENTATION_CONTEXT() REPRESENTATION_CONTEXT('2D SPACE',''
  ) );
#15101 = ORIENTED_EDGE('',*,*,#8553,.T.);
#15102 = ORIENTED_EDGE('',*,*,#8505,.F.);
#15103 = ORIENTED_EDGE('',*,*,#8457,.F.);
#15104 = ORIENTED_EDGE('',*,*,#8409,.F.);
#15105 = ORIENTED_EDGE('',*,*,#8361,.F.);
#15106 = ORIENTED_EDGE('',*,*,#8313,.F.);
#15107 = ORIENTED_EDGE('',*,*,#8264,.T.);
#15108 = ORIENTED_EDGE('',*,*,#8215,.T.);
#15109 = ORIENTED_EDGE('',*,*,#8166,.T.);
#15110 = ORIENTED_EDGE('',*,*,#8117,.T.);
#15111 = ORIENTED_EDGE('',*,*,#8068,.T.);
#15112 = ORIENTED_EDGE('',*,*,#8019,.T.);
#15113 = ORIENTED_EDGE('',*,*,#7970,.T.);
#15114 = ORIENTED_EDGE('',*,*,#7916,.T.);
#15115 = ORIENTED_EDGE('',*,*,#14414,.T.);
#15116 = ORIENTED_EDGE('',*,*,#14489,.T.);
#15117 = ORIENTED_EDGE('',*,*,#14538,.T.);
#15118 = ORIENTED_EDGE('',*,*,#14587,.T.);
#15119 = ORIENTED_EDGE('',*,*,#14636,.T.);
#15120 = ORIENTED_EDGE('',*,*,#14685,.T.);
#15121 = ORIENTED_EDGE('',*,*,#14734,.T.);
#15122 = ORIENTED_EDGE('',*,*,#14783,.T.);
#15123 = ORIENTED_EDGE('',*,*,#14832,.T.);
#15124 = ORIENTED_EDGE('',*,*,#14881,.T.);
#15125 = ORIENTED_EDGE('',*,*,#14930,.T.);
#15126 = ORIENTED_EDGE('',*,*,#14979,.T.);
#15127 = ORIENTED_EDGE('',*,*,#15028,.T.);
#15128 = ORIENTED_EDGE('',*,*,#15055,.T.);
#15129 = ORIENTED_EDGE('',*,*,#13293,.T.);
#15130 = ORIENTED_EDGE('',*,*,#13317,.T.);
#15131 = ORIENTED_EDGE('',*,*,#15132,.F.);
#15132 = EDGE_CURVE('',#15133,#13318,#15135,.T.);
#15133 = VERTEX_POINT('',#15134);
#15134 = CARTESIAN_POINT('',(31.531195917894,49.445669517542,7.5));
#15135 = SURFACE_CURVE('',#15136,(#15140,#15147),.PCURVE_S1.);
#15136 = LINE('',#15137,#15138);
#15137 = CARTESIAN_POINT('',(33.201307480922,48.954935191985,7.5));
#15138 = VECTOR('',#15139,1.);
#15139 = DIRECTION('',(-0.959439329881,0.281915186318,0.));
#15140 = PCURVE('',#7932,#15141);
#15141 = DEFINITIONAL_REPRESENTATION('',(#15142),#15146);
#15142 = LINE('',#15143,#15144);
#15143 = CARTESIAN_POINT('',(74.416596481814,52.811337314244));
#15144 = VECTOR('',#15145,1.);
#15145 = DIRECTION('',(-0.959439329881,0.281915186318));
#15146 = ( GEOMETRIC_REPRESENTATION_CONTEXT(2) 
PARAMETRIC_REPRESENTATION_CONTEXT() REPRESENTATION_CONTEXT('2D SPACE',''
  ) );
#15147 = PCURVE('',#13472,#15148);
#15148 = DEFINITIONAL_REPRESENTATION('',(#15149),#15153);
#15149 = LINE('',#15150,#15151);
#15150 = CARTESIAN_POINT('',(0.,0.));
#15151 = VECTOR('',#15152,1.);
#15152 = DIRECTION('',(1.,0.));
#15153 = ( GEOMETRIC_REPRESENTATION_CONTEXT(2) 
PARAMETRIC_REPRESENTATION_CONTEXT() REPRESENTATION_CONTEXT('2D SPACE',''
  ) );
#15154 = ORIENTED_EDGE('',*,*,#15155,.F.);
#15155 = EDGE_CURVE('',#15156,#15133,#15158,.T.);
#15156 = VERTEX_POINT('',#15157);
#15157 = CARTESIAN_POINT('',(33.201307480922,48.954935191985,7.5));
#15158 = SURFACE_CURVE('',#15159,(#15163,#15170),.PCURVE_S1.);
#15159 = LINE('',#15160,#15161);
#15160 = CARTESIAN_POINT('',(33.201307480922,48.954935191985,7.5));
#15161 = VECTOR('',#15162,1.);
#15162 = DIRECTION('',(-0.959439329881,0.281915186318,0.));
#15163 = PCURVE('',#7932,#15164);
#15164 = DEFINITIONAL_REPRESENTATION('',(#15165),#15169);
#15165 = LINE('',#15166,#15167);
#15166 = CARTESIAN_POINT('',(74.416596481814,52.811337314244));
#15167 = VECTOR('',#15168,1.);
#15168 = DIRECTION('',(-0.959439329881,0.281915186318));
#15169 = ( GEOMETRIC_REPRESENTATION_CONTEXT(2) 
PARAMETRIC_REPRESENTATION_CONTEXT() REPRESENTATION_CONTEXT('2D SPACE',''
  ) );
#15170 = PCURVE('',#13431,#15171);
#15171 = DEFINITIONAL_REPRESENTATION('',(#15172),#15176);
#15172 = LINE('',#15173,#15174);
#15173 = CARTESIAN_POINT('',(0.,0.));
#15174 = VECTOR('',#15175,1.);
#15175 = DIRECTION('',(1.,0.));
#15176 = ( GEOMETRIC_REPRESENTATION_CONTEXT(2) 
PARAMETRIC_REPRESENTATION_CONTEXT() REPRESENTATION_CONTEXT('2D SPACE',''
  ) );
#15177 = ORIENTED_EDGE('',*,*,#15178,.F.);
#15178 = EDGE_CURVE('',#15179,#15156,#15181,.T.);
#15179 = VERTEX_POINT('',#15180);
#15180 = CARTESIAN_POINT('',(36.0730502457,46.836963314855,7.5));
#15181 = SURFACE_CURVE('',#15182,(#15186,#15193),.PCURVE_S1.);
#15182 = LINE('',#15183,#15184);
#15183 = CARTESIAN_POINT('',(37.812392742722,45.554160920932,7.5));
#15184 = VECTOR('',#15185,1.);
#15185 = DIRECTION('',(-0.804794663896,0.593553324449,0.));
#15186 = PCURVE('',#7932,#15187);
#15187 = DEFINITIONAL_REPRESENTATION('',(#15188),#15192);
#15188 = LINE('',#15189,#15190);
#15189 = CARTESIAN_POINT('',(79.027681743615,49.410563043191));
#15190 = VECTOR('',#15191,1.);
#15191 = DIRECTION('',(-0.804794663896,0.593553324449));
#15192 = ( GEOMETRIC_REPRESENTATION_CONTEXT(2) 
PARAMETRIC_REPRESENTATION_CONTEXT() REPRESENTATION_CONTEXT('2D SPACE',''
  ) );
#15193 = PCURVE('',#9966,#15194);
#15194 = DEFINITIONAL_REPRESENTATION('',(#15195),#15199);
#15195 = LINE('',#15196,#15197);
#15196 = CARTESIAN_POINT('',(0.,0.));
#15197 = VECTOR('',#15198,1.);
#15198 = DIRECTION('',(1.,0.));
#15199 = ( GEOMETRIC_REPRESENTATION_CONTEXT(2) 
PARAMETRIC_REPRESENTATION_CONTEXT() REPRESENTATION_CONTEXT('2D SPACE',''
  ) );
#15200 = ORIENTED_EDGE('',*,*,#15201,.F.);
#15201 = EDGE_CURVE('',#15202,#15179,#15204,.T.);
#15202 = VERTEX_POINT('',#15203);
#15203 = CARTESIAN_POINT('',(37.812392742722,45.554160920932,7.5));
#15204 = SURFACE_CURVE('',#15205,(#15209,#15216),.PCURVE_S1.);
#15205 = LINE('',#15206,#15207);
#15206 = CARTESIAN_POINT('',(37.812392742722,45.554160920932,7.5));
#15207 = VECTOR('',#15208,1.);
#15208 = DIRECTION('',(-0.804794663896,0.593553324449,0.));
#15209 = PCURVE('',#7932,#15210);
#15210 = DEFINITIONAL_REPRESENTATION('',(#15211),#15215);
#15211 = LINE('',#15212,#15213);
#15212 = CARTESIAN_POINT('',(79.027681743615,49.410563043191));
#15213 = VECTOR('',#15214,1.);
#15214 = DIRECTION('',(-0.804794663896,0.593553324449));
#15215 = ( GEOMETRIC_REPRESENTATION_CONTEXT(2) 
PARAMETRIC_REPRESENTATION_CONTEXT() REPRESENTATION_CONTEXT('2D SPACE',''
  ) );
#15216 = PCURVE('',#9993,#15217);
#15217 = DEFINITIONAL_REPRESENTATION('',(#15218),#15222);
#15218 = LINE('',#15219,#15220);
#15219 = CARTESIAN_POINT('',(0.,0.));
#15220 = VECTOR('',#15221,1.);
#15221 = DIRECTION('',(1.,0.));
#15222 = ( GEOMETRIC_REPRESENTATION_CONTEXT(2) 
PARAMETRIC_REPRESENTATION_CONTEXT() REPRESENTATION_CONTEXT('2D SPACE',''
  ) );
#15223 = ORIENTED_EDGE('',*,*,#15224,.F.);
#15224 = EDGE_CURVE('',#15225,#15202,#15227,.T.);
#15225 = VERTEX_POINT('',#15226);
#15226 = CARTESIAN_POINT('',(40.342680887306,43.145451390871,7.5));
#15227 = SURFACE_CURVE('',#15228,(#15232,#15239),.PCURVE_S1.);
#15228 = LINE('',#15229,#15230);
#15229 = CARTESIAN_POINT('',(41.962679141201,41.603292944928,7.5));
#15230 = VECTOR('',#15231,1.);
#15231 = DIRECTION('',(-0.724293547606,0.689491738091,0.));
#15232 = PCURVE('',#7932,#15233);
#15233 = DEFINITIONAL_REPRESENTATION('',(#15234),#15238);
#15234 = LINE('',#15235,#15236);
#15235 = CARTESIAN_POINT('',(83.177968142094,45.459695067187));
#15236 = VECTOR('',#15237,1.);
#15237 = DIRECTION('',(-0.724293547606,0.689491738091));
#15238 = ( GEOMETRIC_REPRESENTATION_CONTEXT(2) 
PARAMETRIC_REPRESENTATION_CONTEXT() REPRESENTATION_CONTEXT('2D SPACE',''
  ) );
#15239 = PCURVE('',#10020,#15240);
#15240 = DEFINITIONAL_REPRESENTATION('',(#15241),#15245);
#15241 = LINE('',#15242,#15243);
#15242 = CARTESIAN_POINT('',(0.,0.));
#15243 = VECTOR('',#15244,1.);
#15244 = DIRECTION('',(1.,0.));
#15245 = ( GEOMETRIC_REPRESENTATION_CONTEXT(2) 
PARAMETRIC_REPRESENTATION_CONTEXT() REPRESENTATION_CONTEXT('2D SPACE',''
  ) );
#15246 = ORIENTED_EDGE('',*,*,#15247,.F.);
#15247 = EDGE_CURVE('',#15248,#15225,#15250,.T.);
#15248 = VERTEX_POINT('',#15249);
#15249 = CARTESIAN_POINT('',(41.962679141201,41.603292944928,7.5));
#15250 = SURFACE_CURVE('',#15251,(#15255,#15262),.PCURVE_S1.);
#15251 = LINE('',#15252,#15253);
#15252 = CARTESIAN_POINT('',(41.962679141201,41.603292944928,7.5));
#15253 = VECTOR('',#15254,1.);
#15254 = DIRECTION('',(-0.724293547606,0.689491738091,0.));
#15255 = PCURVE('',#7932,#15256);
#15256 = DEFINITIONAL_REPRESENTATION('',(#15257),#15261);
#15257 = LINE('',#15258,#15259);
#15258 = CARTESIAN_POINT('',(83.177968142094,45.459695067187));
#15259 = VECTOR('',#15260,1.);
#15260 = DIRECTION('',(-0.724293547606,0.689491738091));
#15261 = ( GEOMETRIC_REPRESENTATION_CONTEXT(2) 
PARAMETRIC_REPRESENTATION_CONTEXT() REPRESENTATION_CONTEXT('2D SPACE',''
  ) );
#15262 = PCURVE('',#10047,#15263);
#15263 = DEFINITIONAL_REPRESENTATION('',(#15264),#15268);
#15264 = LINE('',#15265,#15266);
#15265 = CARTESIAN_POINT('',(0.,0.));
#15266 = VECTOR('',#15267,1.);
#15267 = DIRECTION('',(1.,0.));
#15268 = ( GEOMETRIC_REPRESENTATION_CONTEXT(2) 
PARAMETRIC_REPRESENTATION_CONTEXT() REPRESENTATION_CONTEXT('2D SPACE',''
  ) );
#15269 = ORIENTED_EDGE('',*,*,#15270,.F.);
#15270 = EDGE_CURVE('',#15271,#15248,#15273,.T.);
#15271 = VERTEX_POINT('',#15272);
#15272 = CARTESIAN_POINT('',(44.132372256597,38.95714260204,7.5));
#15273 = SURFACE_CURVE('',#15274,(#15278,#15285),.PCURVE_S1.);
#15274 = LINE('',#15275,#15276);
#15275 = CARTESIAN_POINT('',(45.5960344302,37.172065194056,7.5));
#15276 = VECTOR('',#15277,1.);
#15277 = DIRECTION('',(-0.634053348177,0.773289306576,0.));
#15278 = PCURVE('',#7932,#15279);
#15279 = DEFINITIONAL_REPRESENTATION('',(#15280),#15284);
#15280 = LINE('',#15281,#15282);
#15281 = CARTESIAN_POINT('',(86.811323431093,41.028467316315));
#15282 = VECTOR('',#15283,1.);
#15283 = DIRECTION('',(-0.634053348177,0.773289306576));
#15284 = ( GEOMETRIC_REPRESENTATION_CONTEXT(2) 
PARAMETRIC_REPRESENTATION_CONTEXT() REPRESENTATION_CONTEXT('2D SPACE',''
  ) );
#15285 = PCURVE('',#10074,#15286);
#15286 = DEFINITIONAL_REPRESENTATION('',(#15287),#15291);
#15287 = LINE('',#15288,#15289);
#15288 = CARTESIAN_POINT('',(0.,0.));
#15289 = VECTOR('',#15290,1.);
#15290 = DIRECTION('',(1.,0.));
#15291 = ( GEOMETRIC_REPRESENTATION_CONTEXT(2) 
PARAMETRIC_REPRESENTATION_CONTEXT() REPRESENTATION_CONTEXT('2D SPACE',''
  ) );
#15292 = ORIENTED_EDGE('',*,*,#15293,.F.);
#15293 = EDGE_CURVE('',#15294,#15271,#15296,.T.);
#15294 = VERTEX_POINT('',#15295);
#15295 = CARTESIAN_POINT('',(45.5960344302,37.172065194056,7.5));
#15296 = SURFACE_CURVE('',#15297,(#15301,#15308),.PCURVE_S1.);
#15297 = LINE('',#15298,#15299);
#15298 = CARTESIAN_POINT('',(45.5960344302,37.172065194056,7.5));
#15299 = VECTOR('',#15300,1.);
#15300 = DIRECTION('',(-0.634053348177,0.773289306576,0.));
#15301 = PCURVE('',#7932,#15302);
#15302 = DEFINITIONAL_REPRESENTATION('',(#15303),#15307);
#15303 = LINE('',#15304,#15305);
#15304 = CARTESIAN_POINT('',(86.811323431093,41.028467316315));
#15305 = VECTOR('',#15306,1.);
#15306 = DIRECTION('',(-0.634053348177,0.773289306576));
#15307 = ( GEOMETRIC_REPRESENTATION_CONTEXT(2) 
PARAMETRIC_REPRESENTATION_CONTEXT() REPRESENTATION_CONTEXT('2D SPACE',''
  ) );
#15308 = PCURVE('',#10101,#15309);
#15309 = DEFINITIONAL_REPRESENTATION('',(#15310),#15314);
#15310 = LINE('',#15311,#15312);
#15311 = CARTESIAN_POINT('',(0.,0.));
#15312 = VECTOR('',#15313,1.);
#15313 = DIRECTION('',(1.,0.));
#15314 = ( GEOMETRIC_REPRESENTATION_CONTEXT(2) 
PARAMETRIC_REPRESENTATION_CONTEXT() REPRESENTATION_CONTEXT('2D SPACE',''
  ) );
#15315 = ORIENTED_EDGE('',*,*,#15316,.F.);
#15316 = EDGE_CURVE('',#15317,#15294,#15319,.T.);
#15317 = VERTEX_POINT('',#15318);
#15318 = CARTESIAN_POINT('',(47.385002871351,34.328667742784,7.5));
#15319 = SURFACE_CURVE('',#15320,(#15324,#15331),.PCURVE_S1.);
#15320 = LINE('',#15321,#15322);
#15321 = CARTESIAN_POINT('',(48.647484448506,32.322071753617,7.5));
#15322 = VECTOR('',#15323,1.);
#15323 = DIRECTION('',(-0.532532104608,0.846409804741,0.));
#15324 = PCURVE('',#7932,#15325);
#15325 = DEFINITIONAL_REPRESENTATION('',(#15326),#15330);
#15326 = LINE('',#15327,#15328);
#15327 = CARTESIAN_POINT('',(89.862773449398,36.178473875876));
#15328 = VECTOR('',#15329,1.);
#15329 = DIRECTION('',(-0.532532104608,0.846409804741));
#15330 = ( GEOMETRIC_REPRESENTATION_CONTEXT(2) 
PARAMETRIC_REPRESENTATION_CONTEXT() REPRESENTATION_CONTEXT('2D SPACE',''
  ) );
#15331 = PCURVE('',#10128,#15332);
#15332 = DEFINITIONAL_REPRESENTATION('',(#15333),#15337);
#15333 = LINE('',#15334,#15335);
#15334 = CARTESIAN_POINT('',(0.,0.));
#15335 = VECTOR('',#15336,1.);
#15336 = DIRECTION('',(1.,0.));
#15337 = ( GEOMETRIC_REPRESENTATION_CONTEXT(2) 
PARAMETRIC_REPRESENTATION_CONTEXT() REPRESENTATION_CONTEXT('2D SPACE',''
  ) );
#15338 = ORIENTED_EDGE('',*,*,#15339,.F.);
#15339 = EDGE_CURVE('',#15340,#15317,#15342,.T.);
#15340 = VERTEX_POINT('',#15341);
#15341 = CARTESIAN_POINT('',(48.647484448506,32.322071753617,7.5));
#15342 = SURFACE_CURVE('',#15343,(#15347,#15354),.PCURVE_S1.);
#15343 = LINE('',#15344,#15345);
#15344 = CARTESIAN_POINT('',(48.647484448506,32.322071753617,7.5));
#15345 = VECTOR('',#15346,1.);
#15346 = DIRECTION('',(-0.532532104608,0.846409804741,0.));
#15347 = PCURVE('',#7932,#15348);
#15348 = DEFINITIONAL_REPRESENTATION('',(#15349),#15353);
#15349 = LINE('',#15350,#15351);
#15350 = CARTESIAN_POINT('',(89.862773449398,36.178473875876));
#15351 = VECTOR('',#15352,1.);
#15352 = DIRECTION('',(-0.532532104608,0.846409804741));
#15353 = ( GEOMETRIC_REPRESENTATION_CONTEXT(2) 
PARAMETRIC_REPRESENTATION_CONTEXT() REPRESENTATION_CONTEXT('2D SPACE',''
  ) );
#15354 = PCURVE('',#10155,#15355);
#15355 = DEFINITIONAL_REPRESENTATION('',(#15356),#15360);
#15356 = LINE('',#15357,#15358);
#15357 = CARTESIAN_POINT('',(0.,0.));
#15358 = VECTOR('',#15359,1.);
#15359 = DIRECTION('',(1.,0.));
#15360 = ( GEOMETRIC_REPRESENTATION_CONTEXT(2) 
PARAMETRIC_REPRESENTATION_CONTEXT() REPRESENTATION_CONTEXT('2D SPACE',''
  ) );
#15361 = ORIENTED_EDGE('',*,*,#15362,.F.);
#15362 = EDGE_CURVE('',#15363,#15340,#15365,.T.);
#15363 = VERTEX_POINT('',#15364);
#15364 = CARTESIAN_POINT('',(50.04574167775,29.326628750715,7.5));
#15365 = SURFACE_CURVE('',#15366,(#15370,#15377),.PCURVE_S1.);
#15366 = LINE('',#15367,#15368);
#15367 = CARTESIAN_POINT('',(51.071600461728,27.128963362571,7.5));
#15368 = VECTOR('',#15369,1.);
#15369 = DIRECTION('',(-0.422980808902,0.906138640221,0.));
#15370 = PCURVE('',#7932,#15371);
#15371 = DEFINITIONAL_REPRESENTATION('',(#15372),#15376);
#15372 = LINE('',#15373,#15374);
#15373 = CARTESIAN_POINT('',(92.28688946262,30.98536548483));
#15374 = VECTOR('',#15375,1.);
#15375 = DIRECTION('',(-0.422980808902,0.906138640221));
#15376 = ( GEOMETRIC_REPRESENTATION_CONTEXT(2) 
PARAMETRIC_REPRESENTATION_CONTEXT() REPRESENTATION_CONTEXT('2D SPACE',''
  ) );
#15377 = PCURVE('',#10182,#15378);
#15378 = DEFINITIONAL_REPRESENTATION('',(#15379),#15383);
#15379 = LINE('',#15380,#15381);
#15380 = CARTESIAN_POINT('',(0.,0.));
#15381 = VECTOR('',#15382,1.);
#15382 = DIRECTION('',(1.,0.));
#15383 = ( GEOMETRIC_REPRESENTATION_CONTEXT(2) 
PARAMETRIC_REPRESENTATION_CONTEXT() REPRESENTATION_CONTEXT('2D SPACE',''
  ) );
#15384 = ORIENTED_EDGE('',*,*,#15385,.F.);
#15385 = EDGE_CURVE('',#15386,#15363,#15388,.T.);
#15386 = VERTEX_POINT('',#15387);
#15387 = CARTESIAN_POINT('',(51.071600461728,27.128963362571,7.5));
#15388 = SURFACE_CURVE('',#15389,(#15393,#15400),.PCURVE_S1.);
#15389 = LINE('',#15390,#15391);
#15390 = CARTESIAN_POINT('',(51.071600461728,27.128963362571,7.5));
#15391 = VECTOR('',#15392,1.);
#15392 = DIRECTION('',(-0.422980808902,0.906138640221,0.));
#15393 = PCURVE('',#7932,#15394);
#15394 = DEFINITIONAL_REPRESENTATION('',(#15395),#15399);
#15395 = LINE('',#15396,#15397);
#15396 = CARTESIAN_POINT('',(92.28688946262,30.98536548483));
#15397 = VECTOR('',#15398,1.);
#15398 = DIRECTION('',(-0.422980808902,0.906138640221));
#15399 = ( GEOMETRIC_REPRESENTATION_CONTEXT(2) 
PARAMETRIC_REPRESENTATION_CONTEXT() REPRESENTATION_CONTEXT('2D SPACE',''
  ) );
#15400 = PCURVE('',#10209,#15401);
#15401 = DEFINITIONAL_REPRESENTATION('',(#15402),#15406);
#15402 = LINE('',#15403,#15404);
#15403 = CARTESIAN_POINT('',(0.,0.));
#15404 = VECTOR('',#15405,1.);
#15405 = DIRECTION('',(1.,0.));
#15406 = ( GEOMETRIC_REPRESENTATION_CONTEXT(2) 
PARAMETRIC_REPRESENTATION_CONTEXT() REPRESENTATION_CONTEXT('2D SPACE',''
  ) );
#15407 = ORIENTED_EDGE('',*,*,#15408,.F.);
#15408 = EDGE_CURVE('',#15409,#15386,#15411,.T.);
#15409 = VERTEX_POINT('',#15410);
#15410 = CARTESIAN_POINT('',(52.077583824665,24.032496400456,7.5));
#15411 = SURFACE_CURVE('',#15412,(#15416,#15423),.PCURVE_S1.);
#15412 = LINE('',#15413,#15414);
#15413 = CARTESIAN_POINT('',(52.842561985948,21.677855468588,7.5));
#15414 = VECTOR('',#15415,1.);
#15415 = DIRECTION('',(-0.308983727985,0.951067324557,0.));
#15416 = PCURVE('',#7932,#15417);
#15417 = DEFINITIONAL_REPRESENTATION('',(#15418),#15422);
#15418 = LINE('',#15419,#15420);
#15419 = CARTESIAN_POINT('',(94.057850986841,25.534257590847));
#15420 = VECTOR('',#15421,1.);
#15421 = DIRECTION('',(-0.308983727985,0.951067324557));
#15422 = ( GEOMETRIC_REPRESENTATION_CONTEXT(2) 
PARAMETRIC_REPRESENTATION_CONTEXT() REPRESENTATION_CONTEXT('2D SPACE',''
  ) );
#15423 = PCURVE('',#10236,#15424);
#15424 = DEFINITIONAL_REPRESENTATION('',(#15425),#15429);
#15425 = LINE('',#15426,#15427);
#15426 = CARTESIAN_POINT('',(0.,0.));
#15427 = VECTOR('',#15428,1.);
#15428 = DIRECTION('',(1.,0.));
#15429 = ( GEOMETRIC_REPRESENTATION_CONTEXT(2) 
PARAMETRIC_REPRESENTATION_CONTEXT() REPRESENTATION_CONTEXT('2D SPACE',''
  ) );
#15430 = ORIENTED_EDGE('',*,*,#15431,.F.);
#15431 = EDGE_CURVE('',#15432,#15409,#15434,.T.);
#15432 = VERTEX_POINT('',#15433);
#15433 = CARTESIAN_POINT('',(52.842561985948,21.677855468588,7.5));
#15434 = SURFACE_CURVE('',#15435,(#15439,#15446),.PCURVE_S1.);
#15435 = LINE('',#15436,#15437);
#15436 = CARTESIAN_POINT('',(52.842561985948,21.677855468588,7.5));
#15437 = VECTOR('',#15438,1.);
#15438 = DIRECTION('',(-0.308983727985,0.951067324557,0.));
#15439 = PCURVE('',#7932,#15440);
#15440 = DEFINITIONAL_REPRESENTATION('',(#15441),#15445);
#15441 = LINE('',#15442,#15443);
#15442 = CARTESIAN_POINT('',(94.057850986841,25.534257590847));
#15443 = VECTOR('',#15444,1.);
#15444 = DIRECTION('',(-0.308983727985,0.951067324557));
#15445 = ( GEOMETRIC_REPRESENTATION_CONTEXT(2) 
PARAMETRIC_REPRESENTATION_CONTEXT() REPRESENTATION_CONTEXT('2D SPACE',''
  ) );
#15446 = PCURVE('',#10263,#15447);
#15447 = DEFINITIONAL_REPRESENTATION('',(#15448),#15452);
#15448 = LINE('',#15449,#15450);
#15449 = CARTESIAN_POINT('',(0.,0.));
#15450 = VECTOR('',#15451,1.);
#15451 = DIRECTION('',(1.,0.));
#15452 = ( GEOMETRIC_REPRESENTATION_CONTEXT(2) 
PARAMETRIC_REPRESENTATION_CONTEXT() REPRESENTATION_CONTEXT('2D SPACE',''
  ) );
#15453 = ORIENTED_EDGE('',*,*,#15454,.F.);
#15454 = EDGE_CURVE('',#15455,#15432,#15457,.T.);
#15455 = VERTEX_POINT('',#15456);
#15456 = CARTESIAN_POINT('',(53.432426176656,18.514276243663,7.5));
#15457 = SURFACE_CURVE('',#15458,(#15462,#15469),.PCURVE_S1.);
#15458 = LINE('',#15459,#15460);
#15459 = CARTESIAN_POINT('',(53.892960791709,16.044321695663,7.5));
#15460 = VECTOR('',#15461,1.);
#15461 = DIRECTION('',(-0.183295742628,0.983057816578,0.));
#15462 = PCURVE('',#7932,#15463);
#15463 = DEFINITIONAL_REPRESENTATION('',(#15464),#15468);
#15464 = LINE('',#15465,#15466);
#15465 = CARTESIAN_POINT('',(95.108249792601,19.900723817922));
#15466 = VECTOR('',#15467,1.);
#15467 = DIRECTION('',(-0.183295742628,0.983057816578));
#15468 = ( GEOMETRIC_REPRESENTATION_CONTEXT(2) 
PARAMETRIC_REPRESENTATION_CONTEXT() REPRESENTATION_CONTEXT('2D SPACE',''
  ) );
#15469 = PCURVE('',#10290,#15470);
#15470 = DEFINITIONAL_REPRESENTATION('',(#15471),#15475);
#15471 = LINE('',#15472,#15473);
#15472 = CARTESIAN_POINT('',(0.,0.));
#15473 = VECTOR('',#15474,1.);
#15474 = DIRECTION('',(1.,0.));
#15475 = ( GEOMETRIC_REPRESENTATION_CONTEXT(2) 
PARAMETRIC_REPRESENTATION_CONTEXT() REPRESENTATION_CONTEXT('2D SPACE',''
  ) );
#15476 = ORIENTED_EDGE('',*,*,#15477,.F.);
#15477 = EDGE_CURVE('',#15478,#15455,#15480,.T.);
#15478 = VERTEX_POINT('',#15479);
#15479 = CARTESIAN_POINT('',(53.892960791709,16.044321695663,7.5));
#15480 = SURFACE_CURVE('',#15481,(#15485,#15492),.PCURVE_S1.);
#15481 = LINE('',#15482,#15483);
#15482 = CARTESIAN_POINT('',(53.892960791709,16.044321695663,7.5));
#15483 = VECTOR('',#15484,1.);
#15484 = DIRECTION('',(-0.183295742628,0.983057816578,0.));
#15485 = PCURVE('',#7932,#15486);
#15486 = DEFINITIONAL_REPRESENTATION('',(#15487),#15491);
#15487 = LINE('',#15488,#15489);
#15488 = CARTESIAN_POINT('',(95.108249792601,19.900723817922));
#15489 = VECTOR('',#15490,1.);
#15490 = DIRECTION('',(-0.183295742628,0.983057816578));
#15491 = ( GEOMETRIC_REPRESENTATION_CONTEXT(2) 
PARAMETRIC_REPRESENTATION_CONTEXT() REPRESENTATION_CONTEXT('2D SPACE',''
  ) );
#15492 = PCURVE('',#10317,#15493);
#15493 = DEFINITIONAL_REPRESENTATION('',(#15494),#15498);
#15494 = LINE('',#15495,#15496);
#15495 = CARTESIAN_POINT('',(0.,0.));
#15496 = VECTOR('',#15497,1.);
#15497 = DIRECTION('',(1.,0.));
#15498 = ( GEOMETRIC_REPRESENTATION_CONTEXT(2) 
PARAMETRIC_REPRESENTATION_CONTEXT() REPRESENTATION_CONTEXT('2D SPACE',''
  ) );
#15499 = ORIENTED_EDGE('',*,*,#15500,.F.);
#15500 = EDGE_CURVE('',#15501,#15478,#15503,.T.);
#15501 = VERTEX_POINT('',#15502);
#15502 = CARTESIAN_POINT('',(54.093758005968,12.861224452657,7.5));
#15503 = SURFACE_CURVE('',#15504,(#15508,#15515),.PCURVE_S1.);
#15504 = LINE('',#15505,#15506);
#15505 = CARTESIAN_POINT('',(54.253920382238,10.322282763547,7.5));
#15506 = VECTOR('',#15507,1.);
#15507 = DIRECTION('',(-6.295719642703E-02,0.998016228033,0.));
#15508 = PCURVE('',#7932,#15509);
#15509 = DEFINITIONAL_REPRESENTATION('',(#15510),#15514);
#15510 = LINE('',#15511,#15512);
#15511 = CARTESIAN_POINT('',(95.46920938313,14.178684885806));
#15512 = VECTOR('',#15513,1.);
#15513 = DIRECTION('',(-6.295719642703E-02,0.998016228033));
#15514 = ( GEOMETRIC_REPRESENTATION_CONTEXT(2) 
PARAMETRIC_REPRESENTATION_CONTEXT() REPRESENTATION_CONTEXT('2D SPACE',''
  ) );
#15515 = PCURVE('',#10344,#15516);
#15516 = DEFINITIONAL_REPRESENTATION('',(#15517),#15521);
#15517 = LINE('',#15518,#15519);
#15518 = CARTESIAN_POINT('',(0.,0.));
#15519 = VECTOR('',#15520,1.);
#15520 = DIRECTION('',(1.,0.));
#15521 = ( GEOMETRIC_REPRESENTATION_CONTEXT(2) 
PARAMETRIC_REPRESENTATION_CONTEXT() REPRESENTATION_CONTEXT('2D SPACE',''
  ) );
#15522 = ORIENTED_EDGE('',*,*,#15523,.F.);
#15523 = EDGE_CURVE('',#15524,#15501,#15526,.T.);
#15524 = VERTEX_POINT('',#15525);
#15525 = CARTESIAN_POINT('',(54.253920382238,10.322282763547,7.5));
#15526 = SURFACE_CURVE('',#15527,(#15531,#15538),.PCURVE_S1.);
#15527 = LINE('',#15528,#15529);
#15528 = CARTESIAN_POINT('',(54.253920382238,10.322282763547,7.5));
#15529 = VECTOR('',#15530,1.);
#15530 = DIRECTION('',(-6.295719642703E-02,0.998016228033,0.));
#15531 = PCURVE('',#7932,#15532);
#15532 = DEFINITIONAL_REPRESENTATION('',(#15533),#15537);
#15533 = LINE('',#15534,#15535);
#15534 = CARTESIAN_POINT('',(95.46920938313,14.178684885806));
#15535 = VECTOR('',#15536,1.);
#15536 = DIRECTION('',(-6.295719642703E-02,0.998016228033));
#15537 = ( GEOMETRIC_REPRESENTATION_CONTEXT(2) 
PARAMETRIC_REPRESENTATION_CONTEXT() REPRESENTATION_CONTEXT('2D SPACE',''
  ) );
#15538 = PCURVE('',#10371,#15539);
#15539 = DEFINITIONAL_REPRESENTATION('',(#15540),#15544);
#15540 = LINE('',#15541,#15542);
#15541 = CARTESIAN_POINT('',(0.,0.));
#15542 = VECTOR('',#15543,1.);
#15543 = DIRECTION('',(1.,0.));
#15544 = ( GEOMETRIC_REPRESENTATION_CONTEXT(2) 
PARAMETRIC_REPRESENTATION_CONTEXT() REPRESENTATION_CONTEXT('2D SPACE',''
  ) );
#15545 = ORIENTED_EDGE('',*,*,#15546,.F.);
#15546 = EDGE_CURVE('',#15547,#15524,#15549,.T.);
#15547 = VERTEX_POINT('',#15548);
#15548 = CARTESIAN_POINT('',(54.067407780105,7.1600257615,7.5));
#15549 = SURFACE_CURVE('',#15550,(#15554,#15561),.PCURVE_S1.);
#15550 = LINE('',#15551,#15552);
#15551 = CARTESIAN_POINT('',(53.91634842346,4.598866339482,7.5));
#15552 = VECTOR('',#15553,1.);
#15553 = DIRECTION('',(5.887852616263E-02,0.998265154734,0.));
#15554 = PCURVE('',#7932,#15555);
#15555 = DEFINITIONAL_REPRESENTATION('',(#15556),#15560);
#15556 = LINE('',#15557,#15558);
#15557 = CARTESIAN_POINT('',(95.131637424352,8.455268461741));
#15558 = VECTOR('',#15559,1.);
#15559 = DIRECTION('',(5.887852616263E-02,0.998265154734));
#15560 = ( GEOMETRIC_REPRESENTATION_CONTEXT(2) 
PARAMETRIC_REPRESENTATION_CONTEXT() REPRESENTATION_CONTEXT('2D SPACE',''
  ) );
#15561 = PCURVE('',#10398,#15562);
#15562 = DEFINITIONAL_REPRESENTATION('',(#15563),#15567);
#15563 = LINE('',#15564,#15565);
#15564 = CARTESIAN_POINT('',(0.,0.));
#15565 = VECTOR('',#15566,1.);
#15566 = DIRECTION('',(1.,0.));
#15567 = ( GEOMETRIC_REPRESENTATION_CONTEXT(2) 
PARAMETRIC_REPRESENTATION_CONTEXT() REPRESENTATION_CONTEXT('2D SPACE',''
  ) );
#15568 = ORIENTED_EDGE('',*,*,#15569,.F.);
#15569 = EDGE_CURVE('',#15570,#15547,#15572,.T.);
#15570 = VERTEX_POINT('',#15571);
#15571 = CARTESIAN_POINT('',(53.91634842346,4.598866339482,7.5));
#15572 = SURFACE_CURVE('',#15573,(#15577,#15584),.PCURVE_S1.);
#15573 = LINE('',#15574,#15575);
#15574 = CARTESIAN_POINT('',(53.91634842346,4.598866339482,7.5));
#15575 = VECTOR('',#15576,1.);
#15576 = DIRECTION('',(5.887852616263E-02,0.998265154734,0.));
#15577 = PCURVE('',#7932,#15578);
#15578 = DEFINITIONAL_REPRESENTATION('',(#15579),#15583);
#15579 = LINE('',#15580,#15581);
#15580 = CARTESIAN_POINT('',(95.131637424352,8.455268461741));
#15581 = VECTOR('',#15582,1.);
#15582 = DIRECTION('',(5.887852616263E-02,0.998265154734));
#15583 = ( GEOMETRIC_REPRESENTATION_CONTEXT(2) 
PARAMETRIC_REPRESENTATION_CONTEXT() REPRESENTATION_CONTEXT('2D SPACE',''
  ) );
#15584 = PCURVE('',#10425,#15585);
#15585 = DEFINITIONAL_REPRESENTATION('',(#15586),#15590);
#15586 = LINE('',#15587,#15588);
#15587 = CARTESIAN_POINT('',(0.,0.));
#15588 = VECTOR('',#15589,1.);
#15589 = DIRECTION('',(1.,0.));
#15590 = ( GEOMETRIC_REPRESENTATION_CONTEXT(2) 
PARAMETRIC_REPRESENTATION_CONTEXT() REPRESENTATION_CONTEXT('2D SPACE',''
  ) );
#15591 = ORIENTED_EDGE('',*,*,#15592,.F.);
#15592 = EDGE_CURVE('',#15593,#15570,#15595,.T.);
#15593 = VERTEX_POINT('',#15594);
#15594 = CARTESIAN_POINT('',(53.322250754008,1.495976323717,7.5));
#15595 = SURFACE_CURVE('',#15596,(#15600,#15607),.PCURVE_S1.);
#15596 = LINE('',#15597,#15598);
#15597 = CARTESIAN_POINT('',(52.838222196908,-1.032037931174,7.5));
#15598 = VECTOR('',#15599,1.);
#15599 = DIRECTION('',(0.188050054878,0.982159445742,0.));
#15600 = PCURVE('',#7932,#15601);
#15601 = DEFINITIONAL_REPRESENTATION('',(#15602),#15606);
#15602 = LINE('',#15603,#15604);
#15603 = CARTESIAN_POINT('',(94.0535111978,2.824364191084));
#15604 = VECTOR('',#15605,1.);
#15605 = DIRECTION('',(0.188050054878,0.982159445742));
#15606 = ( GEOMETRIC_REPRESENTATION_CONTEXT(2) 
PARAMETRIC_REPRESENTATION_CONTEXT() REPRESENTATION_CONTEXT('2D SPACE',''
  ) );
#15607 = PCURVE('',#10452,#15608);
#15608 = DEFINITIONAL_REPRESENTATION('',(#15609),#15613);
#15609 = LINE('',#15610,#15611);
#15610 = CARTESIAN_POINT('',(0.,0.));
#15611 = VECTOR('',#15612,1.);
#15612 = DIRECTION('',(1.,0.));
#15613 = ( GEOMETRIC_REPRESENTATION_CONTEXT(2) 
PARAMETRIC_REPRESENTATION_CONTEXT() REPRESENTATION_CONTEXT('2D SPACE',''
  ) );
#15614 = ORIENTED_EDGE('',*,*,#15615,.F.);
#15615 = EDGE_CURVE('',#15616,#15593,#15618,.T.);
#15616 = VERTEX_POINT('',#15617);
#15617 = CARTESIAN_POINT('',(52.838222196908,-1.032037931174,7.5));
#15618 = SURFACE_CURVE('',#15619,(#15623,#15630),.PCURVE_S1.);
#15619 = LINE('',#15620,#15621);
#15620 = CARTESIAN_POINT('',(52.838222196908,-1.032037931174,7.5));
#15621 = VECTOR('',#15622,1.);
#15622 = DIRECTION('',(0.188050054878,0.982159445742,0.));
#15623 = PCURVE('',#7932,#15624);
#15624 = DEFINITIONAL_REPRESENTATION('',(#15625),#15629);
#15625 = LINE('',#15626,#15627);
#15626 = CARTESIAN_POINT('',(94.0535111978,2.824364191084));
#15627 = VECTOR('',#15628,1.);
#15628 = DIRECTION('',(0.188050054878,0.982159445742));
#15629 = ( GEOMETRIC_REPRESENTATION_CONTEXT(2) 
PARAMETRIC_REPRESENTATION_CONTEXT() REPRESENTATION_CONTEXT('2D SPACE',''
  ) );
#15630 = PCURVE('',#10479,#15631);
#15631 = DEFINITIONAL_REPRESENTATION('',(#15632),#15636);
#15632 = LINE('',#15633,#15634);
#15633 = CARTESIAN_POINT('',(0.,0.));
#15634 = VECTOR('',#15635,1.);
#15635 = DIRECTION('',(1.,0.));
#15636 = ( GEOMETRIC_REPRESENTATION_CONTEXT(2) 
PARAMETRIC_REPRESENTATION_CONTEXT() REPRESENTATION_CONTEXT('2D SPACE',''
  ) );
#15637 = ORIENTED_EDGE('',*,*,#15638,.F.);
#15638 = EDGE_CURVE('',#15639,#15616,#15641,.T.);
#15639 = VERTEX_POINT('',#15640);
#15640 = CARTESIAN_POINT('',(51.871505637686,-4.03930805124,7.5));
#15641 = SURFACE_CURVE('',#15642,(#15646,#15653),.PCURVE_S1.);
#15642 = LINE('',#15643,#15644);
#15643 = CARTESIAN_POINT('',(51.08300971787,-6.492167885735,7.5));
#15644 = VECTOR('',#15645,1.);
#15645 = DIRECTION('',(0.306036157479,0.952019889664,0.));
#15646 = PCURVE('',#7932,#15647);
#15647 = DEFINITIONAL_REPRESENTATION('',(#15648),#15652);
#15648 = LINE('',#15649,#15650);
#15649 = CARTESIAN_POINT('',(92.298298718762,-2.635765763477));
#15650 = VECTOR('',#15651,1.);
#15651 = DIRECTION('',(0.306036157479,0.952019889664));
#15652 = ( GEOMETRIC_REPRESENTATION_CONTEXT(2) 
PARAMETRIC_REPRESENTATION_CONTEXT() REPRESENTATION_CONTEXT('2D SPACE',''
  ) );
#15653 = PCURVE('',#10506,#15654);
#15654 = DEFINITIONAL_REPRESENTATION('',(#15655),#15659);
#15655 = LINE('',#15656,#15657);
#15656 = CARTESIAN_POINT('',(0.,0.));
#15657 = VECTOR('',#15658,1.);
#15658 = DIRECTION('',(1.,0.));
#15659 = ( GEOMETRIC_REPRESENTATION_CONTEXT(2) 
PARAMETRIC_REPRESENTATION_CONTEXT() REPRESENTATION_CONTEXT('2D SPACE',''
  ) );
#15660 = ORIENTED_EDGE('',*,*,#15661,.F.);
#15661 = EDGE_CURVE('',#15662,#15639,#15664,.T.);
#15662 = VERTEX_POINT('',#15663);
#15663 = CARTESIAN_POINT('',(51.08300971787,-6.492167885735,7.5));
#15664 = SURFACE_CURVE('',#15665,(#15669,#15676),.PCURVE_S1.);
#15665 = LINE('',#15666,#15667);
#15666 = CARTESIAN_POINT('',(51.08300971787,-6.492167885735,7.5));
#15667 = VECTOR('',#15668,1.);
#15668 = DIRECTION('',(0.306036157479,0.952019889664,0.));
#15669 = PCURVE('',#7932,#15670);
#15670 = DEFINITIONAL_REPRESENTATION('',(#15671),#15675);
#15671 = LINE('',#15672,#15673);
#15672 = CARTESIAN_POINT('',(92.298298718762,-2.635765763477));
#15673 = VECTOR('',#15674,1.);
#15674 = DIRECTION('',(0.306036157479,0.952019889664));
#15675 = ( GEOMETRIC_REPRESENTATION_CONTEXT(2) 
PARAMETRIC_REPRESENTATION_CONTEXT() REPRESENTATION_CONTEXT('2D SPACE',''
  ) );
#15676 = PCURVE('',#10533,#15677);
#15677 = DEFINITIONAL_REPRESENTATION('',(#15678),#15682);
#15678 = LINE('',#15679,#15680);
#15679 = CARTESIAN_POINT('',(0.,0.));
#15680 = VECTOR('',#15681,1.);
#15681 = DIRECTION('',(1.,0.));
#15682 = ( GEOMETRIC_REPRESENTATION_CONTEXT(2) 
PARAMETRIC_REPRESENTATION_CONTEXT() REPRESENTATION_CONTEXT('2D SPACE',''
  ) );
#15683 = ORIENTED_EDGE('',*,*,#15684,.F.);
#15684 = EDGE_CURVE('',#15685,#15662,#15687,.T.);
#15685 = VERTEX_POINT('',#15686);
#15686 = CARTESIAN_POINT('',(49.762203940704,-9.366852898764,7.5));
#15687 = SURFACE_CURVE('',#15688,(#15692,#15699),.PCURVE_S1.);
#15688 = LINE('',#15689,#15690);
#15689 = CARTESIAN_POINT('',(48.688177847303,-11.70443104059,7.5));
#15690 = VECTOR('',#15691,1.);
#15691 = DIRECTION('',(0.417501360388,0.90867629774,0.));
#15692 = PCURVE('',#7932,#15693);
#15693 = DEFINITIONAL_REPRESENTATION('',(#15694),#15698);
#15694 = LINE('',#15695,#15696);
#15695 = CARTESIAN_POINT('',(89.903466848196,-7.848028918332));
#15696 = VECTOR('',#15697,1.);
#15697 = DIRECTION('',(0.417501360388,0.90867629774));
#15698 = ( GEOMETRIC_REPRESENTATION_CONTEXT(2) 
PARAMETRIC_REPRESENTATION_CONTEXT() REPRESENTATION_CONTEXT('2D SPACE',''
  ) );
#15699 = PCURVE('',#10560,#15700);
#15700 = DEFINITIONAL_REPRESENTATION('',(#15701),#15705);
#15701 = LINE('',#15702,#15703);
#15702 = CARTESIAN_POINT('',(0.,0.));
#15703 = VECTOR('',#15704,1.);
#15704 = DIRECTION('',(1.,0.));
#15705 = ( GEOMETRIC_REPRESENTATION_CONTEXT(2) 
PARAMETRIC_REPRESENTATION_CONTEXT() REPRESENTATION_CONTEXT('2D SPACE',''
  ) );
#15706 = ORIENTED_EDGE('',*,*,#15707,.F.);
#15707 = EDGE_CURVE('',#15708,#15685,#15710,.T.);
#15708 = VERTEX_POINT('',#15709);
#15709 = CARTESIAN_POINT('',(48.688177847303,-11.70443104059,7.5));
#15710 = SURFACE_CURVE('',#15711,(#15715,#15722),.PCURVE_S1.);
#15711 = LINE('',#15712,#15713);
#15712 = CARTESIAN_POINT('',(48.688177847303,-11.70443104059,7.5));
#15713 = VECTOR('',#15714,1.);
#15714 = DIRECTION('',(0.417501360388,0.90867629774,0.));
#15715 = PCURVE('',#7932,#15716);
#15716 = DEFINITIONAL_REPRESENTATION('',(#15717),#15721);
#15717 = LINE('',#15718,#15719);
#15718 = CARTESIAN_POINT('',(89.903466848196,-7.848028918332));
#15719 = VECTOR('',#15720,1.);
#15720 = DIRECTION('',(0.417501360388,0.90867629774));
#15721 = ( GEOMETRIC_REPRESENTATION_CONTEXT(2) 
PARAMETRIC_REPRESENTATION_CONTEXT() REPRESENTATION_CONTEXT('2D SPACE',''
  ) );
#15722 = PCURVE('',#10587,#15723);
#15723 = DEFINITIONAL_REPRESENTATION('',(#15724),#15728);
#15724 = LINE('',#15725,#15726);
#15725 = CARTESIAN_POINT('',(0.,0.));
#15726 = VECTOR('',#15727,1.);
#15727 = DIRECTION('',(1.,0.));
#15728 = ( GEOMETRIC_REPRESENTATION_CONTEXT(2) 
PARAMETRIC_REPRESENTATION_CONTEXT() REPRESENTATION_CONTEXT('2D SPACE',''
  ) );
#15729 = ORIENTED_EDGE('',*,*,#15730,.F.);
#15730 = EDGE_CURVE('',#15731,#15708,#15733,.T.);
#15731 = VERTEX_POINT('',#15732);
#15732 = CARTESIAN_POINT('',(46.995325791811,-14.39567015728,7.5));
#15733 = SURFACE_CURVE('',#15734,(#15738,#15745),.PCURVE_S1.);
#15734 = LINE('',#15735,#15736);
#15735 = CARTESIAN_POINT('',(45.633769276552,-16.56022679503,7.5));
#15736 = VECTOR('',#15737,1.);
#15737 = DIRECTION('',(0.532445673427,0.846464178125,0.));
#15738 = PCURVE('',#7932,#15739);
#15739 = DEFINITIONAL_REPRESENTATION('',(#15740),#15744);
#15740 = LINE('',#15741,#15742);
#15741 = CARTESIAN_POINT('',(86.849058277444,-12.70382467277));
#15742 = VECTOR('',#15743,1.);
#15743 = DIRECTION('',(0.532445673427,0.846464178125));
#15744 = ( GEOMETRIC_REPRESENTATION_CONTEXT(2) 
PARAMETRIC_REPRESENTATION_CONTEXT() REPRESENTATION_CONTEXT('2D SPACE',''
  ) );
#15745 = PCURVE('',#10614,#15746);
#15746 = DEFINITIONAL_REPRESENTATION('',(#15747),#15751);
#15747 = LINE('',#15748,#15749);
#15748 = CARTESIAN_POINT('',(0.,0.));
#15749 = VECTOR('',#15750,1.);
#15750 = DIRECTION('',(1.,0.));
#15751 = ( GEOMETRIC_REPRESENTATION_CONTEXT(2) 
PARAMETRIC_REPRESENTATION_CONTEXT() REPRESENTATION_CONTEXT('2D SPACE',''
  ) );
#15752 = ORIENTED_EDGE('',*,*,#15753,.F.);
#15753 = EDGE_CURVE('',#15754,#15731,#15756,.T.);
#15754 = VERTEX_POINT('',#15755);
#15755 = CARTESIAN_POINT('',(45.633769276552,-16.56022679503,7.5));
#15756 = SURFACE_CURVE('',#15757,(#15761,#15768),.PCURVE_S1.);
#15757 = LINE('',#15758,#15759);
#15758 = CARTESIAN_POINT('',(45.633769276552,-16.56022679503,7.5));
#15759 = VECTOR('',#15760,1.);
#15760 = DIRECTION('',(0.532445673427,0.846464178125,0.));
#15761 = PCURVE('',#7932,#15762);
#15762 = DEFINITIONAL_REPRESENTATION('',(#15763),#15767);
#15763 = LINE('',#15764,#15765);
#15764 = CARTESIAN_POINT('',(86.849058277444,-12.70382467277));
#15765 = VECTOR('',#15766,1.);
#15766 = DIRECTION('',(0.532445673427,0.846464178125));
#15767 = ( GEOMETRIC_REPRESENTATION_CONTEXT(2) 
PARAMETRIC_REPRESENTATION_CONTEXT() REPRESENTATION_CONTEXT('2D SPACE',''
  ) );
#15768 = PCURVE('',#10641,#15769);
#15769 = DEFINITIONAL_REPRESENTATION('',(#15770),#15774);
#15770 = LINE('',#15771,#15772);
#15771 = CARTESIAN_POINT('',(0.,0.));
#15772 = VECTOR('',#15773,1.);
#15773 = DIRECTION('',(1.,0.));
#15774 = ( GEOMETRIC_REPRESENTATION_CONTEXT(2) 
PARAMETRIC_REPRESENTATION_CONTEXT() REPRESENTATION_CONTEXT('2D SPACE',''
  ) );
#15775 = ORIENTED_EDGE('',*,*,#15776,.F.);
#15776 = EDGE_CURVE('',#15777,#15754,#15779,.T.);
#15777 = VERTEX_POINT('',#15778);
#15778 = CARTESIAN_POINT('',(43.60573412346,-19.04341504006,7.5));
#15779 = SURFACE_CURVE('',#15780,(#15784,#15791),.PCURVE_S1.);
#15780 = LINE('',#15781,#15782);
#15781 = CARTESIAN_POINT('',(42.004058190156,-21.00455602121,7.5));
#15782 = VECTOR('',#15783,1.);
#15783 = DIRECTION('',(0.632552923753,0.774517139031,0.));
#15784 = PCURVE('',#7932,#15785);
#15785 = DEFINITIONAL_REPRESENTATION('',(#15786),#15790);
#15786 = LINE('',#15787,#15788);
#15787 = CARTESIAN_POINT('',(83.219347191048,-17.14815389895));
#15788 = VECTOR('',#15789,1.);
#15789 = DIRECTION('',(0.632552923753,0.774517139031));
#15790 = ( GEOMETRIC_REPRESENTATION_CONTEXT(2) 
PARAMETRIC_REPRESENTATION_CONTEXT() REPRESENTATION_CONTEXT('2D SPACE',''
  ) );
#15791 = PCURVE('',#10668,#15792);
#15792 = DEFINITIONAL_REPRESENTATION('',(#15793),#15797);
#15793 = LINE('',#15794,#15795);
#15794 = CARTESIAN_POINT('',(0.,0.));
#15795 = VECTOR('',#15796,1.);
#15796 = DIRECTION('',(1.,0.));
#15797 = ( GEOMETRIC_REPRESENTATION_CONTEXT(2) 
PARAMETRIC_REPRESENTATION_CONTEXT() REPRESENTATION_CONTEXT('2D SPACE',''
  ) );
#15798 = ORIENTED_EDGE('',*,*,#15799,.F.);
#15799 = EDGE_CURVE('',#15800,#15777,#15802,.T.);
#15800 = VERTEX_POINT('',#15801);
#15801 = CARTESIAN_POINT('',(42.004058190156,-21.00455602121,7.5));
#15802 = SURFACE_CURVE('',#15803,(#15807,#15814),.PCURVE_S1.);
#15803 = LINE('',#15804,#15805);
#15804 = CARTESIAN_POINT('',(42.004058190156,-21.00455602121,7.5));
#15805 = VECTOR('',#15806,1.);
#15806 = DIRECTION('',(0.632552923753,0.774517139031,0.));
#15807 = PCURVE('',#7932,#15808);
#15808 = DEFINITIONAL_REPRESENTATION('',(#15809),#15813);
#15809 = LINE('',#15810,#15811);
#15810 = CARTESIAN_POINT('',(83.219347191048,-17.14815389895));
#15811 = VECTOR('',#15812,1.);
#15812 = DIRECTION('',(0.632552923753,0.774517139031));
#15813 = ( GEOMETRIC_REPRESENTATION_CONTEXT(2) 
PARAMETRIC_REPRESENTATION_CONTEXT() REPRESENTATION_CONTEXT('2D SPACE',''
  ) );
#15814 = PCURVE('',#10695,#15815);
#15815 = DEFINITIONAL_REPRESENTATION('',(#15816),#15820);
#15816 = LINE('',#15817,#15818);
#15817 = CARTESIAN_POINT('',(0.,0.));
#15818 = VECTOR('',#15819,1.);
#15819 = DIRECTION('',(1.,0.));
#15820 = ( GEOMETRIC_REPRESENTATION_CONTEXT(2) 
PARAMETRIC_REPRESENTATION_CONTEXT() REPRESENTATION_CONTEXT('2D SPACE',''
  ) );
#15821 = ORIENTED_EDGE('',*,*,#15822,.F.);
#15822 = EDGE_CURVE('',#15823,#15800,#15825,.T.);
#15823 = VERTEX_POINT('',#15824);
#15824 = CARTESIAN_POINT('',(39.656367074062,-23.23462210326,7.5));
#15825 = SURFACE_CURVE('',#15826,(#15830,#15837),.PCURVE_S1.);
#15826 = LINE('',#15827,#15828);
#15827 = CARTESIAN_POINT('',(37.843250027392,-24.95689757674,7.5));
#15828 = VECTOR('',#15829,1.);
#15829 = DIRECTION('',(0.725036517148,0.688710424491,0.));
#15830 = PCURVE('',#7932,#15831);
#15831 = DEFINITIONAL_REPRESENTATION('',(#15832),#15836);
#15832 = LINE('',#15833,#15834);
#15833 = CARTESIAN_POINT('',(79.058539028285,-21.10049545448));
#15834 = VECTOR('',#15835,1.);
#15835 = DIRECTION('',(0.725036517148,0.688710424491));
#15836 = ( GEOMETRIC_REPRESENTATION_CONTEXT(2) 
PARAMETRIC_REPRESENTATION_CONTEXT() REPRESENTATION_CONTEXT('2D SPACE',''
  ) );
#15837 = PCURVE('',#10722,#15838);
#15838 = DEFINITIONAL_REPRESENTATION('',(#15839),#15843);
#15839 = LINE('',#15840,#15841);
#15840 = CARTESIAN_POINT('',(0.,0.));
#15841 = VECTOR('',#15842,1.);
#15842 = DIRECTION('',(1.,0.));
#15843 = ( GEOMETRIC_REPRESENTATION_CONTEXT(2) 
PARAMETRIC_REPRESENTATION_CONTEXT() REPRESENTATION_CONTEXT('2D SPACE',''
  ) );
#15844 = ORIENTED_EDGE('',*,*,#15845,.F.);
#15845 = EDGE_CURVE('',#15846,#15823,#15848,.T.);
#15846 = VERTEX_POINT('',#15847);
#15847 = CARTESIAN_POINT('',(37.843250027392,-24.95689757674,7.5));
#15848 = SURFACE_CURVE('',#15849,(#15853,#15860),.PCURVE_S1.);
#15849 = LINE('',#15850,#15851);
#15850 = CARTESIAN_POINT('',(37.843250027392,-24.95689757674,7.5));
#15851 = VECTOR('',#15852,1.);
#15852 = DIRECTION('',(0.725036517148,0.688710424491,0.));
#15853 = PCURVE('',#7932,#15854);
#15854 = DEFINITIONAL_REPRESENTATION('',(#15855),#15859);
#15855 = LINE('',#15856,#15857);
#15856 = CARTESIAN_POINT('',(79.058539028285,-21.10049545448));
#15857 = VECTOR('',#15858,1.);
#15858 = DIRECTION('',(0.725036517148,0.688710424491));
#15859 = ( GEOMETRIC_REPRESENTATION_CONTEXT(2) 
PARAMETRIC_REPRESENTATION_CONTEXT() REPRESENTATION_CONTEXT('2D SPACE',''
  ) );
#15860 = PCURVE('',#10749,#15861);
#15861 = DEFINITIONAL_REPRESENTATION('',(#15862),#15866);
#15862 = LINE('',#15863,#15864);
#15863 = CARTESIAN_POINT('',(0.,0.));
#15864 = VECTOR('',#15865,1.);
#15865 = DIRECTION('',(1.,0.));
#15866 = ( GEOMETRIC_REPRESENTATION_CONTEXT(2) 
PARAMETRIC_REPRESENTATION_CONTEXT() REPRESENTATION_CONTEXT('2D SPACE',''
  ) );
#15867 = ORIENTED_EDGE('',*,*,#15868,.F.);
#15868 = EDGE_CURVE('',#15869,#15846,#15871,.T.);
#15869 = VERTEX_POINT('',#15870);
#15870 = CARTESIAN_POINT('',(35.200196495261,-26.89293525253,7.5));
#15871 = SURFACE_CURVE('',#15872,(#15876,#15883),.PCURVE_S1.);
#15872 = LINE('',#15873,#15874);
#15873 = CARTESIAN_POINT('',(33.213577871793,-28.34813411842,7.5));
#15874 = VECTOR('',#15875,1.);
#15875 = DIRECTION('',(0.80672532893,0.590926597525,0.));
#15876 = PCURVE('',#7932,#15877);
#15877 = DEFINITIONAL_REPRESENTATION('',(#15878),#15882);
#15878 = LINE('',#15879,#15880);
#15879 = CARTESIAN_POINT('',(74.428866872685,-24.49173199616));
#15880 = VECTOR('',#15881,1.);
#15881 = DIRECTION('',(0.80672532893,0.590926597525));
#15882 = ( GEOMETRIC_REPRESENTATION_CONTEXT(2) 
PARAMETRIC_REPRESENTATION_CONTEXT() REPRESENTATION_CONTEXT('2D SPACE',''
  ) );
#15883 = PCURVE('',#10776,#15884);
#15884 = DEFINITIONAL_REPRESENTATION('',(#15885),#15889);
#15885 = LINE('',#15886,#15887);
#15886 = CARTESIAN_POINT('',(0.,0.));
#15887 = VECTOR('',#15888,1.);
#15888 = DIRECTION('',(1.,0.));
#15889 = ( GEOMETRIC_REPRESENTATION_CONTEXT(2) 
PARAMETRIC_REPRESENTATION_CONTEXT() REPRESENTATION_CONTEXT('2D SPACE',''
  ) );
#15890 = ORIENTED_EDGE('',*,*,#15891,.F.);
#15891 = EDGE_CURVE('',#15892,#15869,#15894,.T.);
#15892 = VERTEX_POINT('',#15893);
#15893 = CARTESIAN_POINT('',(33.213577871793,-28.34813411842,7.5));
#15894 = SURFACE_CURVE('',#15895,(#15899,#15906),.PCURVE_S1.);
#15895 = LINE('',#15896,#15897);
#15896 = CARTESIAN_POINT('',(33.213577871793,-28.34813411842,7.5));
#15897 = VECTOR('',#15898,1.);
#15898 = DIRECTION('',(0.80672532893,0.590926597525,0.));
#15899 = PCURVE('',#7932,#15900);
#15900 = DEFINITIONAL_REPRESENTATION('',(#15901),#15905);
#15901 = LINE('',#15902,#15903);
#15902 = CARTESIAN_POINT('',(74.428866872685,-24.49173199616));
#15903 = VECTOR('',#15904,1.);
#15904 = DIRECTION('',(0.80672532893,0.590926597525));
#15905 = ( GEOMETRIC_REPRESENTATION_CONTEXT(2) 
PARAMETRIC_REPRESENTATION_CONTEXT() REPRESENTATION_CONTEXT('2D SPACE',''
  ) );
#15906 = PCURVE('',#10803,#15907);
#15907 = DEFINITIONAL_REPRESENTATION('',(#15908),#15912);
#15908 = LINE('',#15909,#15910);
#15909 = CARTESIAN_POINT('',(0.,0.));
#15910 = VECTOR('',#15911,1.);
#15911 = DIRECTION('',(1.,0.));
#15912 = ( GEOMETRIC_REPRESENTATION_CONTEXT(2) 
PARAMETRIC_REPRESENTATION_CONTEXT() REPRESENTATION_CONTEXT('2D SPACE',''
  ) );
#15913 = ORIENTED_EDGE('',*,*,#15914,.F.);
#15914 = EDGE_CURVE('',#15915,#15892,#15917,.T.);
#15915 = VERTEX_POINT('',#15916);
#15916 = CARTESIAN_POINT('',(30.319604274661,-29.97128235403,7.5));
#15917 = SURFACE_CURVE('',#15918,(#15922,#15929),.PCURVE_S1.);
#15918 = LINE('',#15919,#15920);
#15919 = CARTESIAN_POINT('',(28.209846469341,-31.15458605199,7.5));
#15920 = VECTOR('',#15921,1.);
#15921 = DIRECTION('',(0.872181664861,0.489182116885,0.));
#15922 = PCURVE('',#7932,#15923);
#15923 = DEFINITIONAL_REPRESENTATION('',(#15924),#15928);
#15924 = LINE('',#15925,#15926);
#15925 = CARTESIAN_POINT('',(69.425135470233,-27.29818392973));
#15926 = VECTOR('',#15927,1.);
#15927 = DIRECTION('',(0.872181664861,0.489182116885));
#15928 = ( GEOMETRIC_REPRESENTATION_CONTEXT(2) 
PARAMETRIC_REPRESENTATION_CONTEXT() REPRESENTATION_CONTEXT('2D SPACE',''
  ) );
#15929 = PCURVE('',#10830,#15930);
#15930 = DEFINITIONAL_REPRESENTATION('',(#15931),#15935);
#15931 = LINE('',#15932,#15933);
#15932 = CARTESIAN_POINT('',(0.,0.));
#15933 = VECTOR('',#15934,1.);
#15934 = DIRECTION('',(1.,0.));
#15935 = ( GEOMETRIC_REPRESENTATION_CONTEXT(2) 
PARAMETRIC_REPRESENTATION_CONTEXT() REPRESENTATION_CONTEXT('2D SPACE',''
  ) );
#15936 = ORIENTED_EDGE('',*,*,#15937,.F.);
#15937 = EDGE_CURVE('',#15938,#15915,#15940,.T.);
#15938 = VERTEX_POINT('',#15939);
#15939 = CARTESIAN_POINT('',(28.209846469341,-31.15458605199,7.5));
#15940 = SURFACE_CURVE('',#15941,(#15945,#15952),.PCURVE_S1.);
#15941 = LINE('',#15942,#15943);
#15942 = CARTESIAN_POINT('',(28.209846469341,-31.15458605199,7.5));
#15943 = VECTOR('',#15944,1.);
#15944 = DIRECTION('',(0.872181664861,0.489182116885,0.));
#15945 = PCURVE('',#7932,#15946);
#15946 = DEFINITIONAL_REPRESENTATION('',(#15947),#15951);
#15947 = LINE('',#15948,#15949);
#15948 = CARTESIAN_POINT('',(69.425135470233,-27.29818392973));
#15949 = VECTOR('',#15950,1.);
#15950 = DIRECTION('',(0.872181664861,0.489182116885));
#15951 = ( GEOMETRIC_REPRESENTATION_CONTEXT(2) 
PARAMETRIC_REPRESENTATION_CONTEXT() REPRESENTATION_CONTEXT('2D SPACE',''
  ) );
#15952 = PCURVE('',#10857,#15953);
#15953 = DEFINITIONAL_REPRESENTATION('',(#15954),#15958);
#15954 = LINE('',#15955,#15956);
#15955 = CARTESIAN_POINT('',(0.,0.));
#15956 = VECTOR('',#15957,1.);
#15957 = DIRECTION('',(1.,0.));
#15958 = ( GEOMETRIC_REPRESENTATION_CONTEXT(2) 
PARAMETRIC_REPRESENTATION_CONTEXT() REPRESENTATION_CONTEXT('2D SPACE',''
  ) );
#15959 = ORIENTED_EDGE('',*,*,#15960,.F.);
#15960 = EDGE_CURVE('',#15961,#15938,#15963,.T.);
#15961 = VERTEX_POINT('',#15962);
#15962 = CARTESIAN_POINT('',(25.082289935373,-32.40411568985,7.5));
#15963 = SURFACE_CURVE('',#15964,(#15968,#15975),.PCURVE_S1.);
#15964 = LINE('',#15965,#15966);
#15965 = CARTESIAN_POINT('',(22.88244657754,-33.283002912,7.5));
#15966 = VECTOR('',#15967,1.);
#15967 = DIRECTION('',(0.928629471604,0.371008496491,0.));
#15968 = PCURVE('',#7932,#15969);
#15969 = DEFINITIONAL_REPRESENTATION('',(#15970),#15974);
#15970 = LINE('',#15971,#15972);
#15971 = CARTESIAN_POINT('',(64.097735578432,-29.42660078975));
#15972 = VECTOR('',#15973,1.);
#15973 = DIRECTION('',(0.928629471604,0.371008496491));
#15974 = ( GEOMETRIC_REPRESENTATION_CONTEXT(2) 
PARAMETRIC_REPRESENTATION_CONTEXT() REPRESENTATION_CONTEXT('2D SPACE',''
  ) );
#15975 = PCURVE('',#10884,#15976);
#15976 = DEFINITIONAL_REPRESENTATION('',(#15977),#15981);
#15977 = LINE('',#15978,#15979);
#15978 = CARTESIAN_POINT('',(0.,0.));
#15979 = VECTOR('',#15980,1.);
#15980 = DIRECTION('',(1.,0.));
#15981 = ( GEOMETRIC_REPRESENTATION_CONTEXT(2) 
PARAMETRIC_REPRESENTATION_CONTEXT() REPRESENTATION_CONTEXT('2D SPACE',''
  ) );
#15982 = ORIENTED_EDGE('',*,*,#15983,.F.);
#15983 = EDGE_CURVE('',#15984,#15961,#15986,.T.);
#15984 = VERTEX_POINT('',#15985);
#15985 = CARTESIAN_POINT('',(22.88244657754,-33.283002912,7.5));
#15986 = SURFACE_CURVE('',#15987,(#15991,#15998),.PCURVE_S1.);
#15987 = LINE('',#15988,#15989);
#15988 = CARTESIAN_POINT('',(22.88244657754,-33.283002912,7.5));
#15989 = VECTOR('',#15990,1.);
#15990 = DIRECTION('',(0.928629471604,0.371008496491,0.));
#15991 = PCURVE('',#7932,#15992);
#15992 = DEFINITIONAL_REPRESENTATION('',(#15993),#15997);
#15993 = LINE('',#15994,#15995);
#15994 = CARTESIAN_POINT('',(64.097735578432,-29.42660078975));
#15995 = VECTOR('',#15996,1.);
#15996 = DIRECTION('',(0.928629471604,0.371008496491));
#15997 = ( GEOMETRIC_REPRESENTATION_CONTEXT(2) 
PARAMETRIC_REPRESENTATION_CONTEXT() REPRESENTATION_CONTEXT('2D SPACE',''
  ) );
#15998 = PCURVE('',#10911,#15999);
#15999 = DEFINITIONAL_REPRESENTATION('',(#16000),#16004);
#16000 = LINE('',#16001,#16002);
#16001 = CARTESIAN_POINT('',(0.,0.));
#16002 = VECTOR('',#16003,1.);
#16003 = DIRECTION('',(1.,0.));
#16004 = ( GEOMETRIC_REPRESENTATION_CONTEXT(2) 
PARAMETRIC_REPRESENTATION_CONTEXT() REPRESENTATION_CONTEXT('2D SPACE',''
  ) );
#16005 = ORIENTED_EDGE('',*,*,#16006,.F.);
#16006 = EDGE_CURVE('',#16007,#15984,#16009,.T.);
#16007 = VERTEX_POINT('',#16008);
#16008 = CARTESIAN_POINT('',(19.560014484054,-34.0803984129,7.5));
#16009 = SURFACE_CURVE('',#16010,(#16014,#16021),.PCURVE_S1.);
#16010 = LINE('',#16011,#16012);
#16011 = CARTESIAN_POINT('',(17.333526200848,-34.61476350747,7.5));
#16012 = VECTOR('',#16013,1.);
#16013 = DIRECTION('',(0.972386518369,0.233376217501,0.));
#16014 = PCURVE('',#7932,#16015);
#16015 = DEFINITIONAL_REPRESENTATION('',(#16016),#16020);
#16016 = LINE('',#16017,#16018);
#16017 = CARTESIAN_POINT('',(58.54881520174,-30.75836138521));
#16018 = VECTOR('',#16019,1.);
#16019 = DIRECTION('',(0.972386518369,0.233376217501));
#16020 = ( GEOMETRIC_REPRESENTATION_CONTEXT(2) 
PARAMETRIC_REPRESENTATION_CONTEXT() REPRESENTATION_CONTEXT('2D SPACE',''
  ) );
#16021 = PCURVE('',#10938,#16022);
#16022 = DEFINITIONAL_REPRESENTATION('',(#16023),#16027);
#16023 = LINE('',#16024,#16025);
#16024 = CARTESIAN_POINT('',(0.,0.));
#16025 = VECTOR('',#16026,1.);
#16026 = DIRECTION('',(1.,0.));
#16027 = ( GEOMETRIC_REPRESENTATION_CONTEXT(2) 
PARAMETRIC_REPRESENTATION_CONTEXT() REPRESENTATION_CONTEXT('2D SPACE',''
  ) );
#16028 = ORIENTED_EDGE('',*,*,#16029,.F.);
#16029 = EDGE_CURVE('',#15080,#16007,#16030,.T.);
#16030 = SURFACE_CURVE('',#16031,(#16035,#16042),.PCURVE_S1.);
#16031 = LINE('',#16032,#16033);
#16032 = CARTESIAN_POINT('',(17.333526200848,-34.61476350747,7.5));
#16033 = VECTOR('',#16034,1.);
#16034 = DIRECTION('',(0.972386518369,0.233376217501,0.));
#16035 = PCURVE('',#7932,#16036);
#16036 = DEFINITIONAL_REPRESENTATION('',(#16037),#16041);
#16037 = LINE('',#16038,#16039);
#16038 = CARTESIAN_POINT('',(58.54881520174,-30.75836138521));
#16039 = VECTOR('',#16040,1.);
#16040 = DIRECTION('',(0.972386518369,0.233376217501));
#16041 = ( GEOMETRIC_REPRESENTATION_CONTEXT(2) 
PARAMETRIC_REPRESENTATION_CONTEXT() REPRESENTATION_CONTEXT('2D SPACE',''
  ) );
#16042 = PCURVE('',#10965,#16043);
#16043 = DEFINITIONAL_REPRESENTATION('',(#16044),#16048);
#16044 = LINE('',#16045,#16046);
#16045 = CARTESIAN_POINT('',(0.,0.));
#16046 = VECTOR('',#16047,1.);
#16047 = DIRECTION('',(1.,0.));
#16048 = ( GEOMETRIC_REPRESENTATION_CONTEXT(2) 
PARAMETRIC_REPRESENTATION_CONTEXT() REPRESENTATION_CONTEXT('2D SPACE',''
  ) );
#16049 = ADVANCED_FACE('',(#16050),#8640,.T.);
#16050 = FACE_BOUND('',#16051,.T.);
#16051 = EDGE_LOOP('',(#16052,#16053,#16054,#16074,#16075));
#16052 = ORIENTED_EDGE('',*,*,#8626,.T.);
#16053 = ORIENTED_EDGE('',*,*,#15079,.T.);
#16054 = ORIENTED_EDGE('',*,*,#16055,.T.);
#16055 = EDGE_CURVE('',#15080,#10950,#16056,.T.);
#16056 = SURFACE_CURVE('',#16057,(#16060,#16067),.PCURVE_S1.);
#16057 = B_SPLINE_CURVE_WITH_KNOTS('',1,(#16058,#16059),.UNSPECIFIED.,
  .F.,.F.,(2,2),(0.,1.),.PIECEWISE_BEZIER_KNOTS.);
#16058 = CARTESIAN_POINT('',(17.333526200848,-34.61476350747,7.5));
#16059 = CARTESIAN_POINT('',(16.046506201355,-28.74609615235,15.));
#16060 = PCURVE('',#8640,#16061);
#16061 = DEFINITIONAL_REPRESENTATION('',(#16062),#16066);
#16062 = LINE('',#16063,#16064);
#16063 = CARTESIAN_POINT('',(5.735243035702,0.));
#16064 = VECTOR('',#16065,1.);
#16065 = DIRECTION('',(0.,1.));
#16066 = ( GEOMETRIC_REPRESENTATION_CONTEXT(2) 
PARAMETRIC_REPRESENTATION_CONTEXT() REPRESENTATION_CONTEXT('2D SPACE',''
  ) );
#16067 = PCURVE('',#10965,#16068);
#16068 = DEFINITIONAL_REPRESENTATION('',(#16069),#16073);
#16069 = LINE('',#16070,#16071);
#16070 = CARTESIAN_POINT('',(0.,0.));
#16071 = VECTOR('',#16072,1.);
#16072 = DIRECTION('',(0.,1.));
#16073 = ( GEOMETRIC_REPRESENTATION_CONTEXT(2) 
PARAMETRIC_REPRESENTATION_CONTEXT() REPRESENTATION_CONTEXT('2D SPACE',''
  ) );
#16074 = ORIENTED_EDGE('',*,*,#10976,.F.);
#16075 = ORIENTED_EDGE('',*,*,#8751,.F.);
#16076 = ADVANCED_FACE('',(#16077),#10965,.T.);
#16077 = FACE_BOUND('',#16078,.T.);
#16078 = EDGE_LOOP('',(#16079,#16080,#16100,#16101));
#16079 = ORIENTED_EDGE('',*,*,#16029,.T.);
#16080 = ORIENTED_EDGE('',*,*,#16081,.T.);
#16081 = EDGE_CURVE('',#16007,#10923,#16082,.T.);
#16082 = SURFACE_CURVE('',#16083,(#16086,#16093),.PCURVE_S1.);
#16083 = B_SPLINE_CURVE_WITH_KNOTS('',1,(#16084,#16085),.UNSPECIFIED.,
  .F.,.F.,(2,2),(0.,1.),.PIECEWISE_BEZIER_KNOTS.);
#16084 = CARTESIAN_POINT('',(19.560014484054,-34.0803984129,7.5));
#16085 = CARTESIAN_POINT('',(17.982806974323,-28.3905586111,15.));
#16086 = PCURVE('',#10965,#16087);
#16087 = DEFINITIONAL_REPRESENTATION('',(#16088),#16092);
#16088 = LINE('',#16089,#16090);
#16089 = CARTESIAN_POINT('',(2.28971529443,0.));
#16090 = VECTOR('',#16091,1.);
#16091 = DIRECTION('',(0.,1.));
#16092 = ( GEOMETRIC_REPRESENTATION_CONTEXT(2) 
PARAMETRIC_REPRESENTATION_CONTEXT() REPRESENTATION_CONTEXT('2D SPACE',''
  ) );
#16093 = PCURVE('',#10938,#16094);
#16094 = DEFINITIONAL_REPRESENTATION('',(#16095),#16099);
#16095 = LINE('',#16096,#16097);
#16096 = CARTESIAN_POINT('',(2.28971529443,0.));
#16097 = VECTOR('',#16098,1.);
#16098 = DIRECTION('',(0.,1.));
#16099 = ( GEOMETRIC_REPRESENTATION_CONTEXT(2) 
PARAMETRIC_REPRESENTATION_CONTEXT() REPRESENTATION_CONTEXT('2D SPACE',''
  ) );
#16100 = ORIENTED_EDGE('',*,*,#10949,.F.);
#16101 = ORIENTED_EDGE('',*,*,#16055,.F.);
#16102 = ADVANCED_FACE('',(#16103),#10938,.T.);
#16103 = FACE_BOUND('',#16104,.T.);
#16104 = EDGE_LOOP('',(#16105,#16106,#16126,#16127));
#16105 = ORIENTED_EDGE('',*,*,#16006,.T.);
#16106 = ORIENTED_EDGE('',*,*,#16107,.T.);
#16107 = EDGE_CURVE('',#15984,#10896,#16108,.T.);
#16108 = SURFACE_CURVE('',#16109,(#16112,#16119),.PCURVE_S1.);
#16109 = B_SPLINE_CURVE_WITH_KNOTS('',1,(#16110,#16111),.UNSPECIFIED.,
  .F.,.F.,(2,2),(0.,1.),.PIECEWISE_BEZIER_KNOTS.);
#16110 = CARTESIAN_POINT('',(22.88244657754,-33.283002912,7.5));
#16111 = CARTESIAN_POINT('',(20.771723572243,-27.50444099475,15.));
#16112 = PCURVE('',#10938,#16113);
#16113 = DEFINITIONAL_REPRESENTATION('',(#16114),#16118);
#16114 = LINE('',#16115,#16116);
#16115 = CARTESIAN_POINT('',(5.706496616182,0.));
#16116 = VECTOR('',#16117,1.);
#16117 = DIRECTION('',(0.,1.));
#16118 = ( GEOMETRIC_REPRESENTATION_CONTEXT(2) 
PARAMETRIC_REPRESENTATION_CONTEXT() REPRESENTATION_CONTEXT('2D SPACE',''
  ) );
#16119 = PCURVE('',#10911,#16120);
#16120 = DEFINITIONAL_REPRESENTATION('',(#16121),#16125);
#16121 = LINE('',#16122,#16123);
#16122 = CARTESIAN_POINT('',(0.,0.));
#16123 = VECTOR('',#16124,1.);
#16124 = DIRECTION('',(0.,1.));
#16125 = ( GEOMETRIC_REPRESENTATION_CONTEXT(2) 
PARAMETRIC_REPRESENTATION_CONTEXT() REPRESENTATION_CONTEXT('2D SPACE',''
  ) );
#16126 = ORIENTED_EDGE('',*,*,#10922,.F.);
#16127 = ORIENTED_EDGE('',*,*,#16081,.F.);
#16128 = ADVANCED_FACE('',(#16129),#10911,.T.);
#16129 = FACE_BOUND('',#16130,.T.);
#16130 = EDGE_LOOP('',(#16131,#16132,#16152,#16153));
#16131 = ORIENTED_EDGE('',*,*,#15983,.T.);
#16132 = ORIENTED_EDGE('',*,*,#16133,.T.);
#16133 = EDGE_CURVE('',#15961,#10869,#16134,.T.);
#16134 = SURFACE_CURVE('',#16135,(#16138,#16145),.PCURVE_S1.);
#16135 = B_SPLINE_CURVE_WITH_KNOTS('',1,(#16136,#16137),.UNSPECIFIED.,
  .F.,.F.,(2,2),(0.,1.),.PIECEWISE_BEZIER_KNOTS.);
#16136 = CARTESIAN_POINT('',(25.082289935373,-32.40411568985,7.5));
#16137 = CARTESIAN_POINT('',(22.708230978809,-26.88915786708,15.));
#16138 = PCURVE('',#10911,#16139);
#16139 = DEFINITIONAL_REPRESENTATION('',(#16140),#16144);
#16140 = LINE('',#16141,#16142);
#16141 = CARTESIAN_POINT('',(2.368914001872,0.));
#16142 = VECTOR('',#16143,1.);
#16143 = DIRECTION('',(0.,1.));
#16144 = ( GEOMETRIC_REPRESENTATION_CONTEXT(2) 
PARAMETRIC_REPRESENTATION_CONTEXT() REPRESENTATION_CONTEXT('2D SPACE',''
  ) );
#16145 = PCURVE('',#10884,#16146);
#16146 = DEFINITIONAL_REPRESENTATION('',(#16147),#16151);
#16147 = LINE('',#16148,#16149);
#16148 = CARTESIAN_POINT('',(2.368914001872,0.));
#16149 = VECTOR('',#16150,1.);
#16150 = DIRECTION('',(0.,1.));
#16151 = ( GEOMETRIC_REPRESENTATION_CONTEXT(2) 
PARAMETRIC_REPRESENTATION_CONTEXT() REPRESENTATION_CONTEXT('2D SPACE',''
  ) );
#16152 = ORIENTED_EDGE('',*,*,#10895,.F.);
#16153 = ORIENTED_EDGE('',*,*,#16107,.F.);
#16154 = ADVANCED_FACE('',(#16155),#10884,.T.);
#16155 = FACE_BOUND('',#16156,.T.);
#16156 = EDGE_LOOP('',(#16157,#16158,#16178,#16179));
#16157 = ORIENTED_EDGE('',*,*,#15960,.T.);
#16158 = ORIENTED_EDGE('',*,*,#16159,.T.);
#16159 = EDGE_CURVE('',#15938,#10842,#16160,.T.);
#16160 = SURFACE_CURVE('',#16161,(#16164,#16171),.PCURVE_S1.);
#16161 = B_SPLINE_CURVE_WITH_KNOTS('',1,(#16162,#16163),.UNSPECIFIED.,
  .F.,.F.,(2,2),(0.,1.),.PIECEWISE_BEZIER_KNOTS.);
#16162 = CARTESIAN_POINT('',(28.209846469341,-31.15458605199,7.5));
#16163 = CARTESIAN_POINT('',(25.327571512875,-25.68186589942,15.));
#16164 = PCURVE('',#10884,#16165);
#16165 = DEFINITIONAL_REPRESENTATION('',(#16166),#16170);
#16166 = LINE('',#16167,#16168);
#16167 = CARTESIAN_POINT('',(5.736841285685,0.));
#16168 = VECTOR('',#16169,1.);
#16169 = DIRECTION('',(0.,1.));
#16170 = ( GEOMETRIC_REPRESENTATION_CONTEXT(2) 
PARAMETRIC_REPRESENTATION_CONTEXT() REPRESENTATION_CONTEXT('2D SPACE',''
  ) );
#16171 = PCURVE('',#10857,#16172);
#16172 = DEFINITIONAL_REPRESENTATION('',(#16173),#16177);
#16173 = LINE('',#16174,#16175);
#16174 = CARTESIAN_POINT('',(0.,0.));
#16175 = VECTOR('',#16176,1.);
#16176 = DIRECTION('',(0.,1.));
#16177 = ( GEOMETRIC_REPRESENTATION_CONTEXT(2) 
PARAMETRIC_REPRESENTATION_CONTEXT() REPRESENTATION_CONTEXT('2D SPACE',''
  ) );
#16178 = ORIENTED_EDGE('',*,*,#10868,.F.);
#16179 = ORIENTED_EDGE('',*,*,#16133,.F.);
#16180 = ADVANCED_FACE('',(#16181),#10857,.T.);
#16181 = FACE_BOUND('',#16182,.T.);
#16182 = EDGE_LOOP('',(#16183,#16184,#16204,#16205));
#16183 = ORIENTED_EDGE('',*,*,#15937,.T.);
#16184 = ORIENTED_EDGE('',*,*,#16185,.T.);
#16185 = EDGE_CURVE('',#15915,#10815,#16186,.T.);
#16186 = SURFACE_CURVE('',#16187,(#16190,#16197),.PCURVE_S1.);
#16187 = B_SPLINE_CURVE_WITH_KNOTS('',1,(#16188,#16189),.UNSPECIFIED.,
  .F.,.F.,(2,2),(0.,1.),.PIECEWISE_BEZIER_KNOTS.);
#16188 = CARTESIAN_POINT('',(30.319604274661,-29.97128235403,7.5));
#16189 = CARTESIAN_POINT('',(27.212310790666,-24.81316228429,15.));
#16190 = PCURVE('',#10857,#16191);
#16191 = DEFINITIONAL_REPRESENTATION('',(#16192),#16196);
#16192 = LINE('',#16193,#16194);
#16193 = CARTESIAN_POINT('',(2.418943082983,0.));
#16194 = VECTOR('',#16195,1.);
#16195 = DIRECTION('',(0.,1.));
#16196 = ( GEOMETRIC_REPRESENTATION_CONTEXT(2) 
PARAMETRIC_REPRESENTATION_CONTEXT() REPRESENTATION_CONTEXT('2D SPACE',''
  ) );
#16197 = PCURVE('',#10830,#16198);
#16198 = DEFINITIONAL_REPRESENTATION('',(#16199),#16203);
#16199 = LINE('',#16200,#16201);
#16200 = CARTESIAN_POINT('',(2.418943082983,0.));
#16201 = VECTOR('',#16202,1.);
#16202 = DIRECTION('',(0.,1.));
#16203 = ( GEOMETRIC_REPRESENTATION_CONTEXT(2) 
PARAMETRIC_REPRESENTATION_CONTEXT() REPRESENTATION_CONTEXT('2D SPACE',''
  ) );
#16204 = ORIENTED_EDGE('',*,*,#10841,.F.);
#16205 = ORIENTED_EDGE('',*,*,#16159,.F.);
#16206 = ADVANCED_FACE('',(#16207),#10830,.T.);
#16207 = FACE_BOUND('',#16208,.T.);
#16208 = EDGE_LOOP('',(#16209,#16210,#16230,#16231));
#16209 = ORIENTED_EDGE('',*,*,#15914,.T.);
#16210 = ORIENTED_EDGE('',*,*,#16211,.T.);
#16211 = EDGE_CURVE('',#15892,#10788,#16212,.T.);
#16212 = SURFACE_CURVE('',#16213,(#16216,#16223),.PCURVE_S1.);
#16213 = B_SPLINE_CURVE_WITH_KNOTS('',1,(#16214,#16215),.UNSPECIFIED.,
  .F.,.F.,(2,2),(0.,1.),.PIECEWISE_BEZIER_KNOTS.);
#16214 = CARTESIAN_POINT('',(33.213577871793,-28.34813411842,7.5));
#16215 = CARTESIAN_POINT('',(29.630856922838,-23.31714645237,15.));
#16216 = PCURVE('',#10830,#16217);
#16217 = DEFINITIONAL_REPRESENTATION('',(#16218),#16222);
#16218 = LINE('',#16219,#16220);
#16219 = CARTESIAN_POINT('',(5.737028882911,0.));
#16220 = VECTOR('',#16221,1.);
#16221 = DIRECTION('',(0.,1.));
#16222 = ( GEOMETRIC_REPRESENTATION_CONTEXT(2) 
PARAMETRIC_REPRESENTATION_CONTEXT() REPRESENTATION_CONTEXT('2D SPACE',''
  ) );
#16223 = PCURVE('',#10803,#16224);
#16224 = DEFINITIONAL_REPRESENTATION('',(#16225),#16229);
#16225 = LINE('',#16226,#16227);
#16226 = CARTESIAN_POINT('',(0.,0.));
#16227 = VECTOR('',#16228,1.);
#16228 = DIRECTION('',(0.,1.));
#16229 = ( GEOMETRIC_REPRESENTATION_CONTEXT(2) 
PARAMETRIC_REPRESENTATION_CONTEXT() REPRESENTATION_CONTEXT('2D SPACE',''
  ) );
#16230 = ORIENTED_EDGE('',*,*,#10814,.F.);
#16231 = ORIENTED_EDGE('',*,*,#16185,.F.);
#16232 = ADVANCED_FACE('',(#16233),#10803,.T.);
#16233 = FACE_BOUND('',#16234,.T.);
#16234 = EDGE_LOOP('',(#16235,#16236,#16256,#16257));
#16235 = ORIENTED_EDGE('',*,*,#15891,.T.);
#16236 = ORIENTED_EDGE('',*,*,#16237,.T.);
#16237 = EDGE_CURVE('',#15869,#10761,#16238,.T.);
#16238 = SURFACE_CURVE('',#16239,(#16242,#16249),.PCURVE_S1.);
#16239 = B_SPLINE_CURVE_WITH_KNOTS('',1,(#16240,#16241),.UNSPECIFIED.,
  .F.,.F.,(2,2),(0.,1.),.PIECEWISE_BEZIER_KNOTS.);
#16240 = CARTESIAN_POINT('',(35.200196495261,-26.89293525253,7.5));
#16241 = CARTESIAN_POINT('',(31.430424076389,-22.20400624119,15.));
#16242 = PCURVE('',#10803,#16243);
#16243 = DEFINITIONAL_REPRESENTATION('',(#16244),#16248);
#16244 = LINE('',#16245,#16246);
#16245 = CARTESIAN_POINT('',(2.46257127702,0.));
#16246 = VECTOR('',#16247,1.);
#16247 = DIRECTION('',(0.,1.));
#16248 = ( GEOMETRIC_REPRESENTATION_CONTEXT(2) 
PARAMETRIC_REPRESENTATION_CONTEXT() REPRESENTATION_CONTEXT('2D SPACE',''
  ) );
#16249 = PCURVE('',#10776,#16250);
#16250 = DEFINITIONAL_REPRESENTATION('',(#16251),#16255);
#16251 = LINE('',#16252,#16253);
#16252 = CARTESIAN_POINT('',(2.46257127702,0.));
#16253 = VECTOR('',#16254,1.);
#16254 = DIRECTION('',(0.,1.));
#16255 = ( GEOMETRIC_REPRESENTATION_CONTEXT(2) 
PARAMETRIC_REPRESENTATION_CONTEXT() REPRESENTATION_CONTEXT('2D SPACE',''
  ) );
#16256 = ORIENTED_EDGE('',*,*,#10787,.F.);
#16257 = ORIENTED_EDGE('',*,*,#16211,.F.);
#16258 = ADVANCED_FACE('',(#16259),#10776,.T.);
#16259 = FACE_BOUND('',#16260,.T.);
#16260 = EDGE_LOOP('',(#16261,#16262,#16282,#16283));
#16261 = ORIENTED_EDGE('',*,*,#15868,.T.);
#16262 = ORIENTED_EDGE('',*,*,#16263,.T.);
#16263 = EDGE_CURVE('',#15846,#10734,#16264,.T.);
#16264 = SURFACE_CURVE('',#16265,(#16268,#16275),.PCURVE_S1.);
#16265 = B_SPLINE_CURVE_WITH_KNOTS('',1,(#16266,#16267),.UNSPECIFIED.,
  .F.,.F.,(2,2),(0.,1.),.PIECEWISE_BEZIER_KNOTS.);
#16266 = CARTESIAN_POINT('',(37.843250027392,-24.95689757674,7.5));
#16267 = CARTESIAN_POINT('',(33.61705455137,-20.4390013141,15.));
#16268 = PCURVE('',#10776,#16269);
#16269 = DEFINITIONAL_REPRESENTATION('',(#16270),#16274);
#16270 = LINE('',#16271,#16272);
#16271 = CARTESIAN_POINT('',(5.73884566354,0.));
#16272 = VECTOR('',#16273,1.);
#16273 = DIRECTION('',(0.,1.));
#16274 = ( GEOMETRIC_REPRESENTATION_CONTEXT(2) 
PARAMETRIC_REPRESENTATION_CONTEXT() REPRESENTATION_CONTEXT('2D SPACE',''
  ) );
#16275 = PCURVE('',#10749,#16276);
#16276 = DEFINITIONAL_REPRESENTATION('',(#16277),#16281);
#16277 = LINE('',#16278,#16279);
#16278 = CARTESIAN_POINT('',(0.,0.));
#16279 = VECTOR('',#16280,1.);
#16280 = DIRECTION('',(0.,1.));
#16281 = ( GEOMETRIC_REPRESENTATION_CONTEXT(2) 
PARAMETRIC_REPRESENTATION_CONTEXT() REPRESENTATION_CONTEXT('2D SPACE',''
  ) );
#16282 = ORIENTED_EDGE('',*,*,#10760,.F.);
#16283 = ORIENTED_EDGE('',*,*,#16237,.F.);
#16284 = ADVANCED_FACE('',(#16285),#10749,.T.);
#16285 = FACE_BOUND('',#16286,.T.);
#16286 = EDGE_LOOP('',(#16287,#16288,#16308,#16309));
#16287 = ORIENTED_EDGE('',*,*,#15845,.T.);
#16288 = ORIENTED_EDGE('',*,*,#16289,.T.);
#16289 = EDGE_CURVE('',#15823,#10707,#16290,.T.);
#16290 = SURFACE_CURVE('',#16291,(#16294,#16301),.PCURVE_S1.);
#16291 = B_SPLINE_CURVE_WITH_KNOTS('',1,(#16292,#16293),.UNSPECIFIED.,
  .F.,.F.,(2,2),(0.,1.),.PIECEWISE_BEZIER_KNOTS.);
#16292 = CARTESIAN_POINT('',(39.656367074062,-23.23462210326,7.5));
#16293 = CARTESIAN_POINT('',(35.290897793602,-19.08790811224,15.));
#16294 = PCURVE('',#10749,#16295);
#16295 = DEFINITIONAL_REPRESENTATION('',(#16296),#16300);
#16296 = LINE('',#16297,#16298);
#16297 = CARTESIAN_POINT('',(2.500725141132,0.));
#16298 = VECTOR('',#16299,1.);
#16299 = DIRECTION('',(0.,1.));
#16300 = ( GEOMETRIC_REPRESENTATION_CONTEXT(2) 
PARAMETRIC_REPRESENTATION_CONTEXT() REPRESENTATION_CONTEXT('2D SPACE',''
  ) );
#16301 = PCURVE('',#10722,#16302);
#16302 = DEFINITIONAL_REPRESENTATION('',(#16303),#16307);
#16303 = LINE('',#16304,#16305);
#16304 = CARTESIAN_POINT('',(2.500725141132,0.));
#16305 = VECTOR('',#16306,1.);
#16306 = DIRECTION('',(0.,1.));
#16307 = ( GEOMETRIC_REPRESENTATION_CONTEXT(2) 
PARAMETRIC_REPRESENTATION_CONTEXT() REPRESENTATION_CONTEXT('2D SPACE',''
  ) );
#16308 = ORIENTED_EDGE('',*,*,#10733,.F.);
#16309 = ORIENTED_EDGE('',*,*,#16263,.F.);
#16310 = ADVANCED_FACE('',(#16311),#10722,.T.);
#16311 = FACE_BOUND('',#16312,.T.);
#16312 = EDGE_LOOP('',(#16313,#16314,#16334,#16335));
#16313 = ORIENTED_EDGE('',*,*,#15822,.T.);
#16314 = ORIENTED_EDGE('',*,*,#16315,.T.);
#16315 = EDGE_CURVE('',#15800,#10680,#16316,.T.);
#16316 = SURFACE_CURVE('',#16317,(#16320,#16327),.PCURVE_S1.);
#16317 = B_SPLINE_CURVE_WITH_KNOTS('',1,(#16318,#16319),.UNSPECIFIED.,
  .F.,.F.,(2,2),(0.,1.),.PIECEWISE_BEZIER_KNOTS.);
#16318 = CARTESIAN_POINT('',(42.004058190156,-21.00455602121,7.5));
#16319 = CARTESIAN_POINT('',(37.222556435868,-17.08766867234,15.));
#16320 = PCURVE('',#10722,#16321);
#16321 = DEFINITIONAL_REPRESENTATION('',(#16322),#16326);
#16322 = LINE('',#16323,#16324);
#16323 = CARTESIAN_POINT('',(5.738756689292,0.));
#16324 = VECTOR('',#16325,1.);
#16325 = DIRECTION('',(0.,1.));
#16326 = ( GEOMETRIC_REPRESENTATION_CONTEXT(2) 
PARAMETRIC_REPRESENTATION_CONTEXT() REPRESENTATION_CONTEXT('2D SPACE',''
  ) );
#16327 = PCURVE('',#10695,#16328);
#16328 = DEFINITIONAL_REPRESENTATION('',(#16329),#16333);
#16329 = LINE('',#16330,#16331);
#16330 = CARTESIAN_POINT('',(0.,0.));
#16331 = VECTOR('',#16332,1.);
#16332 = DIRECTION('',(0.,1.));
#16333 = ( GEOMETRIC_REPRESENTATION_CONTEXT(2) 
PARAMETRIC_REPRESENTATION_CONTEXT() REPRESENTATION_CONTEXT('2D SPACE',''
  ) );
#16334 = ORIENTED_EDGE('',*,*,#10706,.F.);
#16335 = ORIENTED_EDGE('',*,*,#16289,.F.);
#16336 = ADVANCED_FACE('',(#16337),#10695,.T.);
#16337 = FACE_BOUND('',#16338,.T.);
#16338 = EDGE_LOOP('',(#16339,#16340,#16360,#16361));
#16339 = ORIENTED_EDGE('',*,*,#15799,.T.);
#16340 = ORIENTED_EDGE('',*,*,#16341,.T.);
#16341 = EDGE_CURVE('',#15777,#10653,#16342,.T.);
#16342 = SURFACE_CURVE('',#16343,(#16346,#16353),.PCURVE_S1.);
#16343 = B_SPLINE_CURVE_WITH_KNOTS('',1,(#16344,#16345),.UNSPECIFIED.,
  .F.,.F.,(2,2),(0.,1.),.PIECEWISE_BEZIER_KNOTS.);
#16344 = CARTESIAN_POINT('',(43.60573412346,-19.04341504006,7.5));
#16345 = CARTESIAN_POINT('',(38.738105835742,-15.51831184272,15.));
#16346 = PCURVE('',#10695,#16347);
#16347 = DEFINITIONAL_REPRESENTATION('',(#16348),#16352);
#16348 = LINE('',#16349,#16350);
#16349 = CARTESIAN_POINT('',(2.532082096471,0.));
#16350 = VECTOR('',#16351,1.);
#16351 = DIRECTION('',(0.,1.));
#16352 = ( GEOMETRIC_REPRESENTATION_CONTEXT(2) 
PARAMETRIC_REPRESENTATION_CONTEXT() REPRESENTATION_CONTEXT('2D SPACE',''
  ) );
#16353 = PCURVE('',#10668,#16354);
#16354 = DEFINITIONAL_REPRESENTATION('',(#16355),#16359);
#16355 = LINE('',#16356,#16357);
#16356 = CARTESIAN_POINT('',(2.532082096471,0.));
#16357 = VECTOR('',#16358,1.);
#16358 = DIRECTION('',(0.,1.));
#16359 = ( GEOMETRIC_REPRESENTATION_CONTEXT(2) 
PARAMETRIC_REPRESENTATION_CONTEXT() REPRESENTATION_CONTEXT('2D SPACE',''
  ) );
#16360 = ORIENTED_EDGE('',*,*,#10679,.F.);
#16361 = ORIENTED_EDGE('',*,*,#16315,.F.);
#16362 = ADVANCED_FACE('',(#16363),#10668,.T.);
#16363 = FACE_BOUND('',#16364,.T.);
#16364 = EDGE_LOOP('',(#16365,#16366,#16386,#16387));
#16365 = ORIENTED_EDGE('',*,*,#15776,.T.);
#16366 = ORIENTED_EDGE('',*,*,#16367,.T.);
#16367 = EDGE_CURVE('',#15754,#10626,#16368,.T.);
#16368 = SURFACE_CURVE('',#16369,(#16372,#16379),.PCURVE_S1.);
#16369 = B_SPLINE_CURVE_WITH_KNOTS('',1,(#16370,#16371),.UNSPECIFIED.,
  .F.,.F.,(2,2),(0.,1.),.PIECEWISE_BEZIER_KNOTS.);
#16370 = CARTESIAN_POINT('',(45.633769276552,-16.56022679503,7.5));
#16371 = CARTESIAN_POINT('',(40.389109003312,-13.30957056618,15.));
#16372 = PCURVE('',#10668,#16373);
#16373 = DEFINITIONAL_REPRESENTATION('',(#16374),#16378);
#16374 = LINE('',#16375,#16376);
#16375 = CARTESIAN_POINT('',(5.738193517252,0.));
#16376 = VECTOR('',#16377,1.);
#16377 = DIRECTION('',(0.,1.));
#16378 = ( GEOMETRIC_REPRESENTATION_CONTEXT(2) 
PARAMETRIC_REPRESENTATION_CONTEXT() REPRESENTATION_CONTEXT('2D SPACE',''
  ) );
#16379 = PCURVE('',#10641,#16380);
#16380 = DEFINITIONAL_REPRESENTATION('',(#16381),#16385);
#16381 = LINE('',#16382,#16383);
#16382 = CARTESIAN_POINT('',(0.,0.));
#16383 = VECTOR('',#16384,1.);
#16384 = DIRECTION('',(0.,1.));
#16385 = ( GEOMETRIC_REPRESENTATION_CONTEXT(2) 
PARAMETRIC_REPRESENTATION_CONTEXT() REPRESENTATION_CONTEXT('2D SPACE',''
  ) );
#16386 = ORIENTED_EDGE('',*,*,#10652,.F.);
#16387 = ORIENTED_EDGE('',*,*,#16341,.F.);
#16388 = ADVANCED_FACE('',(#16389),#10641,.T.);
#16389 = FACE_BOUND('',#16390,.T.);
#16390 = EDGE_LOOP('',(#16391,#16392,#16412,#16413));
#16391 = ORIENTED_EDGE('',*,*,#15753,.T.);
#16392 = ORIENTED_EDGE('',*,*,#16393,.T.);
#16393 = EDGE_CURVE('',#15731,#10599,#16394,.T.);
#16394 = SURFACE_CURVE('',#16395,(#16398,#16405),.PCURVE_S1.);
#16395 = B_SPLINE_CURVE_WITH_KNOTS('',1,(#16396,#16397),.UNSPECIFIED.,
  .F.,.F.,(2,2),(0.,1.),.PIECEWISE_BEZIER_KNOTS.);
#16396 = CARTESIAN_POINT('',(46.995325791811,-14.39567015728,7.5));
#16397 = CARTESIAN_POINT('',(41.710416993243,-11.54190133712,15.));
#16398 = PCURVE('',#10641,#16399);
#16399 = DEFINITIONAL_REPRESENTATION('',(#16400),#16404);
#16400 = LINE('',#16401,#16402);
#16401 = CARTESIAN_POINT('',(2.557174531055,0.));
#16402 = VECTOR('',#16403,1.);
#16403 = DIRECTION('',(0.,1.));
#16404 = ( GEOMETRIC_REPRESENTATION_CONTEXT(2) 
PARAMETRIC_REPRESENTATION_CONTEXT() REPRESENTATION_CONTEXT('2D SPACE',''
  ) );
#16405 = PCURVE('',#10614,#16406);
#16406 = DEFINITIONAL_REPRESENTATION('',(#16407),#16411);
#16407 = LINE('',#16408,#16409);
#16408 = CARTESIAN_POINT('',(2.557174531055,0.));
#16409 = VECTOR('',#16410,1.);
#16410 = DIRECTION('',(0.,1.));
#16411 = ( GEOMETRIC_REPRESENTATION_CONTEXT(2) 
PARAMETRIC_REPRESENTATION_CONTEXT() REPRESENTATION_CONTEXT('2D SPACE',''
  ) );
#16412 = ORIENTED_EDGE('',*,*,#10625,.F.);
#16413 = ORIENTED_EDGE('',*,*,#16367,.F.);
#16414 = ADVANCED_FACE('',(#16415),#10614,.T.);
#16415 = FACE_BOUND('',#16416,.T.);
#16416 = EDGE_LOOP('',(#16417,#16418,#16438,#16439));
#16417 = ORIENTED_EDGE('',*,*,#15730,.T.);
#16418 = ORIENTED_EDGE('',*,*,#16419,.T.);
#16419 = EDGE_CURVE('',#15708,#10572,#16420,.T.);
#16420 = SURFACE_CURVE('',#16421,(#16424,#16431),.PCURVE_S1.);
#16421 = B_SPLINE_CURVE_WITH_KNOTS('',1,(#16422,#16423),.UNSPECIFIED.,
  .F.,.F.,(2,2),(0.,1.),.PIECEWISE_BEZIER_KNOTS.);
#16422 = CARTESIAN_POINT('',(48.688177847303,-11.70443104059,7.5));
#16423 = CARTESIAN_POINT('',(43.083276321667,-9.171681607131,15.));
#16424 = PCURVE('',#10614,#16425);
#16425 = DEFINITIONAL_REPRESENTATION('',(#16426),#16430);
#16426 = LINE('',#16427,#16428);
#16427 = CARTESIAN_POINT('',(5.7365637908,0.));
#16428 = VECTOR('',#16429,1.);
#16429 = DIRECTION('',(0.,1.));
#16430 = ( GEOMETRIC_REPRESENTATION_CONTEXT(2) 
PARAMETRIC_REPRESENTATION_CONTEXT() REPRESENTATION_CONTEXT('2D SPACE',''
  ) );
#16431 = PCURVE('',#10587,#16432);
#16432 = DEFINITIONAL_REPRESENTATION('',(#16433),#16437);
#16433 = LINE('',#16434,#16435);
#16434 = CARTESIAN_POINT('',(0.,0.));
#16435 = VECTOR('',#16436,1.);
#16436 = DIRECTION('',(0.,1.));
#16437 = ( GEOMETRIC_REPRESENTATION_CONTEXT(2) 
PARAMETRIC_REPRESENTATION_CONTEXT() REPRESENTATION_CONTEXT('2D SPACE',''
  ) );
#16438 = ORIENTED_EDGE('',*,*,#10598,.F.);
#16439 = ORIENTED_EDGE('',*,*,#16393,.F.);
#16440 = ADVANCED_FACE('',(#16441),#10587,.T.);
#16441 = FACE_BOUND('',#16442,.T.);
#16442 = EDGE_LOOP('',(#16443,#16444,#16464,#16465));
#16443 = ORIENTED_EDGE('',*,*,#15707,.T.);
#16444 = ORIENTED_EDGE('',*,*,#16445,.T.);
#16445 = EDGE_CURVE('',#15685,#10545,#16446,.T.);
#16446 = SURFACE_CURVE('',#16447,(#16450,#16457),.PCURVE_S1.);
#16447 = B_SPLINE_CURVE_WITH_KNOTS('',1,(#16448,#16449),.UNSPECIFIED.,
  .F.,.F.,(2,2),(0.,1.),.PIECEWISE_BEZIER_KNOTS.);
#16448 = CARTESIAN_POINT('',(49.762203940704,-9.366852898764,7.5));
#16449 = CARTESIAN_POINT('',(44.199263664428,-7.244947262632,15.));
#16450 = PCURVE('',#10587,#16451);
#16451 = DEFINITIONAL_REPRESENTATION('',(#16452),#16456);
#16452 = LINE('',#16453,#16454);
#16453 = CARTESIAN_POINT('',(2.57250920668,0.));
#16454 = VECTOR('',#16455,1.);
#16455 = DIRECTION('',(0.,1.));
#16456 = ( GEOMETRIC_REPRESENTATION_CONTEXT(2) 
PARAMETRIC_REPRESENTATION_CONTEXT() REPRESENTATION_CONTEXT('2D SPACE',''
  ) );
#16457 = PCURVE('',#10560,#16458);
#16458 = DEFINITIONAL_REPRESENTATION('',(#16459),#16463);
#16459 = LINE('',#16460,#16461);
#16460 = CARTESIAN_POINT('',(2.57250920668,0.));
#16461 = VECTOR('',#16462,1.);
#16462 = DIRECTION('',(0.,1.));
#16463 = ( GEOMETRIC_REPRESENTATION_CONTEXT(2) 
PARAMETRIC_REPRESENTATION_CONTEXT() REPRESENTATION_CONTEXT('2D SPACE',''
  ) );
#16464 = ORIENTED_EDGE('',*,*,#10571,.F.);
#16465 = ORIENTED_EDGE('',*,*,#16419,.F.);
#16466 = ADVANCED_FACE('',(#16467),#10560,.T.);
#16467 = FACE_BOUND('',#16468,.T.);
#16468 = EDGE_LOOP('',(#16469,#16470,#16490,#16491));
#16469 = ORIENTED_EDGE('',*,*,#15684,.T.);
#16470 = ORIENTED_EDGE('',*,*,#16471,.T.);
#16471 = EDGE_CURVE('',#15662,#10518,#16472,.T.);
#16472 = SURFACE_CURVE('',#16473,(#16476,#16483),.PCURVE_S1.);
#16473 = B_SPLINE_CURVE_WITH_KNOTS('',1,(#16474,#16475),.UNSPECIFIED.,
  .F.,.F.,(2,2),(0.,1.),.PIECEWISE_BEZIER_KNOTS.);
#16474 = CARTESIAN_POINT('',(51.08300971787,-6.492167885735,7.5));
#16475 = CARTESIAN_POINT('',(45.244751431257,-4.719372415083,15.));
#16476 = PCURVE('',#10560,#16477);
#16477 = DEFINITIONAL_REPRESENTATION('',(#16478),#16482);
#16478 = LINE('',#16479,#16480);
#16479 = CARTESIAN_POINT('',(5.736105550262,0.));
#16480 = VECTOR('',#16481,1.);
#16481 = DIRECTION('',(0.,1.));
#16482 = ( GEOMETRIC_REPRESENTATION_CONTEXT(2) 
PARAMETRIC_REPRESENTATION_CONTEXT() REPRESENTATION_CONTEXT('2D SPACE',''
  ) );
#16483 = PCURVE('',#10533,#16484);
#16484 = DEFINITIONAL_REPRESENTATION('',(#16485),#16489);
#16485 = LINE('',#16486,#16487);
#16486 = CARTESIAN_POINT('',(0.,0.));
#16487 = VECTOR('',#16488,1.);
#16488 = DIRECTION('',(0.,1.));
#16489 = ( GEOMETRIC_REPRESENTATION_CONTEXT(2) 
PARAMETRIC_REPRESENTATION_CONTEXT() REPRESENTATION_CONTEXT('2D SPACE',''
  ) );
#16490 = ORIENTED_EDGE('',*,*,#10544,.F.);
#16491 = ORIENTED_EDGE('',*,*,#16445,.F.);
#16492 = ADVANCED_FACE('',(#16493),#10533,.T.);
#16493 = FACE_BOUND('',#16494,.T.);
#16494 = EDGE_LOOP('',(#16495,#16496,#16516,#16517));
#16495 = ORIENTED_EDGE('',*,*,#15661,.T.);
#16496 = ORIENTED_EDGE('',*,*,#16497,.T.);
#16497 = EDGE_CURVE('',#15639,#10491,#16498,.T.);
#16498 = SURFACE_CURVE('',#16499,(#16502,#16509),.PCURVE_S1.);
#16499 = B_SPLINE_CURVE_WITH_KNOTS('',1,(#16500,#16501),.UNSPECIFIED.,
  .F.,.F.,(2,2),(0.,1.),.PIECEWISE_BEZIER_KNOTS.);
#16500 = CARTESIAN_POINT('',(51.871505637686,-4.03930805124,7.5));
#16501 = CARTESIAN_POINT('',(46.099388553062,-2.654833654233,15.));
#16502 = PCURVE('',#10533,#16503);
#16503 = DEFINITIONAL_REPRESENTATION('',(#16504),#16508);
#16504 = LINE('',#16505,#16506);
#16505 = CARTESIAN_POINT('',(2.576479610486,0.));
#16506 = VECTOR('',#16507,1.);
#16507 = DIRECTION('',(0.,1.));
#16508 = ( GEOMETRIC_REPRESENTATION_CONTEXT(2) 
PARAMETRIC_REPRESENTATION_CONTEXT() REPRESENTATION_CONTEXT('2D SPACE',''
  ) );
#16509 = PCURVE('',#10506,#16510);
#16510 = DEFINITIONAL_REPRESENTATION('',(#16511),#16515);
#16511 = LINE('',#16512,#16513);
#16512 = CARTESIAN_POINT('',(2.576479610486,0.));
#16513 = VECTOR('',#16514,1.);
#16514 = DIRECTION('',(0.,1.));
#16515 = ( GEOMETRIC_REPRESENTATION_CONTEXT(2) 
PARAMETRIC_REPRESENTATION_CONTEXT() REPRESENTATION_CONTEXT('2D SPACE',''
  ) );
#16516 = ORIENTED_EDGE('',*,*,#10517,.F.);
#16517 = ORIENTED_EDGE('',*,*,#16471,.F.);
#16518 = ADVANCED_FACE('',(#16519),#10506,.T.);
#16519 = FACE_BOUND('',#16520,.T.);
#16520 = EDGE_LOOP('',(#16521,#16522,#16542,#16543));
#16521 = ORIENTED_EDGE('',*,*,#15638,.T.);
#16522 = ORIENTED_EDGE('',*,*,#16523,.T.);
#16523 = EDGE_CURVE('',#15616,#10464,#16524,.T.);
#16524 = SURFACE_CURVE('',#16525,(#16528,#16535),.PCURVE_S1.);
#16525 = B_SPLINE_CURVE_WITH_KNOTS('',1,(#16526,#16527),.UNSPECIFIED.,
  .F.,.F.,(2,2),(0.,1.),.PIECEWISE_BEZIER_KNOTS.);
#16526 = CARTESIAN_POINT('',(52.838222196908,-1.032037931174,7.5));
#16527 = CARTESIAN_POINT('',(46.815080972144,-1.700036803084E-02,15.));
#16528 = PCURVE('',#10506,#16529);
#16529 = DEFINITIONAL_REPRESENTATION('',(#16530),#16534);
#16530 = LINE('',#16531,#16532);
#16531 = CARTESIAN_POINT('',(5.735310799535,0.));
#16532 = VECTOR('',#16533,1.);
#16533 = DIRECTION('',(0.,1.));
#16534 = ( GEOMETRIC_REPRESENTATION_CONTEXT(2) 
PARAMETRIC_REPRESENTATION_CONTEXT() REPRESENTATION_CONTEXT('2D SPACE',''
  ) );
#16535 = PCURVE('',#10479,#16536);
#16536 = DEFINITIONAL_REPRESENTATION('',(#16537),#16541);
#16537 = LINE('',#16538,#16539);
#16538 = CARTESIAN_POINT('',(0.,0.));
#16539 = VECTOR('',#16540,1.);
#16540 = DIRECTION('',(0.,1.));
#16541 = ( GEOMETRIC_REPRESENTATION_CONTEXT(2) 
PARAMETRIC_REPRESENTATION_CONTEXT() REPRESENTATION_CONTEXT('2D SPACE',''
  ) );
#16542 = ORIENTED_EDGE('',*,*,#10490,.F.);
#16543 = ORIENTED_EDGE('',*,*,#16497,.F.);
#16544 = ADVANCED_FACE('',(#16545),#10479,.T.);
#16545 = FACE_BOUND('',#16546,.T.);
#16546 = EDGE_LOOP('',(#16547,#16548,#16568,#16569));
#16547 = ORIENTED_EDGE('',*,*,#15615,.T.);
#16548 = ORIENTED_EDGE('',*,*,#16549,.T.);
#16549 = EDGE_CURVE('',#15593,#10437,#16550,.T.);
#16550 = SURFACE_CURVE('',#16551,(#16554,#16561),.PCURVE_S1.);
#16551 = B_SPLINE_CURVE_WITH_KNOTS('',1,(#16552,#16553),.UNSPECIFIED.,
  .F.,.F.,(2,2),(0.,1.),.PIECEWISE_BEZIER_KNOTS.);
#16552 = CARTESIAN_POINT('',(53.322250754008,1.495976323717,7.5));
#16553 = CARTESIAN_POINT('',(47.40027615102,2.139858193841,15.));
#16554 = PCURVE('',#10479,#16555);
#16555 = DEFINITIONAL_REPRESENTATION('',(#16556),#16560);
#16556 = LINE('',#16557,#16558);
#16557 = CARTESIAN_POINT('',(2.573934676137,0.));
#16558 = VECTOR('',#16559,1.);
#16559 = DIRECTION('',(0.,1.));
#16560 = ( GEOMETRIC_REPRESENTATION_CONTEXT(2) 
PARAMETRIC_REPRESENTATION_CONTEXT() REPRESENTATION_CONTEXT('2D SPACE',''
  ) );
#16561 = PCURVE('',#10452,#16562);
#16562 = DEFINITIONAL_REPRESENTATION('',(#16563),#16567);
#16563 = LINE('',#16564,#16565);
#16564 = CARTESIAN_POINT('',(2.573934676137,0.));
#16565 = VECTOR('',#16566,1.);
#16566 = DIRECTION('',(0.,1.));
#16567 = ( GEOMETRIC_REPRESENTATION_CONTEXT(2) 
PARAMETRIC_REPRESENTATION_CONTEXT() REPRESENTATION_CONTEXT('2D SPACE',''
  ) );
#16568 = ORIENTED_EDGE('',*,*,#10463,.F.);
#16569 = ORIENTED_EDGE('',*,*,#16523,.F.);
#16570 = ADVANCED_FACE('',(#16571),#10452,.T.);
#16571 = FACE_BOUND('',#16572,.T.);
#16572 = EDGE_LOOP('',(#16573,#16574,#16594,#16595));
#16573 = ORIENTED_EDGE('',*,*,#15592,.T.);
#16574 = ORIENTED_EDGE('',*,*,#16575,.T.);
#16575 = EDGE_CURVE('',#15570,#10410,#16576,.T.);
#16576 = SURFACE_CURVE('',#16577,(#16580,#16587),.PCURVE_S1.);
#16577 = B_SPLINE_CURVE_WITH_KNOTS('',1,(#16578,#16579),.UNSPECIFIED.,
  .F.,.F.,(2,2),(0.,1.),.PIECEWISE_BEZIER_KNOTS.);
#16578 = CARTESIAN_POINT('',(53.91634842346,4.598866339482,7.5));
#16579 = CARTESIAN_POINT('',(47.786282606655,4.848445547877,15.));
#16580 = PCURVE('',#10452,#16581);
#16581 = DEFINITIONAL_REPRESENTATION('',(#16582),#16586);
#16582 = LINE('',#16583,#16584);
#16583 = CARTESIAN_POINT('',(5.733187513563,0.));
#16584 = VECTOR('',#16585,1.);
#16585 = DIRECTION('',(0.,1.));
#16586 = ( GEOMETRIC_REPRESENTATION_CONTEXT(2) 
PARAMETRIC_REPRESENTATION_CONTEXT() REPRESENTATION_CONTEXT('2D SPACE',''
  ) );
#16587 = PCURVE('',#10425,#16588);
#16588 = DEFINITIONAL_REPRESENTATION('',(#16589),#16593);
#16589 = LINE('',#16590,#16591);
#16590 = CARTESIAN_POINT('',(0.,0.));
#16591 = VECTOR('',#16592,1.);
#16592 = DIRECTION('',(0.,1.));
#16593 = ( GEOMETRIC_REPRESENTATION_CONTEXT(2) 
PARAMETRIC_REPRESENTATION_CONTEXT() REPRESENTATION_CONTEXT('2D SPACE',''
  ) );
#16594 = ORIENTED_EDGE('',*,*,#10436,.F.);
#16595 = ORIENTED_EDGE('',*,*,#16549,.F.);
#16596 = ADVANCED_FACE('',(#16597),#10425,.T.);
#16597 = FACE_BOUND('',#16598,.T.);
#16598 = EDGE_LOOP('',(#16599,#16600,#16620,#16621));
#16599 = ORIENTED_EDGE('',*,*,#15569,.T.);
#16600 = ORIENTED_EDGE('',*,*,#16601,.T.);
#16601 = EDGE_CURVE('',#15547,#10383,#16602,.T.);
#16602 = SURFACE_CURVE('',#16603,(#16606,#16613),.PCURVE_S1.);
#16603 = B_SPLINE_CURVE_WITH_KNOTS('',1,(#16604,#16605),.UNSPECIFIED.,
  .F.,.F.,(2,2),(0.,1.),.PIECEWISE_BEZIER_KNOTS.);
#16604 = CARTESIAN_POINT('',(54.067407780105,7.1600257615,7.5));
#16605 = CARTESIAN_POINT('',(48.100938927266,7.05637269115,15.));
#16606 = PCURVE('',#10425,#16607);
#16607 = DEFINITIONAL_REPRESENTATION('',(#16608),#16612);
#16608 = LINE('',#16609,#16610);
#16609 = CARTESIAN_POINT('',(2.565610359003,0.));
#16610 = VECTOR('',#16611,1.);
#16611 = DIRECTION('',(0.,1.));
#16612 = ( GEOMETRIC_REPRESENTATION_CONTEXT(2) 
PARAMETRIC_REPRESENTATION_CONTEXT() REPRESENTATION_CONTEXT('2D SPACE',''
  ) );
#16613 = PCURVE('',#10398,#16614);
#16614 = DEFINITIONAL_REPRESENTATION('',(#16615),#16619);
#16615 = LINE('',#16616,#16617);
#16616 = CARTESIAN_POINT('',(2.565610359003,0.));
#16617 = VECTOR('',#16618,1.);
#16618 = DIRECTION('',(0.,1.));
#16619 = ( GEOMETRIC_REPRESENTATION_CONTEXT(2) 
PARAMETRIC_REPRESENTATION_CONTEXT() REPRESENTATION_CONTEXT('2D SPACE',''
  ) );
#16620 = ORIENTED_EDGE('',*,*,#10409,.F.);
#16621 = ORIENTED_EDGE('',*,*,#16575,.F.);
#16622 = ADVANCED_FACE('',(#16623),#10398,.T.);
#16623 = FACE_BOUND('',#16624,.T.);
#16624 = EDGE_LOOP('',(#16625,#16626,#16646,#16647));
#16625 = ORIENTED_EDGE('',*,*,#15546,.T.);
#16626 = ORIENTED_EDGE('',*,*,#16627,.T.);
#16627 = EDGE_CURVE('',#15524,#10356,#16628,.T.);
#16628 = SURFACE_CURVE('',#16629,(#16632,#16639),.PCURVE_S1.);
#16629 = B_SPLINE_CURVE_WITH_KNOTS('',1,(#16630,#16631),.UNSPECIFIED.,
  .F.,.F.,(2,2),(0.,1.),.PIECEWISE_BEZIER_KNOTS.);
#16630 = CARTESIAN_POINT('',(54.253920382238,10.322282763547,7.5));
#16631 = CARTESIAN_POINT('',(48.154539847188,9.804351267291,15.));
#16632 = PCURVE('',#10398,#16633);
#16633 = DEFINITIONAL_REPRESENTATION('',(#16634),#16638);
#16634 = LINE('',#16635,#16636);
#16635 = CARTESIAN_POINT('',(5.733362921586,0.));
#16636 = VECTOR('',#16637,1.);
#16637 = DIRECTION('',(0.,1.));
#16638 = ( GEOMETRIC_REPRESENTATION_CONTEXT(2) 
PARAMETRIC_REPRESENTATION_CONTEXT() REPRESENTATION_CONTEXT('2D SPACE',''
  ) );
#16639 = PCURVE('',#10371,#16640);
#16640 = DEFINITIONAL_REPRESENTATION('',(#16641),#16645);
#16641 = LINE('',#16642,#16643);
#16642 = CARTESIAN_POINT('',(0.,0.));
#16643 = VECTOR('',#16644,1.);
#16644 = DIRECTION('',(0.,1.));
#16645 = ( GEOMETRIC_REPRESENTATION_CONTEXT(2) 
PARAMETRIC_REPRESENTATION_CONTEXT() REPRESENTATION_CONTEXT('2D SPACE',''
  ) );
#16646 = ORIENTED_EDGE('',*,*,#10382,.F.);
#16647 = ORIENTED_EDGE('',*,*,#16601,.F.);
#16648 = ADVANCED_FACE('',(#16649),#10371,.T.);
#16649 = FACE_BOUND('',#16650,.T.);
#16650 = EDGE_LOOP('',(#16651,#16652,#16672,#16673));
#16651 = ORIENTED_EDGE('',*,*,#15523,.T.);
#16652 = ORIENTED_EDGE('',*,*,#16653,.T.);
#16653 = EDGE_CURVE('',#15501,#10329,#16654,.T.);
#16654 = SURFACE_CURVE('',#16655,(#16658,#16665),.PCURVE_S1.);
#16655 = B_SPLINE_CURVE_WITH_KNOTS('',1,(#16656,#16657),.UNSPECIFIED.,
  .F.,.F.,(2,2),(0.,1.),.PIECEWISE_BEZIER_KNOTS.);
#16656 = CARTESIAN_POINT('',(54.093758005968,12.861224452657,7.5));
#16657 = CARTESIAN_POINT('',(48.197757274611,12.019995417562,15.));
#16658 = PCURVE('',#10371,#16659);
#16659 = DEFINITIONAL_REPRESENTATION('',(#16660),#16664);
#16660 = LINE('',#16661,#16662);
#16661 = CARTESIAN_POINT('',(2.543988381945,0.));
#16662 = VECTOR('',#16663,1.);
#16663 = DIRECTION('',(0.,1.));
#16664 = ( GEOMETRIC_REPRESENTATION_CONTEXT(2) 
PARAMETRIC_REPRESENTATION_CONTEXT() REPRESENTATION_CONTEXT('2D SPACE',''
  ) );
#16665 = PCURVE('',#10344,#16666);
#16666 = DEFINITIONAL_REPRESENTATION('',(#16667),#16671);
#16667 = LINE('',#16668,#16669);
#16668 = CARTESIAN_POINT('',(2.543988381945,0.));
#16669 = VECTOR('',#16670,1.);
#16670 = DIRECTION('',(0.,1.));
#16671 = ( GEOMETRIC_REPRESENTATION_CONTEXT(2) 
PARAMETRIC_REPRESENTATION_CONTEXT() REPRESENTATION_CONTEXT('2D SPACE',''
  ) );
#16672 = ORIENTED_EDGE('',*,*,#10355,.F.);
#16673 = ORIENTED_EDGE('',*,*,#16627,.F.);
#16674 = ADVANCED_FACE('',(#16675),#10344,.T.);
#16675 = FACE_BOUND('',#16676,.T.);
#16676 = EDGE_LOOP('',(#16677,#16678,#16698,#16699));
#16677 = ORIENTED_EDGE('',*,*,#15500,.T.);
#16678 = ORIENTED_EDGE('',*,*,#16679,.T.);
#16679 = EDGE_CURVE('',#15478,#10302,#16680,.T.);
#16680 = SURFACE_CURVE('',#16681,(#16684,#16691),.PCURVE_S1.);
#16681 = B_SPLINE_CURVE_WITH_KNOTS('',1,(#16682,#16683),.UNSPECIFIED.,
  .F.,.F.,(2,2),(0.,1.),.PIECEWISE_BEZIER_KNOTS.);
#16682 = CARTESIAN_POINT('',(53.892960791709,16.044321695663,7.5));
#16683 = CARTESIAN_POINT('',(47.898450201364,14.77531061254,15.));
#16684 = PCURVE('',#10344,#16685);
#16685 = DEFINITIONAL_REPRESENTATION('',(#16686),#16690);
#16686 = LINE('',#16687,#16688);
#16687 = CARTESIAN_POINT('',(5.733412715533,0.));
#16688 = VECTOR('',#16689,1.);
#16689 = DIRECTION('',(0.,1.));
#16690 = ( GEOMETRIC_REPRESENTATION_CONTEXT(2) 
PARAMETRIC_REPRESENTATION_CONTEXT() REPRESENTATION_CONTEXT('2D SPACE',''
  ) );
#16691 = PCURVE('',#10317,#16692);
#16692 = DEFINITIONAL_REPRESENTATION('',(#16693),#16697);
#16693 = LINE('',#16694,#16695);
#16694 = CARTESIAN_POINT('',(0.,0.));
#16695 = VECTOR('',#16696,1.);
#16696 = DIRECTION('',(0.,1.));
#16697 = ( GEOMETRIC_REPRESENTATION_CONTEXT(2) 
PARAMETRIC_REPRESENTATION_CONTEXT() REPRESENTATION_CONTEXT('2D SPACE',''
  ) );
#16698 = ORIENTED_EDGE('',*,*,#10328,.F.);
#16699 = ORIENTED_EDGE('',*,*,#16653,.F.);
#16700 = ADVANCED_FACE('',(#16701),#10317,.T.);
#16701 = FACE_BOUND('',#16702,.T.);
#16702 = EDGE_LOOP('',(#16703,#16704,#16724,#16725));
#16703 = ORIENTED_EDGE('',*,*,#15477,.T.);
#16704 = ORIENTED_EDGE('',*,*,#16705,.T.);
#16705 = EDGE_CURVE('',#15455,#10275,#16706,.T.);
#16706 = SURFACE_CURVE('',#16707,(#16710,#16717),.PCURVE_S1.);
#16707 = B_SPLINE_CURVE_WITH_KNOTS('',1,(#16708,#16709),.UNSPECIFIED.,
  .F.,.F.,(2,2),(0.,1.),.PIECEWISE_BEZIER_KNOTS.);
#16708 = CARTESIAN_POINT('',(53.432426176656,18.514276243663,7.5));
#16709 = CARTESIAN_POINT('',(47.661842879723,16.953434041061,15.));
#16710 = PCURVE('',#10317,#16711);
#16711 = DEFINITIONAL_REPRESENTATION('',(#16712),#16716);
#16712 = LINE('',#16713,#16714);
#16713 = CARTESIAN_POINT('',(2.512522159276,0.));
#16714 = VECTOR('',#16715,1.);
#16715 = DIRECTION('',(0.,1.));
#16716 = ( GEOMETRIC_REPRESENTATION_CONTEXT(2) 
PARAMETRIC_REPRESENTATION_CONTEXT() REPRESENTATION_CONTEXT('2D SPACE',''
  ) );
#16717 = PCURVE('',#10290,#16718);
#16718 = DEFINITIONAL_REPRESENTATION('',(#16719),#16723);
#16719 = LINE('',#16720,#16721);
#16720 = CARTESIAN_POINT('',(2.512522159276,0.));
#16721 = VECTOR('',#16722,1.);
#16722 = DIRECTION('',(0.,1.));
#16723 = ( GEOMETRIC_REPRESENTATION_CONTEXT(2) 
PARAMETRIC_REPRESENTATION_CONTEXT() REPRESENTATION_CONTEXT('2D SPACE',''
  ) );
#16724 = ORIENTED_EDGE('',*,*,#10301,.F.);
#16725 = ORIENTED_EDGE('',*,*,#16679,.F.);
#16726 = ADVANCED_FACE('',(#16727),#10290,.T.);
#16727 = FACE_BOUND('',#16728,.T.);
#16728 = EDGE_LOOP('',(#16729,#16730,#16750,#16751));
#16729 = ORIENTED_EDGE('',*,*,#15454,.T.);
#16730 = ORIENTED_EDGE('',*,*,#16731,.T.);
#16731 = EDGE_CURVE('',#15432,#10248,#16732,.T.);
#16732 = SURFACE_CURVE('',#16733,(#16736,#16743),.PCURVE_S1.);
#16733 = B_SPLINE_CURVE_WITH_KNOTS('',1,(#16734,#16735),.UNSPECIFIED.,
  .F.,.F.,(2,2),(0.,1.),.PIECEWISE_BEZIER_KNOTS.);
#16734 = CARTESIAN_POINT('',(52.842561985948,21.677855468588,7.5));
#16735 = CARTESIAN_POINT('',(47.034894635849,19.681684164104,15.));
#16736 = PCURVE('',#10290,#16737);
#16737 = DEFINITIONAL_REPRESENTATION('',(#16738),#16742);
#16738 = LINE('',#16739,#16740);
#16739 = CARTESIAN_POINT('',(5.730623039586,0.));
#16740 = VECTOR('',#16741,1.);
#16741 = DIRECTION('',(0.,1.));
#16742 = ( GEOMETRIC_REPRESENTATION_CONTEXT(2) 
PARAMETRIC_REPRESENTATION_CONTEXT() REPRESENTATION_CONTEXT('2D SPACE',''
  ) );
#16743 = PCURVE('',#10263,#16744);
#16744 = DEFINITIONAL_REPRESENTATION('',(#16745),#16749);
#16745 = LINE('',#16746,#16747);
#16746 = CARTESIAN_POINT('',(0.,0.));
#16747 = VECTOR('',#16748,1.);
#16748 = DIRECTION('',(0.,1.));
#16749 = ( GEOMETRIC_REPRESENTATION_CONTEXT(2) 
PARAMETRIC_REPRESENTATION_CONTEXT() REPRESENTATION_CONTEXT('2D SPACE',''
  ) );
#16750 = ORIENTED_EDGE('',*,*,#10274,.F.);
#16751 = ORIENTED_EDGE('',*,*,#16705,.F.);
#16752 = ADVANCED_FACE('',(#16753),#10263,.T.);
#16753 = FACE_BOUND('',#16754,.T.);
#16754 = EDGE_LOOP('',(#16755,#16756,#16776,#16777));
#16755 = ORIENTED_EDGE('',*,*,#15431,.T.);
#16756 = ORIENTED_EDGE('',*,*,#16757,.T.);
#16757 = EDGE_CURVE('',#15409,#10221,#16758,.T.);
#16758 = SURFACE_CURVE('',#16759,(#16762,#16769),.PCURVE_S1.);
#16759 = B_SPLINE_CURVE_WITH_KNOTS('',1,(#16760,#16761),.UNSPECIFIED.,
  .F.,.F.,(2,2),(0.,1.),.PIECEWISE_BEZIER_KNOTS.);
#16760 = CARTESIAN_POINT('',(52.077583824665,24.032496400456,7.5));
#16761 = CARTESIAN_POINT('',(46.55048823962,21.789644148084,15.));
#16762 = PCURVE('',#10263,#16763);
#16763 = DEFINITIONAL_REPRESENTATION('',(#16764),#16768);
#16764 = LINE('',#16765,#16766);
#16765 = CARTESIAN_POINT('',(2.475787855465,0.));
#16766 = VECTOR('',#16767,1.);
#16767 = DIRECTION('',(0.,1.));
#16768 = ( GEOMETRIC_REPRESENTATION_CONTEXT(2) 
PARAMETRIC_REPRESENTATION_CONTEXT() REPRESENTATION_CONTEXT('2D SPACE',''
  ) );
#16769 = PCURVE('',#10236,#16770);
#16770 = DEFINITIONAL_REPRESENTATION('',(#16771),#16775);
#16771 = LINE('',#16772,#16773);
#16772 = CARTESIAN_POINT('',(2.475787855465,0.));
#16773 = VECTOR('',#16774,1.);
#16774 = DIRECTION('',(0.,1.));
#16775 = ( GEOMETRIC_REPRESENTATION_CONTEXT(2) 
PARAMETRIC_REPRESENTATION_CONTEXT() REPRESENTATION_CONTEXT('2D SPACE',''
  ) );
#16776 = ORIENTED_EDGE('',*,*,#10247,.F.);
#16777 = ORIENTED_EDGE('',*,*,#16731,.F.);
#16778 = ADVANCED_FACE('',(#16779),#10236,.T.);
#16779 = FACE_BOUND('',#16780,.T.);
#16780 = EDGE_LOOP('',(#16781,#16782,#16802,#16803));
#16781 = ORIENTED_EDGE('',*,*,#15408,.T.);
#16782 = ORIENTED_EDGE('',*,*,#16783,.T.);
#16783 = EDGE_CURVE('',#15386,#10194,#16784,.T.);
#16784 = SURFACE_CURVE('',#16785,(#16788,#16795),.PCURVE_S1.);
#16785 = B_SPLINE_CURVE_WITH_KNOTS('',1,(#16786,#16787),.UNSPECIFIED.,
  .F.,.F.,(2,2),(0.,1.),.PIECEWISE_BEZIER_KNOTS.);
#16786 = CARTESIAN_POINT('',(51.071600461728,27.128963362571,7.5));
#16787 = CARTESIAN_POINT('',(45.559089435254,24.448760779992,15.));
#16788 = PCURVE('',#10236,#16789);
#16789 = DEFINITIONAL_REPRESENTATION('',(#16790),#16794);
#16790 = LINE('',#16791,#16792);
#16791 = CARTESIAN_POINT('',(5.731568894475,0.));
#16792 = VECTOR('',#16793,1.);
#16793 = DIRECTION('',(0.,1.));
#16794 = ( GEOMETRIC_REPRESENTATION_CONTEXT(2) 
PARAMETRIC_REPRESENTATION_CONTEXT() REPRESENTATION_CONTEXT('2D SPACE',''
  ) );
#16795 = PCURVE('',#10209,#16796);
#16796 = DEFINITIONAL_REPRESENTATION('',(#16797),#16801);
#16797 = LINE('',#16798,#16799);
#16798 = CARTESIAN_POINT('',(0.,0.));
#16799 = VECTOR('',#16800,1.);
#16800 = DIRECTION('',(0.,1.));
#16801 = ( GEOMETRIC_REPRESENTATION_CONTEXT(2) 
PARAMETRIC_REPRESENTATION_CONTEXT() REPRESENTATION_CONTEXT('2D SPACE',''
  ) );
#16802 = ORIENTED_EDGE('',*,*,#10220,.F.);
#16803 = ORIENTED_EDGE('',*,*,#16757,.F.);
#16804 = ADVANCED_FACE('',(#16805),#10209,.T.);
#16805 = FACE_BOUND('',#16806,.T.);
#16806 = EDGE_LOOP('',(#16807,#16808,#16828,#16829));
#16807 = ORIENTED_EDGE('',*,*,#15385,.T.);
#16808 = ORIENTED_EDGE('',*,*,#16809,.T.);
#16809 = EDGE_CURVE('',#15363,#10167,#16810,.T.);
#16810 = SURFACE_CURVE('',#16811,(#16814,#16821),.PCURVE_S1.);
#16811 = B_SPLINE_CURVE_WITH_KNOTS('',1,(#16812,#16813),.UNSPECIFIED.,
  .F.,.F.,(2,2),(0.,1.),.PIECEWISE_BEZIER_KNOTS.);
#16812 = CARTESIAN_POINT('',(50.04574167775,29.326628750715,7.5));
#16813 = CARTESIAN_POINT('',(44.818191550556,26.435987190867,15.));
#16814 = PCURVE('',#10209,#16815);
#16815 = DEFINITIONAL_REPRESENTATION('',(#16816),#16820);
#16816 = LINE('',#16817,#16818);
#16817 = CARTESIAN_POINT('',(2.425308104738,0.));
#16818 = VECTOR('',#16819,1.);
#16819 = DIRECTION('',(0.,1.));
#16820 = ( GEOMETRIC_REPRESENTATION_CONTEXT(2) 
PARAMETRIC_REPRESENTATION_CONTEXT() REPRESENTATION_CONTEXT('2D SPACE',''
  ) );
#16821 = PCURVE('',#10182,#16822);
#16822 = DEFINITIONAL_REPRESENTATION('',(#16823),#16827);
#16823 = LINE('',#16824,#16825);
#16824 = CARTESIAN_POINT('',(2.425308104738,0.));
#16825 = VECTOR('',#16826,1.);
#16826 = DIRECTION('',(0.,1.));
#16827 = ( GEOMETRIC_REPRESENTATION_CONTEXT(2) 
PARAMETRIC_REPRESENTATION_CONTEXT() REPRESENTATION_CONTEXT('2D SPACE',''
  ) );
#16828 = ORIENTED_EDGE('',*,*,#10193,.F.);
#16829 = ORIENTED_EDGE('',*,*,#16783,.F.);
#16830 = ADVANCED_FACE('',(#16831),#10182,.T.);
#16831 = FACE_BOUND('',#16832,.T.);
#16832 = EDGE_LOOP('',(#16833,#16834,#16854,#16855));
#16833 = ORIENTED_EDGE('',*,*,#15362,.T.);
#16834 = ORIENTED_EDGE('',*,*,#16835,.T.);
#16835 = EDGE_CURVE('',#15340,#10140,#16836,.T.);
#16836 = SURFACE_CURVE('',#16837,(#16840,#16847),.PCURVE_S1.);
#16837 = B_SPLINE_CURVE_WITH_KNOTS('',1,(#16838,#16839),.UNSPECIFIED.,
  .F.,.F.,(2,2),(0.,1.),.PIECEWISE_BEZIER_KNOTS.);
#16838 = CARTESIAN_POINT('',(48.647484448506,32.322071753617,7.5));
#16839 = CARTESIAN_POINT('',(43.485660318807,28.994411042691,15.));
#16840 = PCURVE('',#10182,#16841);
#16841 = DEFINITIONAL_REPRESENTATION('',(#16842),#16846);
#16842 = LINE('',#16843,#16844);
#16843 = CARTESIAN_POINT('',(5.731030728125,0.));
#16844 = VECTOR('',#16845,1.);
#16845 = DIRECTION('',(0.,1.));
#16846 = ( GEOMETRIC_REPRESENTATION_CONTEXT(2) 
PARAMETRIC_REPRESENTATION_CONTEXT() REPRESENTATION_CONTEXT('2D SPACE',''
  ) );
#16847 = PCURVE('',#10155,#16848);
#16848 = DEFINITIONAL_REPRESENTATION('',(#16849),#16853);
#16849 = LINE('',#16850,#16851);
#16850 = CARTESIAN_POINT('',(0.,0.));
#16851 = VECTOR('',#16852,1.);
#16852 = DIRECTION('',(0.,1.));
#16853 = ( GEOMETRIC_REPRESENTATION_CONTEXT(2) 
PARAMETRIC_REPRESENTATION_CONTEXT() REPRESENTATION_CONTEXT('2D SPACE',''
  ) );
#16854 = ORIENTED_EDGE('',*,*,#10166,.F.);
#16855 = ORIENTED_EDGE('',*,*,#16809,.F.);
#16856 = ADVANCED_FACE('',(#16857),#10155,.T.);
#16857 = FACE_BOUND('',#16858,.T.);
#16858 = EDGE_LOOP('',(#16859,#16860,#16880,#16881));
#16859 = ORIENTED_EDGE('',*,*,#15339,.T.);
#16860 = ORIENTED_EDGE('',*,*,#16861,.T.);
#16861 = EDGE_CURVE('',#15317,#10113,#16862,.T.);
#16862 = SURFACE_CURVE('',#16863,(#16866,#16873),.PCURVE_S1.);
#16863 = B_SPLINE_CURVE_WITH_KNOTS('',1,(#16864,#16865),.UNSPECIFIED.,
  .F.,.F.,(2,2),(0.,1.),.PIECEWISE_BEZIER_KNOTS.);
#16864 = CARTESIAN_POINT('',(47.385002871351,34.328667742784,7.5));
#16865 = CARTESIAN_POINT('',(42.527029689169,30.8349558716,15.));
#16866 = PCURVE('',#10155,#16867);
#16867 = DEFINITIONAL_REPRESENTATION('',(#16868),#16872);
#16868 = LINE('',#16869,#16870);
#16869 = CARTESIAN_POINT('',(2.370714490696,0.));
#16870 = VECTOR('',#16871,1.);
#16871 = DIRECTION('',(0.,1.));
#16872 = ( GEOMETRIC_REPRESENTATION_CONTEXT(2) 
PARAMETRIC_REPRESENTATION_CONTEXT() REPRESENTATION_CONTEXT('2D SPACE',''
  ) );
#16873 = PCURVE('',#10128,#16874);
#16874 = DEFINITIONAL_REPRESENTATION('',(#16875),#16879);
#16875 = LINE('',#16876,#16877);
#16876 = CARTESIAN_POINT('',(2.370714490696,0.));
#16877 = VECTOR('',#16878,1.);
#16878 = DIRECTION('',(0.,1.));
#16879 = ( GEOMETRIC_REPRESENTATION_CONTEXT(2) 
PARAMETRIC_REPRESENTATION_CONTEXT() REPRESENTATION_CONTEXT('2D SPACE',''
  ) );
#16880 = ORIENTED_EDGE('',*,*,#10139,.F.);
#16881 = ORIENTED_EDGE('',*,*,#16835,.F.);
#16882 = ADVANCED_FACE('',(#16883),#10128,.T.);
#16883 = FACE_BOUND('',#16884,.T.);
#16884 = EDGE_LOOP('',(#16885,#16886,#16906,#16907));
#16885 = ORIENTED_EDGE('',*,*,#15316,.T.);
#16886 = ORIENTED_EDGE('',*,*,#16887,.T.);
#16887 = EDGE_CURVE('',#15294,#10086,#16888,.T.);
#16888 = SURFACE_CURVE('',#16889,(#16892,#16899),.PCURVE_S1.);
#16889 = B_SPLINE_CURVE_WITH_KNOTS('',1,(#16890,#16891),.UNSPECIFIED.,
  .F.,.F.,(2,2),(0.,1.),.PIECEWISE_BEZIER_KNOTS.);
#16890 = CARTESIAN_POINT('',(45.5960344302,37.172065194056,7.5));
#16891 = CARTESIAN_POINT('',(40.868492172124,33.256717397714,15.));
#16892 = PCURVE('',#10128,#16893);
#16893 = DEFINITIONAL_REPRESENTATION('',(#16894),#16898);
#16894 = LINE('',#16895,#16896);
#16895 = CARTESIAN_POINT('',(5.730077101272,0.));
#16896 = VECTOR('',#16897,1.);
#16897 = DIRECTION('',(0.,1.));
#16898 = ( GEOMETRIC_REPRESENTATION_CONTEXT(2) 
PARAMETRIC_REPRESENTATION_CONTEXT() REPRESENTATION_CONTEXT('2D SPACE',''
  ) );
#16899 = PCURVE('',#10101,#16900);
#16900 = DEFINITIONAL_REPRESENTATION('',(#16901),#16905);
#16901 = LINE('',#16902,#16903);
#16902 = CARTESIAN_POINT('',(0.,0.));
#16903 = VECTOR('',#16904,1.);
#16904 = DIRECTION('',(0.,1.));
#16905 = ( GEOMETRIC_REPRESENTATION_CONTEXT(2) 
PARAMETRIC_REPRESENTATION_CONTEXT() REPRESENTATION_CONTEXT('2D SPACE',''
  ) );
#16906 = ORIENTED_EDGE('',*,*,#10112,.F.);
#16907 = ORIENTED_EDGE('',*,*,#16861,.F.);
#16908 = ADVANCED_FACE('',(#16909),#10101,.T.);
#16909 = FACE_BOUND('',#16910,.T.);
#16910 = EDGE_LOOP('',(#16911,#16912,#16932,#16933));
#16911 = ORIENTED_EDGE('',*,*,#15293,.T.);
#16912 = ORIENTED_EDGE('',*,*,#16913,.T.);
#16913 = EDGE_CURVE('',#15271,#10059,#16914,.T.);
#16914 = SURFACE_CURVE('',#16915,(#16918,#16925),.PCURVE_S1.);
#16915 = B_SPLINE_CURVE_WITH_KNOTS('',1,(#16916,#16917),.UNSPECIFIED.,
  .F.,.F.,(2,2),(0.,1.),.PIECEWISE_BEZIER_KNOTS.);
#16916 = CARTESIAN_POINT('',(44.132372256597,38.95714260204,7.5));
#16917 = CARTESIAN_POINT('',(39.724990891991,34.926433865883,15.));
#16918 = PCURVE('',#10101,#16919);
#16919 = DEFINITIONAL_REPRESENTATION('',(#16920),#16924);
#16920 = LINE('',#16921,#16922);
#16921 = CARTESIAN_POINT('',(2.308421172778,0.));
#16922 = VECTOR('',#16923,1.);
#16923 = DIRECTION('',(0.,1.));
#16924 = ( GEOMETRIC_REPRESENTATION_CONTEXT(2) 
PARAMETRIC_REPRESENTATION_CONTEXT() REPRESENTATION_CONTEXT('2D SPACE',''
  ) );
#16925 = PCURVE('',#10074,#16926);
#16926 = DEFINITIONAL_REPRESENTATION('',(#16927),#16931);
#16927 = LINE('',#16928,#16929);
#16928 = CARTESIAN_POINT('',(2.308421172778,0.));
#16929 = VECTOR('',#16930,1.);
#16930 = DIRECTION('',(0.,1.));
#16931 = ( GEOMETRIC_REPRESENTATION_CONTEXT(2) 
PARAMETRIC_REPRESENTATION_CONTEXT() REPRESENTATION_CONTEXT('2D SPACE',''
  ) );
#16932 = ORIENTED_EDGE('',*,*,#10085,.F.);
#16933 = ORIENTED_EDGE('',*,*,#16887,.F.);
#16934 = ADVANCED_FACE('',(#16935),#10074,.T.);
#16935 = FACE_BOUND('',#16936,.T.);
#16936 = EDGE_LOOP('',(#16937,#16938,#16958,#16959));
#16937 = ORIENTED_EDGE('',*,*,#15270,.T.);
#16938 = ORIENTED_EDGE('',*,*,#16939,.T.);
#16939 = EDGE_CURVE('',#15248,#10032,#16940,.T.);
#16940 = SURFACE_CURVE('',#16941,(#16944,#16951),.PCURVE_S1.);
#16941 = B_SPLINE_CURVE_WITH_KNOTS('',1,(#16942,#16943),.UNSPECIFIED.,
  .F.,.F.,(2,2),(0.,1.),.PIECEWISE_BEZIER_KNOTS.);
#16942 = CARTESIAN_POINT('',(41.962679141201,41.603292944928,7.5));
#16943 = CARTESIAN_POINT('',(37.735127949208,37.164106733202,15.));
#16944 = PCURVE('',#10074,#16945);
#16945 = DEFINITIONAL_REPRESENTATION('',(#16946),#16950);
#16946 = LINE('',#16947,#16948);
#16947 = CARTESIAN_POINT('',(5.730362120861,0.));
#16948 = VECTOR('',#16949,1.);
#16949 = DIRECTION('',(0.,1.));
#16950 = ( GEOMETRIC_REPRESENTATION_CONTEXT(2) 
PARAMETRIC_REPRESENTATION_CONTEXT() REPRESENTATION_CONTEXT('2D SPACE',''
  ) );
#16951 = PCURVE('',#10047,#16952);
#16952 = DEFINITIONAL_REPRESENTATION('',(#16953),#16957);
#16953 = LINE('',#16954,#16955);
#16954 = CARTESIAN_POINT('',(0.,0.));
#16955 = VECTOR('',#16956,1.);
#16956 = DIRECTION('',(0.,1.));
#16957 = ( GEOMETRIC_REPRESENTATION_CONTEXT(2) 
PARAMETRIC_REPRESENTATION_CONTEXT() REPRESENTATION_CONTEXT('2D SPACE',''
  ) );
#16958 = ORIENTED_EDGE('',*,*,#10058,.F.);
#16959 = ORIENTED_EDGE('',*,*,#16913,.F.);
#16960 = ADVANCED_FACE('',(#16961),#10047,.T.);
#16961 = FACE_BOUND('',#16962,.T.);
#16962 = EDGE_LOOP('',(#16963,#16964,#16984,#16985));
#16963 = ORIENTED_EDGE('',*,*,#15247,.T.);
#16964 = ORIENTED_EDGE('',*,*,#16965,.T.);
#16965 = EDGE_CURVE('',#15225,#10005,#16966,.T.);
#16966 = SURFACE_CURVE('',#16967,(#16970,#16977),.PCURVE_S1.);
#16967 = B_SPLINE_CURVE_WITH_KNOTS('',1,(#16968,#16969),.UNSPECIFIED.,
  .F.,.F.,(2,2),(0.,1.),.PIECEWISE_BEZIER_KNOTS.);
#16968 = CARTESIAN_POINT('',(40.342680887306,43.145451390871,7.5));
#16969 = CARTESIAN_POINT('',(36.430908181821,38.630749044969,15.));
#16970 = PCURVE('',#10047,#16971);
#16971 = DEFINITIONAL_REPRESENTATION('',(#16972),#16976);
#16972 = LINE('',#16973,#16974);
#16973 = CARTESIAN_POINT('',(2.236659789735,0.));
#16974 = VECTOR('',#16975,1.);
#16975 = DIRECTION('',(0.,1.));
#16976 = ( GEOMETRIC_REPRESENTATION_CONTEXT(2) 
PARAMETRIC_REPRESENTATION_CONTEXT() REPRESENTATION_CONTEXT('2D SPACE',''
  ) );
#16977 = PCURVE('',#10020,#16978);
#16978 = DEFINITIONAL_REPRESENTATION('',(#16979),#16983);
#16979 = LINE('',#16980,#16981);
#16980 = CARTESIAN_POINT('',(2.236659789735,0.));
#16981 = VECTOR('',#16982,1.);
#16982 = DIRECTION('',(0.,1.));
#16983 = ( GEOMETRIC_REPRESENTATION_CONTEXT(2) 
PARAMETRIC_REPRESENTATION_CONTEXT() REPRESENTATION_CONTEXT('2D SPACE',''
  ) );
#16984 = ORIENTED_EDGE('',*,*,#10031,.F.);
#16985 = ORIENTED_EDGE('',*,*,#16939,.F.);
#16986 = ADVANCED_FACE('',(#16987),#10020,.T.);
#16987 = FACE_BOUND('',#16988,.T.);
#16988 = EDGE_LOOP('',(#16989,#16990,#17010,#17011));
#16989 = ORIENTED_EDGE('',*,*,#15224,.T.);
#16990 = ORIENTED_EDGE('',*,*,#16991,.T.);
#16991 = EDGE_CURVE('',#15202,#9978,#16992,.T.);
#16992 = SURFACE_CURVE('',#16993,(#16996,#17003),.PCURVE_S1.);
#16993 = B_SPLINE_CURVE_WITH_KNOTS('',1,(#16994,#16995),.UNSPECIFIED.,
  .F.,.F.,(2,2),(0.,1.),.PIECEWISE_BEZIER_KNOTS.);
#16994 = CARTESIAN_POINT('',(37.812392742722,45.554160920932,7.5));
#16995 = CARTESIAN_POINT('',(34.132596132791,40.651488694259,15.));
#16996 = PCURVE('',#10020,#16997);
#16997 = DEFINITIONAL_REPRESENTATION('',(#16998),#17002);
#16998 = LINE('',#16999,#17000);
#16999 = CARTESIAN_POINT('',(5.73011648688,0.));
#17000 = VECTOR('',#17001,1.);
#17001 = DIRECTION('',(0.,1.));
#17002 = ( GEOMETRIC_REPRESENTATION_CONTEXT(2) 
PARAMETRIC_REPRESENTATION_CONTEXT() REPRESENTATION_CONTEXT('2D SPACE',''
  ) );
#17003 = PCURVE('',#9993,#17004);
#17004 = DEFINITIONAL_REPRESENTATION('',(#17005),#17009);
#17005 = LINE('',#17006,#17007);
#17006 = CARTESIAN_POINT('',(0.,0.));
#17007 = VECTOR('',#17008,1.);
#17008 = DIRECTION('',(0.,1.));
#17009 = ( GEOMETRIC_REPRESENTATION_CONTEXT(2) 
PARAMETRIC_REPRESENTATION_CONTEXT() REPRESENTATION_CONTEXT('2D SPACE',''
  ) );
#17010 = ORIENTED_EDGE('',*,*,#10004,.F.);
#17011 = ORIENTED_EDGE('',*,*,#16965,.F.);
#17012 = ADVANCED_FACE('',(#17013),#9993,.T.);
#17013 = FACE_BOUND('',#17014,.T.);
#17014 = EDGE_LOOP('',(#17015,#17016,#17036,#17037));
#17015 = ORIENTED_EDGE('',*,*,#15201,.T.);
#17016 = ORIENTED_EDGE('',*,*,#17017,.T.);
#17017 = EDGE_CURVE('',#15179,#9951,#17018,.T.);
#17018 = SURFACE_CURVE('',#17019,(#17022,#17029),.PCURVE_S1.);
#17019 = B_SPLINE_CURVE_WITH_KNOTS('',1,(#17020,#17021),.UNSPECIFIED.,
  .F.,.F.,(2,2),(0.,1.),.PIECEWISE_BEZIER_KNOTS.);
#17020 = CARTESIAN_POINT('',(36.0730502457,46.836963314855,7.5));
#17021 = CARTESIAN_POINT('',(32.707063330221,41.904856641719,15.));
#17022 = PCURVE('',#9993,#17023);
#17023 = DEFINITIONAL_REPRESENTATION('',(#17024),#17028);
#17024 = LINE('',#17025,#17026);
#17025 = CARTESIAN_POINT('',(2.161225185815,0.));
#17026 = VECTOR('',#17027,1.);
#17027 = DIRECTION('',(0.,1.));
#17028 = ( GEOMETRIC_REPRESENTATION_CONTEXT(2) 
PARAMETRIC_REPRESENTATION_CONTEXT() REPRESENTATION_CONTEXT('2D SPACE',''
  ) );
#17029 = PCURVE('',#9966,#17030);
#17030 = DEFINITIONAL_REPRESENTATION('',(#17031),#17035);
#17031 = LINE('',#17032,#17033);
#17032 = CARTESIAN_POINT('',(2.161225185815,0.));
#17033 = VECTOR('',#17034,1.);
#17034 = DIRECTION('',(0.,1.));
#17035 = ( GEOMETRIC_REPRESENTATION_CONTEXT(2) 
PARAMETRIC_REPRESENTATION_CONTEXT() REPRESENTATION_CONTEXT('2D SPACE',''
  ) );
#17036 = ORIENTED_EDGE('',*,*,#9977,.F.);
#17037 = ORIENTED_EDGE('',*,*,#16991,.F.);
#17038 = ADVANCED_FACE('',(#17039),#9966,.T.);
#17039 = FACE_BOUND('',#17040,.T.);
#17040 = EDGE_LOOP('',(#17041,#17042,#17043,#17063,#17064));
#17041 = ORIENTED_EDGE('',*,*,#17017,.F.);
#17042 = ORIENTED_EDGE('',*,*,#15178,.T.);
#17043 = ORIENTED_EDGE('',*,*,#17044,.T.);
#17044 = EDGE_CURVE('',#15156,#13365,#17045,.T.);
#17045 = SURFACE_CURVE('',#17046,(#17049,#17056),.PCURVE_S1.);
#17046 = B_SPLINE_CURVE_WITH_KNOTS('',1,(#17047,#17048),.UNSPECIFIED.,
  .F.,.F.,(2,2),(0.,1.),.PIECEWISE_BEZIER_KNOTS.);
#17047 = CARTESIAN_POINT('',(33.201307480922,48.954935191985,7.5));
#17048 = CARTESIAN_POINT('',(29.662855509382,42.941223560817,15.));
#17049 = PCURVE('',#9966,#17050);
#17050 = DEFINITIONAL_REPRESENTATION('',(#17051),#17055);
#17051 = LINE('',#17052,#17053);
#17052 = CARTESIAN_POINT('',(5.729517687751,0.));
#17053 = VECTOR('',#17054,1.);
#17054 = DIRECTION('',(0.,1.));
#17055 = ( GEOMETRIC_REPRESENTATION_CONTEXT(2) 
PARAMETRIC_REPRESENTATION_CONTEXT() REPRESENTATION_CONTEXT('2D SPACE',''
  ) );
#17056 = PCURVE('',#13431,#17057);
#17057 = DEFINITIONAL_REPRESENTATION('',(#17058),#17062);
#17058 = LINE('',#17059,#17060);
#17059 = CARTESIAN_POINT('',(0.,0.));
#17060 = VECTOR('',#17061,1.);
#17061 = DIRECTION('',(0.,1.));
#17062 = ( GEOMETRIC_REPRESENTATION_CONTEXT(2) 
PARAMETRIC_REPRESENTATION_CONTEXT() REPRESENTATION_CONTEXT('2D SPACE',''
  ) );
#17063 = ORIENTED_EDGE('',*,*,#13364,.T.);
#17064 = ORIENTED_EDGE('',*,*,#9950,.F.);
#17065 = ADVANCED_FACE('',(#17066),#13472,.T.);
#17066 = FACE_BOUND('',#17067,.T.);
#17067 = EDGE_LOOP('',(#17068,#17088,#17089));
#17068 = ORIENTED_EDGE('',*,*,#17069,.F.);
#17069 = EDGE_CURVE('',#15133,#13394,#17070,.T.);
#17070 = SURFACE_CURVE('',#17071,(#17074,#17081),.PCURVE_S1.);
#17071 = B_SPLINE_CURVE_WITH_KNOTS('',1,(#17072,#17073),.UNSPECIFIED.,
  .F.,.F.,(2,2),(0.,1.),.PIECEWISE_BEZIER_KNOTS.);
#17072 = CARTESIAN_POINT('',(31.531195917894,49.445669517542,7.5));
#17073 = CARTESIAN_POINT('',(28.262379926629,43.418000000005,15.));
#17074 = PCURVE('',#13472,#17075);
#17075 = DEFINITIONAL_REPRESENTATION('',(#17076),#17080);
#17076 = LINE('',#17077,#17078);
#17077 = CARTESIAN_POINT('',(1.74071617768,0.));
#17078 = VECTOR('',#17079,1.);
#17079 = DIRECTION('',(0.,1.));
#17080 = ( GEOMETRIC_REPRESENTATION_CONTEXT(2) 
PARAMETRIC_REPRESENTATION_CONTEXT() REPRESENTATION_CONTEXT('2D SPACE',''
  ) );
#17081 = PCURVE('',#13431,#17082);
#17082 = DEFINITIONAL_REPRESENTATION('',(#17083),#17087);
#17083 = LINE('',#17084,#17085);
#17084 = CARTESIAN_POINT('',(1.74071617768,0.));
#17085 = VECTOR('',#17086,1.);
#17086 = DIRECTION('',(0.,1.));
#17087 = ( GEOMETRIC_REPRESENTATION_CONTEXT(2) 
PARAMETRIC_REPRESENTATION_CONTEXT() REPRESENTATION_CONTEXT('2D SPACE',''
  ) );
#17088 = ORIENTED_EDGE('',*,*,#15132,.T.);
#17089 = ORIENTED_EDGE('',*,*,#13454,.T.);
#17090 = ADVANCED_FACE('',(#17091),#13431,.T.);
#17091 = FACE_BOUND('',#17092,.T.);
#17092 = EDGE_LOOP('',(#17093,#17094,#17095,#17096));
#17093 = ORIENTED_EDGE('',*,*,#17044,.F.);
#17094 = ORIENTED_EDGE('',*,*,#15155,.T.);
#17095 = ORIENTED_EDGE('',*,*,#17069,.T.);
#17096 = ORIENTED_EDGE('',*,*,#13393,.T.);
#17097 = ( GEOMETRIC_REPRESENTATION_CONTEXT(3) 
GLOBAL_UNCERTAINTY_ASSIGNED_CONTEXT((#17101)) 
GLOBAL_UNIT_ASSIGNED_CONTEXT((#17098,#17099,#17100)) 
REPRESENTATION_CONTEXT('Context #1',
  '3D Context with UNIT and UNCERTAINTY') );
#17098 = ( LENGTH_UNIT() NAMED_UNIT(*) SI_UNIT(.MILLI.,.METRE.) );
#17099 = ( NAMED_UNIT(*) PLANE_ANGLE_UNIT() SI_UNIT($,.RADIAN.) );
#17100 = ( NAMED_UNIT(*) SI_UNIT($,.STERADIAN.) SOLID_ANGLE_UNIT() );
#17101 = UNCERTAINTY_MEASURE_WITH_UNIT(LENGTH_MEASURE(2.E-07),#17098,
  'distance_accuracy_value','confusion accuracy');
#17102 = PRODUCT_RELATED_PRODUCT_CATEGORY('part',$,(#7));
ENDSEC;
END-ISO-10303-21;
